sampleId	alu_proximal_score	alu_distal_score	patientId	AGE	AJCC_PATHOLOGIC_TUMOR_STAGE	AJCC_STAGING_EDITION	ANEUPLOIDY_SCORE	BUFFA_HYPOXIA_SCORE	CANCER_TYPE	CANCER_TYPE_ACRONYM	CANCER_TYPE_DETAILED	DAYS_LAST_FOLLOWUP	DAYS_TO_BIRTH	DAYS_TO_INITIAL_PATHOLOGIC_DIAGNOSIS	DFS_MONTHS	DFS_STATUS	DSS_MONTHS	DSS_STATUS	ETHNICITY	FORM_COMPLETION_DATE	FRACTION_GENOME_ALTERED	GENETIC_ANCESTRY_LABEL	HISTORY_NEOADJUVANT_TRTYN	ICD_10	ICD_O_3_HISTOLOGY	ICD_O_3_SITE	INFORMED_CONSENT_VERIFIED	IN_PANCANPATHWAYS_FREEZE	MSI_SCORE_MANTIS	MSI_SENSOR_SCORE	MUTATION_COUNT	NEW_TUMOR_EVENT_AFTER_INITIAL_TREATMENT	ONCOTREE_CODE	OS_MONTHS	OS_STATUS	OTHER_PATIENT_ID	PATH_M_STAGE	PATH_N_STAGE	PATH_T_STAGE	PERSON_NEOPLASM_CANCER_STATUS	PFS_MONTHS	PFS_STATUS	PRIMARY_LYMPH_NODE_PRESENTATION_ASSESSMENT	PRIOR_DX	RACE	RADIATION_THERAPY	RAGNUM_HYPOXIA_SCORE	SAMPLE_COUNT	SAMPLE_TYPE	SEX	SOMATIC_STATUS	SUBTYPE	TBL_SCORE	TISSUE_PROSPECTIVE_COLLECTION_INDICATOR	TISSUE_RETROSPECTIVE_COLLECTION_INDICATOR	TISSUE_SOURCE_SITE	TISSUE_SOURCE_SITE_CODE	TMB_NONSYNONYMOUS	TUMOR_TISSUE_SITE	TUMOR_TYPE	WINTER_HYPOXIA_SCORE	OS_STATUS_num	proximal_group	distal_group
TCGA-3C-AAAU-01	0.122047858055948	0.0753820044413992	TCGA-3C-AAAU	55	STAGE X	6TH	19	-21	Breast Cancer	BRCA	Breast Invasive Lobular Carcinoma	4047	-20211	0	59.44044449	1:Recurred/Progressed	133.0505967	0:ALIVE OR DEAD TUMOR FREE	Not Hispanic Or Latino	1/13/14	0.7787	EUR	No	C50.9	8520/3	C50.9	Yes	Yes	0.3319	0.55	24	No	ILC	133.0505967	0:LIVING	6E7D5EC6-A469-467C-B748-237353C23416	MX	NX	TX	With Tumor	59.44044449	1:PROGRESSION	Yes	No	White	No	0	1	Primary	Female	Matched	BRCA_LumA	205	No	Yes	Columbia University	3C	0.8	Breast	Infiltrating Lobular Carcinoma	-28	0	High	High
TCGA-3C-AALI-01	-0.00549906040812176	-0.027214580900807	TCGA-3C-AALI	50	STAGE IIB	6TH	22	5	Breast Cancer	BRCA	Breast Invasive Ductal Carcinoma	4005	-18538	0	131.6697899	0:DiseaseFree	131.6697899	0:ALIVE OR DEAD TUMOR FREE	Not Hispanic Or Latino	7/28/14	0.7164	AFR	No	C50.9	8500/3	C50.9	Yes	Yes	0.3449	0.74	459	No	IDC	131.6697899	0:LIVING	55262FCB-1B01-4480-B322-36570430C917	M0	N1A	T2	Tumor Free	131.6697899	0:CENSORED	Yes	No	Black or African American	Yes	18	1	Primary	Female	Matched	BRCA_Her2	190	No	Yes	Columbia University	3C	15.26666667	Breast	Infiltrating Ductal Carcinoma	20	0	High	Low
TCGA-3C-AALJ-01	-0.0928529210641717	-0.0937598955114306	TCGA-3C-AALJ	62	STAGE IIB	7TH	13	-5	Breast Cancer	BRCA	Breast Invasive Ductal Carcinoma	1474	-22848	0	48.45974291	0:DiseaseFree	48.45974291	0:ALIVE OR DEAD TUMOR FREE	Not Hispanic Or Latino	7/28/14	0.534	AFR_ADMIX	No	C50.9	8500/3	C50.9	Yes	Yes	0.3266	0.31	28	No	IDC	48.45974291	0:LIVING	427D0648-3F77-4FFC-B52C-89855426D647	M0	N1A	T2	Tumor Free	48.45974291	0:CENSORED	Yes	No	Black or African American	No	12	1	Primary	Female	Matched	BRCA_LumB	365	No	Yes	Columbia University	3C	0.933333333	Breast	Infiltrating Ductal Carcinoma	-10	0	Low	Low
TCGA-3C-AALK-01	-0.0492823979895799	-0.0339329407144428	TCGA-3C-AALK	52	STAGE IA	7TH	4	-27	Breast Cancer	BRCA	Breast Invasive Ductal Carcinoma	1448	-19074	0	NA	NA	47.60495775	0:ALIVE OR DEAD TUMOR FREE	Not Hispanic Or Latino	7/28/14	0.0764	AFR	No	C50.9	8500/3	C50.9	Yes	Yes	0.3218	0.03	44	No	IDC	47.60495775	0:LIVING	C31900A4-5DCD-4022-97AC-638E86E889E4	M0	N0 (I+)	T1C	Tumor Free	47.60495775	0:CENSORED	Yes	No	Black or African American	No	2	1	Primary	Female	Matched	BRCA_LumA	25	No	Yes	Columbia University	3C	1.5	Breast	Infiltrating Ductal Carcinoma	4	0	Low	Low
TCGA-4H-AAAK-01	-0.0367944767977818	-0.0182269707043345	TCGA-4H-AAAK	50	STAGE IIIA	7TH	7	-27	Breast Cancer	BRCA	Breast Invasive Lobular Carcinoma	348	-18371	0	11.44097051	0:DiseaseFree	11.44097051	0:ALIVE OR DEAD TUMOR FREE	Not Hispanic Or Latino	11/13/14	0.2364	EUR	No	C50.9	8520/3	C50.9	Yes	Yes	0.3411	0.01	20	No	ILC	11.44097051	0:LIVING	6623FC5E-00BE-4476-967A-CBD55F676EA6	M0	N2A	T2	Tumor Free	11.44097051	0:CENSORED	Yes	No	White	No	-4	1	Primary	Female	Matched	BRCA_LumA	36	Yes	No	Proteogenex, Inc.	4H	0.7	Breast	Infiltrating Lobular Carcinoma	-20	0	Low	Low
TCGA-5L-AAT0-01	-0.0535647499123825	-0.0409651009244524	TCGA-5L-AAT0	42	STAGE IIA	7TH	3	-25	Breast Cancer	BRCA	Breast Invasive Lobular Carcinoma	1477	-15393	0	NA	NA	48.55837196	0:ALIVE OR DEAD TUMOR FREE	Hispanic Or Latino	8/15/14	0.0702	NA	No	C50.9	8520/3	C50.9	Yes	Yes	0.3208	0	139	No	ILC	48.55837196	0:LIVING	86C6F993-327F-4525-9983-29C55625593A	M0	N0	T2	Tumor Free	48.55837196	0:CENSORED	Yes	Yes	White	Yes	-16	1	Primary	Female	Matched	BRCA_LumA	28	No	Yes	University of Sao Paulo	5L	4.6	Breast	Infiltrating Lobular Carcinoma	-28	0	Low	Low
TCGA-5T-A9QA-01	-0.14409672867185	-0.213526578186261	TCGA-5T-A9QA	52	STAGE IIA	7TH	14	-13	Breast Cancer	BRCA	Breast Invasive Carcinoma (NOS)	303	-19031	0	NA	NA	9.961534668	0:ALIVE OR DEAD TUMOR FREE	Not Hispanic Or Latino	12/23/13	0.4133	AFR	No	C50.9	8523/3	C50.9	Yes	Yes	0.3379	0.46	55	No	BRCNOS	9.961534668	0:LIVING	2FD36838-5A83-433E-AC80-B1F77448E5AA	MX	NX	T2	NA	9.961534668	0:CENSORED	No	No	Black or African American	Yes	4	1	Primary	Female	Matched	BRCA_LumB	99	Yes	No	Holy Cross	5T	1.9	Breast	Other	-14	0	Low	Low
TCGA-A1-A0SB-01	0.168007205354048	0.201515677647667	TCGA-A1-A0SB	70	STAGE I	6TH	0	-35	Breast Cancer	BRCA	Breast Invasive Carcinoma (NOS)	259	-25833	0	8.514975178	0:DiseaseFree	8.514975178	0:ALIVE OR DEAD TUMOR FREE	Not Hispanic Or Latino	6/30/11	8e-04	EUR	No	C50.9	8200/3	C50.9	Yes	Yes	NA	0.2	15	NA	BRCNOS	8.514975178	0:LIVING	0045349c-69d9-4306-a403-c9c1fa836644	M0	N0	T1C	Tumor Free	8.514975178	0:CENSORED	Yes	No	White	NA	-16	1	Primary	Female	Matched	BRCA_Normal	2	No	Yes	UCSF	A1	0.5	Breast	Other	-40	0	High	High
TCGA-A1-A0SD-01	0.0253540223167548	0.0198494599415227	TCGA-A1-A0SD	59	STAGE IIA	6TH	11	-35	Breast Cancer	BRCA	Breast Invasive Ductal Carcinoma	437	-21793	0	14.36696584	0:DiseaseFree	14.36696584	0:ALIVE OR DEAD TUMOR FREE	Not Hispanic Or Latino	9/7/11	0.2474	EUR	No	C50.9	8500/3	C50.9	Yes	Yes	0.2829	0.02	33	NA	IDC	14.36696584	0:LIVING	c462e422-eb8d-4daf-9897-2a9c6cbd783a	M0	N0	T2	NA	14.36696584	0:CENSORED	Yes	No	White	NA	-6	1	Primary	Female	Matched	BRCA_LumA	66	No	Yes	UCSF	A1	1.1	Breast	Infiltrating Ductal Carcinoma	-20	0	High	High
TCGA-A1-A0SE-01	0.0382170905859812	0.00220327886153095	TCGA-A1-A0SE	56	STAGE I	6TH	10	-29	Breast Cancer	BRCA	Breast Invasive Carcinoma (NOS)	1321	-20717	0	43.42966105	0:DiseaseFree	43.42966105	0:ALIVE OR DEAD TUMOR FREE	Not Hispanic Or Latino	12/6/10	0.2134	EUR	No	C50.9	8522/3	C50.9	Yes	Yes	0.2898	0.01	27	NA	BRCNOS	43.42966105	0:LIVING	c397e6c2-ba3a-4f5e-a258-c140611192fe	M0	N0 (I-)	T1C	Tumor Free	43.42966105	0:CENSORED	NA	No	White	NA	-4	1	Primary	Female	Matched	BRCA_LumA	49	No	Yes	UCSF	A1	0.933333333	Breast	Mixed Histology (NOS)	-22	0	High	High
TCGA-A1-A0SF-01	0.01713097150484	-0.0155163736814825	TCGA-A1-A0SF	54	STAGE IIA	6TH	14	-21	Breast Cancer	BRCA	Breast Invasive Ductal Carcinoma	1463	-19731	0	48.09810303	0:DiseaseFree	48.09810303	0:ALIVE OR DEAD TUMOR FREE	Not Hispanic Or Latino	5/24/11	0.2015	EUR	No	C50.9	8500/3	C50.9	Yes	Yes	0.4042	0.36	50	NA	IDC	48.09810303	0:LIVING	4b620966-b4c7-4615-bf58-ca9d3226b9bd	M0	N0	T2	Tumor Free	48.09810303	0:CENSORED	Yes	No	White	NA	-6	1	Primary	Female	Matched	BRCA_LumA	58	No	Yes	UCSF	A1	1.666666667	Breast	Infiltrating Ductal Carcinoma	-32	0	High	High
TCGA-A1-A0SG-01	0.123907515837905	0.0145092027527883	TCGA-A1-A0SG	61	STAGE IIB	6TH	4	-17	Breast Cancer	BRCA	Breast Invasive Carcinoma (NOS)	434	-22380	0	14.26833679	0:DiseaseFree	14.26833679	0:ALIVE OR DEAD TUMOR FREE	Not Hispanic Or Latino	5/31/11	0.0969	EUR	No	C50.9	8507/3	C50.9	Yes	Yes	0.311	0	27	NA	BRCNOS	14.26833679	0:LIVING	0ed9ad26-7fdc-4d75-93f9-d029eee94993	M0	N1A	T2	NA	14.26833679	0:CENSORED	Yes	No	White	NA	-2	1	Primary	Female	Matched	BRCA_LumA	30	No	Yes	UCSF	A1	0.9	Breast	Other	-20	0	High	High
TCGA-A1-A0SH-01	0.0298868108198894	0.0800084396039605	TCGA-A1-A0SH	39	STAGE IIA	6TH	2	-29	Breast Cancer	BRCA	Breast Invasive Ductal Carcinoma	1437	-14595	0	47.24331788	0:DiseaseFree	47.24331788	0:ALIVE OR DEAD TUMOR FREE	Not Hispanic Or Latino	12/6/10	0.1789	EUR	No	C50.9	8500/3	C50.9	Yes	Yes	0.4765	0.02	94	NA	IDC	47.24331788	0:LIVING	a6a863d9-b39d-4965-b47f-79a1bcf3c976	M0	N0 (I-)	T2	Tumor Free	47.24331788	0:CENSORED	NA	No	White	NA	-12	1	Primary	Female	Matched	BRCA_LumA	35	No	Yes	UCSF	A1	3.133333333	Breast	Infiltrating Ductal Carcinoma	-34	0	High	High
TCGA-A1-A0SI-01	0.00950578070250872	0.0125168446890105	TCGA-A1-A0SI	52	STAGE IIB	6TH	15	-9	Breast Cancer	BRCA	Breast Invasive Ductal Carcinoma	635	-19250	0	20.87648355	0:DiseaseFree	20.87648355	0:ALIVE OR DEAD TUMOR FREE	Not Hispanic Or Latino	6/30/11	0.3313	EUR	No	C50.9	8500/3	C50.9	Yes	Yes	0.3411	0.63	180	NA	IDC	20.87648355	0:LIVING	16368c32-2118-4fcf-8693-6c89995e49d8	M0	N1A	T2	Tumor Free	20.87648355	0:CENSORED	Yes	No	White	NA	10	1	Primary	Female	Matched	BRCA_LumB	22	No	Yes	UCSF	A1	6.033333333	Breast	Infiltrating Ductal Carcinoma	-14	0	High	High
TCGA-A1-A0SJ-01	0.134291530404209	0.032929139165766	TCGA-A1-A0SJ	39	STAGE IIIA	6TH	24	-9	Breast Cancer	BRCA	Breast Invasive Ductal Carcinoma	416	-14383	0	13.67656245	0:DiseaseFree	13.67656245	0:ALIVE OR DEAD TUMOR FREE	Not Hispanic Or Latino	12/6/10	0.46	AFR_ADMIX	No	C50.9	8500/3	C50.9	Yes	Yes	0.292	0.37	30	NA	IDC	13.67656245	0:LIVING	a2db9dd1-44d5-48b5-817c-a21a85fadb21	M0	N1A	T3	Tumor Free	13.67656245	0:CENSORED	NA	No	Black or African American	NA	6	1	Primary	Female	Matched	BRCA_LumA	297	No	Yes	UCSF	A1	1.033333333	Breast	Infiltrating Ductal Carcinoma	-12	0	High	High
TCGA-A1-A0SK-01	0.214552865521429	0.252812143449149	TCGA-A1-A0SK	54	STAGE IIA	6TH	16	27	Breast Cancer	BRCA	Breast Invasive Carcinoma (NOS)	NA	-20048	0	NA	NA	31.79143242	1:DEAD WITH TUMOR	Not Hispanic Or Latino	12/6/10	0.4163	EAS	No	C50.9	8013/3	C50.9	Yes	Yes	0.2902	1.02	62	NA	BRCNOS	31.79143242	1:DECEASED	a5b44d66-c162-46b5-9df2-86305f0385c5	M0	N0 (I-)	T2	NA	31.79143242	1:PROGRESSION	NA	No	Asian	NA	14	1	Primary	Female	Matched	BRCA_Basal	205	No	Yes	UCSF	A1	2.033333333	Breast	Other	22	1	High	High
TCGA-A1-A0SM-01	-0.0966808432793668	-0.00762290363720574	TCGA-A1-A0SM	77	STAGE IIA	6TH	3	-7	Breast Cancer	BRCA	Breast Invasive Ductal Carcinoma	242	-28198	0	7.956077194	0:DiseaseFree	7.956077194	0:ALIVE OR DEAD TUMOR FREE	Not Hispanic Or Latino	12/6/10	0.1807	EUR	No	C50.9	8500/3	C50.9	Yes	No	0.259	0.12	19	NA	IDC	7.956077194	0:LIVING	784de7ac-8424-42eb-83d4-a1bebaa42b97	M0	N0 (I-)	T2	Tumor Free	7.956077194	0:CENSORED	NA	No	White	NA	8	1	Primary	Male	Matched	NA	60	No	Yes	UCSF	A1	0.633333333	Breast	Infiltrating Ductal Carcinoma	-8	0	Low	High
TCGA-A1-A0SN-01	-0.0146774638146823	-0.0105149919003389	TCGA-A1-A0SN	50	STAGE IIA	6TH	18	-11	Breast Cancer	BRCA	Breast Invasive Ductal Carcinoma	1196	-18401	0	39.32011704	0:DiseaseFree	39.32011704	0:ALIVE OR DEAD TUMOR FREE	Not Hispanic Or Latino	5/23/11	0.5518	EUR	No	C50.9	8500/3	C50.9	Yes	Yes	0.3423	0.57	51	NA	IDC	39.32011704	0:LIVING	0dc337fa-da8b-42c4-b9a7-fb76d81c161f	MX	N1	T1C	Tumor Free	39.32011704	0:CENSORED	Yes	No	White	NA	8	1	Primary	Female	Matched	BRCA_LumB	224	No	Yes	UCSF	A1	1.7	Breast	Infiltrating Ductal Carcinoma	-8	0	Low	High
TCGA-A1-A0SO-01	0.0910409590922408	0.00961890184795035	TCGA-A1-A0SO	67	STAGE IIB	6TH	NA	-5	Breast Cancer	BRCA	Breast Invasive Ductal Carcinoma	852	-24826	0	28.01065194	0:DiseaseFree	28.01065194	0:ALIVE OR DEAD TUMOR FREE	Not Hispanic Or Latino	12/6/10	0.77	EUR	No	C50.9	8500/3	C50.9	Yes	Yes	0.3308	2.84	271	NA	IDC	28.01065194	0:LIVING	6644fd4e-d2fe-4785-a73c-0f36fcc740e2	M0	N1	T2	Tumor Free	28.01065194	0:CENSORED	NA	No	White	NA	12	1	Primary	Female	Matched	BRCA_Basal	492	No	Yes	UCSF	A1	9.066666667	Breast	Infiltrating Ductal Carcinoma	-22	0	High	High
TCGA-A1-A0SP-01	0.0303745050064713	0.0251844343271012	TCGA-A1-A0SP	40	STAGE IIA	6TH	13	17	Breast Cancer	BRCA	Breast Invasive Ductal Carcinoma	584	-14954	0	19.19978959	0:DiseaseFree	19.19978959	0:ALIVE OR DEAD TUMOR FREE	Not Hispanic Or Latino	12/6/10	0.3918	EUR	NA	C50.9	8500/3	C50.9	Yes	Yes	0.2779	0.26	51	NA	IDC	19.19978959	0:LIVING	a9bb8159-32f0-454c-a946-b3286a52b9d5	M0	N0 (I-)	T2	Tumor Free	19.19978959	0:CENSORED	NA	Yes	NA	NA	14	1	Primary	Female	Matched	BRCA_Basal	170	No	Yes	UCSF	A1	1.7	Breast	Infiltrating Ductal Carcinoma	28	0	High	High
TCGA-A1-A0SQ-01	0.143922047005718	0.0512766376690645	TCGA-A1-A0SQ	45	STAGE IIB	6TH	3	-33	Breast Cancer	BRCA	Breast Invasive Ductal Carcinoma	554	-16458	0	18.21349903	0:DiseaseFree	18.21349903	0:ALIVE OR DEAD TUMOR FREE	Not Hispanic Or Latino	6/30/11	0.1094	EUR	No	C50.9	8500/3	C50.9	Yes	Yes	0.2921	0.18	23	NA	IDC	18.21349903	0:LIVING	08de63a2-7b76-43c3-80dc-df748b1d81bc	MX	N1	T2	Tumor Free	18.21349903	0:CENSORED	Yes	No	White	NA	0	1	Primary	Female	Matched	BRCA_LumA	108	No	Yes	UCSF	A1	0.766666667	Breast	Infiltrating Ductal Carcinoma	-26	0	High	High
TCGA-A2-A04N-01	-0.00790471087234028	-0.0126893195189366	TCGA-A2-A04N	66	STAGE IA	5TH	3	-27	Breast Cancer	BRCA	Breast Invasive Ductal Carcinoma	4354	-24155	0	143.1436368	0:DiseaseFree	143.1436368	0:ALIVE OR DEAD TUMOR FREE	Hispanic Or Latino	1/27/11	0.0862	EUR	No	C50.9	8500/3	C50.9	Yes	Yes	0.2911	0	41	No	IDC	143.1436368	0:LIVING	197428f7-bd77-4c5f-8119-87157b5c35b9	M0	N0 (I-)	T1C	Tumor Free	143.1436368	0:CENSORED	NA	No	White	Yes	-8	1	Primary	Female	Matched	BRCA_LumA	13	No	Yes	Walter Reed	A2	1.366666667	Breast	Infiltrating Ductal Carcinoma	-20	0	High	High
TCGA-A2-A04P-01	-0.0657250402268667	-0.0372669295998664	TCGA-A2-A04P	36	STAGE IIIC	6TH	9	17	Breast Cancer	BRCA	Breast Invasive Ductal Carcinoma	NA	-13238	0	NA	NA	18.01624092	1:DEAD WITH TUMOR	NA	8/26/10	0.6407	AFR	No	C50.9	8500/3	C50.9	Yes	Yes	0.3046	1.12	128	Yes	IDC	18.01624092	1:DECEASED	ccd4a24b-d8cc-4686-9dee-c98b0c5a8d21	M0	N3C	T2	With Tumor	3.353387908	1:PROGRESSION	NA	No	Black or African American	Yes	12	1	Primary	Female	Matched	BRCA_Basal	298	No	Yes	Walter Reed	A2	4.266666667	Breast	Infiltrating Ductal Carcinoma	4	1	Low	Low
TCGA-A2-A04Q-01	-0.190469436619007	-0.101216473385249	TCGA-A2-A04Q	48	STAGE IA	6TH	11	-3	Breast Cancer	BRCA	Breast Invasive Ductal Carcinoma	2385	-17660	0	78.41009962	0:DiseaseFree	78.41009962	0:ALIVE OR DEAD TUMOR FREE	NA	8/10/10	0.0853	EUR	No	C50.9	8500/3	C50.9	Yes	Yes	0.2846	0.03	46	NA	IDC	78.41009962	0:LIVING	b5fba77b-1f50-4e71-95b2-566afba4bdd7	M0	N0 (I-)	T1	Tumor Free	78.41009962	0:CENSORED	NA	No	White	No	12	1	Primary	Female	Matched	BRCA_Basal	48	No	Yes	Walter Reed	A2	1.566666667	Breast	Infiltrating Ductal Carcinoma	-24	0	Low	Low
TCGA-A2-A04R-01	-0.00531256215208724	-0.101212872483929	TCGA-A2-A04R	36	STAGE IA	6TH	5	-9	Breast Cancer	BRCA	Breast Invasive Ductal Carcinoma	3709	-13483	0	121.9383897	0:DiseaseFree	121.9383897	0:ALIVE OR DEAD TUMOR FREE	Not Hispanic Or Latino	10/8/10	0.2643	AFR_ADMIX	No	C50.9	8500/3	C50.9	Yes	Yes	0.3005	0.77	74	No	IDC	121.9383897	0:LIVING	f3a058b9-fb7f-4098-8f0e-83c2acfa1ed5	M0	N0 (I-)	T1	Tumor Free	121.9383897	0:CENSORED	NA	No	Black or African American	Yes	12	1	Primary	Female	Matched	BRCA_LumB	57	No	Yes	Walter Reed	A2	2.533333333	Breast	Infiltrating Ductal Carcinoma	2	0	High	Low
TCGA-A2-A04T-01	-0.0103290927021315	0.000971611450720822	TCGA-A2-A04T	62	STAGE IIA	6TH	14	19	Breast Cancer	BRCA	Breast Invasive Ductal Carcinoma	2246	-22707	0	73.84028668	0:DiseaseFree	73.84028668	0:ALIVE OR DEAD TUMOR FREE	NA	8/9/10	0.6936	EUR	No	C50.9	8500/3	C50.9	Yes	Yes	0.2887	1.39	89	NA	IDC	73.84028668	0:LIVING	b58ad350-5140-4fa8-bc2c-24bca8395f3a	M0	N0 (I-)	T2	Tumor Free	73.84028668	0:CENSORED	NA	No	White	Yes	14	1	Primary	Female	Matched	BRCA_Basal	206	No	Yes	Walter Reed	A2	2.933333333	Breast	Infiltrating Ductal Carcinoma	6	0	High	High
TCGA-A2-A04U-01	-0.170315339529679	-0.154354445887257	TCGA-A2-A04U	47	STAGE IIA	6TH	21	15	Breast Cancer	BRCA	Breast Invasive Ductal Carcinoma	2654	-17474	0	87.25383831	0:DiseaseFree	87.25383831	0:ALIVE OR DEAD TUMOR FREE	Not Hispanic Or Latino	1/5/11	0.6677	EUR	No	C50.9	8500/3	C50.9	Yes	Yes	0.294	1.39	49	NA	IDC	87.25383831	0:LIVING	1c3610f7-e0aa-48d7-9a27-0dbaf6e244f9	M0	N0 (I+)	T2	Tumor Free	87.25383831	0:CENSORED	NA	No	White	No	8	1	Primary	Female	Matched	BRCA_Basal	1894	No	Yes	Walter Reed	A2	1.633333333	Breast	Infiltrating Ductal Carcinoma	14	0	Low	Low
TCGA-A2-A04V-01	-0.108042058716559	-0.0893710584383977	TCGA-A2-A04V	39	STAGE IIA	6TH	6	-31	Breast Cancer	BRCA	Breast Invasive Ductal Carcinoma	NA	-14250	0	48.3282375	1:Recurred/Progressed	63.12259592	1:DEAD WITH TUMOR	Not Hispanic Or Latino	8/10/10	0.1132	EUR	No	C50.9	8500/3	C50.9	Yes	Yes	0.289	0.04	27	NA	IDC	63.12259592	1:DECEASED	64f67506-f2df-4f0a-b7be-29b4949e986a	M0	N0 (I-)	T2	With Tumor	48.3282375	1:PROGRESSION	NA	No	White	No	0	1	Primary	Female	Matched	BRCA_LumA	98	No	Yes	Walter Reed	A2	0.9	Breast	Infiltrating Ductal Carcinoma	-26	1	Low	Low
TCGA-A2-A04W-01	-0.133221403684179	-0.0464228195107407	TCGA-A2-A04W	50	STAGE IIB	6TH	17	31	Breast Cancer	BRCA	Breast Invasive Carcinoma (NOS)	3102	-18345	0	101.982444	0:DiseaseFree	101.982444	0:ALIVE OR DEAD TUMOR FREE	Not Hispanic Or Latino	1/5/11	0.1065	EUR	No	C50.9	8401/3	C50.9	Yes	Yes	0.2769	0.04	125	No	BRCNOS	101.982444	0:LIVING	00807dae-9f4a-4fd1-aac2-82eb11bf2afb	M0	N1MI	T2	Tumor Free	101.982444	0:CENSORED	NA	No	White	No	16	1	Primary	Female	Matched	BRCA_Her2	349	No	Yes	Walter Reed	A2	4.266666667	Breast	Other	16	0	Low	Low
TCGA-A2-A04X-01	-0.112979210259061	-0.117441601279857	TCGA-A2-A04X	34	STAGE IIA	6TH	8	-5	Breast Cancer	BRCA	Breast Invasive Ductal Carcinoma	1686	-12642	0	55.42952954	0:DiseaseFree	55.42952954	0:ALIVE OR DEAD TUMOR FREE	NA	8/9/10	0.2434	EUR	No	C50.9	8500/3	C50.9	Yes	Yes	0.2774	0.05	27	NA	IDC	55.42952954	0:LIVING	733a2a0f-b37a-4b81-b49e-3c0f30d1eb37	M0	N0 (I-)	T2	Tumor Free	55.42952954	0:CENSORED	NA	No	White	No	16	1	Primary	Female	Matched	BRCA_Her2	142	No	Yes	Walter Reed	A2	0.933333333	Breast	Infiltrating Ductal Carcinoma	12	0	Low	Low
TCGA-A2-A04Y-01	0.0145875642469273	-0.0169804142281368	TCGA-A2-A04Y	53	STAGE IIB	6TH	4	5	Breast Cancer	BRCA	Breast Invasive Ductal Carcinoma	1099	-19533	0	36.13111089	0:DiseaseFree	36.13111089	0:ALIVE OR DEAD TUMOR FREE	NA	8/9/10	0.147	EUR	No	C50.9	8500/3	C50.9	Yes	Yes	0.293	0.1	48	NA	IDC	36.13111089	0:LIVING	9ce7ce09-4409-4fa3-9f78-b2b24716f860	M0	N1MI	T2	Tumor Free	36.13111089	0:CENSORED	NA	No	White	Yes	8	1	Primary	Female	Matched	BRCA_LumB	171	No	Yes	Walter Reed	A2	1.6	Breast	Infiltrating Ductal Carcinoma	6	0	High	Low
TCGA-A2-A0CK-01	-0.0987538198931295	-0.087770301311706	TCGA-A2-A0CK	60	STAGE IIIA	5TH	4	-27	Breast Cancer	BRCA	Breast Invasive Lobular Carcinoma	4159	-22094	0	44.84334418	1:Recurred/Progressed	136.7327481	0:ALIVE OR DEAD TUMOR FREE	Not Hispanic Or Latino	5/21/12	0.1005	EUR	No	C50.9	8520/3	C50.9	Yes	Yes	0.3074	0	13	Yes	ILC	136.7327481	0:LIVING	5ACA16CA-4516-4E27-8249-6914029A7EBF	M0	N2A	T3	Tumor Free	44.84334418	1:PROGRESSION	Yes	No	White	Yes	-8	1	Primary	Female	Matched	BRCA_LumA	30	No	Yes	Walter Reed	A2	0.433333333	Breast	Infiltrating Lobular Carcinoma	-30	0	Low	Low
TCGA-A2-A0CL-01	0.0382592124889808	0.0602650708821532	TCGA-A2-A0CL	37	STAGE IIIA	6TH	25	-27	Breast Cancer	BRCA	Breast Invasive Ductal Carcinoma	3015	-13556	0	NA	NA	99.1222014	0:ALIVE OR DEAD TUMOR FREE	Not Hispanic Or Latino	1/28/11	0.0591	AFR	No	C50.9	8500/3	C50.9	Yes	Yes	0.2896	0.13	133	No	IDC	99.1222014	0:LIVING	5c8983f2-9788-4dfa-971c-3ec457b6166e	M0	N2A	T3	Tumor Free	99.1222014	0:CENSORED	NA	No	Black or African American	Yes	12	1	Primary	Female	Matched	BRCA_Normal	248	No	Yes	Walter Reed	A2	4.433333333	Breast	Infiltrating Ductal Carcinoma	-40	0	High	High
TCGA-A2-A0CM-01	-0.179016984621713	-0.154161305133054	TCGA-A2-A0CM	40	STAGE IIA	6TH	24	17	Breast Cancer	BRCA	Breast Invasive Ductal Carcinoma	NA	-14969	0	12.55876648	1:Recurred/Progressed	24.78876944	1:DEAD WITH TUMOR	Not Hispanic Or Latino	9/6/10	0.3928	AFR_ADMIX	No	C50.9	8500/3	C50.9	Yes	Yes	0.2921	0.39	52	NA	IDC	24.78876944	1:DECEASED	eb2dbb4f-66b6-4525-8323-431970f7a64e	M0	N0 (I-)	T2	With Tumor	12.55876648	1:PROGRESSION	NA	No	Black or African American	No	10	1	Primary	Female	Matched	BRCA_Basal	160	No	Yes	Walter Reed	A2	1.733333333	Breast	Infiltrating Ductal Carcinoma	20	1	Low	Low
TCGA-A2-A0CO-01	0.0388550800644686	0.063227532161294	TCGA-A2-A0CO	85	STAGE IIB	7TH	8	-35	Breast Cancer	BRCA	Breast Invasive Lobular Carcinoma	3409	-31404	0	NA	NA	114.8042213	0:ALIVE OR DEAD TUMOR FREE	Not Hispanic Or Latino	5/21/12	0.1329	EUR	No	C50.9	8520/3	C50.9	Yes	No	0.2823	0.01	0	No	ILC	114.8042213	1:DECEASED	8E54232D-D8BB-4612-8B0E-4FEB076A60F9	M0	N0	T3	Tumor Free	114.8042213	0:CENSORED	Yes	No	White	Yes	-22	1	Primary	Female	Matched	NA	8	No	Yes	Walter Reed	A2	0	Breast	Infiltrating Lobular Carcinoma	-32	1	High	High
TCGA-A2-A0CP-01	-0.0930779074086273	-0.0623343755842622	TCGA-A2-A0CP	60	STAGE IA	6TH	5	-21	Breast Cancer	BRCA	Breast Invasive Ductal Carcinoma	2813	-22133	0	92.48117829	0:DiseaseFree	92.48117829	0:ALIVE OR DEAD TUMOR FREE	Not Hispanic Or Latino	9/8/10	0.087	EUR	No	C50.9	8500/3	C50.9	Yes	Yes	0.273	0.04	35	No	IDC	92.48117829	0:LIVING	fe15c48b-116d-461e-9b40-68514730fd18	M0	N0 (I-)	T1C	Tumor Free	92.48117829	0:CENSORED	NA	No	White	Yes	-14	1	Primary	Female	Matched	BRCA_LumA	3	No	Yes	Walter Reed	A2	1.233333333	Breast	Infiltrating Ductal Carcinoma	-12	0	Low	Low
TCGA-A2-A0CQ-01	0.00890654795388613	-0.0188194895220734	TCGA-A2-A0CQ	62	STAGE IA	6TH	5	-23	Breast Cancer	BRCA	Breast Invasive Ductal Carcinoma	2695	-22810	0	88.60176875	0:DiseaseFree	88.60176875	0:ALIVE OR DEAD TUMOR FREE	Not Hispanic Or Latino	8/10/10	0.1198	AFR_ADMIX	No	C50.9	8500/3	C50.9	Yes	Yes	0.2894	0.07	29	No	IDC	88.60176875	0:LIVING	ab34a9a2-d72d-4106-94fb-118844b1b60b	M0	N0 (I-)	T1	Tumor Free	88.60176875	0:CENSORED	NA	No	Black or African American	Yes	-4	1	Primary	Female	Matched	BRCA_LumA	2	No	Yes	Walter Reed	A2	1	Breast	Infiltrating Ductal Carcinoma	-20	0	High	Low
TCGA-A2-A0CR-01	-0.109731209929787	-0.0189649970523629	TCGA-A2-A0CR	54	STAGE IIB	7TH	6	-17	Breast Cancer	BRCA	Breast Invasive Lobular Carcinoma	3283	-20075	0	NA	NA	107.9330638	0:ALIVE OR DEAD TUMOR FREE	Not Hispanic Or Latino	6/5/12	0	EAS	No	C50.9	8520/3	C50.9	Yes	Yes	0.2975	0	134	No	ILC	107.9330638	0:LIVING	4CF0F639-7940-48B6-8EA1-2A3494097CDB	M0	N0	T3	Tumor Free	107.9330638	0:CENSORED	Yes	No	Asian	No	-4	1	Primary	Female	Matched	BRCA_LumA	11	No	Yes	Walter Reed	A2	4.5	Breast	Infiltrating Lobular Carcinoma	-16	0	Low	Low
TCGA-A2-A0CS-01	-0.127666014477411	-0.127974012979135	TCGA-A2-A0CS	73	STAGE IV	NA	17	-21	Breast Cancer	BRCA	Breast Invasive Ductal Carcinoma	2298	-26817	0	NA	NA	77.19367459	0:ALIVE OR DEAD TUMOR FREE	Not Hispanic Or Latino	1/27/11	0.1967	EUR	No	C50.9	8500/3	C50.9	Yes	Yes	0.2726	0.27	31	NA	IDC	77.19367459	1:DECEASED	d071c16b-7cee-45ed-8ec9-612418143815	M1	N3A	T4B	Tumor Free	77.19367459	0:CENSORED	NA	No	White	Yes	-10	1	Primary	Female	Matched	BRCA_LumA	3	No	Yes	Walter Reed	A2	1.033333333	Breast	Infiltrating Ductal Carcinoma	-8	1	Low	Low
TCGA-A2-A0CT-01	-0.0399814250071666	-0.0894630874368301	TCGA-A2-A0CT	71	STAGE IIA	6TH	25	-13	Breast Cancer	BRCA	Breast Invasive Ductal Carcinoma	2289	-25959	0	75.25396982	0:DiseaseFree	75.25396982	0:ALIVE OR DEAD TUMOR FREE	Not Hispanic Or Latino	9/9/10	0.7056	EUR	No	C50.9	8500/3	C50.9	Yes	Yes	0.2932	1.11	79	No	IDC	75.25396982	0:LIVING	378778d2-b331-4867-a93b-c64028c8b4c7	M0	N0 (I-)	T2	Tumor Free	75.25396982	0:CENSORED	NA	No	White	No	2	1	Primary	Female	Matched	BRCA_LumA	90	No	Yes	Walter Reed	A2	2.666666667	Breast	Infiltrating Ductal Carcinoma	-14	0	Low	Low
TCGA-A2-A0CU-01	0.241742165447718	0.116361299726572	TCGA-A2-A0CU	73	STAGE IIA	6TH	20	-15	Breast Cancer	BRCA	Breast Invasive Ductal Carcinoma	NA	-26823	0	NA	NA	5.194463622	0:ALIVE OR DEAD TUMOR FREE	Not Hispanic Or Latino	9/9/10	0.4388	EUR	No	C50.9	8500/3	C50.9	Yes	Yes	0.2981	0.06	43	No	IDC	5.194463622	1:DECEASED	332423a7-8866-4ee3-b08f-3c8d7c16af80	M0	N0 (I+)	T2	Tumor Free	5.194463622	0:CENSORED	NA	No	White	No	4	1	Primary	Female	Matched	BRCA_LumA	99	No	Yes	Walter Reed	A2	1.433333333	Breast	Infiltrating Ductal Carcinoma	-18	1	High	High
TCGA-A2-A0CV-01	-0.00979637461880072	0.013036991947741	TCGA-A2-A0CV	41	STAGE IIB	6TH	24	-23	Breast Cancer	BRCA	Breast Invasive Ductal Carcinoma	3011	-15289	0	98.99069599	0:DiseaseFree	98.99069599	0:ALIVE OR DEAD TUMOR FREE	Not Hispanic Or Latino	1/28/11	0.6142	EAS	No	C50.9	8500/3	C50.9	Yes	Yes	0.2792	0	22	No	IDC	98.99069599	0:LIVING	ad7fcc89-82a3-48aa-8461-581c1a857677	M0	N1A	T2	Tumor Free	98.99069599	0:CENSORED	NA	No	Asian	Yes	-14	1	Primary	Female	Matched	BRCA_LumA	5	No	Yes	Walter Reed	A2	0.733333333	Breast	Infiltrating Ductal Carcinoma	-26	0	High	High
TCGA-A2-A0CW-01	0.0304412825885631	-0.089786022242576	TCGA-A2-A0CW	67	STAGE IIB	6TH	15	-1	Breast Cancer	BRCA	Breast Invasive Ductal Carcinoma	3283	-24541	0	107.9330638	0:DiseaseFree	107.9330638	0:ALIVE OR DEAD TUMOR FREE	Not Hispanic Or Latino	1/28/11	0.3083	EUR	No	C50.9	8500/3	C50.9	Yes	Yes	0.2846	0.32	64	No	IDC	107.9330638	0:LIVING	32efa6e8-6b19-480a-9d04-ace02e93318a	M0	N1A	T2	Tumor Free	107.9330638	0:CENSORED	NA	No	White	No	20	1	Primary	Female	Matched	BRCA_LumB	343	No	Yes	Walter Reed	A2	2.166666667	Breast	Infiltrating Ductal Carcinoma	4	0	High	Low
TCGA-A2-A0CX-01	-0.172971189113993	-0.136340601114315	TCGA-A2-A0CX	52	STAGE IIA	6TH	19	17	Breast Cancer	BRCA	Breast Invasive Ductal Carcinoma	1728	-19152	0	56.81033633	0:DiseaseFree	56.81033633	0:ALIVE OR DEAD TUMOR FREE	Not Hispanic Or Latino	9/10/10	0.3591	EUR	No	C50.9	8500/3	C50.9	Yes	Yes	0.2663	0.41	250	No	IDC	56.81033633	0:LIVING	c744fc13-3aca-4245-9e24-abd368cc8bef	M0	N0 (I-)	T2	Tumor Free	56.81033633	0:CENSORED	NA	No	White	Yes	18	1	Primary	Female	Matched	BRCA_Her2	163	No	Yes	Walter Reed	A2	8.333333333	Breast	Infiltrating Ductal Carcinoma	18	0	Low	Low
TCGA-A2-A0CZ-01	-0.0869913647233974	-0.0052158381759963	TCGA-A2-A0CZ	46	STAGE IIA	6TH	NA	-35	Breast Cancer	BRCA	Breast Invasive Ductal Carcinoma	1616	-17026	0	NA	NA	53.1281849	0:ALIVE OR DEAD TUMOR FREE	Not Hispanic Or Latino	9/14/10	NA	EUR	No	C50.9	8500/3	C50.9	Yes	No	NA	0.01	23	No	IDC	53.1281849	0:LIVING	9f93ea0a-1687-44e0-9e8a-eeb4097d471c	M0	N0 (I-)	T2	Tumor Free	53.1281849	0:CENSORED	NA	No	White	No	-18	1	Primary	Female	Matched	NA	132	No	Yes	Walter Reed	A2	0.8	Breast	Infiltrating Ductal Carcinoma	-18	0	Low	High
TCGA-A2-A0D0-01	-0.227824532690811	-0.188920377360479	TCGA-A2-A0D0	60	STAGE IIA	6TH	17	29	Breast Cancer	BRCA	Breast Invasive Ductal Carcinoma	2048	-22115	0	67.33076898	0:DiseaseFree	67.33076898	0:ALIVE OR DEAD TUMOR FREE	Not Hispanic Or Latino	9/16/10	0.7061	AFR	No	C50.9	8500/3	C50.9	Yes	Yes	0.3096	1.96	73	NA	IDC	67.33076898	0:LIVING	324bcba2-f6a4-45a6-807c-215bdffcca21	M0	N0 (I-)	T2	Tumor Free	67.33076898	0:CENSORED	NA	No	Black or African American	No	14	1	Primary	Female	Matched	BRCA_Basal	428	No	Yes	Walter Reed	A2	2.466666667	Breast	Infiltrating Ductal Carcinoma	24	0	Low	Low
TCGA-A2-A0D1-01	-0.0357805341343435	-0.0198765717087791	TCGA-A2-A0D1	76	STAGE IIA	6TH	10	9	Breast Cancer	BRCA	Breast Invasive Ductal Carcinoma	1051	-28084	0	34.55304599	0:DiseaseFree	34.55304599	0:ALIVE OR DEAD TUMOR FREE	Not Hispanic Or Latino	9/21/10	0.2609	EUR	No	C50.9	8500/3	C50.9	Yes	Yes	0.2684	0.63	44	No	IDC	34.55304599	0:LIVING	084c6aec-94f7-4090-8f3f-59fa9e89721a	M0	N0 (I-)	T2	Tumor Free	34.55304599	0:CENSORED	NA	No	White	Yes	14	1	Primary	Female	Matched	BRCA_Her2	180	No	Yes	Walter Reed	A2	1.466666667	Breast	Infiltrating Ductal Carcinoma	6	0	Low	Low
TCGA-A2-A0D2-01	-0.184237263318466	-0.127484246204858	TCGA-A2-A0D2	45	STAGE IIA	6TH	13	17	Breast Cancer	BRCA	Breast Invasive Ductal Carcinoma	1027	-16623	0	33.76401355	0:DiseaseFree	33.76401355	0:ALIVE OR DEAD TUMOR FREE	Not Hispanic Or Latino	9/16/10	0.5025	EUR	No	C50.9	8500/3	C50.9	Yes	Yes	0.2742	0.35	81	No	IDC	33.76401355	0:LIVING	99e32c59-aa73-43fa-88c9-399ddadb2c72	M0	N0 (I+)	T2	Tumor Free	33.76401355	0:CENSORED	NA	No	White	Yes	16	1	Primary	Female	Matched	BRCA_Basal	316	No	Yes	Walter Reed	A2	2.7	Breast	Infiltrating Ductal Carcinoma	10	0	Low	Low
TCGA-A2-A0D3-01	0.0162408396208406	-0.0523952987911682	TCGA-A2-A0D3	42	STAGE IA	6TH	5	-33	Breast Cancer	BRCA	Breast Invasive Ductal Carcinoma	1873	-15524	0	61.57740737	0:DiseaseFree	61.57740737	0:ALIVE OR DEAD TUMOR FREE	Not Hispanic Or Latino	1/28/11	0.1108	EUR	No	C50.9	8500/3	C50.9	Yes	Yes	0.2747	0.01	25	No	IDC	61.57740737	0:LIVING	4a16429b-884f-4c95-8683-feeedf0d6a55	M0	N0 (I-)	T1C	Tumor Free	61.57740737	0:CENSORED	NA	No	White	No	-14	1	Primary	Female	Matched	BRCA_LumA	17	No	Yes	Walter Reed	A2	0.833333333	Breast	Infiltrating Ductal Carcinoma	-28	0	High	Low
TCGA-A2-A0D4-01	0.0211979985198415	-0.0486154413768994	TCGA-A2-A0D4	37	STAGE IIB	6TH	19	-7	Breast Cancer	BRCA	Breast Invasive Ductal Carcinoma	767	-13805	0	25.21616202	0:DiseaseFree	25.21616202	0:ALIVE OR DEAD TUMOR FREE	Not Hispanic Or Latino	9/21/10	0.3856	AFR_ADMIX	No	C50.9	8500/3	C50.9	Yes	Yes	0.2711	0.86	36	No	IDC	25.21616202	0:LIVING	75113445-d2d6-44a0-866c-c9175e6d214b	M0	N1A	T2	Tumor Free	25.21616202	0:CENSORED	NA	No	Black or African American	Yes	16	1	Primary	Female	Matched	BRCA_LumB	113	No	Yes	Walter Reed	A2	1.2	Breast	Infiltrating Ductal Carcinoma	-10	0	High	Low
TCGA-A2-A0EM-01	0.0152137188723519	-0.0391995716109339	TCGA-A2-A0EM	73	STAGE IA	5TH	5	-37	Breast Cancer	BRCA	Breast Invasive Ductal Carcinoma	3094	-26845	0	101.7194332	0:DiseaseFree	101.7194332	0:ALIVE OR DEAD TUMOR FREE	Not Hispanic Or Latino	9/6/10	0.1025	EUR	No	C50.9	8500/3	C50.9	Yes	Yes	0.2606	0.06	31	No	IDC	101.7194332	0:LIVING	2fdfd287-d13c-4910-9788-73987d45908a	M0	N0 (I-)	T1	Tumor Free	101.7194332	0:CENSORED	NA	No	White	Yes	-8	1	Primary	Female	Matched	BRCA_LumA	3	No	Yes	Walter Reed	A2	1.033333333	Breast	Infiltrating Ductal Carcinoma	-24	0	High	Low
TCGA-A2-A0EN-01	0.00692095704043834	0.0355274109390719	TCGA-A2-A0EN	70	STAGE IIA	6TH	9	-33	Breast Cancer	BRCA	Breast Invasive Lobular Carcinoma	2718	-25771	0	134.3985271	0:DiseaseFree	134.3985271	0:ALIVE OR DEAD TUMOR FREE	Not Hispanic Or Latino	2/27/15	0.2206	EUR	No	C50.9	8520/3	C50.9	Yes	Yes	0.2756	0	33	No	ILC	134.3985271	0:LIVING	5e670fec-8992-44bf-8657-f7f9a272306b	M0	N0 (I+)	T2	Tumor Free	134.3985271	0:CENSORED	NA	No	White	Yes	-16	1	Primary	Female	Matched	BRCA_LumA	14	No	Yes	Walter Reed	A2	1.1	Breast	Infiltrating Lobular Carcinoma	-26	0	High	High
TCGA-A2-A0EO-01	-0.0575753819017613	-0.0151164840866002	TCGA-A2-A0EO	54	STAGE IA	6TH	22	-31	Breast Cancer	BRCA	Breast Invasive Ductal Carcinoma	2442	-19880	0	NA	NA	80.28405168	0:ALIVE OR DEAD TUMOR FREE	Not Hispanic Or Latino	8/10/10	0.2512	EUR	No	C50.9	8500/3	C50.9	Yes	Yes	0.2627	0.08	28	No	IDC	80.28405168	0:LIVING	bf88ddf5-a6d4-498c-bf7f-db9bfabff72d	M0	N0 (I-)	T1	Tumor Free	80.28405168	0:CENSORED	NA	No	White	Yes	-6	1	Primary	Female	Matched	BRCA_LumA	14	No	Yes	Walter Reed	A2	0.933333333	Breast	Infiltrating Ductal Carcinoma	-22	0	Low	High
TCGA-A2-A0EP-01	-0.0320960509417814	0.103990223717746	TCGA-A2-A0EP	56	STAGE I	6TH	NA	-29	Breast Cancer	BRCA	Breast Invasive Lobular Carcinoma	3603	-20585	0	118.4534964	0:DiseaseFree	118.4534964	0:ALIVE OR DEAD TUMOR FREE	Not Hispanic Or Latino	8/16/12	0	EUR	No	C50.9	8520/3	C50.9	Yes	Yes	0.2896	0	9	No	ILC	118.4534964	0:LIVING	670F5022-5066-48F1-8472-5670129A1E0F	M0	N0 (I+)	T1	Tumor Free	118.4534964	0:CENSORED	Yes	No	White	No	-18	1	Primary	Female	Matched	BRCA_LumA	2	No	Yes	Walter Reed	A2	0.3	Breast	Infiltrating Lobular Carcinoma	-46	0	Low	High
TCGA-A2-A0EQ-01	-0.125512326965257	-0.0787191757947296	TCGA-A2-A0EQ	64	STAGE IIA	6TH	21	-1	Breast Cancer	BRCA	Breast Invasive Ductal Carcinoma	2426	-23543	0	79.75803005	0:DiseaseFree	79.75803005	0:ALIVE OR DEAD TUMOR FREE	Not Hispanic Or Latino	8/11/10	0.2545	AFR	No	C50.9	8500/3	C50.9	Yes	Yes	0.272	0.11	212	No	IDC	79.75803005	0:LIVING	2192c1db-4718-4254-ba42-3ae7f30ad5a8	M0	N0 (I-)	T2	Tumor Free	79.75803005	0:CENSORED	NA	No	Black or African American	Yes	20	1	Primary	Female	Matched	BRCA_Her2	149	No	Yes	Walter Reed	A2	7.1	Breast	Infiltrating Ductal Carcinoma	-16	0	Low	Low
TCGA-A2-A0ER-01	0.0999056526881628	0.0360947510074363	TCGA-A2-A0ER	63	STAGE IB	6TH	4	-15	Breast Cancer	BRCA	Breast Invasive Ductal Carcinoma	2263	-23021	0	74.39918467	0:DiseaseFree	74.39918467	0:ALIVE OR DEAD TUMOR FREE	Not Hispanic Or Latino	8/13/10	0.0756	EUR	No	C50.9	8500/3	C50.9	Yes	Yes	0.2644	0.06	27	No	IDC	74.39918467	0:LIVING	7455d832-ad66-40df-85d7-3a7051c4498d	M0	N1MI	T1C	Tumor Free	74.39918467	0:CENSORED	NA	No	White	Yes	6	1	Primary	Female	Matched	BRCA_LumA	55	No	Yes	Walter Reed	A2	0.9	Breast	Infiltrating Ductal Carcinoma	-26	0	High	High
TCGA-A2-A0ES-01	0.108700419946299	0.140412621242391	TCGA-A2-A0ES	52	STAGE IIA	6TH	0	-43	Breast Cancer	BRCA	Breast Invasive Lobular Carcinoma	2190	-19160	0	71.99921097	0:DiseaseFree	71.99921097	0:ALIVE OR DEAD TUMOR FREE	Not Hispanic Or Latino	1/25/11	0.0056	EUR	No	C50.9	8520/3	C50.9	Yes	Yes	0.2529	0.04	13	No	ILC	71.99921097	0:LIVING	a2934508-3daf-49e2-b14f-ed9b7693f96f	M0	N0 (I-)	T2	Tumor Free	71.99921097	0:CENSORED	NA	No	White	No	-24	1	Primary	Female	Matched	BRCA_LumA	34	No	Yes	Walter Reed	A2	0.433333333	Breast	Infiltrating Lobular Carcinoma	-34	0	High	High
TCGA-A2-A0ET-01	0.0416118128616593	-0.016672016150976	TCGA-A2-A0ET	58	STAGE IIIA	6TH	22	-43	Breast Cancer	BRCA	Breast Invasive Ductal Carcinoma	1066	-21464	0	35.04619128	0:DiseaseFree	35.04619128	0:ALIVE OR DEAD TUMOR FREE	Not Hispanic Or Latino	9/20/10	0.5078	EUR	No	C50.9	8500/3	C50.9	Yes	Yes	0.2854	0.64	43	No	IDC	35.04619128	0:LIVING	96f23d8a-be0f-4925-ba00-805dc293414c	M0	N2A	T2	Tumor Free	35.04619128	0:CENSORED	NA	No	White	Yes	-10	1	Primary	Female	Matched	BRCA_LumA	31	No	Yes	Walter Reed	A2	1.433333333	Breast	Infiltrating Ductal Carcinoma	-46	0	High	High
TCGA-A2-A0EU-01	0.0669905555004099	-0.0525734341072783	TCGA-A2-A0EU	79	STAGE IA	6TH	26	-7	Breast Cancer	BRCA	Breast Invasive Ductal Carcinoma	1043	-29144	0	34.29003518	0:DiseaseFree	34.29003518	0:ALIVE OR DEAD TUMOR FREE	Not Hispanic Or Latino	8/11/10	0.5175	EUR	No	C50.9	8500/3	C50.9	Yes	Yes	0.2729	0.1	44	No	IDC	34.29003518	0:LIVING	c0427237-b476-4af4-b664-7bd479922ea5	M0	N0 (I-)	T1C	Tumor Free	34.29003518	0:CENSORED	NA	No	White	Yes	4	1	Primary	Female	Matched	BRCA_LumA	11	No	Yes	Walter Reed	A2	1.466666667	Breast	Infiltrating Ductal Carcinoma	-14	0	High	Low
TCGA-A2-A0EV-01	-0.0288805588406639	-0.0633432199265661	TCGA-A2-A0EV	80	STAGE IA	6TH	15	-31	Breast Cancer	BRCA	Breast Invasive Ductal Carcinoma	968	-29285	0	31.82430878	0:DiseaseFree	31.82430878	0:ALIVE OR DEAD TUMOR FREE	Not Hispanic Or Latino	8/11/10	0.2086	EUR	No	C50.9	8500/3	C50.9	Yes	Yes	0.3283	0.2	63	No	IDC	31.82430878	0:LIVING	7032ec9c-e96b-4642-a7b6-d0aee7a3add2	M0	N0 (I-)	T1C	Tumor Free	31.82430878	0:CENSORED	NA	No	White	No	6	1	Primary	Female	Matched	BRCA_LumA	85	No	Yes	Walter Reed	A2	2.1	Breast	Infiltrating Ductal Carcinoma	-24	0	Low	Low
TCGA-A2-A0EW-01	0.0802562421782141	0.134607033535191	TCGA-A2-A0EW	53	STAGE IIIC	6TH	2	-39	Breast Cancer	BRCA	Breast Invasive Lobular Carcinoma	905	-19413	0	NA	NA	61.93904724	1:DEAD WITH TUMOR	Not Hispanic Or Latino	1/5/11	0.0724	EUR	No	C50.9	8520/3	C50.9	Yes	Yes	0.2504	0	15	Yes	ILC	61.93904724	1:DECEASED	8d5fe6e8-d2cc-481f-a6a1-9cb6e7982cde	M0	N3A	T1B	Tumor Free	44.48170431	1:PROGRESSION	NA	No	White	Yes	-16	1	Primary	Female	Matched	BRCA_LumA	55	No	Yes	Walter Reed	A2	0.5	Breast	Infiltrating Lobular Carcinoma	-40	1	High	High
TCGA-A2-A0EX-01	-0.0860075464295201	-0.0703436689891011	TCGA-A2-A0EX	46	STAGE IIB	6TH	5	-27	Breast Cancer	BRCA	Breast Invasive Lobular Carcinoma	752	-16858	0	24.72301673	0:DiseaseFree	24.72301673	0:ALIVE OR DEAD TUMOR FREE	Not Hispanic Or Latino	8/13/10	0.1003	EUR	No	C50.9	8520/3	C50.9	Yes	Yes	0.2822	0.01	27	No	ILC	24.72301673	0:LIVING	9d8702e1-1a36-4bca-85ab-5f11d58d7953	M0	N0 (I+)	T3	Tumor Free	24.72301673	0:CENSORED	NA	No	White	No	-16	1	Primary	Female	Matched	BRCA_LumA	90	No	Yes	Walter Reed	A2	0.9	Breast	Infiltrating Lobular Carcinoma	-22	0	Low	Low
TCGA-A2-A0EY-01	0.0551712030693343	-0.000926899607630931	TCGA-A2-A0EY	62	STAGE IIB	6TH	23	-21	Breast Cancer	BRCA	Breast Invasive Ductal Carcinoma	1925	-22872	0	63.28697768	0:DiseaseFree	63.28697768	0:ALIVE OR DEAD TUMOR FREE	Not Hispanic Or Latino	9/21/10	0.6388	EUR	No	C50.9	8500/3	C50.9	Yes	Yes	0.3273	0.24	180	No	IDC	63.28697768	0:LIVING	d67cd793-2931-429a-9084-2f3c4c8be7ad	M0	N1A	T2	Tumor Free	63.28697768	0:CENSORED	NA	No	White	Yes	6	1	Primary	Female	Matched	BRCA_LumB	256	No	Yes	Walter Reed	A2	6.133333333	Breast	Infiltrating Ductal Carcinoma	-6	0	High	High
TCGA-A2-A0ST-01	-0.104709634256244	-0.0206701527320822	TCGA-A2-A0ST	62	STAGE IIA	6TH	NA	-7	Breast Cancer	BRCA	Breast Invasive Ductal Carcinoma	3017	-22922	0	99.18795411	0:DiseaseFree	99.18795411	0:ALIVE OR DEAD TUMOR FREE	Not Hispanic Or Latino	11/9/10	0.0109	EUR	No	C50.9	8500/3	C50.9	Yes	Yes	0.261	0.01	15	Yes	IDC	99.18795411	0:LIVING	12d31787-e54d-4729-ace8-9141043c92b8	M0	N1A	T1C	NA	99.18795411	0:CENSORED	NA	No	White	Yes	10	1	Primary	Female	Matched	BRCA_Basal	32	No	Yes	Walter Reed	A2	0.5	Breast	Infiltrating Ductal Carcinoma	-26	0	Low	Low
TCGA-A2-A0SU-01	-0.0955918626720904	-0.055821523752358	TCGA-A2-A0SU	66	STAGE IIA	NA	4	-25	Breast Cancer	BRCA	Breast Invasive Ductal Carcinoma	1662	-24219	0	54.64049709	0:DiseaseFree	54.64049709	0:ALIVE OR DEAD TUMOR FREE	Not Hispanic Or Latino	11/17/10	0.1178	EUR	No	C50.9	8500/3	C50.9	Yes	Yes	0.2844	0.04	32	No	IDC	54.64049709	0:LIVING	c632675e-e8af-43cd-8744-5be3754c1c14	M0	N0 (I+)	T2	Tumor Free	54.64049709	0:CENSORED	NA	No	White	No	-4	1	Primary	Female	Matched	BRCA_LumA	38	No	Yes	Walter Reed	A2	1.066666667	Breast	Infiltrating Ductal Carcinoma	-16	0	Low	Low
TCGA-A2-A0SV-01	-0.125212748413908	-0.137729950112764	TCGA-A2-A0SV	63	STAGE IV	6TH	13	21	Breast Cancer	BRCA	Breast Invasive Ductal Carcinoma	NA	-23126	0	NA	NA	27.12299043	1:DEAD WITH TUMOR	Not Hispanic Or Latino	11/15/10	0.3799	EUR	No	C50.9	8500/3	C50.9	Yes	Yes	0.3032	0.59	33	NA	IDC	27.12299043	1:DECEASED	ad01259b-d858-40bc-a6ba-0bb06e996afb	M1	N2A	T2	With Tumor	27.12299043	1:PROGRESSION	NA	No	White	Yes	16	1	Primary	Female	Matched	BRCA_LumB	80	No	Yes	Walter Reed	A2	1.1	Breast	Infiltrating Ductal Carcinoma	6	1	Low	Low
TCGA-A2-A0SW-01	-0.143266944936201	-0.115080780362542	TCGA-A2-A0SW	82	STAGE IV	NA	13	9	Breast Cancer	BRCA	Breast Invasive Ductal Carcinoma	NA	-30085	0	NA	NA	44.87622054	1:DEAD WITH TUMOR	Not Hispanic Or Latino	11/8/10	0.4298	EUR	No	C50.9	8500/3	C50.9	Yes	Yes	0.2874	1.59	50	NA	IDC	44.87622054	1:DECEASED	991e1427-3c01-423d-abfd-4584302ca72c	M1	N2	T2	With Tumor	21.46825788	1:PROGRESSION	NA	No	White	Yes	20	1	Primary	Female	Matched	BRCA_LumB	102	No	Yes	Walter Reed	A2	1.733333333	Breast	Infiltrating Ductal Carcinoma	12	1	Low	Low
TCGA-A2-A0SX-01	0.0363445296311676	0.0934720051819364	TCGA-A2-A0SX	48	STAGE IA	6TH	11	-3	Breast Cancer	BRCA	Breast Invasive Ductal Carcinoma	1534	-17774	0	40.73380018	1:Recurred/Progressed	50.43232403	0:ALIVE OR DEAD TUMOR FREE	Not Hispanic Or Latino	11/9/10	0.3822	EUR	No	C50.9	8500/3	C50.9	Yes	Yes	0.2956	0.31	23	No	IDC	50.43232403	0:LIVING	18d35983-ea6a-4b70-a209-9bef37595956	M0	N0 (I-)	T1C	With Tumor	40.73380018	1:PROGRESSION	NA	No	White	Yes	2	1	Primary	Female	Matched	BRCA_Basal	122	No	Yes	Walter Reed	A2	0.766666667	Breast	Infiltrating Ductal Carcinoma	-20	0	High	High
TCGA-A2-A0SY-01	-0.0411459974937681	-0.00963836521352472	TCGA-A2-A0SY	62	STAGE IIIA	NA	2	-33	Breast Cancer	BRCA	Breast Invasive Lobular Carcinoma	1347	-22928	0	44.2844462	0:DiseaseFree	44.2844462	0:ALIVE OR DEAD TUMOR FREE	Not Hispanic Or Latino	11/12/10	0.1043	EUR	No	C50.9	8520/3	C50.9	Yes	Yes	0.2804	0	115	No	ILC	44.2844462	0:LIVING	dc696e3c-f448-468f-a576-f4429be0338a	M0	N1	T3	Tumor Free	44.2844462	0:CENSORED	NA	No	White	Yes	-6	1	Primary	Female	Matched	BRCA_LumA	42	No	Yes	Walter Reed	A2	3.866666667	Breast	Infiltrating Lobular Carcinoma	-46	0	Low	High
TCGA-A2-A0T0-01	-0.151391082337924	-0.131116845428671	TCGA-A2-A0T0	59	STAGE IIB	6TH	4	39	Breast Cancer	BRCA	Breast Invasive Ductal Carcinoma	533	-21575	0	17.52309564	0:DiseaseFree	17.52309564	0:ALIVE OR DEAD TUMOR FREE	Not Hispanic Or Latino	11/12/10	0.4533	EUR	No	C50.9	8500/3	C50.9	Yes	Yes	0.2795	0.28	168	No	IDC	17.52309564	0:LIVING	95c53f69-0f05-4348-822a-571f3d757001	M0	N1	T2	Tumor Free	17.52309564	0:CENSORED	NA	No	White	Yes	12	1	Primary	Female	Matched	BRCA_Basal	140	No	Yes	Walter Reed	A2	5.566666667	Breast	Infiltrating Ductal Carcinoma	14	0	Low	Low
TCGA-A2-A0T1-01	-0.118527991172369	-0.0676771157288461	TCGA-A2-A0T1	55	STAGE IIIC	NA	17	3	Breast Cancer	BRCA	Breast Invasive Ductal Carcinoma	521	-20227	0	17.12857941	0:DiseaseFree	17.12857941	0:ALIVE OR DEAD TUMOR FREE	Not Hispanic Or Latino	11/12/10	0.1868	NA	No	C50.9	8500/3	C50.9	Yes	Yes	0.2768	0.02	24	No	IDC	17.12857941	0:LIVING	02bed00f-bef7-4fb7-b243-540354990e45	M0	N3	T3	Tumor Free	17.12857941	0:CENSORED	NA	No	American Indian or Alaska Native	Yes	14	1	Primary	Female	Matched	BRCA_Her2	339	No	Yes	Walter Reed	A2	0.8	Breast	Infiltrating Ductal Carcinoma	0	0	Low	Low
TCGA-A2-A0T2-01	-0.0910209065577985	-0.0676187804567722	TCGA-A2-A0T2	66	STAGE IV	NA	34	39	Breast Cancer	BRCA	Breast Invasive Ductal Carcinoma	NA	-24235	0	NA	NA	8.38346977	1:DEAD WITH TUMOR	Not Hispanic Or Latino	11/12/10	0.9463	EUR	No	C50.9	8500/3	C50.9	Yes	Yes	0.3164	1.48	27	NA	IDC	8.38346977	1:DECEASED	128d198e-9b22-427c-90db-3714455f3a17	M1	N3	T3	With Tumor	8.38346977	1:PROGRESSION	NA	No	White	No	2	1	Primary	Female	Matched	BRCA_Basal	66	No	Yes	Walter Reed	A2	0.933333333	Breast	Infiltrating Ductal Carcinoma	24	1	Low	Low
TCGA-A2-A0T3-01	0.123905471445863	0.011993760182994	TCGA-A2-A0T3	37	STAGE IB	7TH	31	-9	Breast Cancer	BRCA	Breast Invasive Ductal Carcinoma	1516	-13680	0	49.84054969	0:DiseaseFree	49.84054969	0:ALIVE OR DEAD TUMOR FREE	Not Hispanic Or Latino	2/21/11	0.5528	EUR	No	C50.9	8500/3	C50.9	Yes	Yes	0.2828	0.51	29	No	IDC	49.84054969	0:LIVING	058dcb78-bed1-40c3-a6c2-a0cc40065531	M0	N1MI	T1C	Tumor Free	49.84054969	0:CENSORED	Yes	No	White	Yes	8	1	Primary	Female	Matched	BRCA_LumB	165	No	Yes	Walter Reed	A2	1	Breast	Infiltrating Ductal Carcinoma	-2	0	High	High
TCGA-A2-A0T4-01	-0.0842222685478475	-0.0437582891443104	TCGA-A2-A0T4	62	STAGE IIA	NA	7	-11	Breast Cancer	BRCA	Breast Invasive Lobular Carcinoma	624	-22849	0	20.51484367	0:DiseaseFree	20.51484367	0:ALIVE OR DEAD TUMOR FREE	Not Hispanic Or Latino	11/17/10	0.2209	EUR	No	C50.9	8520/3	C50.9	Yes	Yes	0.3097	0.01	31	No	ILC	20.51484367	0:LIVING	b0f8d698-a30e-4d8d-b0a2-a5a01fac8406	M0	N0 (I-)	T2	Tumor Free	20.51484367	0:CENSORED	NA	No	White	No	12	1	Primary	Female	Matched	BRCA_LumA	65	No	Yes	Walter Reed	A2	1.033333333	Breast	Infiltrating Lobular Carcinoma	-16	0	Low	Low
TCGA-A2-A0T5-01	-0.0723460345368066	-0.0511139093212922	TCGA-A2-A0T5	39	STAGE IIA	NA	5	-23	Breast Cancer	BRCA	Breast Invasive Ductal Carcinoma	531	-14503	0	17.45734293	0:DiseaseFree	17.45734293	0:ALIVE OR DEAD TUMOR FREE	Not Hispanic Or Latino	11/9/10	0.1153	EUR	No	C50.9	8500/3	C50.9	Yes	Yes	0.2978	0.06	15	No	IDC	17.45734293	0:LIVING	36d77496-99f8-4911-ba7c-89fae32662aa	M0	N0 (I-)	T2	Tumor Free	17.45734293	0:CENSORED	NA	No	White	No	0	1	Primary	Female	Matched	BRCA_LumA	1	No	Yes	Walter Reed	A2	0.5	Breast	Infiltrating Ductal Carcinoma	-10	0	Low	Low
TCGA-A2-A0T6-01	0.0331024679307337	0.0998375541488206	TCGA-A2-A0T6	50	STAGE IIB	NA	6	-39	Breast Cancer	BRCA	Breast Invasive Lobular Carcinoma	575	-18334	0	18.90390242	0:DiseaseFree	18.90390242	0:ALIVE OR DEAD TUMOR FREE	Not Hispanic Or Latino	11/17/10	0.1161	EUR	No	C50.9	8520/3	C50.9	Yes	Yes	0.2844	0.04	17	No	ILC	18.90390242	0:LIVING	08306ede-e74b-4be9-b768-7fd98647b6ac	M0	N0 (I-)	T3	Tumor Free	18.90390242	0:CENSORED	NA	No	White	Yes	-16	1	Primary	Female	Matched	BRCA_LumA	7	No	Yes	Walter Reed	A2	0.566666667	Breast	Infiltrating Lobular Carcinoma	-44	0	High	High
TCGA-A2-A0T7-01	0.0666930292297375	0.057154570449933	TCGA-A2-A0T7	51	STAGE IIA	NA	12	-25	Breast Cancer	BRCA	Breast Invasive Ductal Carcinoma	631	-18756	0	20.74497814	0:DiseaseFree	20.74497814	0:ALIVE OR DEAD TUMOR FREE	Not Hispanic Or Latino	11/17/10	0.3425	EUR	No	C50.9	8500/3	C50.9	Yes	Yes	0.3038	0.02	22	No	IDC	20.74497814	0:LIVING	43d5632e-7272-4aad-9496-7f5a99671223	M0	N0 (I+)	T2	Tumor Free	20.74497814	0:CENSORED	NA	No	White	No	4	1	Primary	Female	Matched	BRCA_LumA	91	No	Yes	Walter Reed	A2	0.766666667	Breast	Infiltrating Ductal Carcinoma	-22	0	High	High
TCGA-A2-A0YC-01	0.106252322296101	0.0313255171759129	TCGA-A2-A0YC	59	STAGE IIB	NA	4	-37	Breast Cancer	BRCA	Breast Invasive Ductal Carcinoma	990	-21685	0	NA	NA	32.54758852	0:ALIVE OR DEAD TUMOR FREE	Not Hispanic Or Latino	12/8/10	0.111	EUR	No	C50.9	8500/3	C50.9	Yes	Yes	0.2793	0.02	24	Yes	IDC	32.54758852	0:LIVING	a1872011-b928-4189-ac02-e87506c20bca	M0	N1MI	T2	Tumor Free	24.85452214	1:PROGRESSION	NA	No	White	Yes	-6	1	Primary	Female	Matched	BRCA_LumA	37	No	Yes	Walter Reed	A2	0.766666667	Breast	Infiltrating Ductal Carcinoma	-28	0	High	High
TCGA-A2-A0YD-01	0.0510586888419714	0.0986249909840835	TCGA-A2-A0YD	63	STAGE IIB	NA	6	-39	Breast Cancer	BRCA	Breast Invasive Lobular Carcinoma	769	-23021	0	25.28191472	0:DiseaseFree	25.28191472	0:ALIVE OR DEAD TUMOR FREE	Not Hispanic Or Latino	12/8/10	0.0935	EUR	No	C50.9	8520/3	C50.9	Yes	Yes	0.3031	0.14	55	No	ILC	25.28191472	0:LIVING	2c6adb12-380d-4710-a7e6-93d5a0e53289	M0	N0 (I+)	T3	Tumor Free	25.28191472	0:CENSORED	NA	No	White	No	-14	1	Primary	Female	Matched	BRCA_LumA	4	No	Yes	Walter Reed	A2	1.866666667	Breast	Infiltrating Lobular Carcinoma	-26	0	High	High
TCGA-A2-A0YE-01	0.0839539878670397	0.02914370991016	TCGA-A2-A0YE	48	STAGE IIB	NA	24	-1	Breast Cancer	BRCA	Breast Invasive Ductal Carcinoma	554	-17727	0	18.21349903	0:DiseaseFree	18.21349903	0:ALIVE OR DEAD TUMOR FREE	Not Hispanic Or Latino	12/10/10	0.781	EUR	No	C50.9	8500/3	C50.9	Yes	Yes	0.3072	1.48	28	No	IDC	18.21349903	0:LIVING	84a88e8d-1e65-4b88-aae6-bf4c7a7e4c33	M0	N1A	T2	Tumor Free	18.21349903	0:CENSORED	NA	No	White	Yes	8	1	Primary	Female	Matched	BRCA_Basal	165	No	Yes	Walter Reed	A2	0.933333333	Breast	Infiltrating Ductal Carcinoma	-4	0	High	High
TCGA-A2-A0YF-01	0.0571843007039055	0.0347703101450343	TCGA-A2-A0YF	67	STAGE I	6TH	4	-23	Breast Cancer	BRCA	Breast Invasive Ductal Carcinoma	1535	-24660	0	50.46520038	0:DiseaseFree	50.46520038	0:ALIVE OR DEAD TUMOR FREE	Not Hispanic Or Latino	12/2/10	0.1229	AFR_ADMIX	No	C50.9	8500/3	C50.9	Yes	Yes	0.2855	0.17	25	No	IDC	50.46520038	0:LIVING	ae8c77fe-e6c8-44d5-8265-4a38c637bbef	M0	N0 (I+)	T1B	Tumor Free	50.46520038	0:CENSORED	NA	No	Black or African American	No	6	1	Primary	Female	Matched	BRCA_LumA	54	No	Yes	Walter Reed	A2	0.866666667	Breast	Infiltrating Ductal Carcinoma	-16	0	High	High
TCGA-A2-A0YG-01	0.0469814326060696	-0.0174915312001836	TCGA-A2-A0YG	63	STAGE IIIC	NA	29	-11	Breast Cancer	BRCA	Breast Invasive Ductal Carcinoma	666	-23058	0	21.89565046	0:DiseaseFree	21.89565046	0:ALIVE OR DEAD TUMOR FREE	Not Hispanic Or Latino	1/3/11	0.3672	EUR	No	C50.9	8500/3	C50.9	Yes	Yes	0.2746	0.29	52	No	IDC	21.89565046	0:LIVING	c0892598-1f7b-4f23-9cd8-731f797753d5	M0	N3A	T2	Tumor Free	21.89565046	0:CENSORED	NA	No	White	Yes	14	1	Primary	Female	Matched	BRCA_LumB	395	No	Yes	Walter Reed	A2	1.733333333	Breast	Infiltrating Ductal Carcinoma	-14	0	High	Low
TCGA-A2-A0YH-01	-0.0398277809290197	-0.0460180837887171	TCGA-A2-A0YH	53	STAGE IIIA	NA	17	11	Breast Cancer	BRCA	Breast Invasive Ductal Carcinoma	659	-19596	0	21.66551599	0:DiseaseFree	21.66551599	0:ALIVE OR DEAD TUMOR FREE	Not Hispanic Or Latino	12/14/10	0.3154	EUR	No	C50.9	8500/3	C50.9	Yes	Yes	0.3021	0.26	68	No	IDC	21.66551599	0:LIVING	298d33da-15af-48cb-b30f-eaf54e7baa43	M0	N2A	T2	Tumor Free	21.66551599	0:CENSORED	NA	No	White	Yes	10	1	Primary	Female	Matched	BRCA_LumB	109	No	Yes	Walter Reed	A2	2.266666667	Breast	Infiltrating Ductal Carcinoma	2	0	Low	Low
TCGA-A2-A0YI-01	0.093142855686274	0.1016734385337	TCGA-A2-A0YI	62	STAGE I	6TH	4	-31	Breast Cancer	BRCA	Breast Invasive Ductal Carcinoma	1505	-22961	0	49.47890982	0:DiseaseFree	49.47890982	0:ALIVE OR DEAD TUMOR FREE	Not Hispanic Or Latino	12/14/10	0.1891	EUR	No	C50.9	8522/3	C50.9	Yes	Yes	0.2845	0	11	No	IDC	49.47890982	0:LIVING	72cd1b17-d349-4551-83f7-3062ce9db865	M0	N0 (I+)	T1C	Tumor Free	49.47890982	0:CENSORED	NA	No	White	Yes	-12	1	Primary	Female	Matched	BRCA_LumA	46	No	Yes	Walter Reed	A2	0.4	Breast	Infiltrating Ductal Carcinoma	-30	0	High	High
TCGA-A2-A0YJ-01	-0.00319192163594182	-0.0167314708367433	TCGA-A2-A0YJ	39	STAGE IIIA	NA	25	21	Breast Cancer	BRCA	Breast Invasive Ductal Carcinoma	566	-14448	0	18.37788079	1:Recurred/Progressed	18.60801526	0:ALIVE OR DEAD TUMOR FREE	Not Hispanic Or Latino	12/28/10	0.5313	EUR	No	C50.9	8500/3	C50.9	Yes	Yes	0.2988	0.47	74	Yes	IDC	18.60801526	0:LIVING	796b593f-5886-4a27-bf94-7ea8df325e1a	M0	N2A	T3	Tumor Free	18.37788079	1:PROGRESSION	NA	No	White	Yes	14	1	Primary	Female	Matched	BRCA_Basal	211	No	Yes	Walter Reed	A2	2.5	Breast	Infiltrating Ductal Carcinoma	14	0	High	High
TCGA-A2-A0YK-01	0.0564166575905308	0.144211911064692	TCGA-A2-A0YK	61	STAGE IIA	NA	6	-49	Breast Cancer	BRCA	Breast Invasive Lobular Carcinoma	588	-22625	0	NA	NA	19.331295	0:ALIVE OR DEAD TUMOR FREE	Not Hispanic Or Latino	12/28/10	0.1055	EUR	No	C50.9	8520/3	C50.9	Yes	Yes	0.3819	0	317	No	ILC	19.331295	0:LIVING	8f34cb4c-5798-47a0-89a1-f0ee26a8ae93	M0	N0 (I-)	T2	Tumor Free	19.331295	0:CENSORED	NA	No	White	No	-14	1	Primary	Female	Matched	BRCA_Normal	33	No	Yes	Walter Reed	A2	10.6	Breast	Infiltrating Lobular Carcinoma	-48	0	High	High
TCGA-A2-A0YL-01	0.0934442542804663	0.0961578143869458	TCGA-A2-A0YL	48	STAGE IIIA	NA	4	-39	Breast Cancer	BRCA	Breast Invasive Lobular Carcinoma	1474	-17702	0	48.45974291	0:DiseaseFree	48.45974291	0:ALIVE OR DEAD TUMOR FREE	Not Hispanic Or Latino	12/27/10	0.1036	EUR	No	C50.9	8520/3	C50.9	Yes	Yes	0.3028	0	27	No	ILC	48.45974291	0:LIVING	b205c89f-af62-4186-acad-ed23d243fa98	M0	N2A	T3	Tumor Free	48.45974291	0:CENSORED	NA	No	White	Yes	0	1	Primary	Female	Matched	BRCA_LumA	32	No	Yes	Walter Reed	A2	0.933333333	Breast	Infiltrating Lobular Carcinoma	-36	0	High	High
TCGA-A2-A0YM-01	0.101926405041921	0.0360553191919585	TCGA-A2-A0YM	67	STAGE IIA	NA	27	27	Breast Cancer	BRCA	Breast Invasive Ductal Carcinoma	965	-24831	0	31.72567972	0:DiseaseFree	31.72567972	0:ALIVE OR DEAD TUMOR FREE	Not Hispanic Or Latino	12/8/10	0.434	EUR	No	C50.9	8500/3	C50.9	Yes	Yes	0.3077	1.2	75	No	IDC	31.72567972	0:LIVING	5cbf0aea-ebb4-4005-bdd5-14ef2dc6826c	M0	N0 (I-)	T2	Tumor Free	31.72567972	0:CENSORED	NA	No	White	Yes	14	1	Primary	Female	Matched	BRCA_Basal	272	No	Yes	Walter Reed	A2	2.566666667	Breast	Infiltrating Ductal Carcinoma	28	0	High	High
TCGA-A2-A0YT-01	0.0416096727640295	-0.0621857233109271	TCGA-A2-A0YT	56	STAGE IIIB	NA	25	-1	Breast Cancer	BRCA	Breast Invasive Ductal Carcinoma	NA	-20482	0	23.76960253	0:DiseaseFree	23.76960253	0:ALIVE OR DEAD TUMOR FREE	Not Hispanic Or Latino	12/10/10	0.5755	EUR	Yes	C50.9	8500/3	C50.9	Yes	Yes	0.3009	0.84	58	No	IDC	23.76960253	1:DECEASED	14b95463-2108-4921-afc2-e29eef52b18f	M0	N2A	T4B	Tumor Free	23.76960253	0:CENSORED	NA	No	White	Yes	14	1	Primary	Female	Matched	BRCA_LumB	232	No	Yes	Walter Reed	A2	1.933333333	Breast	Infiltrating Ductal Carcinoma	-10	1	High	Low
TCGA-A2-A1FV-01	0.229766625453136	0.224627245639062	TCGA-A2-A1FV	74	STAGE IIB	7TH	12	-23	Breast Cancer	BRCA	Breast Invasive Lobular Carcinoma	714	-27287	0	23.47371536	0:DiseaseFree	23.47371536	0:ALIVE OR DEAD TUMOR FREE	Not Hispanic Or Latino	5/26/11	0.3999	EUR	No	C50.9	8520/3	C50.9	Yes	Yes	0.3124	0.21	39	No	ILC	23.47371536	0:LIVING	cd0c96a4-6414-4efb-879b-7408b62ed5b6	M0	N0 (I+)	T3	Tumor Free	23.47371536	0:CENSORED	Yes	No	White	Yes	-8	1	Primary	Female	Matched	BRCA_LumA	108	Yes	No	Walter Reed	A2	1.3	Breast	Infiltrating Lobular Carcinoma	-32	0	High	High
TCGA-A2-A1FW-01	0.234632663586776	0.114767228500832	TCGA-A2-A1FW	62	STAGE IIIA	7TH	21	-9	Breast Cancer	BRCA	Breast Invasive Ductal Carcinoma	528	-22779	0	17.35871388	0:DiseaseFree	17.35871388	0:ALIVE OR DEAD TUMOR FREE	Not Hispanic Or Latino	5/11/11	0.6055	EUR	No	C50.9	8500/3	C50.9	Yes	Yes	0.3305	0.89	60	No	IDC	17.35871388	0:LIVING	54883111-d475-4515-ba3f-fece8a71e79e	M0	N2A	T3	Tumor Free	17.35871388	0:CENSORED	Yes	No	White	Yes	10	1	Primary	Female	Matched	BRCA_LumB	441	Yes	No	Walter Reed	A2	2.033333333	Breast	Infiltrating Ductal Carcinoma	-10	0	High	High
TCGA-A2-A1FX-01	-0.0310889753130381	-0.0348874697913467	TCGA-A2-A1FX	61	STAGE IIIA	6TH	14	-19	Breast Cancer	BRCA	Breast Invasive Ductal Carcinoma	1847	-22344	0	60.72262222	0:DiseaseFree	60.72262222	0:ALIVE OR DEAD TUMOR FREE	Not Hispanic Or Latino	5/12/11	0.4239	EUR	No	C50.9	8500/3	C50.9	Yes	Yes	0.3239	0.3	23	No	IDC	60.72262222	0:LIVING	ac6d3ba9-f84f-4657-aa85-4d66fb7c09da	M0	N2A	T3	Tumor Free	60.72262222	0:CENSORED	Yes	No	White	Yes	6	1	Primary	Female	Matched	BRCA_LumB	63	No	Yes	Walter Reed	A2	0.8	Breast	Infiltrating Ductal Carcinoma	-18	0	Low	Low
TCGA-A2-A1FZ-01	0.0601936505961353	0.0350691160008825	TCGA-A2-A1FZ	63	STAGE IIA	7TH	2	-43	Breast Cancer	BRCA	Breast Invasive Ductal Carcinoma	683	-23055	0	22.45454844	0:DiseaseFree	22.45454844	0:ALIVE OR DEAD TUMOR FREE	Not Hispanic Or Latino	4/21/11	0.1009	EUR	No	C50.9	8500/3	C50.9	Yes	Yes	0.3362	0.06	26	No	IDC	22.45454844	0:LIVING	805bfe39-3695-43c2-93e4-d66d0559b89f	M0	N0 (I-)	T2	Tumor Free	22.45454844	0:CENSORED	Yes	No	White	No	-8	1	Primary	Female	Matched	BRCA_LumA	10	Yes	No	Walter Reed	A2	0.866666667	Breast	Infiltrating Ductal Carcinoma	-38	0	High	High
TCGA-A2-A1G0-01	0.185196028724339	0.105429663809479	TCGA-A2-A1G0	49	STAGE IIB	7TH	16	-33	Breast Cancer	BRCA	Breast Invasive Carcinoma (NOS)	616	-18002	0	20.25183286	0:DiseaseFree	20.25183286	0:ALIVE OR DEAD TUMOR FREE	Not Hispanic Or Latino	4/21/11	0.1485	EUR	No	C50.9	8500/3	C50.9	Yes	Yes	0.3449	0.2	19	No	BRCNOS	20.25183286	0:LIVING	2e538802-2a31-4774-89a8-c6e4381a887d	M0	N1A	T2	NA	20.25183286	0:CENSORED	Yes	No	White	Yes	-14	1	Primary	Female	Matched	BRCA_LumA	46	Yes	No	Walter Reed	A2	0.666666667	Breast	Other	-34	0	High	High
TCGA-A2-A1G1-01	0.0349272540798316	0.0254181248098711	TCGA-A2-A1G1	85	STAGE IIB	7TH	20	17	Breast Cancer	BRCA	Breast Invasive Ductal Carcinoma	584	-31223	0	19.19978959	0:DiseaseFree	19.19978959	0:ALIVE OR DEAD TUMOR FREE	Not Hispanic Or Latino	5/12/11	0.1756	EUR	No	C50.9	8500/3	C50.9	Yes	Yes	0.3368	1.11	28	No	IDC	19.19978959	0:LIVING	75b5529b-565a-4eba-918a-910b2f441d32	M0	N1	T2	Tumor Free	19.19978959	0:CENSORED	Yes	No	White	Yes	16	1	Primary	Female	Matched	BRCA_Basal	149	Yes	No	Walter Reed	A2	0.966666667	Breast	Infiltrating Ductal Carcinoma	28	0	High	High
TCGA-A2-A1G4-01	0.115514085331623	0.0556418823681304	TCGA-A2-A1G4	71	STAGE IIIA	7TH	4	-11	Breast Cancer	BRCA	Breast Invasive Ductal Carcinoma	595	-25966	0	19.56142946	0:DiseaseFree	19.56142946	0:ALIVE OR DEAD TUMOR FREE	Not Hispanic Or Latino	4/22/11	0.1531	EUR	No	C50.9	8500/3	C50.9	Yes	Yes	0.2954	0.24	28	No	IDC	19.56142946	0:LIVING	e3b555aa-7f0a-49c6-9b13-182c61a144c1	M0	N1A	T3	Tumor Free	19.56142946	0:CENSORED	Yes	Yes	White	No	16	1	Primary	Female	Matched	BRCA_LumB	77	Yes	No	Walter Reed	A2	0.933333333	Breast	Infiltrating Ductal Carcinoma	-22	0	High	High
TCGA-A2-A1G6-01	0.0654712879804629	0.0951179522003873	TCGA-A2-A1G6	50	STAGE IIIA	7TH	NA	-33	Breast Cancer	BRCA	Breast Invasive Ductal Carcinoma	501	-18514	0	16.47105237	0:DiseaseFree	16.47105237	0:ALIVE OR DEAD TUMOR FREE	Not Hispanic Or Latino	4/22/11	1e-04	EUR	No	C50.9	8500/3	C50.9	Yes	Yes	0.3082	0.07	8	No	IDC	16.47105237	0:LIVING	295cf595-4a29-46a3-a0c5-e5f08f947031	M0	N2A	T2	Tumor Free	16.47105237	0:CENSORED	Yes	No	White	Yes	-16	1	Primary	Female	Matched	BRCA_Normal	0	Yes	No	Walter Reed	A2	0.266666667	Breast	Infiltrating Ductal Carcinoma	-36	0	High	High
TCGA-A2-A259-01	0.15092857863496	0.0858562197892713	TCGA-A2-A259	70	STAGE I	6TH	4	-19	Breast Cancer	BRCA	Breast Invasive Ductal Carcinoma	1596	-25666	0	NA	NA	52.47065786	0:ALIVE OR DEAD TUMOR FREE	Not Hispanic Or Latino	6/20/11	0.1071	AFR_ADMIX	No	C50.9	8500/3	C50.9	Yes	Yes	0.3052	0.1	22	No	IDC	52.47065786	0:LIVING	3fc3755d-a3f8-4e2c-813f-ff124f2a75c1	M0	N0 (I-)	T1C	Tumor Free	52.47065786	0:CENSORED	Yes	No	Black or African American	No	-16	1	Primary	Female	Matched	BRCA_LumA	22	No	Yes	Walter Reed	A2	0.733333333	Breast	Infiltrating Ductal Carcinoma	-18	0	High	High
TCGA-A2-A25A-01	0.112804948845991	0.137984263094038	TCGA-A2-A25A	44	STAGE IIA	6TH	5	-39	Breast Cancer	BRCA	Breast Invasive Lobular Carcinoma	3276	-16084	0	107.7029293	0:DiseaseFree	107.7029293	0:ALIVE OR DEAD TUMOR FREE	Not Hispanic Or Latino	6/21/11	0.1189	EUR	No	C50.9	8520/3	C50.9	Yes	Yes	0.3222	0.08	300	No	ILC	107.7029293	0:LIVING	aaea5f9c-b35b-47f8-93cb-bdc7b81844ff	M0	N0 (I-)	T2	Tumor Free	107.7029293	0:CENSORED	Yes	Yes	White	Yes	-2	1	Primary	Female	Matched	BRCA_Normal	14	No	Yes	Walter Reed	A2	10.1	Breast	Infiltrating Lobular Carcinoma	-30	0	High	High
TCGA-A2-A25B-01	0.0304954916117531	-0.0478578384234289	TCGA-A2-A25B	39	STAGE IIB	7TH	NA	-7	Breast Cancer	BRCA	Breast Invasive Ductal Carcinoma	1291	-14454	0	NA	NA	42.44337048	0:ALIVE OR DEAD TUMOR FREE	Not Hispanic Or Latino	7/15/11	0.4302	AFR	No	C50.9	8500/3	C50.9	Yes	Yes	0.314	0.61	98	Yes	IDC	42.44337048	0:LIVING	eadf8482-e60e-4307-adb7-d5c3b9fa6cae	M0	N1	T2	Tumor Free	42.41049413	1:PROGRESSION	Yes	No	Black or African American	Yes	12	1	Primary	Female	Matched	BRCA_LumB	395	Yes	No	Walter Reed	A2	3.266666667	Breast	Infiltrating Ductal Carcinoma	0	0	High	Low
TCGA-A2-A25C-01	0.16095616846105	0.0995150925392204	TCGA-A2-A25C	50	STAGE IIB	7TH	10	-25	Breast Cancer	BRCA	Breast Invasive Ductal Carcinoma	523	-18508	0	17.19433212	0:DiseaseFree	17.19433212	0:ALIVE OR DEAD TUMOR FREE	Not Hispanic Or Latino	7/15/11	0.3264	EUR	No	C50.9	8500/3	C50.9	Yes	Yes	0.333	0.98	34	No	IDC	17.19433212	0:LIVING	7aedb46a-48ec-4e0e-8baa-c9ea4c4a7cf1	M0	N1A	T2	Tumor Free	17.19433212	0:CENSORED	Yes	No	White	Yes	6	1	Primary	Female	Matched	BRCA_LumB	65	Yes	No	Walter Reed	A2	1.133333333	Breast	Infiltrating Ductal Carcinoma	-18	0	High	High
TCGA-A2-A25D-01	-0.116978016019885	-0.121041389507431	TCGA-A2-A25D	90	STAGE IIIC	7TH	7	-9	Breast Cancer	BRCA	Breast Invasive Lobular Carcinoma	552	-32872	0	NA	NA	18.14774633	0:ALIVE OR DEAD TUMOR FREE	Not Hispanic Or Latino	6/21/11	0.2363	EUR	No	C50.9	8520/3	C50.9	Yes	Yes	0.3005	0	49	No	ILC	18.14774633	0:LIVING	3b963d72-ba5c-467b-83c9-fbdb462510a3	M0	N3A	T2	Tumor Free	18.14774633	0:CENSORED	Yes	No	White	Yes	6	1	Primary	Female	Matched	BRCA_LumA	134	Yes	No	Walter Reed	A2	1.7	Breast	Infiltrating Lobular Carcinoma	-10	0	Low	Low
TCGA-A2-A25E-01	-0.00183605731719408	-0.0647989766956004	TCGA-A2-A25E	34	STAGE IIIA	6TH	5	-11	Breast Cancer	BRCA	Breast Invasive Ductal Carcinoma	3204	-12601	0	98.26741625	1:Recurred/Progressed	105.3358319	0:ALIVE OR DEAD TUMOR FREE	Not Hispanic Or Latino	7/21/11	0.3373	AFR	No	C50.9	8500/3	C50.9	Yes	Yes	0.3265	1.75	50	Yes	IDC	105.3358319	0:LIVING	ba89cb4f-cd63-47b1-9550-76fdaff89f2e	M0	N2A	T2	Tumor Free	98.26741625	1:PROGRESSION	Yes	No	Black or African American	Yes	16	1	Primary	Female	Matched	BRCA_LumB	82	No	Yes	Walter Reed	A2	1.7	Breast	Infiltrating Ductal Carcinoma	-10	0	High	Low
TCGA-A2-A25F-01	0.0430627843057982	0.117518932940032	TCGA-A2-A25F	66	STAGE IIA	7TH	NA	1	Breast Cancer	BRCA	Breast Invasive Ductal Carcinoma	322	-24319	0	10.58618536	0:DiseaseFree	10.58618536	0:ALIVE OR DEAD TUMOR FREE	Not Hispanic Or Latino	7/26/11	0.0021	EUR	No	C50.9	8500/3	C50.9	Yes	Yes	0.3314	0.55	6	No	IDC	10.58618536	0:LIVING	c836951b-3ffb-4e20-8504-0eccb7d50dd4	M0	N0 (I-)	T2	Tumor Free	10.58618536	0:CENSORED	Yes	No	White	Yes	12	1	Primary	Female	Matched	BRCA_Basal	11	Yes	No	Walter Reed	A2	0.166666667	Breast	Infiltrating Ductal Carcinoma	-28	0	High	High
TCGA-A2-A3KC-01	0.0333500023657402	0.061095019914024	TCGA-A2-A3KC	55	STAGE IIB	7TH	6	-39	Breast Cancer	BRCA	Breast Invasive Lobular Carcinoma	1102	-20401	0	36.22973995	0:DiseaseFree	36.22973995	0:ALIVE OR DEAD TUMOR FREE	Not Hispanic Or Latino	3/14/12	0.1404	AFR_ADMIX	No	C50.9	8520/3	C50.9	Yes	No	0.2846	0.01	0	No	ILC	36.22973995	0:LIVING	2D29A4AC-98E7-4663-9DD6-5681BC32AC2E	M0	N1A	T2	Tumor Free	36.22973995	0:CENSORED	Yes	No	Black or African American	Yes	-6	1	Primary	Female	Matched	NA	45	Yes	No	Walter Reed	A2	0	Breast	Infiltrating Lobular Carcinoma	-32	0	High	High
TCGA-A2-A3KD-01	0.12788967266925	0.0742611384027979	TCGA-A2-A3KD	47	STAGE IIIA	7TH	5	-33	Breast Cancer	BRCA	Breast Invasive Mixed Mucinous Carcinoma	1206	-17372	0	NA	NA	39.64888056	0:ALIVE OR DEAD TUMOR FREE	Not Hispanic Or Latino	4/2/12	0.2021	EUR	No	C50.9	8480/3	C50.9	Yes	Yes	0.2961	0	8	No	IMMC	39.64888056	0:LIVING	BB026999-0AAB-4232-96D7-2C93B6C9691D	M0	N1MI	T3	Tumor Free	39.64888056	0:CENSORED	Yes	No	White	Yes	-10	1	Primary	Female	Matched	BRCA_LumA	23	Yes	No	Walter Reed	A2	0.233333333	Breast	Mucinous Carcinoma	-20	0	High	High
TCGA-A2-A3XS-01	-0.0634953418736287	-0.0303690253423891	TCGA-A2-A3XS	62	STAGE IIIA	6TH	22	7	Breast Cancer	BRCA	Breast Invasive Ductal Carcinoma	NA	-23000	0	22.42167209	1:Recurred/Progressed	33.92839531	1:DEAD WITH TUMOR	Not Hispanic Or Latino	8/15/12	0.5445	AFR_ADMIX	No	C50.9	8500/3	C50.9	Yes	No	0.3169	0.38	0	Yes	IDC	33.92839531	1:DECEASED	A78B04B4-2380-4803-963E-E4E633CD69AB	M0	N2A	T1	With Tumor	22.42167209	1:PROGRESSION	Yes	No	Black or African American	No	6	1	Primary	Female	Matched	NA	120	No	Yes	Walter Reed	A2	0	Breast	Infiltrating Ductal Carcinoma	-4	1	Low	Low
TCGA-A2-A3XT-01	-0.151702787429281	-0.0719839216050913	TCGA-A2-A3XT	45	STAGE IIB	6TH	14	27	Breast Cancer	BRCA	Breast Invasive Ductal Carcinoma	2770	-16649	0	91.06749515	0:DiseaseFree	91.06749515	0:ALIVE OR DEAD TUMOR FREE	Not Hispanic Or Latino	8/17/12	0.4752	AFR	No	C50.9	8500/3	C50.9	Yes	Yes	0.3073	0.16	69	No	IDC	91.06749515	0:LIVING	C72CB184-462D-4009-9CDB-848782FF8A76	M0	N1A	T2	Tumor Free	91.06749515	0:CENSORED	Yes	No	Black or African American	Yes	12	1	Primary	Female	Matched	BRCA_Basal	101	No	Yes	Walter Reed	A2	2.266666667	Breast	Infiltrating Ductal Carcinoma	4	0	Low	Low
TCGA-A2-A3XU-01	-0.256223607995346	-0.199434700945633	TCGA-A2-A3XU	35	STAGE IIB	6TH	10	29	Breast Cancer	BRCA	Breast Invasive Ductal Carcinoma	NA	-13046	0	18.87102607	1:Recurred/Progressed	29.98323306	1:DEAD WITH TUMOR	Not Hispanic Or Latino	8/29/12	0.3244	AFR_ADMIX	No	C50.9	8500/3	C50.9	Yes	Yes	0.3179	0.6	21	Yes	IDC	29.98323306	1:DECEASED	A8E7D8A4-BBF0-496B-B387-8E014CFDCEA6	M0	N1MI	T2	With Tumor	18.87102607	1:PROGRESSION	Yes	No	Black or African American	Yes	4	1	Primary	Female	Matched	BRCA_Basal	51	No	Yes	Walter Reed	A2	0.7	Breast	Infiltrating Ductal Carcinoma	8	1	Low	Low
TCGA-A2-A3XV-01	-0.196896037987904	-0.178011405215771	TCGA-A2-A3XV	46	STAGE IIA	7TH	6	13	Breast Cancer	BRCA	Breast Invasive Ductal Carcinoma	996	-16971	0	32.74484663	0:DiseaseFree	32.74484663	0:ALIVE OR DEAD TUMOR FREE	Not Hispanic Or Latino	8/24/12	0.1244	AFR_ADMIX	No	C50.9	8500/3	C50.9	Yes	Yes	0.2941	0.01	37	No	IDC	32.74484663	0:LIVING	189E1F27-7738-413A-A4D4-97D41D592A13	M0	N0	T2	Tumor Free	32.74484663	0:CENSORED	Yes	No	Black or African American	Yes	0	1	Primary	Female	Matched	BRCA_Her2	16	Yes	No	Walter Reed	A2	1.3	Breast	Infiltrating Ductal Carcinoma	2	0	Low	Low
TCGA-A2-A3XW-01	-0.0589655403985178	-0.000431910699749469	TCGA-A2-A3XW	42	STAGE IIB	7TH	NA	-5	Breast Cancer	BRCA	Breast Invasive Ductal Carcinoma	1712	-15670	0	56.28431469	0:DiseaseFree	56.28431469	0:ALIVE OR DEAD TUMOR FREE	Not Hispanic Or Latino	8/15/12	0.0011	AFR_ADMIX	No	C50.9	8500/3	C50.9	Yes	Yes	0.2963	0	8	No	IDC	56.28431469	0:LIVING	C02699B5-580A-4D55-971E-F4692B2CCE57	M0	N1A	T2	Tumor Free	56.28431469	0:CENSORED	Yes	No	Black or African American	Yes	-4	1	Primary	Female	Matched	BRCA_Normal	58	Yes	No	Walter Reed	A2	0.266666667	Breast	Infiltrating Ductal Carcinoma	2	0	Low	High
TCGA-A2-A3XX-01	-0.0757878799258439	-0.031997015144383	TCGA-A2-A3XX	49	STAGE IIA	7TH	23	25	Breast Cancer	BRCA	Breast Invasive Ductal Carcinoma	1168	-17981	0	47.30907059	0:DiseaseFree	47.30907059	0:ALIVE OR DEAD TUMOR FREE	Not Hispanic Or Latino	8/15/12	0.555	AFR	No	C50.9	8500/3	C50.9	Yes	Yes	0.3153	0.21	32	No	IDC	47.30907059	1:DECEASED	53886143-C1C6-40E9-88E6-E4E5E0271FC8	M0	N0	T2	Tumor Free	47.30907059	0:CENSORED	Yes	No	Black or African American	No	14	1	Primary	Female	Matched	BRCA_Basal	76	Yes	No	Walter Reed	A2	1.1	Breast	Infiltrating Ductal Carcinoma	2	1	Low	Low
TCGA-A2-A3XY-01	-0.0445982418871515	0.0502348230711505	TCGA-A2-A3XY	49	STAGE IIB	7TH	8	13	Breast Cancer	BRCA	Breast Invasive Ductal Carcinoma	1064	-18059	0	26.36683434	1:Recurred/Progressed	35.93385278	1:DEAD WITH TUMOR	Not Hispanic Or Latino	8/14/12	0.1367	AFR	No	C50.9	8500/3	C50.9	Yes	No	0.2994	0.02	0	Yes	IDC	35.93385278	1:DECEASED	DEBA32E4-0E68-4711-941B-3B63BD965AFB	M0	N1A	T2	Tumor Free	26.36683434	1:PROGRESSION	Yes	No	Black or African American	Yes	16	1	Primary	Female	Matched	NA	182	Yes	No	Walter Reed	A2	0	Breast	Infiltrating Ductal Carcinoma	6	1	Low	High
TCGA-A2-A3XZ-01	-0.114460443385625	-0.0844935285694177	TCGA-A2-A3XZ	46	STAGE I	6TH	9	-5	Breast Cancer	BRCA	Breast Invasive Ductal Carcinoma	1532	-16978	0	50.36657133	0:DiseaseFree	50.36657133	0:ALIVE OR DEAD TUMOR FREE	Not Hispanic Or Latino	8/21/12	0.1157	AFR	No	C50.9	8500/3	C50.9	Yes	Yes	0.292	0.03	32	No	IDC	50.36657133	0:LIVING	FE7F74B8-20F4-4471-91DC-4CCA8C68E5C0	M0	N0	T1C	Tumor Free	50.36657133	0:CENSORED	Yes	No	Black or African American	No	10	1	Primary	Female	Matched	BRCA_Her2	125	No	Yes	Walter Reed	A2	1.066666667	Breast	Infiltrating Ductal Carcinoma	2	0	Low	Low
TCGA-A2-A3Y0-01	-0.13909042303709	-0.110739121102374	TCGA-A2-A3Y0	57	STAGE IIB	7TH	6	45	Breast Cancer	BRCA	Breast Invasive Ductal Carcinoma	1546	-21024	0	NA	NA	50.82684025	0:ALIVE OR DEAD TUMOR FREE	Not Hispanic Or Latino	8/24/12	0.4308	AFR	No	C50.9	8500/3	C50.9	Yes	Yes	0.3062	0.07	148	No	IDC	50.82684025	0:LIVING	174850B4-5EC2-462B-A890-89BD1716B3C2	M0	N1A	T2	Tumor Free	50.82684025	0:CENSORED	Yes	No	Black or African American	No	20	1	Primary	Female	Matched	BRCA_Basal	184	No	Yes	Walter Reed	A2	4.966666667	Breast	Infiltrating Ductal Carcinoma	38	0	Low	Low
TCGA-A2-A4RW-01	0.0081799410592945	0.00120376658780202	TCGA-A2-A4RW	49	STAGE IIIC	7TH	5	-31	Breast Cancer	BRCA	Breast Invasive Lobular Carcinoma	222	-18060	0	7.298550153	0:DiseaseFree	7.298550153	0:ALIVE OR DEAD TUMOR FREE	Not Hispanic Or Latino	2/27/13	0.3425	EUR	No	C50.9	8520/3	C50.9	Yes	No	0.2918	0	0	NA	ILC	7.298550153	0:LIVING	0D146997-CFDC-4587-888C-E876FC455C80	M0	N3A	T2	Tumor Free	7.298550153	0:CENSORED	Yes	No	White	NA	-14	1	Primary	Female	Matched	NA	111	Yes	No	Walter Reed	A2	0	Breast	Infiltrating Lobular Carcinoma	-30	0	High	High
TCGA-A2-A4RX-01	0.0286276316311333	0.153327164939623	TCGA-A2-A4RX	67	STAGE IIA	7TH	20	15	Breast Cancer	BRCA	Metaplastic Breast Cancer	742	-24779	0	24.39425321	0:DiseaseFree	24.39425321	0:ALIVE OR DEAD TUMOR FREE	Not Hispanic Or Latino	2/28/13	0.3733	AFR	No	C50.9	8575/3	C50.9	Yes	No	0.3083	0.03	NA	No	MBC	24.39425321	0:LIVING	D111C4AB-B39A-4A7C-8D8E-CB342BC10627	M0	N0	T2	NA	24.39425321	0:CENSORED	Yes	No	Black or African American	NA	12	1	Primary	Female	Matched	NA	8	Yes	No	Walter Reed	A2	NA	Breast	Metaplastic Carcinoma	32	0	High	High
TCGA-A2-A4RY-01	0.0411917101178264	0.0850203299659238	TCGA-A2-A4RY	46	STAGE IIIC	7TH	0	-47	Breast Cancer	BRCA	Breast Invasive Lobular Carcinoma	648	-17157	0	21.30387612	0:DiseaseFree	21.30387612	0:ALIVE OR DEAD TUMOR FREE	Not Hispanic Or Latino	2/26/13	0.004	EUR	No	C50.9	8520/3	C50.9	Yes	No	0.2929	0.01	0	No	ILC	21.30387612	0:LIVING	5A53EC47-E63F-44A2-8078-87659544FB04	M0	N3A	T3	Tumor Free	21.30387612	0:CENSORED	Yes	No	White	Yes	-20	1	Primary	Female	Matched	NA	6	Yes	No	Walter Reed	A2	0	Breast	Infiltrating Lobular Carcinoma	-52	0	High	High
TCGA-A2-A4S0-01	0.0455057680432257	0.0366425292376075	TCGA-A2-A4S0	77	STAGE IIA	7TH	0	-39	Breast Cancer	BRCA	Breast Invasive Mixed Mucinous Carcinoma	706	-28416	0	23.21070454	0:DiseaseFree	23.21070454	0:ALIVE OR DEAD TUMOR FREE	Not Hispanic Or Latino	2/26/13	1e-04	EUR	No	C50.9	8480/3	C50.9	Yes	No	0.302	0	NA	No	IMMC	23.21070454	0:LIVING	A53DD490-E0BA-419A-90C6-B905E241A8E5	M0	N0	T2	NA	23.21070454	0:CENSORED	Yes	No	White	NA	-16	1	Primary	Female	Matched	NA	0	Yes	No	Walter Reed	A2	NA	Breast	Mucinous Carcinoma	-42	0	High	High
TCGA-A2-A4S1-01	-0.0587441553923072	0.106169735203016	TCGA-A2-A4S1	66	STAGE IIA	7TH	26	1	Breast Cancer	BRCA	Metaplastic Breast Cancer	820	-24353	0	26.95860867	0:DiseaseFree	26.95860867	0:ALIVE OR DEAD TUMOR FREE	Not Hispanic Or Latino	2/26/13	0.3185	EUR	No	C50.9	8575/3	C50.9	Yes	Yes	0.2898	0.04	69	No	MBC	26.95860867	0:LIVING	843C8F16-5E59-40D4-9ECC-8A75375156F6	M0	N0	T2	Tumor Free	26.95860867	0:CENSORED	Yes	No	White	Yes	-10	1	Primary	Female	Matched	BRCA_Basal	187	Yes	No	Walter Reed	A2	2.366666667	Breast	Metaplastic Carcinoma	-8	0	Low	High
TCGA-A2-A4S2-01	-0.0229781541557711	-0.0543331275090789	TCGA-A2-A4S2	62	STAGE IIIA	7TH	13	-41	Breast Cancer	BRCA	Breast Invasive Lobular Carcinoma	643	-22936	0	21.13949436	0:DiseaseFree	21.13949436	0:ALIVE OR DEAD TUMOR FREE	Not Hispanic Or Latino	2/28/13	0.328	EUR	No	C50.9	8524/3	C50.9	Yes	Yes	0.2957	0	27	No	ILC	21.13949436	0:LIVING	9DDC014D-9A8B-407B-845F-452A73F08E5E	M0	N2	T3	Tumor Free	21.13949436	0:CENSORED	Yes	No	White	Yes	-14	1	Primary	Female	Matched	BRCA_LumA	23	Yes	No	Walter Reed	A2	0.9	Breast	Infiltrating Lobular Carcinoma	-32	0	Low	Low
TCGA-A2-A4S3-01	-0.0774676634695048	-0.126500319770633	TCGA-A2-A4S3	59	STAGE IIB	7TH	11	3	Breast Cancer	BRCA	Breast Invasive Ductal Carcinoma	666	-21762	0	21.89565046	0:DiseaseFree	21.89565046	0:ALIVE OR DEAD TUMOR FREE	Not Hispanic Or Latino	2/28/13	0.4494	AFR_ADMIX	No	C50.9	8500/3	C50.9	Yes	Yes	0.3033	0.13	55	NA	IDC	21.89565046	0:LIVING	418C11E8-2670-48D5-BBF5-95B46BFF1201	M0	N1A	T2	Tumor Free	21.89565046	0:CENSORED	Yes	No	Black or African American	NA	14	1	Primary	Female	Matched	BRCA_LumB	203	Yes	No	Walter Reed	A2	1.8	Breast	Infiltrating Ductal Carcinoma	2	0	Low	Low
TCGA-A7-A0CD-01	0.0590545362801414	-0.0258108167031334	TCGA-A7-A0CD	66	STAGE I	6TH	27	-29	Breast Cancer	BRCA	Breast Invasive Ductal Carcinoma	1165	-24242	0	38.30095013	0:DiseaseFree	38.30095013	0:ALIVE OR DEAD TUMOR FREE	Not Hispanic Or Latino	10/5/10	0.5843	EUR	No	C50.9	8500/3	C50.9	Yes	Yes	0.2652	0.63	22	No	IDC	38.30095013	0:LIVING	09765b0a-94f6-47d2-af56-93368084ac3a	M0	N0	T1	Tumor Free	38.30095013	0:CENSORED	NA	Yes	White	Yes	-4	1	Primary	Female	Matched	BRCA_LumA	8	Yes	No	Christiana Healthcare	A7	0.733333333	Breast	Infiltrating Ductal Carcinoma	-28	0	High	Low
TCGA-A7-A0CE-01	-0.00134419498561637	0.00156722509534081	TCGA-A7-A0CE	57	STAGE IIA	NA	10	41	Breast Cancer	BRCA	Breast Invasive Ductal Carcinoma	1074	-20863	0	35.30920209	0:DiseaseFree	35.30920209	0:ALIVE OR DEAD TUMOR FREE	Not Hispanic Or Latino	10/4/10	0.4998	EUR	No	C50.9	8500/3	C50.9	Yes	Yes	0.281	1.68	94	No	IDC	35.30920209	0:LIVING	9d95a65b-e41d-4f93-92d4-99dce29ff40d	M0	N0 (I-)	T2	Tumor Free	35.30920209	0:CENSORED	NA	No	White	Yes	16	1	Primary	Female	Matched	BRCA_Basal	137	Yes	No	Christiana Healthcare	A7	6	Breast	Infiltrating Ductal Carcinoma	28	0	High	High
TCGA-A7-A0CG-01	-0.0124722892554401	0.0264830898074038	TCGA-A7-A0CG	78	STAGE IIA	NA	7	-31	Breast Cancer	BRCA	Breast Invasive Carcinoma (NOS)	1043	-28596	0	NA	NA	34.29003518	0:ALIVE OR DEAD TUMOR FREE	Not Hispanic Or Latino	10/7/10	0.1221	EUR	No	C50.9	8522/3	C50.9	Yes	Yes	0.2301	0.16	47	No	BRCNOS	34.29003518	0:LIVING	67eef990-5ff4-45d1-843d-d22d7848f130	M0	N0 (I-)	T2	Tumor Free	34.29003518	0:CENSORED	NA	No	White	Yes	2	1	Primary	Female	Matched	BRCA_LumA	67	Yes	No	Christiana Healthcare	A7	1.566666667	Breast	Mixed Histology (NOS)	-38	0	Low	High
TCGA-A7-A0CH-01	-0.0540653656191441	-0.0437603938068834	TCGA-A7-A0CH	79	STAGE IIA	NA	3	-31	Breast Cancer	BRCA	Breast Invasive Ductal Carcinoma	1079	-29104	0	35.47358385	0:DiseaseFree	35.47358385	0:ALIVE OR DEAD TUMOR FREE	Not Hispanic Or Latino	10/4/10	0.0627	EUR	No	C50.9	8500/3	C50.9	Yes	Yes	NA	0.32	30	No	IDC	35.47358385	0:LIVING	9de678e5-67ed-4453-a98b-7ac351d5d0f1	M0	N0 (I-)	T2	Tumor Free	35.47358385	0:CENSORED	NA	No	White	No	-12	1	Primary	Female	Matched	BRCA_LumA	9	Yes	No	Christiana Healthcare	A7	1.833333333	Breast	Infiltrating Ductal Carcinoma	-26	0	Low	Low
TCGA-A7-A0CJ-01	0.0479961080875547	-0.052151006447008	TCGA-A7-A0CJ	57	STAGE IIA	NA	22	21	Breast Cancer	BRCA	Breast Invasive Ductal Carcinoma	931	-21014	0	NA	NA	30.60788375	0:ALIVE OR DEAD TUMOR FREE	Not Hispanic Or Latino	10/7/10	0.5648	EUR	No	C50.9	8500/3	C50.9	Yes	Yes	0.2683	1.26	55	No	IDC	30.60788375	0:LIVING	d69e59a8-b10b-46f5-b859-b6c178d90506	M0	N0 (I-)	T2	Tumor Free	30.60788375	0:CENSORED	NA	No	White	Yes	20	1	Primary	Female	Matched	BRCA_LumB	293	Yes	No	Christiana Healthcare	A7	1.766666667	Breast	Infiltrating Ductal Carcinoma	16	0	High	Low
TCGA-A7-A0D9-01	0.127364532087701	0.124295614480027	TCGA-A7-A0D9	37	STAGE IIA	NA	7	-23	Breast Cancer	BRCA	Breast Invasive Ductal Carcinoma	1139	-13836	0	37.44616497	0:DiseaseFree	37.44616497	0:ALIVE OR DEAD TUMOR FREE	Not Hispanic Or Latino	10/4/10	0.1867	EUR	No	C50.9	8500/3	C50.9	Yes	Yes	0.2619	0.34	20	No	IDC	37.44616497	0:LIVING	17baef7c-d97d-4b98-ab53-503ef856523d	M0	N0 (I-)	T2	Tumor Free	37.44616497	0:CENSORED	NA	No	White	No	-6	1	Primary	Female	Matched	BRCA_LumA	132	Yes	No	Christiana Healthcare	A7	1.333333333	Breast	Infiltrating Ductal Carcinoma	-20	0	High	High
TCGA-A7-A0DA-01	0.0197367119771616	0.0791657411443598	TCGA-A7-A0DA	62	STAGE IIA	NA	16	11	Breast Cancer	BRCA	Breast Invasive Ductal Carcinoma	1085	-22708	0	35.67084196	0:DiseaseFree	35.67084196	0:ALIVE OR DEAD TUMOR FREE	Not Hispanic Or Latino	1/10/11	0.7563	EUR	No	C50.9	8500/3	C50.9	Yes	Yes	0.2908	1.1	143	No	IDC	35.67084196	0:LIVING	3afa1e93-1df8-4e4c-aaa4-557463f4bb77	M0	N0 (I-)	T2	Tumor Free	35.67084196	0:CENSORED	NA	No	White	Yes	6	1	Primary	Female	Matched	BRCA_Basal	270	Yes	No	Christiana Healthcare	A7	5.033333333	Breast	Infiltrating Ductal Carcinoma	2	0	High	High
TCGA-A7-A0DB-01	-0.0208650759961929	-0.0281287574325254	TCGA-A7-A0DB	56	STAGE IIA	NA	17	-23	Breast Cancer	BRCA	Breast Invasive Ductal Carcinoma	1007	-20570	0	NA	NA	33.1064865	0:ALIVE OR DEAD TUMOR FREE	Not Hispanic Or Latino	10/4/10	0.3296	EUR	No	C50.9	8500/3	C50.9	Yes	Yes	0.298	0.64	31	No	IDC	33.1064865	0:LIVING	f130f376-5801-40f9-975d-a7e2f7b5670d	M0	N0 (I-)	T2	Tumor Free	33.1064865	0:CENSORED	NA	No	White	Yes	-14	1	Primary	Female	Matched	BRCA_LumA	3	Yes	No	Christiana Healthcare	A7	1.033333333	Breast	Infiltrating Ductal Carcinoma	-24	0	Low	Low
TCGA-A7-A0DC-01	0.293472031249295	0.0910277375905494	TCGA-A7-A0DC	63	STAGE IA	NA	NA	NA	Breast Cancer	BRCA	Breast Invasive Ductal Carcinoma	906	-23294	0	29.78597495	0:DiseaseFree	29.78597495	0:ALIVE OR DEAD TUMOR FREE	Not Hispanic Or Latino	10/4/10	0.3192	EUR	No	C50.9	8500/3	C50.9	Yes	No	NA	NA	0	No	IDC	29.78597495	0:LIVING	cb9f5e50-f49d-4899-8895-9367afcc1015	M0	N0 (I-)	T1C	Tumor Free	29.78597495	0:CENSORED	NA	No	White	Yes	NA	1	Primary	Female	Matched	NA	66	Yes	No	Christiana Healthcare	A7	0	Breast	Infiltrating Ductal Carcinoma	NA	0	High	High
TCGA-A7-A13D-01	-0.0111794323641533	0.00297983530034564	TCGA-A7-A13D	46	STAGE IIA	NA	28	47	Breast Cancer	BRCA	Breast Invasive Ductal Carcinoma	965	-17070	0	31.72567972	0:DiseaseFree	31.72567972	0:ALIVE OR DEAD TUMOR FREE	Not Hispanic Or Latino	2/23/11	0.7824	AFR	No	C50.9	8500/3	C50.9	Yes	Yes	0.3088	2.07	89	No	IDC	31.72567972	0:LIVING	8785012f-f73e-4d68-87cf-1d804af32782	M0	N0 (I-)	T2	Tumor Free	31.72567972	0:CENSORED	NA	No	Black or African American	Yes	26	1	Primary	Female	Matched	BRCA_Basal	576	Yes	No	Christiana Healthcare	A7	2.933333333	Breast	Infiltrating Ductal Carcinoma	34	0	Low	High
TCGA-A7-A13E-01	0.000509728966589097	-0.0514292322043424	TCGA-A7-A13E	62	STAGE IIB	NA	22	11	Breast Cancer	BRCA	Breast Invasive Ductal Carcinoma	326	-22690	0	18.27925173	1:Recurred/Progressed	20.18608015	1:DEAD WITH TUMOR	Not Hispanic Or Latino	2/28/11	0.6513	EUR	No	C50.9	8500/3	C50.9	Yes	Yes	0.321	4.87	52	Yes	IDC	20.18608015	1:DECEASED	8c7e74e0-71ef-49b8-9217-94b8ef740ef9	MX	N1	T2	Tumor Free	18.27925173	1:PROGRESSION	NA	No	White	No	8	1	Primary	Female	Matched	BRCA_Basal	88	Yes	No	Christiana Healthcare	A7	3.1	Breast	Infiltrating Ductal Carcinoma	-14	1	High	Low
TCGA-A7-A13F-01	-0.049081185343636	-0.0852231468367112	TCGA-A7-A13F	44	STAGE IIIA	NA	25	-9	Breast Cancer	BRCA	Breast Invasive Ductal Carcinoma	765	-16363	0	25.15040931	0:DiseaseFree	25.15040931	0:ALIVE OR DEAD TUMOR FREE	Not Hispanic Or Latino	3/2/11	0.2607	EUR	No	C50.9	8500/3	C50.9	Yes	Yes	0.28	0.27	36	No	IDC	25.15040931	0:LIVING	2cf68894-168b-458b-af4f-53cad72989a8	M0	N1A	T3	Tumor Free	25.15040931	0:CENSORED	NA	No	White	Yes	14	1	Primary	Female	Matched	BRCA_LumB	90	Yes	No	Christiana Healthcare	A7	2.433333333	Breast	Infiltrating Ductal Carcinoma	-10	0	Low	Low
TCGA-A7-A13G-01	0.189048804242308	0.10253614267441	TCGA-A7-A13G	79	STAGE IIA	7TH	4	-29	Breast Cancer	BRCA	Breast Invasive Ductal Carcinoma	718	-28969	0	23.60522077	0:DiseaseFree	23.60522077	0:ALIVE OR DEAD TUMOR FREE	Not Hispanic Or Latino	5/16/11	0.115	EUR	No	C50.9	8500/3	C50.9	Yes	Yes	0.2762	0.18	20	Yes	IDC	23.60522077	0:LIVING	6cd9baf5-bbe0-4c1e-a87f-c53b3af22890	MX	N0	T2	Tumor Free	19.2655423	1:PROGRESSION	Yes	Yes	White	No	-12	1	Primary	Female	Matched	BRCA_LumA	40	Yes	No	Christiana Healthcare	A7	0.666666667	Breast	Infiltrating Ductal Carcinoma	-30	0	High	High
TCGA-A7-A13H-01	0.00449749874771184	0.00201254253111131	TCGA-A7-A13H	61	STAGE IIB	7TH	5	-39	Breast Cancer	BRCA	Breast Invasive Lobular Carcinoma	899	-22643	0	29.55584048	0:DiseaseFree	29.55584048	0:ALIVE OR DEAD TUMOR FREE	Not Hispanic Or Latino	6/22/12	0.1215	EUR	No	C50.9	8520/3	C50.9	Yes	No	0.2918	0	NA	Yes	ILC	29.55584048	0:LIVING	2E243F0E-9D7D-4CB0-9678-70607F90430A	MX	N1A	T2	Tumor Free	26.13669987	1:PROGRESSION	Yes	No	White	No	-20	1	Primary	Female	Matched	NA	58	Yes	No	Christiana Healthcare	A7	NA	Breast	Infiltrating Lobular Carcinoma	-34	0	High	High
TCGA-A7-A26E-01	0.191872576885294	0.166874691411735	TCGA-A7-A26E	71	STAGE IIIA	7TH	5	-37	Breast Cancer	BRCA	Breast Invasive Lobular Carcinoma	954	-26274	0	31.36403985	0:DiseaseFree	31.36403985	0:ALIVE OR DEAD TUMOR FREE	Not Hispanic Or Latino	7/28/11	NA	EUR	No	C50.9	8520/3	C50.9	Yes	Yes	0.2833	3.15	38	No	ILC	31.36403985	0:LIVING	011b9b2d-ebe5-42bf-9662-d922faccc7a1	MX	N1A	T3	Tumor Free	31.36403985	0:CENSORED	Yes	Yes	White	Yes	-10	1	Primary	Female	Matched	BRCA_LumA	3	Yes	No	Christiana Healthcare	A7	1.3	Breast	Infiltrating Lobular Carcinoma	-30	0	High	High
TCGA-A7-A26F-01	0.0667634726243221	0.118179553115067	TCGA-A7-A26F	55	STAGE IA	7TH	9	17	Breast Cancer	BRCA	Breast Invasive Carcinoma (NOS)	738	-20210	0	24.26274781	0:DiseaseFree	24.26274781	0:ALIVE OR DEAD TUMOR FREE	Not Hispanic Or Latino	8/8/11	0.3177	EUR	No	C50.9	8575/3	C50.9	Yes	Yes	0.3293	1.3	39	No	BRCNOS	24.26274781	0:LIVING	3b7b9c1e-a84c-47ed-983c-9e4b00cbf01a	M0	N0	T1	NA	24.26274781	0:CENSORED	Yes	Yes	White	Yes	14	1	Primary	Female	Matched	BRCA_Basal	54	Yes	No	Christiana Healthcare	A7	1.233333333	Breast	Other	16	0	High	High
TCGA-A7-A26G-01	0.0991583581007093	0.177720996289425	TCGA-A7-A26G	50	STAGE IIA	7TH	10	-17	Breast Cancer	BRCA	Breast Invasive Carcinoma (NOS)	722	-18362	0	23.73672617	0:DiseaseFree	23.73672617	0:ALIVE OR DEAD TUMOR FREE	Not Hispanic Or Latino	8/10/11	0.249	AFR	No	C50.9	8575/3	C50.9	Yes	Yes	0.3251	0.77	45	No	BRCNOS	23.73672617	0:LIVING	5ed024e8-d05e-4c65-9441-eda9930ccc82	M0	N0 (I+)	T2	NA	23.73672617	0:CENSORED	Yes	No	Black or African American	No	6	1	Primary	Female	Matched	BRCA_Basal	417	Yes	No	Christiana Healthcare	A7	1.5	Breast	Other	-18	0	High	High
TCGA-A7-A26H-01	0.126761773657648	0.085740030975168	TCGA-A7-A26H	72	STAGE IIA	7TH	8	-23	Breast Cancer	BRCA	Breast Invasive Ductal Carcinoma	724	-26423	0	9.567018444	1:Recurred/Progressed	23.80247888	0:ALIVE OR DEAD TUMOR FREE	Not Hispanic Or Latino	8/4/11	0.2219	EUR	No	C50.9	8500/3	C50.9	Yes	Yes	0.301	0.18	109	Yes	IDC	23.80247888	0:LIVING	dddd8e2f-e540-418a-b02e-698d18a12c14	M0	N1A	T1	NA	9.567018444	1:PROGRESSION	Yes	Yes	White	No	0	1	Primary	Female	Matched	BRCA_LumA	66	Yes	No	Christiana Healthcare	A7	3.666666667	Breast	Infiltrating Ductal Carcinoma	-20	0	High	High
TCGA-A7-A26I-01	0.0241458262398204	0.0736762584049309	TCGA-A7-A26I	65	STAGE IIA	7TH	26	19	Breast Cancer	BRCA	Breast Invasive Ductal Carcinoma	661	-23948	0	21.7312687	0:DiseaseFree	21.7312687	0:ALIVE OR DEAD TUMOR FREE	Not Hispanic Or Latino	7/29/11	0.6589	EUR	No	C50.9	8500/3	C50.9	Yes	Yes	0.3156	0.68	35	No	IDC	21.7312687	0:LIVING	b2ecbc0f-2c30-4200-8d5e-7b95424bcadb	M0	N0	T2	NA	21.7312687	0:CENSORED	Yes	Yes	White	Yes	14	1	Primary	Female	Matched	BRCA_Basal	171	Yes	No	Christiana Healthcare	A7	1.166666667	Breast	Infiltrating Ductal Carcinoma	10	0	High	High
TCGA-A7-A26J-01	0.069344583697427	0.026585575574645	TCGA-A7-A26J	49	STAGE IIA	7TH	18	-31	Breast Cancer	BRCA	Breast Invasive Ductal Carcinoma	627	-17930	0	20.61347273	0:DiseaseFree	20.61347273	0:ALIVE OR DEAD TUMOR FREE	Not Hispanic Or Latino	7/28/11	NA	EUR	No	C50.9	8500/3	C50.9	Yes	Yes	0.3412	0.35	21	No	IDC	20.61347273	0:LIVING	6cb6f179-defd-4661-af0a-c353b74c0c49	M0	N0	T2	With Tumor	20.61347273	0:CENSORED	Yes	No	White	No	4	1	Primary	Female	Matched	BRCA_LumA	47	Yes	No	Christiana Healthcare	A7	0.766666667	Breast	Infiltrating Ductal Carcinoma	-28	0	High	High
TCGA-A7-A2KD-01	0.0578608522009516	0.0302025668069694	TCGA-A7-A2KD	53	STAGE IIIA	7TH	17	-17	Breast Cancer	BRCA	Breast Invasive Ductal Carcinoma	679	-19563	0	22.32304304	0:DiseaseFree	22.32304304	0:ALIVE OR DEAD TUMOR FREE	Not Hispanic Or Latino	10/11/11	0.376	AFR	No	C50.9	8500/3	C50.9	Yes	Yes	0.3212	0.11	31	No	IDC	22.32304304	0:LIVING	92654F8D-5137-4FFD-AAA3-5AE38EB88226	MX	N2A	T2	NA	22.32304304	0:CENSORED	Yes	Yes	Black or African American	Yes	16	1	Primary	Female	Matched	BRCA_LumB	268	Yes	No	Christiana Healthcare	A7	1.033333333	Breast	Infiltrating Ductal Carcinoma	-4	0	High	High
TCGA-A7-A3IY-01	-0.0751593149377379	-0.0300488579000343	TCGA-A7-A3IY	71	STAGE I	7TH	1	1	Breast Cancer	BRCA	Breast Invasive Mixed Mucinous Carcinoma	345	-26042	0	11.34234145	0:DiseaseFree	11.34234145	0:ALIVE OR DEAD TUMOR FREE	Not Hispanic Or Latino	3/19/12	0.0079	EUR	No	C50.9	8480/3	C50.9	Yes	No	0.3096	0	NA	No	IMMC	11.34234145	0:LIVING	6B4E0262-F589-4532-B578-9F2D76C19D90	M0	N0	T1C	Tumor Free	11.34234145	0:CENSORED	Yes	No	White	Yes	-14	1	Primary	Female	Matched	NA	15	Yes	No	Christiana Healthcare	A7	NA	Breast	Mucinous Carcinoma	8	0	Low	Low
TCGA-A7-A3IZ-01	0.083968930370906	0.0637392954820329	TCGA-A7-A3IZ	62	STAGE IIA	7TH	5	-31	Breast Cancer	BRCA	Breast Invasive Lobular Carcinoma	322	-22997	0	10.58618536	0:DiseaseFree	10.58618536	0:ALIVE OR DEAD TUMOR FREE	Not Hispanic Or Latino	3/12/12	0.1728	EUR	No	C50.9	8520/3	C50.9	Yes	No	0.2964	0.02	0	No	ILC	10.58618536	0:LIVING	15FF4B02-BB69-4D24-8A07-B82F428E428D	M0	N0 (I+)	T2	Tumor Free	10.58618536	0:CENSORED	Yes	No	White	Yes	-2	1	Primary	Female	Matched	NA	78	Yes	No	Christiana Healthcare	A7	0	Breast	Infiltrating Lobular Carcinoma	-42	0	High	High
TCGA-A7-A3J0-01	0.0768009429051451	0.0974062547489804	TCGA-A7-A3J0	62	STAGE IIA	7TH	11	-27	Breast Cancer	BRCA	Breast Invasive Mixed Mucinous Carcinoma	313	-22672	0	10.29029819	0:DiseaseFree	10.29029819	0:ALIVE OR DEAD TUMOR FREE	Not Hispanic Or Latino	3/13/12	0.224	EUR	No	C50.9	8480/3	C50.9	Yes	No	0.2958	0	0	No	IMMC	10.29029819	0:LIVING	DA70CF7E-0E61-4C72-B4C5-C408569D11B8	M0	N0	T2	Tumor Free	10.29029819	0:CENSORED	Yes	No	White	Yes	-8	1	Primary	Female	Matched	NA	4	Yes	No	Christiana Healthcare	A7	0	Breast	Mucinous Carcinoma	-34	0	High	High
TCGA-A7-A3J1-01	0.149802003219656	0.0975981857396369	TCGA-A7-A3J1	63	STAGE IA	7TH	6	-41	Breast Cancer	BRCA	Breast Invasive Lobular Carcinoma	343	-23209	0	11.27658875	0:DiseaseFree	11.27658875	0:ALIVE OR DEAD TUMOR FREE	Not Hispanic Or Latino	3/12/12	0.2148	EUR	No	C50.9	8520/3	C50.9	Yes	No	0.2891	0.01	0	No	ILC	11.27658875	0:LIVING	8F9AD301-6699-4078-A80D-886E40894AF7	MX	N0	T1C	Tumor Free	11.27658875	0:CENSORED	Yes	Yes	White	Yes	-18	1	Primary	Female	Matched	NA	26	Yes	No	Christiana Healthcare	A7	0	Breast	Infiltrating Lobular Carcinoma	-62	0	High	High
TCGA-A7-A3RF-01	-0.0610775848923548	0.00358225591303963	TCGA-A7-A3RF	79	STAGE IIA	7TH	0	-9	Breast Cancer	BRCA	Breast Invasive Mixed Mucinous Carcinoma	408	-29184	0	5.720485255	1:Recurred/Progressed	13.41355163	0:ALIVE OR DEAD TUMOR FREE	Not Hispanic Or Latino	5/3/12	0.0023	EUR	No	C50.9	8480/3	C50.9	Yes	Yes	0.3081	0.01	32	Yes	IMMC	13.41355163	0:LIVING	7451AF3C-ACC0-4D79-8429-6B8BE96911D8	M0	N0	T2	Tumor Free	5.720485255	1:PROGRESSION	Yes	No	White	Yes	-6	1	Primary	Female	Matched	BRCA_LumA	12	Yes	No	Christiana Healthcare	A7	1.066666667	Breast	Mucinous Carcinoma	-14	0	Low	High
TCGA-A7-A425-01	-0.0267481425356234	-0.0415170857057615	TCGA-A7-A425	70	STAGE IIIC	7TH	25	-21	Breast Cancer	BRCA	Breast Invasive Lobular Carcinoma	447	-25678	0	13.77519151	1:Recurred/Progressed	14.69572936	0:ALIVE OR DEAD TUMOR FREE	Not Hispanic Or Latino	11/5/12	0.1447	EUR	No	C50.9	8520/3	C50.9	Yes	Yes	0.3052	0	26	Yes	ILC	14.69572936	0:LIVING	A8F5C479-8685-4E2D-BB60-63F1CC651083	MX	N3A	T3	NA	13.77519151	1:PROGRESSION	Yes	No	White	Yes	-6	1	Primary	Female	Matched	BRCA_LumA	36	Yes	No	Christiana Healthcare	A7	0.933333333	Breast	Infiltrating Lobular Carcinoma	-18	0	Low	Low
TCGA-A7-A426-01	0.0436933909526959	0.0213021501086787	TCGA-A7-A426	50	STAGE IIIC	7TH	7	-37	Breast Cancer	BRCA	Breast Invasive Lobular Carcinoma	364	-18296	0	11.96699214	0:DiseaseFree	11.96699214	0:ALIVE OR DEAD TUMOR FREE	Not Hispanic Or Latino	11/5/12	0.1708	EUR	No	C50.9	8520/3	C50.9	Yes	No	0.3006	0	0	No	ILC	11.96699214	0:LIVING	D48E9F25-F083-4F88-A92D-C12D9F765BA6	MX	N3A	T3	NA	11.96699214	0:CENSORED	Yes	Yes	White	Yes	-14	1	Primary	Female	Matched	NA	21	Yes	No	Christiana Healthcare	A7	0	Breast	Infiltrating Lobular Carcinoma	-30	0	High	High
TCGA-A7-A4SA-01	0.0182729527122364	0.0271731826604036	TCGA-A7-A4SA	40	STAGE IIB	7TH	10	-15	Breast Cancer	BRCA	Breast Invasive Lobular Carcinoma	454	-14906	0	14.92586383	0:DiseaseFree	14.92586383	0:ALIVE OR DEAD TUMOR FREE	Not Hispanic Or Latino	2/19/13	0.3754	EUR	No	C50.9	8520/3	C50.9	Yes	No	0.2899	0.03	0	No	ILC	14.92586383	0:LIVING	A2EFE7E1-ACA3-440F-825F-ED621EDCA69F	M0	N1A	T2	Tumor Free	14.92586383	0:CENSORED	Yes	No	White	No	6	1	Primary	Female	Matched	NA	110	Yes	No	Christiana Healthcare	A7	0	Breast	Infiltrating Lobular Carcinoma	0	0	High	High
TCGA-A7-A4SB-01	-0.0370680234892836	-0.0660018432342399	TCGA-A7-A4SB	56	STAGE IIIA	7TH	18	-17	Breast Cancer	BRCA	Breast Invasive Lobular Carcinoma	418	-20539	0	13.74231515	0:DiseaseFree	13.74231515	0:ALIVE OR DEAD TUMOR FREE	Not Hispanic Or Latino	2/20/13	0.5065	EUR	No	C50.9	8520/3	C50.9	Yes	No	0.3188	0.27	0	No	ILC	13.74231515	0:LIVING	A947A945-4721-45CC-BC45-13B8EA41C10E	M0	N1MI	T3	Tumor Free	13.74231515	0:CENSORED	Yes	No	White	Yes	6	1	Primary	Female	Matched	NA	75	Yes	No	Christiana Healthcare	A7	0	Breast	Infiltrating Lobular Carcinoma	-38	0	Low	Low
TCGA-A7-A4SC-01	0.0383260717971476	0.0558518927361931	TCGA-A7-A4SC	62	STAGE IIB	7TH	NA	-43	Breast Cancer	BRCA	Breast Invasive Lobular Carcinoma	446	-23008	0	14.66285301	0:DiseaseFree	14.66285301	0:ALIVE OR DEAD TUMOR FREE	Not Hispanic Or Latino	2/20/13	NA	EUR	No	C50.9	8520/3	C50.9	Yes	No	0.3073	0.01	27	No	ILC	14.66285301	0:LIVING	EC0AB947-9341-4FFF-BDA4-FDFB9434D508	MX	N0	T3	Tumor Free	14.66285301	0:CENSORED	Yes	No	White	Yes	-16	1	Primary	Female	Matched	NA	35	Yes	No	Christiana Healthcare	A7	1.8	Breast	Infiltrating Lobular Carcinoma	-44	0	High	High
TCGA-A7-A4SD-01	-0.133296106394318	-0.0953557052283481	TCGA-A7-A4SD	52	STAGE IIA	7TH	20	27	Breast Cancer	BRCA	Breast Invasive Ductal Carcinoma	441	-19131	0	14.49847125	0:DiseaseFree	14.49847125	0:ALIVE OR DEAD TUMOR FREE	Not Hispanic Or Latino	2/19/13	0.3712	AFR	No	C50.9	8500/3	C50.9	Yes	Yes	0.3243	0.21	44	No	IDC	14.49847125	0:LIVING	8C09F413-E938-4F2E-A414-84F0E7FCFE41	M0	N0	T2	Tumor Free	14.49847125	0:CENSORED	Yes	No	Black or African American	No	22	1	Primary	Female	Matched	BRCA_Basal	241	Yes	No	Christiana Healthcare	A7	2.966666667	Breast	Infiltrating Ductal Carcinoma	30	0	Low	Low
TCGA-A7-A4SE-01	-0.0483421406040229	-0.0144084274483401	TCGA-A7-A4SE	54	STAGE IIA	7TH	15	21	Breast Cancer	BRCA	Breast Invasive Ductal Carcinoma	644	-20080	0	21.17237071	0:DiseaseFree	21.17237071	0:ALIVE OR DEAD TUMOR FREE	Not Hispanic Or Latino	2/22/13	0.7743	AFR	No	C50.9	8500/3	C50.9	Yes	Yes	0.3212	0.28	93	No	IDC	21.17237071	0:LIVING	DBF6F981-15CC-40AD-91AC-A66360405FBD	M0	N0	T2	Tumor Free	21.17237071	0:CENSORED	Yes	No	Black or African American	No	20	1	Primary	Female	Matched	BRCA_Basal	181	Yes	No	Christiana Healthcare	A7	6.133333333	Breast	Infiltrating Ductal Carcinoma	26	0	Low	High
TCGA-A7-A4SF-01	-0.101002824733721	-0.164123575183572	TCGA-A7-A4SF	54	STAGE IIA	7TH	22	-5	Breast Cancer	BRCA	Breast Invasive Ductal Carcinoma	545	-19985	0	NA	NA	17.91761186	0:ALIVE OR DEAD TUMOR FREE	Not Hispanic Or Latino	2/25/13	0.596	AFR	No	C50.9	8500/3	C50.9	Yes	No	0.313	0.57	0	No	IDC	17.91761186	0:LIVING	D81594D9-DD6A-45C3-8BAD-61960611D78D	M0	N0	T2	Tumor Free	17.91761186	0:CENSORED	Yes	No	Black or African American	Yes	14	1	Primary	Female	Matched	NA	150	Yes	No	Christiana Healthcare	A7	0	Breast	Infiltrating Ductal Carcinoma	6	0	Low	Low
TCGA-A7-A56D-01	-0.197101671853653	-0.131748624295379	TCGA-A7-A56D	84	STAGE IIA	7TH	14	21	Breast Cancer	BRCA	Breast Invasive Ductal Carcinoma	448	-30783	0	14.72860571	0:DiseaseFree	14.72860571	0:ALIVE OR DEAD TUMOR FREE	Not Hispanic Or Latino	4/1/13	0.4656	AFR	No	C50.9	8500/3	C50.9	Yes	Yes	0.2912	0.06	125	No	IDC	14.72860571	0:LIVING	F062CBD0-2426-40AC-A4BE-E74AC61FA2A7	M0	N0	T2	Tumor Free	14.72860571	0:CENSORED	Yes	No	Black or African American	No	-2	1	Primary	Female	Matched	BRCA_LumA	220	Yes	No	Christiana Healthcare	A7	8.266666667	Breast	Infiltrating Ductal Carcinoma	30	0	Low	Low
TCGA-A7-A5ZV-01	-0.0591963570343121	-0.0076625506878536	TCGA-A7-A5ZV	62	STAGE IIA	7TH	19	29	Breast Cancer	BRCA	Breast Invasive Carcinoma (NOS)	368	-22966	0	12.09849755	0:DiseaseFree	12.09849755	0:ALIVE OR DEAD TUMOR FREE	Not Hispanic Or Latino	5/14/13	0.5955	AFR	No	C50.9	8010/3	C50.9	Yes	Yes	NA	0.91	161	No	BRCNOS	12.09849755	0:LIVING	0EC70E40-07DF-461D-8FF9-351240A0D454	M0	N0	T2	Tumor Free	12.09849755	0:CENSORED	Yes	No	Black or African American	Yes	18	1	Primary	Female	Matched	BRCA_Basal	378	Yes	No	Christiana Healthcare	A7	5.4	Breast	Infiltrating Carcinoma (NOS)	16	0	Low	High
TCGA-A7-A5ZW-01	-0.0790235906416334	-0.0382464518983056	TCGA-A7-A5ZW	47	STAGE IIA	7TH	2	-31	Breast Cancer	BRCA	Breast Invasive Ductal Carcinoma	326	-17529	0	10.71769077	0:DiseaseFree	10.71769077	0:ALIVE OR DEAD TUMOR FREE	Not Hispanic Or Latino	5/13/13	0.0489	AFR_ADMIX	No	C50.9	8500/3	C50.9	Yes	Yes	0.2967	0	28	No	IDC	10.71769077	0:LIVING	523E24A2-51B9-4658-BE2F-42E5FCCEBB17	M0	N1A	T1C	Tumor Free	10.71769077	0:CENSORED	Yes	No	Black or African American	Yes	-14	1	Primary	Female	Matched	BRCA_LumA	1	Yes	No	Christiana Healthcare	A7	0.966666667	Breast	Infiltrating Ductal Carcinoma	-28	0	Low	Low
TCGA-A7-A5ZX-01	-0.0559872772001463	-0.0193111114476102	TCGA-A7-A5ZX	48	STAGE IIIC	7TH	3	-35	Breast Cancer	BRCA	Breast Invasive Lobular Carcinoma	336	-17683	0	NA	NA	11.04645429	0:ALIVE OR DEAD TUMOR FREE	Not Hispanic Or Latino	5/13/13	0.0684	EUR	No	C50.9	8520/3	C50.9	Yes	Yes	0.2904	0	31	No	ILC	11.04645429	0:LIVING	BA80DB4E-D899-4DA4-AE49-5263D98E1530	M0	N3A	T2	Tumor Free	11.04645429	0:CENSORED	Yes	Yes	White	Yes	-16	1	Primary	Female	Matched	BRCA_LumA	28	Yes	No	Christiana Healthcare	A7	2.066666667	Breast	Infiltrating Lobular Carcinoma	-32	0	Low	Low
TCGA-A7-A6VV-01	-0.0439665975753753	0.0429014305719207	TCGA-A7-A6VV	51	STAGE IIA	7TH	23	33	Breast Cancer	BRCA	Breast Invasive Ductal Carcinoma	313	-18695	0	10.29029819	0:DiseaseFree	10.29029819	0:ALIVE OR DEAD TUMOR FREE	Not Hispanic Or Latino	10/22/13	0.6645	AFR	No	C50.9	8500/3	C50.9	Yes	Yes	0.3488	0.17	42	No	IDC	10.29029819	0:LIVING	57AF5C72-0D60-4A6B-B1B4-EC6DAB90F80F	M0	N0	T2	Tumor Free	10.29029819	0:CENSORED	Yes	No	Black or African American	No	22	1	Primary	Female	Matched	BRCA_Basal	346	Yes	No	Christiana Healthcare	A7	1.433333333	Breast	Infiltrating Ductal Carcinoma	36	0	Low	High
TCGA-A7-A6VW-01	-0.202784537416021	-0.124663954249303	TCGA-A7-A6VW	48	STAGE IIA	7TH	13	35	Breast Cancer	BRCA	Breast Invasive Ductal Carcinoma	285	-17539	0	NA	NA	9.369760331	0:ALIVE OR DEAD TUMOR FREE	Not Hispanic Or Latino	10/29/13	0.5937	AFR_ADMIX	No	C50.9	8500/3	C50.9	Yes	Yes	0.3487	0.47	56	No	IDC	9.369760331	0:LIVING	98E709E7-E195-4B37-9537-F6081AFFB609	M0	N0	T2	Tumor Free	9.369760331	0:CENSORED	Yes	No	Black or African American	Yes	14	1	Primary	Female	Matched	BRCA_Basal	137	Yes	No	Christiana Healthcare	A7	1.866666667	Breast	Infiltrating Ductal Carcinoma	20	0	Low	Low
TCGA-A7-A6VX-01	-0.00502783976498668	-0.0437899368602301	TCGA-A7-A6VX	68	STAGE IIA	7TH	17	-11	Breast Cancer	BRCA	Breast Invasive Ductal Carcinoma	317	-25066	0	10.4218036	0:DiseaseFree	10.4218036	0:ALIVE OR DEAD TUMOR FREE	Not Hispanic Or Latino	10/29/13	0.6347	AFR	No	C50.9	8500/3	C50.9	Yes	Yes	0.355	1.31	119	No	IDC	10.4218036	0:LIVING	7EEA2B6E-771F-44C0-9350-38F45C8DBE87	M0	N0	T2	Tumor Free	10.4218036	0:CENSORED	Yes	No	Black or African American	Yes	2	1	Primary	Female	Matched	BRCA_LumB	264	Yes	No	Christiana Healthcare	A7	3.966666667	Breast	Infiltrating Ductal Carcinoma	-6	0	High	Low
TCGA-A7-A6VY-01	-0.154246467930328	-0.099913146619633	TCGA-A7-A6VY	48	STAGE IIB	7TH	7	43	Breast Cancer	BRCA	Breast Invasive Ductal Carcinoma	266	-17640	0	8.745109643	0:DiseaseFree	8.745109643	0:ALIVE OR DEAD TUMOR FREE	Not Hispanic Or Latino	10/25/13	0.4614	AFR_ADMIX	No	C50.9	8500/3	C50.9	Yes	Yes	0.3463	0.26	92	No	IDC	8.745109643	0:LIVING	E8EA576B-EB16-44F7-B241-DAEFC1375388	M0	N1	T2	Tumor Free	8.745109643	0:CENSORED	Yes	No	Black or African American	Yes	22	1	Primary	Female	Matched	BRCA_Basal	218	Yes	No	Christiana Healthcare	A7	3.166666667	Breast	Infiltrating Ductal Carcinoma	42	0	Low	Low
TCGA-A8-A06N-01	0.222371413635568	0.0350585617532387	TCGA-A8-A06N	66	STAGE IIIB	6TH	21	-23	Breast Cancer	BRCA	Breast Invasive Ductal Carcinoma	0	-24288	0	0	0:DiseaseFree	0	0:ALIVE OR DEAD TUMOR FREE	NA	5/27/11	0.5584	EUR	No	C50.9	8500/3	C50.9	Yes	Yes	NA	0.72	34	NA	IDC	0	0:LIVING	3a711140-1b89-4611-9992-3861e3d0e01a	M0	N0	T4B	Tumor Free	0	0:CENSORED	NA	No	NA	NA	-2	1	Primary	Female	Matched	BRCA_LumB	49	No	Yes	Indivumed	A8	1.133333333	Breast	Infiltrating Ductal Carcinoma	-40	0	High	High
TCGA-A8-A06O-01	0.131828647117618	-0.00378747728122332	TCGA-A8-A06O	60	STAGE I	6TH	22	-5	Breast Cancer	BRCA	Breast Invasive Ductal Carcinoma	396	-22157	0	13.01903541	0:DiseaseFree	13.01903541	0:ALIVE OR DEAD TUMOR FREE	NA	5/27/11	0.3914	EUR	No	C50.9	8500/3	C50.9	Yes	Yes	0.2642	0.85	69	No	IDC	13.01903541	0:LIVING	69054195-9e93-49e5-b820-69b0091cc2d4	M0	N0	T1C	Tumor Free	13.01903541	0:CENSORED	NA	No	NA	No	16	1	Primary	Female	Matched	BRCA_LumB	114	No	Yes	Indivumed	A8	2.3	Breast	Infiltrating Ductal Carcinoma	-4	0	High	High
TCGA-A8-A06P-01	0.0515128549901885	0.0190183526634954	TCGA-A8-A06P	63	STAGE IIIA	6TH	5	-19	Breast Cancer	BRCA	Breast Invasive Ductal Carcinoma	396	-23011	0	13.01903541	0:DiseaseFree	13.01903541	0:ALIVE OR DEAD TUMOR FREE	NA	5/27/11	0.0945	EUR	No	C50.9	8500/3	C50.9	Yes	Yes	0.2424	0.04	32	NA	IDC	13.01903541	0:LIVING	5f90d955-bbb0-4b44-a5ac-ba6fda9ca0fb	M0	N2A	T1C	Tumor Free	13.01903541	0:CENSORED	NA	No	NA	Yes	-16	1	Primary	Female	Matched	BRCA_LumA	33	No	Yes	Indivumed	A8	1.066666667	Breast	Infiltrating Ductal Carcinoma	-18	0	High	High
TCGA-A8-A06Q-01	0.0626355697833332	-0.0407281269091154	TCGA-A8-A06Q	63	STAGE IIIA	5TH	20	11	Breast Cancer	BRCA	Breast Invasive Ductal Carcinoma	31	-23164	0	1.019166913	0:DiseaseFree	1.019166913	0:ALIVE OR DEAD TUMOR FREE	NA	5/27/11	0.6549	EUR	No	C50.9	8500/3	C50.9	Yes	Yes	0.3039	0.37	212	NA	IDC	1.019166913	0:LIVING	281f70c5-876f-44b3-84fb-f2302f85e74c	M0	N2	T3	Tumor Free	1.019166913	0:CENSORED	NA	No	NA	NA	18	1	Primary	Female	Matched	BRCA_LumB	446	No	Yes	Indivumed	A8	7.2	Breast	Infiltrating Ductal Carcinoma	-10	0	High	Low
TCGA-A8-A06R-01	-0.119739993476669	-0.12512357890916	TCGA-A8-A06R	69	STAGE IIB	5TH	20	25	Breast Cancer	BRCA	Breast Invasive Ductal Carcinoma	547	-25477	0	17.98336457	0:DiseaseFree	17.98336457	0:ALIVE OR DEAD TUMOR FREE	NA	5/27/11	0.5927	EUR	No	C50.9	8500/3	C50.9	Yes	Yes	0.3035	1.23	58	No	IDC	17.98336457	0:LIVING	f3ba71f9-25f3-4784-bf2d-3aa522a0cba8	M0	N1A	T2	Tumor Free	17.98336457	0:CENSORED	NA	No	NA	Yes	6	1	Primary	Female	Matched	BRCA_LumB	1101	No	Yes	Indivumed	A8	1.933333333	Breast	Infiltrating Ductal Carcinoma	16	0	Low	Low
TCGA-A8-A06T-01	0.0259295147579396	-0.0812185726724424	TCGA-A8-A06T	75	STAGE IIIA	6TH	27	-17	Breast Cancer	BRCA	Breast Invasive Ductal Carcinoma	1614	-27393	0	53.06243219	0:DiseaseFree	53.06243219	0:ALIVE OR DEAD TUMOR FREE	NA	5/27/11	0.7708	EUR	No	C50.9	8500/3	C50.9	Yes	Yes	0.2516	0.2	26	NA	IDC	53.06243219	0:LIVING	2c04a2f5-321e-4dea-8e00-268325da65cb	M0	N1A	T3	Tumor Free	53.06243219	0:CENSORED	NA	Yes	NA	No	-8	1	Primary	Female	Matched	BRCA_LumA	77	No	Yes	Indivumed	A8	0.866666667	Breast	Infiltrating Ductal Carcinoma	-20	0	High	Low
TCGA-A8-A06U-01	0.0411646176723702	-0.0613460848077843	TCGA-A8-A06U	80	STAGE IIB	6TH	19	-13	Breast Cancer	BRCA	Breast Invasive Ductal Carcinoma	NA	-29525	0	29.02981885	0:DiseaseFree	29.02981885	0:ALIVE OR DEAD TUMOR FREE	NA	5/27/11	0.6192	EUR	No	C50.9	8500/3	C50.9	Yes	Yes	0.2916	1.75	63	NA	IDC	29.02981885	1:DECEASED	6bc4c56d-aac5-49a2-9913-9538d06d898f	M0	N1A	T2	Tumor Free	29.02981885	0:CENSORED	NA	Yes	NA	No	4	1	Primary	Female	Matched	BRCA_LumA	779	No	Yes	Indivumed	A8	2.1	Breast	Infiltrating Ductal Carcinoma	-10	1	High	Low
TCGA-A8-A06X-01	-0.0548461629854476	-0.126854057000097	TCGA-A8-A06X	77	STAGE IIB	6TH	11	-3	Breast Cancer	BRCA	Breast Invasive Ductal Carcinoma	NA	-28338	0	31.00239997	0:DiseaseFree	31.00239997	0:ALIVE OR DEAD TUMOR FREE	NA	5/27/11	0.6033	EUR	No	C50.9	8500/3	C50.9	Yes	Yes	0.2615	0.54	186	NA	IDC	31.00239997	1:DECEASED	70931617-b3df-4a12-8e3f-2b2307602f48	M0	N0	T3	Tumor Free	31.00239997	0:CENSORED	NA	No	NA	Yes	10	1	Primary	Female	Matched	BRCA_LumB	274	No	Yes	Indivumed	A8	6.166666667	Breast	Infiltrating Ductal Carcinoma	-14	1	Low	Low
TCGA-A8-A06Y-01	-0.0558293985886503	-0.112333981891637	TCGA-A8-A06Y	66	STAGE IIA	6TH	12	-25	Breast Cancer	BRCA	Breast Invasive Ductal Carcinoma	791	-24442	0	26.00519446	1:Recurred/Progressed	26.00519446	0:ALIVE OR DEAD TUMOR FREE	NA	5/27/11	0.3042	EUR	No	C50.9	8500/3	C50.9	Yes	Yes	0.2632	0.87	28	Yes	IDC	26.00519446	0:LIVING	515b1400-e896-4f2a-81bd-70895441a0bd	M0	N0	T2	Tumor Free	26.00519446	1:PROGRESSION	NA	No	NA	Yes	-14	1	Primary	Female	Matched	BRCA_LumA	20	No	Yes	Indivumed	A8	0.966666667	Breast	Infiltrating Ductal Carcinoma	-8	0	Low	Low
TCGA-A8-A06Z-01	0.0324863624579999	-0.0531526884136972	TCGA-A8-A06Z	84	STAGE IIB	6TH	24	9	Breast Cancer	BRCA	Breast Invasive Ductal Carcinoma	31	-30984	0	NA	NA	1.019166913	0:ALIVE OR DEAD TUMOR FREE	NA	5/27/11	0.7074	EUR	No	C50.9	8500/3	C50.9	Yes	Yes	0.2674	1.69	70	NA	IDC	1.019166913	0:LIVING	2399caeb-ead2-4003-af38-809db4ac2e2b	M0	N0	T3	NA	1.019166913	0:CENSORED	NA	No	NA	NA	0	1	Primary	Female	Matched	BRCA_LumB	214	No	Yes	Indivumed	A8	2.333333333	Breast	Infiltrating Ductal Carcinoma	-18	0	High	Low
TCGA-A8-A075-01	-0.0669001317271316	-0.069724612440966	TCGA-A8-A075	42	STAGE IIB	6TH	19	13	Breast Cancer	BRCA	Breast Invasive Ductal Carcinoma	518	-15369	0	17.02995036	0:DiseaseFree	17.02995036	0:ALIVE OR DEAD TUMOR FREE	NA	5/27/11	0.5033	EUR	No	C50.9	8500/3	C50.9	Yes	Yes	0.2806	0.47	77	No	IDC	17.02995036	0:LIVING	7861a5f2-8910-4bcb-9c34-f79c5acd6e21	M0	N1A	T2	Tumor Free	17.02995036	0:CENSORED	NA	No	NA	Yes	24	1	Primary	Female	Matched	BRCA_LumB	137	No	Yes	Indivumed	A8	2.5	Breast	Infiltrating Ductal Carcinoma	18	0	Low	Low
TCGA-A8-A076-01	-0.0217588752019738	-0.0327283939158642	TCGA-A8-A076	66	STAGE IIA	5TH	20	3	Breast Cancer	BRCA	Breast Invasive Ductal Carcinoma	1642	-24230	0	53.98297005	0:DiseaseFree	53.98297005	0:ALIVE OR DEAD TUMOR FREE	NA	5/27/11	0.5527	EUR	No	C50.9	8500/3	C50.9	Yes	Yes	0.2648	0.25	70	No	IDC	53.98297005	0:LIVING	23dabeef-8e3c-44bc-9a12-a9522d17be5c	M0	N0	T2	Tumor Free	53.98297005	0:CENSORED	NA	No	NA	No	14	1	Primary	Female	Matched	BRCA_LumB	136	No	Yes	Indivumed	A8	2.366666667	Breast	Infiltrating Ductal Carcinoma	20	0	Low	Low
TCGA-A8-A079-01	0.0485234706825664	-0.0320151185583288	TCGA-A8-A079	69	STAGE IIIB	5TH	14	1	Breast Cancer	BRCA	Breast Invasive Ductal Carcinoma	274	-25294	0	9.008120459	0:DiseaseFree	9.008120459	0:ALIVE OR DEAD TUMOR FREE	NA	5/27/11	0.3639	EUR	No	C50.9	8500/3	C50.9	Yes	Yes	0.267	0.95	64	NA	IDC	9.008120459	0:LIVING	31c31cce-1b4d-4f12-922f-84f389403170	M0	N3	T4B	Tumor Free	9.008120459	0:CENSORED	NA	No	NA	Yes	16	1	Primary	Female	Matched	BRCA_LumB	283	No	Yes	Indivumed	A8	2.133333333	Breast	Infiltrating Ductal Carcinoma	2	0	High	Low
TCGA-A8-A07B-01	-0.264929053228308	-0.188163028253106	TCGA-A8-A07B	69	STAGE IIA	6TH	16	-5	Breast Cancer	BRCA	Breast Invasive Ductal Carcinoma	1308	-25475	0	43.00226847	0:DiseaseFree	43.00226847	0:ALIVE OR DEAD TUMOR FREE	NA	5/27/11	0.3844	EUR	No	C50.9	8500/3	C50.9	Yes	Yes	0.2543	0.68	64	NA	IDC	43.00226847	0:LIVING	b43e41af-1d82-4b5f-b8f1-add0510e6b86	M0	N0	T2	Tumor Free	43.00226847	0:CENSORED	NA	No	NA	No	6	1	Primary	Female	Matched	BRCA_LumA	207	No	Yes	Indivumed	A8	2.133333333	Breast	Infiltrating Ductal Carcinoma	-22	0	Low	Low
TCGA-A8-A07C-01	0.0475599138970074	0.0232290917538422	TCGA-A8-A07C	57	STAGE IIA	6TH	NA	1	Breast Cancer	BRCA	Breast Invasive Ductal Carcinoma	1034	-20820	0	33.99414801	0:DiseaseFree	33.99414801	0:ALIVE OR DEAD TUMOR FREE	NA	5/27/11	NA	EUR	No	C50.9	8500/3	C50.9	Yes	No	NA	1.74	136	No	IDC	33.99414801	0:LIVING	b6633c36-7ce4-4b69-9bf6-30b64d46c66f	M0	N0	T2	Tumor Free	33.99414801	0:CENSORED	NA	No	NA	Yes	8	1	Primary	Female	Matched	NA	312	No	Yes	Indivumed	A8	4.566666667	Breast	Infiltrating Ductal Carcinoma	-16	0	High	High
TCGA-A8-A07E-01	-0.0134634288353452	0.0494910525546768	TCGA-A8-A07E	81	STAGE X	6TH	6	-9	Breast Cancer	BRCA	Breast Invasive Ductal Carcinoma	608	-29800	0	19.98882204	0:DiseaseFree	19.98882204	0:ALIVE OR DEAD TUMOR FREE	NA	5/27/11	0.2136	EUR	No	C50.9	8500/3	C50.9	Yes	Yes	NA	0.03	57	No	IDC	19.98882204	0:LIVING	853456d8-2367-404e-abc9-020fe8bbd209	MX	N3A	T4B	Tumor Free	19.98882204	0:CENSORED	NA	Yes	NA	No	14	1	Primary	Female	Matched	BRCA_LumA	93	No	Yes	Indivumed	A8	1.9	Breast	Infiltrating Ductal Carcinoma	-8	0	Low	High
TCGA-A8-A07F-01	0.122325788133929	0.0419380842840766	TCGA-A8-A07F	65	STAGE IIB	6TH	22	-29	Breast Cancer	BRCA	Breast Invasive Ductal Carcinoma	577	-23742	0	18.96965513	0:DiseaseFree	18.96965513	0:ALIVE OR DEAD TUMOR FREE	NA	5/27/11	0.6103	EUR	No	C50.9	8500/3	C50.9	Yes	Yes	0.2604	0.11	27	No	IDC	18.96965513	0:LIVING	5d688049-f271-40ef-813a-d37240ffe21c	M0	N1A	T2	Tumor Free	18.96965513	0:CENSORED	NA	No	NA	Yes	-4	1	Primary	Female	Matched	BRCA_LumA	9	No	Yes	Indivumed	A8	0.933333333	Breast	Infiltrating Ductal Carcinoma	-24	0	High	High
TCGA-A8-A07G-01	0.0200006600181113	0.0381966251836145	TCGA-A8-A07G	65	STAGE IIA	6TH	5	-11	Breast Cancer	BRCA	Breast Invasive Ductal Carcinoma	577	-23926	0	18.96965513	0:DiseaseFree	18.96965513	0:ALIVE OR DEAD TUMOR FREE	NA	5/27/11	0.2875	EUR	No	C50.9	8500/3	C50.9	Yes	Yes	0.2784	0.03	59	No	IDC	18.96965513	0:LIVING	8cf8b620-7ab6-4b6e-84bc-ff5a83f381fa	M0	N1A	T1C	Tumor Free	18.96965513	0:CENSORED	NA	No	NA	Yes	-4	1	Primary	Female	Matched	BRCA_LumA	119	No	Yes	Indivumed	A8	1.966666667	Breast	Infiltrating Ductal Carcinoma	-12	0	High	High
TCGA-A8-A07I-01	-0.0485673756212796	-0.0202532362554151	TCGA-A8-A07I	69	STAGE IIIA	6TH	5	-23	Breast Cancer	BRCA	Breast Invasive Ductal Carcinoma	426	-25263	0	14.00532597	0:DiseaseFree	14.00532597	0:ALIVE OR DEAD TUMOR FREE	NA	5/27/11	0.2446	EUR	No	C50.9	8500/3	C50.9	Yes	Yes	0.2736	0.43	38	No	IDC	14.00532597	0:LIVING	566792ae-f853-4a47-856d-f02cdcfcb18a	M0	N2A	T2	Tumor Free	14.00532597	0:CENSORED	NA	No	NA	Yes	8	1	Primary	Female	Matched	BRCA_Her2	273	No	Yes	Indivumed	A8	1.333333333	Breast	Infiltrating Ductal Carcinoma	-30	0	Low	Low
TCGA-A8-A07J-01	-0.025931314071109	0.0145740001764492	TCGA-A8-A07J	35	STAGE IIB	6TH	6	-43	Breast Cancer	BRCA	Breast Invasive Ductal Carcinoma	365	-12965	0	11.9998685	0:DiseaseFree	11.9998685	0:ALIVE OR DEAD TUMOR FREE	NA	5/27/11	0.1612	EUR	No	C50.9	8500/3	C50.9	Yes	Yes	0.2569	0.08	37	No	IDC	11.9998685	0:LIVING	316625b8-a217-4829-90d1-dfd9cb7e4bc3	M0	N1A	T2	Tumor Free	11.9998685	0:CENSORED	NA	No	NA	Yes	-20	1	Primary	Female	Matched	BRCA_LumA	20	No	Yes	Indivumed	A8	1.233333333	Breast	Infiltrating Ductal Carcinoma	-48	0	Low	High
TCGA-A8-A07L-01	0.050913349515941	-0.0163522829871508	TCGA-A8-A07L	58	STAGE IIIA	6TH	5	1	Breast Cancer	BRCA	Breast Invasive Ductal Carcinoma	975	-21428	0	32.05444324	0:DiseaseFree	32.05444324	0:ALIVE OR DEAD TUMOR FREE	NA	5/27/11	0.4588	EUR	No	C50.9	8500/3	C50.9	Yes	Yes	0.2776	1.33	81	No	IDC	32.05444324	0:LIVING	e89a9deb-6321-4e61-b412-b4993d4277dd	M0	N1A	T3	Tumor Free	32.05444324	0:CENSORED	NA	No	NA	Yes	6	1	Primary	Female	Matched	BRCA_LumB	274	No	Yes	Indivumed	A8	2.666666667	Breast	Infiltrating Ductal Carcinoma	12	0	High	High
TCGA-A8-A07O-01	-0.102050286832204	-0.128140855768073	TCGA-A8-A07O	51	STAGE IIA	6TH	11	27	Breast Cancer	BRCA	Breast Invasive Ductal Carcinoma	304	-18870	0	9.99441102	0:DiseaseFree	9.99441102	0:ALIVE OR DEAD TUMOR FREE	NA	5/27/11	0.3136	EUR	No	C50.9	8500/3	C50.9	Yes	Yes	0.2673	0.07	38	No	IDC	9.99441102	0:LIVING	cf9db1af-17f0-490e-8139-142bd704763a	M0	N0	T2	Tumor Free	9.99441102	0:CENSORED	NA	No	NA	Yes	16	1	Primary	Female	Matched	BRCA_Basal	239	No	Yes	Indivumed	A8	1.266666667	Breast	Infiltrating Ductal Carcinoma	14	0	Low	Low
TCGA-A8-A07P-01	-0.0245634444227149	-0.121323856079076	TCGA-A8-A07P	68	STAGE IIB	6TH	5	-5	Breast Cancer	BRCA	Breast Invasive Ductal Carcinoma	334	-24929	0	10.98070158	0:DiseaseFree	10.98070158	0:ALIVE OR DEAD TUMOR FREE	NA	5/27/11	0.283	EUR	No	C50.9	8500/3	C50.9	Yes	Yes	0.2679	0.54	46	NA	IDC	10.98070158	0:LIVING	8cccf160-93e9-48a5-9b8b-54aa50153142	M0	N1	T2	Tumor Free	10.98070158	0:CENSORED	NA	No	NA	Yes	-2	1	Primary	Female	Matched	BRCA_LumA	62	No	Yes	Indivumed	A8	1.533333333	Breast	Infiltrating Ductal Carcinoma	-6	0	Low	Low
TCGA-A8-A07R-01	0.0175006989383674	-0.0644052982944959	TCGA-A8-A07R	80	STAGE IIIC	6TH	13	35	Breast Cancer	BRCA	Breast Invasive Ductal Carcinoma	273	-29251	0	NA	NA	8.975244107	0:ALIVE OR DEAD TUMOR FREE	NA	5/27/11	0.7041	EUR	No	C50.9	8500/3	C50.9	Yes	No	0.2971	3.2	0	NA	IDC	8.975244107	0:LIVING	72e486b8-a866-4916-b2e4-8b4bb5dcd92d	M0	N3A	T2	NA	8.975244107	0:CENSORED	NA	No	NA	NA	14	1	Primary	Female	Matched	NA	267	No	Yes	Indivumed	A8	0	Breast	Infiltrating Ductal Carcinoma	34	0	High	Low
TCGA-A8-A07S-01	0.00371756535850879	-0.0408374613243353	TCGA-A8-A07S	73	STAGE IIA	6TH	5	-25	Breast Cancer	BRCA	Breast Invasive Carcinoma (NOS)	243	-26998	0	NA	NA	7.988953546	0:ALIVE OR DEAD TUMOR FREE	NA	5/27/11	0.1065	NA	No	C50.9	8522/3	C50.9	Yes	No	NA	NA	NA	No	BRCNOS	7.988953546	0:LIVING	a20fa2c4-a502-47e3-bfaa-2ec4cce3a859	M0	N0	T2	With Tumor	7.988953546	0:CENSORED	NA	No	NA	Yes	0	1	Primary	Female	Matched	NA	13	No	Yes	Indivumed	A8	NA	Breast	Mixed Histology (NOS)	-26	0	High	Low
TCGA-A8-A07U-01	-0.0537060329671763	0.00134519565291445	TCGA-A8-A07U	66	STAGE IIIA	6TH	26	11	Breast Cancer	BRCA	Breast Invasive Ductal Carcinoma	760	-24411	0	24.98602755	0:DiseaseFree	24.98602755	0:ALIVE OR DEAD TUMOR FREE	NA	5/27/11	0.0901	EUR	No	C50.9	8500/3	C50.9	Yes	Yes	0.2869	0.01	62	No	IDC	24.98602755	0:LIVING	59bf0ce4-715a-4017-bccb-c59916e78324	M0	N2A	T2	Tumor Free	24.98602755	0:CENSORED	NA	No	NA	Yes	16	1	Primary	Female	Matched	BRCA_Basal	75	No	Yes	Indivumed	A8	2.066666667	Breast	Infiltrating Ductal Carcinoma	-10	0	Low	High
TCGA-A8-A07W-01	0.0497619055505443	-0.0178582599154244	TCGA-A8-A07W	76	STAGE IV	6TH	26	5	Breast Cancer	BRCA	Breast Invasive Ductal Carcinoma	304	-27942	0	NA	NA	9.99441102	0:ALIVE OR DEAD TUMOR FREE	NA	5/25/11	0.4787	EUR	No	C50.9	8500/3	C50.9	Yes	Yes	0.2628	0.97	128	NA	IDC	9.99441102	0:LIVING	01263518-5f7c-49dc-8d7e-84b0c03a6a63	M1	NX	T2	With Tumor	9.99441102	0:CENSORED	NA	No	NA	No	18	1	Primary	Female	Matched	BRCA_LumB	227	No	Yes	Indivumed	A8	4.3	Breast	Infiltrating Ductal Carcinoma	4	0	High	Low
TCGA-A8-A07Z-01	0.038191739352398	-0.08618680903401	TCGA-A8-A07Z	85	STAGE IIA	6TH	11	-11	Breast Cancer	BRCA	Breast Invasive Ductal Carcinoma	1371	-31351	0	45.07347865	0:DiseaseFree	45.07347865	0:ALIVE OR DEAD TUMOR FREE	NA	5/27/11	0.8203	EUR	No	C50.9	8500/3	C50.9	Yes	Yes	0.2957	2.61	14	No	IDC	45.07347865	0:LIVING	a272171b-44f5-47a5-89be-7520413c01ad	M0	N0	T2	Tumor Free	45.07347865	0:CENSORED	NA	No	NA	No	6	1	Primary	Female	Matched	BRCA_LumA	8	No	Yes	Indivumed	A8	0.5	Breast	Infiltrating Ductal Carcinoma	-4	0	High	Low
TCGA-A8-A081-01	0.0702630472559261	0.0261474373556105	TCGA-A8-A081	80	STAGE IIA	6TH	22	-9	Breast Cancer	BRCA	Breast Invasive Ductal Carcinoma	0	-29555	0	0	0:DiseaseFree	0	0:ALIVE OR DEAD TUMOR FREE	NA	5/27/11	0.645	EUR	No	C50.9	8500/3	C50.9	Yes	Yes	0.2701	0.84	108	NA	IDC	0	0:LIVING	9d876f05-5080-4c4e-9bf5-45f631d381e5	M0	N0	T2	Tumor Free	0	0:CENSORED	NA	No	NA	NA	20	1	Primary	Female	Matched	BRCA_LumB	181	No	Yes	Indivumed	A8	3.666666667	Breast	Infiltrating Ductal Carcinoma	-16	0	High	High
TCGA-A8-A082-01	0.0544107988539466	0.0200705312232415	TCGA-A8-A082	58	STAGE IIB	6TH	5	-7	Breast Cancer	BRCA	Breast Invasive Ductal Carcinoma	-31	-21338	0	18.04911727	0:DiseaseFree	18.04911727	0:ALIVE OR DEAD TUMOR FREE	NA	5/27/11	0.1231	EUR	No	C50.9	8500/3	C50.9	Yes	Yes	0.2483	0.1	20	No	IDC	18.04911727	0:LIVING	5e4187c9-98f8-4bdb-a8da-6a914e96f47a	M0	N1A	T2	Tumor Free	18.04911727	0:CENSORED	NA	No	NA	No	12	1	Primary	Female	Matched	BRCA_LumB	38	No	Yes	Indivumed	A8	0.666666667	Breast	Infiltrating Ductal Carcinoma	-16	0	High	High
TCGA-A8-A083-01	0.008439928436104	-0.0649621274739655	TCGA-A8-A083	67	STAGE IIB	6TH	8	-35	Breast Cancer	BRCA	Breast Invasive Ductal Carcinoma	0	-24746	0	0	0:DiseaseFree	0	0:ALIVE OR DEAD TUMOR FREE	NA	5/27/11	0.1819	EUR	No	C50.9	8500/3	C50.9	Yes	Yes	0.2715	0.2	29	NA	IDC	0	0:LIVING	afb9418e-91eb-4db1-aacf-12bd946c9ba0	M0	N0	T3	Tumor Free	0	0:CENSORED	NA	No	NA	NA	-22	1	Primary	Female	Matched	BRCA_LumA	12	No	Yes	Indivumed	A8	0.966666667	Breast	Infiltrating Ductal Carcinoma	-42	0	High	Low
TCGA-A8-A085-01	0.0733647419604165	0.000560477494324436	TCGA-A8-A085	44	STAGE IIB	6TH	4	-15	Breast Cancer	BRCA	Breast Invasive Ductal Carcinoma	1124	-16377	0	36.95301969	0:DiseaseFree	36.95301969	0:ALIVE OR DEAD TUMOR FREE	NA	5/27/11	0.2398	EUR	No	C50.9	8500/3	C50.9	Yes	No	0.2599	0.45	61	No	IDC	36.95301969	0:LIVING	3c08aabd-d5b5-4bbe-857c-38a7527b2163	M0	N1A	T2	Tumor Free	36.95301969	0:CENSORED	NA	No	NA	No	2	1	Primary	Male	Matched	NA	87	No	Yes	Indivumed	A8	2	Breast	Infiltrating Ductal Carcinoma	-18	0	High	High
TCGA-A8-A086-01	0.110768124512014	0.0385156980113834	TCGA-A8-A086	59	STAGE IIA	6TH	13	-9	Breast Cancer	BRCA	Breast Invasive Ductal Carcinoma	396	-21731	0	13.01903541	0:DiseaseFree	13.01903541	0:ALIVE OR DEAD TUMOR FREE	NA	5/27/11	0.2758	EUR	No	C50.9	8500/3	C50.9	Yes	Yes	NA	0.31	18	No	IDC	13.01903541	0:LIVING	f9eb88f7-9293-46bf-ace4-a746e4ff80dc	M0	N1A	T1C	Tumor Free	13.01903541	0:CENSORED	NA	No	NA	Yes	6	1	Primary	Female	Matched	BRCA_LumA	53	No	Yes	Indivumed	A8	0.6	Breast	Infiltrating Ductal Carcinoma	2	0	High	High
TCGA-A8-A08A-01	-0.0404100250836865	-0.0531423577356527	TCGA-A8-A08A	89	STAGE I	5TH	3	-41	Breast Cancer	BRCA	Breast Invasive Ductal Carcinoma	30	-32750	0	0.986290561	0:DiseaseFree	0.986290561	0:ALIVE OR DEAD TUMOR FREE	NA	5/27/11	0.0864	EUR	No	C50.9	8500/3	C50.9	Yes	Yes	NA	0.06	24	NA	IDC	0.986290561	0:LIVING	7fe4670d-4626-459d-869b-ab15f478c6a7	M0	N0	T1C	Tumor Free	0.986290561	0:CENSORED	NA	No	NA	NA	-14	1	Primary	Female	Matched	BRCA_LumA	12	No	Yes	Indivumed	A8	0.8	Breast	Infiltrating Ductal Carcinoma	-20	0	Low	Low
TCGA-A8-A08B-01	-0.227066020285805	-0.22440339480483	TCGA-A8-A08B	52	STAGE IIA	6TH	19	5	Breast Cancer	BRCA	Breast Invasive Ductal Carcinoma	1156	-19114	0	38.00506296	0:DiseaseFree	38.00506296	0:ALIVE OR DEAD TUMOR FREE	NA	5/27/11	0.3997	EUR	No	C50.9	8500/3	C50.9	Yes	Yes	0.2653	0.63	47	No	IDC	38.00506296	0:LIVING	d8d7a6c2-6427-4f47-968c-6c3affba4617	M0	N0	T2	Tumor Free	38.00506296	0:CENSORED	NA	No	NA	Yes	24	1	Primary	Female	Matched	BRCA_Her2	229	No	Yes	Indivumed	A8	1.566666667	Breast	Infiltrating Ductal Carcinoma	-4	0	Low	Low
TCGA-A8-A08C-01	0.0956436403539134	-0.0163923971950892	TCGA-A8-A08C	65	STAGE IIA	6TH	15	-35	Breast Cancer	BRCA	Breast Invasive Ductal Carcinoma	881	-24017	0	28.96406615	0:DiseaseFree	28.96406615	0:ALIVE OR DEAD TUMOR FREE	NA	5/27/11	0.6502	EUR	No	C50.9	8500/3	C50.9	Yes	No	0.2634	0.16	NA	No	IDC	28.96406615	0:LIVING	78e1da41-127c-4e9c-aaaa-77a0d94c31d0	M0	N0	T2	Tumor Free	28.96406615	0:CENSORED	NA	No	NA	Yes	-16	1	Primary	Female	Matched	NA	1	No	Yes	Indivumed	A8	NA	Breast	Infiltrating Ductal Carcinoma	-40	0	High	High
TCGA-A8-A08G-01	0.134574784185473	0.0609048684055998	TCGA-A8-A08G	41	STAGE IIA	6TH	24	-9	Breast Cancer	BRCA	Breast Invasive Ductal Carcinoma	607	-14976	0	19.95594569	0:DiseaseFree	19.95594569	0:ALIVE OR DEAD TUMOR FREE	NA	5/27/11	0.5338	EUR	No	C50.9	8500/3	C50.9	Yes	Yes	0.2544	0.35	44	No	IDC	19.95594569	0:LIVING	719082cc-1ebe-4a51-a659-85a59db1d77d	M0	N0	T2	Tumor Free	19.95594569	0:CENSORED	NA	No	NA	Yes	10	1	Primary	Female	Matched	BRCA_LumB	257	No	Yes	Indivumed	A8	1.466666667	Breast	Infiltrating Ductal Carcinoma	2	0	High	High
TCGA-A8-A08H-01	-0.0598461900751371	0.0408335874748322	TCGA-A8-A08H	66	STAGE IIA	6TH	0	-3	Breast Cancer	BRCA	Breast Invasive Ductal Carcinoma	0	-24137	0	0	0:DiseaseFree	0	0:ALIVE OR DEAD TUMOR FREE	NA	5/27/11	0	EUR	No	C50.9	8500/3	C50.9	Yes	Yes	0.2613	0.02	107	NA	IDC	0	0:LIVING	db8d38ab-cc61-49ee-863d-40060112f2af	M0	N0	T2	Tumor Free	0	0:CENSORED	NA	No	NA	NA	12	1	Primary	Female	Matched	BRCA_Normal	4	No	Yes	Indivumed	A8	3.566666667	Breast	Infiltrating Ductal Carcinoma	-16	0	Low	High
TCGA-A8-A08I-01	0.141449296892494	0.126144056331384	TCGA-A8-A08I	53	STAGE IIA	6TH	19	-7	Breast Cancer	BRCA	Breast Invasive Ductal Carcinoma	365	-19389	0	11.9998685	0:DiseaseFree	11.9998685	0:ALIVE OR DEAD TUMOR FREE	NA	5/27/11	0.6372	EUR	No	C50.9	8500/3	C50.9	Yes	Yes	NA	1.21	33	No	IDC	11.9998685	0:LIVING	7acf33e7-c386-45fd-8c9a-469600378687	M0	N0	T2	Tumor Free	11.9998685	0:CENSORED	NA	No	NA	Yes	8	1	Primary	Female	Matched	BRCA_LumB	266	No	Yes	Indivumed	A8	1.133333333	Breast	Infiltrating Ductal Carcinoma	-26	0	High	High
TCGA-A8-A08J-01	-0.116188303491678	-0.108667654888402	TCGA-A8-A08J	52	STAGE IV	6TH	16	11	Breast Cancer	BRCA	Breast Invasive Ductal Carcinoma	NA	-19266	0	NA	NA	37.05164875	1:DEAD WITH TUMOR	NA	5/27/11	0.4491	EUR	No	C50.9	8541/3	C50.9	Yes	Yes	0.271	0.49	35	NA	IDC	37.05164875	1:DECEASED	68177e92-4784-45d9-af14-4ce0c00eae74	M1	N3	T4B	With Tumor	37.05164875	1:PROGRESSION	NA	No	NA	No	12	1	Primary	Female	Matched	BRCA_Her2	383	No	Yes	Indivumed	A8	1.2	Breast	Infiltrating Ductal Carcinoma	8	1	Low	Low
TCGA-A8-A08L-01	0.0323687268815529	0.0287652633306395	TCGA-A8-A08L	89	STAGE IIIA	6TH	9	5	Breast Cancer	BRCA	Breast Invasive Ductal Carcinoma	NA	-32842	0	9.99441102	0:DiseaseFree	9.99441102	0:ALIVE OR DEAD TUMOR FREE	NA	5/27/11	0.5383	EUR	No	C50.9	8500/3	C50.9	Yes	Yes	0.2911	1	195	NA	IDC	9.99441102	1:DECEASED	8bd68696-5eeb-46d7-9dc6-c39c849029a4	M0	N2A	T3	Tumor Free	9.99441102	0:CENSORED	NA	No	NA	Yes	16	1	Primary	Female	Matched	BRCA_Her2	149	No	Yes	Indivumed	A8	6.533333333	Breast	Infiltrating Ductal Carcinoma	-14	1	High	High
TCGA-A8-A08O-01	0.0583731844927592	0.000857007042509182	TCGA-A8-A08O	45	STAGE IV	6TH	7	-27	Breast Cancer	BRCA	Breast Invasive Ductal Carcinoma	943	-16681	0	NA	NA	31.00239997	0:ALIVE OR DEAD TUMOR FREE	NA	5/27/11	0.6432	EUR	No	C50.9	8500/3	C50.9	Yes	Yes	0.2784	0.08	21	Yes	IDC	31.00239997	0:LIVING	5f5964a8-8e07-4620-98f0-93d162dbc31e	M1	N3A	T2	With Tumor	25.05178025	1:PROGRESSION	NA	No	NA	No	0	1	Primary	Female	Matched	BRCA_LumA	317	No	Yes	Indivumed	A8	0.7	Breast	Infiltrating Ductal Carcinoma	-22	0	High	High
TCGA-A8-A08P-01	-0.189134078421181	-0.189560597293611	TCGA-A8-A08P	70	STAGE IIIA	6TH	NA	3	Breast Cancer	BRCA	Breast Invasive Ductal Carcinoma	943	-25598	0	31.00239997	0:DiseaseFree	31.00239997	0:ALIVE OR DEAD TUMOR FREE	NA	5/27/11	0.5434	EUR	No	C50.9	8500/3	C50.9	Yes	Yes	0.26	0.19	66	No	IDC	31.00239997	0:LIVING	f947d67f-4aa2-4eb9-977e-21a5ae563613	M0	N2A	T2	Tumor Free	31.00239997	0:CENSORED	NA	No	NA	Yes	18	1	Primary	Female	Matched	BRCA_LumB	517	No	Yes	Indivumed	A8	2.2	Breast	Infiltrating Ductal Carcinoma	-12	0	Low	Low
TCGA-A8-A08R-01	0.0812092623088505	0.0447906878286156	TCGA-A8-A08R	52	STAGE IIB	6TH	17	5	Breast Cancer	BRCA	Breast Invasive Ductal Carcinoma	30	-19298	0	0.986290561	0:DiseaseFree	0.986290561	0:ALIVE OR DEAD TUMOR FREE	NA	5/27/11	0.5152	NA	No	C50.9	8500/3	C50.9	Yes	Yes	0.2989	0.41	227	NA	IDC	0.986290561	0:LIVING	6412854a-f874-469e-9d1f-8bd3ae5bd41d	M0	N1A	T2	Tumor Free	0.986290561	0:CENSORED	NA	No	NA	NA	18	1	Primary	Female	Matched	BRCA_Basal	179	No	Yes	Indivumed	A8	7.566666667	Breast	Infiltrating Ductal Carcinoma	8	0	High	High
TCGA-A8-A08T-01	0.019832486818855	-0.00272812741683564	TCGA-A8-A08T	64	STAGE IV	6TH	8	-17	Breast Cancer	BRCA	Breast Invasive Ductal Carcinoma	2830	-23560	0	NA	NA	112.0754841	1:DEAD WITH TUMOR	NA	5/27/11	0.2105	EUR	No	C50.9	8500/3	C50.9	Yes	Yes	0.2501	0.24	39	Yes	IDC	112.0754841	1:DECEASED	32bc7cc4-d185-4594-bbee-4b96410be512	M1	N1A	T2	With Tumor	84.06483217	1:PROGRESSION	NA	No	NA	No	-6	1	Primary	Female	Matched	BRCA_LumA	83	No	Yes	Indivumed	A8	1.3	Breast	Infiltrating Ductal Carcinoma	-28	1	High	High
TCGA-A8-A08X-01	-0.0897946745698604	-0.0706146016650231	TCGA-A8-A08X	43	STAGE IIIC	6TH	23	9	Breast Cancer	BRCA	Breast Invasive Ductal Carcinoma	1308	-15705	0	12.03274485	1:Recurred/Progressed	43.00226847	0:ALIVE OR DEAD TUMOR FREE	NA	5/27/11	0.3454	EUR	No	C50.9	8500/3	C50.9	Yes	Yes	0.266	0	33	Yes	IDC	43.00226847	0:LIVING	f5539207-6534-4edc-a5a5-7666b5d16ba4	M0	N3A	T4D	Tumor Free	12.03274485	1:PROGRESSION	NA	No	NA	Yes	16	1	Primary	Female	Matched	BRCA_Her2	190	No	Yes	Indivumed	A8	1.1	Breast	Infiltrating Ductal Carcinoma	0	0	Low	Low
TCGA-A8-A08Z-01	0.0426924587509847	0.0606326936738215	TCGA-A8-A08Z	76	STAGE IIIB	6TH	6	-23	Breast Cancer	BRCA	Breast Invasive Ductal Carcinoma	1217	-28003	0	40.01052043	0:DiseaseFree	40.01052043	0:ALIVE OR DEAD TUMOR FREE	NA	5/27/11	0.1054	EUR	No	C50.9	8500/3	C50.9	Yes	Yes	0.251	0.16	29	NA	IDC	40.01052043	0:LIVING	d7808cbc-4b8c-467b-b2c3-f48d05b9ecab	M0	N3A	T4B	Tumor Free	40.01052043	0:CENSORED	NA	No	NA	NA	0	1	Primary	Female	Matched	BRCA_LumA	31	No	Yes	Indivumed	A8	0.966666667	Breast	Infiltrating Ductal Carcinoma	-10	0	High	High
TCGA-A8-A090-01	-0.00965696682900567	-0.0866391457089174	TCGA-A8-A090	74	STAGE IIA	6TH	17	-27	Breast Cancer	BRCA	Breast Invasive Ductal Carcinoma	0	-27121	0	0	0:DiseaseFree	0	0:ALIVE OR DEAD TUMOR FREE	NA	5/27/11	0.2863	EUR	No	C50.9	8500/3	C50.9	Yes	Yes	0.2517	0.5	34	NA	IDC	0	0:LIVING	f4b69043-4a67-48e3-a4d1-72a21ae2d175	M0	N0	T2	Tumor Free	0	0:CENSORED	NA	No	NA	NA	12	1	Primary	Female	Matched	BRCA_LumA	141	No	Yes	Indivumed	A8	1.133333333	Breast	Infiltrating Ductal Carcinoma	-24	0	High	Low
TCGA-A8-A091-01	0.215937863288968	0.188561475398653	TCGA-A8-A091	61	STAGE IIA	6TH	17	-27	Breast Cancer	BRCA	Breast Invasive Ductal Carcinoma	1004	-22554	0	7.988953546	1:Recurred/Progressed	33.00785745	0:ALIVE OR DEAD TUMOR FREE	NA	5/27/11	0.3068	EUR	No	C50.9	8500/3	C50.9	Yes	Yes	0.277	0.28	19	Yes	IDC	33.00785745	0:LIVING	f39edd06-1016-4e8e-a42e-12f7e699ddc5	M0	N0	T2	Tumor Free	7.988953546	1:PROGRESSION	NA	Yes	NA	Yes	-10	1	Primary	Female	Matched	BRCA_LumA	90	No	Yes	Indivumed	A8	0.633333333	Breast	Infiltrating Ductal Carcinoma	-24	0	High	High
TCGA-A8-A092-01	-0.0422026923618754	-0.112242928193259	TCGA-A8-A092	48	STAGE IIIA	6TH	24	-5	Breast Cancer	BRCA	Breast Invasive Ductal Carcinoma	942	-17807	0	30.96952362	0:DiseaseFree	30.96952362	0:ALIVE OR DEAD TUMOR FREE	NA	5/27/11	0.5728	EUR	No	C50.9	8500/3	C50.9	Yes	Yes	0.2734	1.22	70	No	IDC	30.96952362	0:LIVING	38a8b734-9acc-42f9-b5b7-e51b0dfc6504	M0	N2A	T2	Tumor Free	30.96952362	0:CENSORED	NA	No	NA	Yes	18	1	Primary	Female	Matched	BRCA_LumB	40	No	Yes	Indivumed	A8	2.366666667	Breast	Infiltrating Ductal Carcinoma	-2	0	Low	Low
TCGA-A8-A093-01	0.0271075041992296	-0.0309471724114201	TCGA-A8-A093	61	STAGE IIA	6TH	22	-35	Breast Cancer	BRCA	Breast Invasive Ductal Carcinoma	546	-22373	0	17.95048821	0:DiseaseFree	17.95048821	0:ALIVE OR DEAD TUMOR FREE	NA	5/27/11	0.4219	EUR	No	C50.9	8500/3	C50.9	Yes	Yes	0.2626	0.42	91	No	IDC	17.95048821	0:LIVING	02f5ae33-a563-4ecb-9e33-dfa500a44931	M0	N0	T2	Tumor Free	17.95048821	0:CENSORED	NA	Yes	NA	Yes	-12	1	Primary	Female	Matched	BRCA_LumA	29	No	Yes	Indivumed	A8	3.033333333	Breast	Infiltrating Ductal Carcinoma	-24	0	High	Low
TCGA-A8-A094-01	-0.096340573453334	-0.100518601766345	TCGA-A8-A094	75	STAGE IIA	6TH	11	13	Breast Cancer	BRCA	Breast Invasive Ductal Carcinoma	0	-27729	0	0	0:DiseaseFree	0	0:ALIVE OR DEAD TUMOR FREE	NA	5/27/11	0.4871	EUR	No	C50.9	8500/3	C50.9	Yes	Yes	0.2589	0.36	173	NA	IDC	0	0:LIVING	993103b1-e5a1-4c33-8629-be53ebc41d64	M0	N0	T2	Tumor Free	0	0:CENSORED	NA	No	NA	NA	20	1	Primary	Female	Matched	BRCA_Her2	216	No	Yes	Indivumed	A8	5.766666667	Breast	Infiltrating Ductal Carcinoma	0	0	Low	Low
TCGA-A8-A095-01	0.0149440178545066	-0.0264541414779975	TCGA-A8-A095	45	STAGE I	6TH	9	-21	Breast Cancer	BRCA	Breast Invasive Ductal Carcinoma	1277	-16742	0	41.98310156	0:DiseaseFree	41.98310156	0:ALIVE OR DEAD TUMOR FREE	NA	5/27/11	0.0741	EUR	No	C50.9	8500/3	C50.9	Yes	Yes	0.2437	0.2	128	No	IDC	41.98310156	0:LIVING	29df128d-ace2-40cf-88ee-3f6f2170f159	M0	N0	T1C	Tumor Free	41.98310156	0:CENSORED	NA	No	NA	Yes	10	1	Primary	Female	Matched	BRCA_LumB	9	No	Yes	Indivumed	A8	4.266666667	Breast	Infiltrating Ductal Carcinoma	-10	0	High	Low
TCGA-A8-A096-01	0.0884047855749044	0.0711881696844758	TCGA-A8-A096	73	STAGE IIA	6TH	2	-33	Breast Cancer	BRCA	Breast Invasive Ductal Carcinoma	0	-26723	0	0	0:DiseaseFree	0	0:ALIVE OR DEAD TUMOR FREE	NA	5/27/11	0.0683	EUR	No	C50.9	8500/3	C50.9	Yes	Yes	0.2556	0.1	29	NA	IDC	0	0:LIVING	d7cac141-9269-4733-83ce-e1bc0b503254	M0	N0	T2	Tumor Free	0	0:CENSORED	NA	No	NA	NA	-2	1	Primary	Female	Matched	BRCA_LumB	4	No	Yes	Indivumed	A8	0.966666667	Breast	Infiltrating Ductal Carcinoma	-36	0	High	High
TCGA-A8-A097-01	0.00641281740560605	0.0272770276021492	TCGA-A8-A097	65	STAGE IIB	6TH	17	-17	Breast Cancer	BRCA	Breast Invasive Ductal Carcinoma	365	-23741	0	11.9998685	0:DiseaseFree	11.9998685	0:ALIVE OR DEAD TUMOR FREE	NA	5/27/11	0.3867	EUR	No	C50.9	8500/3	C50.9	Yes	Yes	0.277	0.29	89	No	IDC	11.9998685	0:LIVING	dcfd0b1d-5707-44a6-b225-5e8f7cea5ca1	M0	N1	T2	Tumor Free	11.9998685	0:CENSORED	NA	No	NA	Yes	14	1	Primary	Female	Matched	BRCA_LumA	232	No	Yes	Indivumed	A8	3.033333333	Breast	Infiltrating Ductal Carcinoma	-8	0	High	High
TCGA-A8-A099-01	-0.0185097900889094	-0.0391410336444684	TCGA-A8-A099	76	STAGE X	6TH	5	-35	Breast Cancer	BRCA	Breast Invasive Ductal Carcinoma	304	-28063	0	NA	NA	9.99441102	0:ALIVE OR DEAD TUMOR FREE	NA	5/27/11	0.1923	EUR	No	C50.9	8500/3	C50.9	Yes	Yes	0.2753	0.62	27	No	IDC	9.99441102	0:LIVING	e98b69bc-766a-485f-b5e8-9166b8d457b3	MX	N3A	T4B	NA	9.99441102	0:CENSORED	NA	No	NA	Yes	-16	1	Primary	Female	Matched	BRCA_LumA	27	No	Yes	Indivumed	A8	0.9	Breast	Infiltrating Ductal Carcinoma	-36	0	Low	Low
TCGA-A8-A09A-01	0.0448722975471992	0.0284166543309594	TCGA-A8-A09A	40	STAGE X	6TH	13	-27	Breast Cancer	BRCA	Breast Invasive Ductal Carcinoma	304	-14883	0	NA	NA	9.99441102	0:ALIVE OR DEAD TUMOR FREE	NA	5/27/11	0.426	EUR	No	C50.9	8500/3	C50.9	Yes	Yes	0.256	0.03	206	NA	IDC	9.99441102	0:LIVING	b205bba0-1870-4458-9088-8817e20389fe	M0	NX	T2	With Tumor	9.99441102	0:CENSORED	NA	No	NA	Yes	2	1	Primary	Female	Matched	BRCA_LumA	196	No	Yes	Indivumed	A8	6.966666667	Breast	Infiltrating Ductal Carcinoma	-22	0	High	High
TCGA-A8-A09B-01	0.0200011036636578	-0.029309737002264	TCGA-A8-A09B	58	STAGE IIIB	6TH	26	-37	Breast Cancer	BRCA	Breast Invasive Ductal Carcinoma	365	-21520	0	11.9998685	0:DiseaseFree	11.9998685	0:ALIVE OR DEAD TUMOR FREE	NA	5/27/11	0.5104	EUR	No	C50.9	8500/3	C50.9	Yes	Yes	0.2659	0.27	40	NA	IDC	11.9998685	0:LIVING	3828b534-908e-4953-a3fb-07d01cf49c7d	M0	N1A	T4B	Tumor Free	11.9998685	0:CENSORED	NA	No	NA	Yes	-6	1	Primary	Female	Matched	BRCA_LumA	49	No	Yes	Indivumed	A8	1.333333333	Breast	Infiltrating Ductal Carcinoma	-18	0	High	Low
TCGA-A8-A09C-01	-0.0448729749928864	-0.0574394606387111	TCGA-A8-A09C	69	STAGE X	6TH	19	-19	Breast Cancer	BRCA	Breast Invasive Ductal Carcinoma	31	-25355	0	NA	NA	1.019166913	0:ALIVE OR DEAD TUMOR FREE	NA	5/27/11	0.4981	EUR	No	C50.9	8500/3	C50.9	Yes	Yes	0.2644	1.23	25	NA	IDC	1.019166913	0:LIVING	80f3f48a-cc21-415c-b181-c77e7ba1c563	MX	N0	T2	NA	1.019166913	0:CENSORED	NA	Yes	NA	NA	10	1	Primary	Female	Matched	BRCA_LumB	214	No	Yes	Indivumed	A8	0.8	Breast	Infiltrating Ductal Carcinoma	-8	0	Low	Low
TCGA-A8-A09D-01	0.0103679720264292	0.0528256260740194	TCGA-A8-A09D	47	STAGE IIB	5TH	4	-13	Breast Cancer	BRCA	Breast Invasive Ductal Carcinoma	1522	-17440	0	50.03780781	0:DiseaseFree	50.03780781	0:ALIVE OR DEAD TUMOR FREE	NA	5/27/11	0.2338	EUR	No	C50.9	8500/3	C50.9	Yes	Yes	0.2589	0.16	35	No	IDC	50.03780781	0:LIVING	36449392-de76-4ee9-bc09-627a07e18727	M0	N1	T2	Tumor Free	50.03780781	0:CENSORED	NA	No	NA	Yes	2	1	Primary	Female	Matched	BRCA_LumA	351	No	Yes	Indivumed	A8	1.3	Breast	Infiltrating Ductal Carcinoma	-18	0	High	High
TCGA-A8-A09G-01	0.00444423485134243	-0.00134872825837793	TCGA-A8-A09G	79	STAGE IIIC	6TH	9	-11	Breast Cancer	BRCA	Breast Invasive Ductal Carcinoma	0	-29006	0	0	0:DiseaseFree	0	0:ALIVE OR DEAD TUMOR FREE	NA	5/27/11	0.2213	EUR	No	C50.9	8500/3	C50.9	Yes	Yes	0.2422	0.11	238	NA	IDC	0	0:LIVING	3927f736-3b5c-48c8-9d9e-83669ec44770	M0	N3A	T3	Tumor Free	0	0:CENSORED	NA	No	NA	NA	14	1	Primary	Female	Matched	BRCA_Her2	70	No	Yes	Indivumed	A8	8.033333333	Breast	Infiltrating Ductal Carcinoma	-28	0	High	High
TCGA-A8-A09I-01	-0.11374919554604	-0.127034308601688	TCGA-A8-A09I	84	STAGE IIA	6TH	16	-3	Breast Cancer	BRCA	Breast Invasive Ductal Carcinoma	1371	-30711	0	45.07347865	0:DiseaseFree	45.07347865	0:ALIVE OR DEAD TUMOR FREE	NA	5/27/11	0.3571	EUR	No	C50.9	8500/3	C50.9	Yes	Yes	0.275	0.21	128	No	IDC	45.07347865	0:LIVING	1557183c-aedd-4df6-b98a-3654667f7b69	M0	N0	T2	Tumor Free	45.07347865	0:CENSORED	NA	Yes	NA	No	18	1	Primary	Female	Matched	BRCA_LumB	231	No	Yes	Indivumed	A8	4.3	Breast	Infiltrating Ductal Carcinoma	2	0	Low	Low
TCGA-A8-A09M-01	-0.106474164929526	-0.131641927793772	TCGA-A8-A09M	75	STAGE IIIC	6TH	2	-11	Breast Cancer	BRCA	Breast Invasive Ductal Carcinoma	1006	-27455	0	33.07361015	0:DiseaseFree	33.07361015	0:ALIVE OR DEAD TUMOR FREE	NA	5/27/11	0.4565	EUR	No	C50.9	8500/3	C50.9	Yes	Yes	0.2519	0.31	131	No	IDC	33.07361015	0:LIVING	626b4ff0-2188-4a14-aac8-6703c624917f	M0	N3A	T2	Tumor Free	33.07361015	0:CENSORED	NA	No	NA	Yes	14	1	Primary	Female	Matched	BRCA_LumB	148	No	Yes	Indivumed	A8	4.366666667	Breast	Infiltrating Ductal Carcinoma	-8	0	Low	Low
TCGA-A8-A09N-01	-0.0211024823309647	-0.0688726113864798	TCGA-A8-A09N	57	STAGE IIIC	6TH	14	-1	Breast Cancer	BRCA	Breast Invasive Ductal Carcinoma	31	-21002	0	1.019166913	0:DiseaseFree	1.019166913	0:ALIVE OR DEAD TUMOR FREE	NA	5/27/11	0.6977	EUR	No	C50.9	8500/3	C50.9	Yes	Yes	0.2927	0.97	58	NA	IDC	1.019166913	0:LIVING	33919e92-4ea9-47e5-a6f4-36e51845d50f	M0	N3A	T2	Tumor Free	1.019166913	0:CENSORED	NA	No	NA	NA	8	1	Primary	Female	Matched	BRCA_LumB	327	No	Yes	Indivumed	A8	1.966666667	Breast	Infiltrating Ductal Carcinoma	-10	0	Low	Low
TCGA-A8-A09Q-01	0.0175384135928013	-0.0259405477491785	TCGA-A8-A09Q	83	STAGE IIIB	6TH	24	-7	Breast Cancer	BRCA	Breast Invasive Ductal Carcinoma	761	-30528	0	NA	NA	25.0189039	0:ALIVE OR DEAD TUMOR FREE	NA	5/27/11	0.5959	EUR	No	C50.9	8500/3	C50.9	Yes	Yes	0.2681	0.94	129	NA	IDC	25.0189039	0:LIVING	09c2bc35-c21f-4aa4-ac30-0d8db02ad811	M0	N2A	T4B	With Tumor	25.0189039	0:CENSORED	NA	No	NA	No	2	1	Primary	Female	Matched	BRCA_LumB	598	No	Yes	Indivumed	A8	4.3	Breast	Infiltrating Ductal Carcinoma	-18	0	High	Low
TCGA-A8-A09R-01	0.0125210526542191	0.0269342110735259	TCGA-A8-A09R	82	STAGE IIB	6TH	20	-31	Breast Cancer	BRCA	Breast Invasive Ductal Carcinoma	273	-30196	0	8.975244107	0:DiseaseFree	8.975244107	0:ALIVE OR DEAD TUMOR FREE	NA	5/27/11	0.4749	EUR	No	C50.9	8500/3	C50.9	Yes	Yes	NA	0.41	66	No	IDC	8.975244107	0:LIVING	cb0a2055-2168-4454-8755-47dd613db36f	M0	N1	T2	Tumor Free	8.975244107	0:CENSORED	NA	No	NA	Yes	2	1	Primary	Female	Matched	BRCA_LumB	105	No	Yes	Indivumed	A8	2.166666667	Breast	Infiltrating Ductal Carcinoma	-24	0	High	High
TCGA-A8-A09T-01	-0.13522216395394	-0.169241311402277	TCGA-A8-A09T	68	STAGE X	6TH	13	-21	Breast Cancer	BRCA	Breast Invasive Lobular Carcinoma	579	-25110	0	19.03540783	0:DiseaseFree	19.03540783	0:ALIVE OR DEAD TUMOR FREE	NA	5/27/11	0.093	EUR	No	C50.9	8520/3	C50.9	Yes	Yes	0.282	0.26	22	No	ILC	19.03540783	0:LIVING	0adf59c6-581a-475d-a2f4-40aa40060b5b	MX	N0	T1C	Tumor Free	19.03540783	0:CENSORED	NA	No	NA	Yes	-2	1	Primary	Female	Matched	BRCA_LumA	27	No	Yes	Indivumed	A8	0.733333333	Breast	Infiltrating Lobular Carcinoma	-24	0	Low	Low
TCGA-A8-A09V-01	0.263130162843711	0.171621917169571	TCGA-A8-A09V	51	STAGE IIA	6TH	3	-33	Breast Cancer	BRCA	Breast Invasive Lobular Carcinoma	457	-18628	0	15.02449288	0:DiseaseFree	15.02449288	0:ALIVE OR DEAD TUMOR FREE	NA	5/27/11	0.0703	EUR	No	C50.9	8520/3	C50.9	Yes	Yes	0.2656	0.18	30	No	ILC	15.02449288	0:LIVING	cc348a26-ee11-47a4-8b51-de922967e175	M0	N0	T2	Tumor Free	15.02449288	0:CENSORED	NA	No	NA	Yes	-8	1	Primary	Female	Matched	BRCA_LumA	25	No	Yes	Indivumed	A8	1.033333333	Breast	Infiltrating Lobular Carcinoma	-40	0	High	High
TCGA-A8-A09W-01	-0.0850824226121654	-0.110886500864023	TCGA-A8-A09W	70	STAGE IIIB	5TH	7	5	Breast Cancer	BRCA	Breast Invasive Lobular Carcinoma	30	-25659	0	NA	NA	0.986290561	0:ALIVE OR DEAD TUMOR FREE	NA	5/27/11	0.3816	EUR	No	C50.9	8520/3	C50.9	Yes	Yes	0.2509	0.52	80	NA	ILC	0.986290561	0:LIVING	452672e8-b6d9-45b5-bb02-e88e03e2dd66	M0	N3	T2	NA	0.986290561	0:CENSORED	NA	No	NA	NA	12	1	Primary	Female	Matched	BRCA_LumB	111	No	Yes	Indivumed	A8	2.7	Breast	Infiltrating Lobular Carcinoma	8	0	Low	Low
TCGA-A8-A09X-01	-0.0419210327515648	-0.0715079857999867	TCGA-A8-A09X	62	STAGE IIIC	6TH	21	5	Breast Cancer	BRCA	Breast Invasive Lobular Carcinoma	NA	-22858	0	NA	NA	14.00532597	NA	NA	5/27/11	0.1791	EUR	No	C50.9	8520/3	C50.9	Yes	Yes	0.2478	0.01	47	NA	ILC	14.00532597	1:DECEASED	27b05b15-a44b-45ed-a6e3-e7d1ca488ea9	M0	N3A	T2	NA	14.00532597	0:CENSORED	NA	No	NA	NA	16	1	Primary	Female	Matched	BRCA_Her2	92	No	Yes	Indivumed	A8	1.533333333	Breast	Infiltrating Lobular Carcinoma	2	1	Low	Low
TCGA-A8-A09Z-01	0.00408705945273034	-0.123712190382184	TCGA-A8-A09Z	83	STAGE IIB	6TH	4	-29	Breast Cancer	BRCA	Breast Invasive Lobular Carcinoma	0	-30590	0	NA	NA	0	0:ALIVE OR DEAD TUMOR FREE	NA	5/27/11	0.1205	EUR	No	C50.9	8520/3	C50.9	Yes	Yes	0.7713	26.38	1095	NA	ILC	0	0:LIVING	81e7a3d3-be70-4834-8018-4d2cc077a4e6	M0	N0	T3	With Tumor	0	0:CENSORED	NA	No	NA	NA	-12	1	Primary	Female	Matched	BRCA_LumB	15	No	Yes	Indivumed	A8	36.93333333	Breast	Infiltrating Lobular Carcinoma	-32	0	High	Low
TCGA-A8-A0A1-01	-0.0216720381449115	-0.0285307707631618	TCGA-A8-A0A1	84	STAGE IIA	6TH	3	-35	Breast Cancer	BRCA	Breast Invasive Lobular Carcinoma	365	-30742	0	11.9998685	0:DiseaseFree	11.9998685	0:ALIVE OR DEAD TUMOR FREE	NA	5/27/11	0.117	EUR	No	C50.9	8520/3	C50.9	Yes	Yes	0.2575	0.03	45	NA	ILC	11.9998685	0:LIVING	3efa245d-177d-4ef9-94f7-f554c54e345e	M0	N0	T2	Tumor Free	11.9998685	0:CENSORED	NA	No	NA	NA	-6	1	Primary	Female	Matched	BRCA_LumA	19	No	Yes	Indivumed	A8	1.5	Breast	Infiltrating Lobular Carcinoma	-44	0	Low	Low
TCGA-A8-A0A2-01	0.0601862862603479	0.0352499642156692	TCGA-A8-A0A2	66	STAGE IIA	6TH	17	-33	Breast Cancer	BRCA	Breast Invasive Lobular Carcinoma	579	-24380	0	19.03540783	0:DiseaseFree	19.03540783	0:ALIVE OR DEAD TUMOR FREE	NA	5/27/11	0.3321	EUR	No	C50.9	8520/3	C50.9	Yes	Yes	0.2664	0.12	28	NA	ILC	19.03540783	0:LIVING	34d5a193-85e5-4399-8a9b-e92858eafdfe	M0	N0	T2	Tumor Free	19.03540783	0:CENSORED	NA	No	NA	NA	-4	1	Primary	Female	Matched	BRCA_LumA	28	No	Yes	Indivumed	A8	0.933333333	Breast	Infiltrating Lobular Carcinoma	-24	0	High	High
TCGA-A8-A0A4-01	0.111402873391412	0.116318181002311	TCGA-A8-A0A4	73	STAGE IIA	6TH	7	-27	Breast Cancer	BRCA	Breast Invasive Lobular Carcinoma	396	-26693	0	13.01903541	0:DiseaseFree	13.01903541	0:ALIVE OR DEAD TUMOR FREE	NA	5/27/11	0.2609	EUR	No	C50.9	8520/3	C50.9	Yes	Yes	0.2617	0.25	23	No	ILC	13.01903541	0:LIVING	2cb8c866-9296-4c70-a3ea-f9a9b707895c	M0	N0	T2	Tumor Free	13.01903541	0:CENSORED	NA	No	NA	No	-2	1	Primary	Female	Matched	BRCA_LumA	82	No	Yes	Indivumed	A8	0.8	Breast	Infiltrating Lobular Carcinoma	-34	0	High	High
TCGA-A8-A0A6-01	-0.13865893439264	-0.0656940492216053	TCGA-A8-A0A6	64	STAGE IIIC	6TH	17	-39	Breast Cancer	BRCA	Breast Invasive Lobular Carcinoma	640	-23404	0	21.04086531	0:DiseaseFree	21.04086531	0:ALIVE OR DEAD TUMOR FREE	NA	5/27/11	0.1429	EUR	No	C50.9	8520/3	C50.9	Yes	Yes	0.2919	0.12	25	No	ILC	21.04086531	0:LIVING	4b0d295c-e185-4b52-9752-178e5bc1d47d	M0	N3A	T2	Tumor Free	21.04086531	0:CENSORED	NA	No	NA	Yes	-18	1	Primary	Female	Matched	BRCA_LumA	56	No	Yes	Indivumed	A8	0.866666667	Breast	Infiltrating Lobular Carcinoma	-44	0	Low	Low
TCGA-A8-A0A7-01	-0.110216304102052	-0.0368023107887233	TCGA-A8-A0A7	57	STAGE IIB	6TH	15	-3	Breast Cancer	BRCA	Breast Invasive Lobular Carcinoma	30	-20940	0	0.986290561	0:DiseaseFree	0.986290561	0:ALIVE OR DEAD TUMOR FREE	NA	5/27/11	0.0491	EUR	No	C50.9	8520/3	C50.9	Yes	Yes	0.217	0	194	NA	ILC	0.986290561	0:LIVING	995fdab7-7284-4d33-befa-ec22aa7c6479	M0	N1A	T2	Tumor Free	0.986290561	0:CENSORED	NA	No	NA	NA	10	1	Primary	Female	Matched	BRCA_Her2	58	No	Yes	Indivumed	A8	6.5	Breast	Infiltrating Lobular Carcinoma	-24	0	Low	Low
TCGA-A8-A0A9-01	-0.0117345534439079	-0.0610367596141975	TCGA-A8-A0A9	80	STAGE IIA	6TH	33	-27	Breast Cancer	BRCA	Breast Invasive Ductal Carcinoma	822	-29370	0	27.02436138	0:DiseaseFree	27.02436138	0:ALIVE OR DEAD TUMOR FREE	NA	5/27/11	0.4832	EUR	No	C50.9	8500/3	C50.9	Yes	Yes	0.2626	0.3	51	No	IDC	27.02436138	0:LIVING	7b605fb6-d077-401e-b870-b87ddf505f82	M0	N0	T2	Tumor Free	27.02436138	0:CENSORED	NA	No	NA	Yes	-2	1	Primary	Female	Matched	BRCA_LumA	55	No	Yes	Indivumed	A8	1.733333333	Breast	Infiltrating Ductal Carcinoma	-22	0	Low	Low
TCGA-A8-A0AB-01	0.0540596836221124	0.0042092585786284	TCGA-A8-A0AB	54	STAGE IIA	6TH	17	-27	Breast Cancer	BRCA	Breast Invasive Lobular Carcinoma	518	-19814	0	17.02995036	0:DiseaseFree	17.02995036	0:ALIVE OR DEAD TUMOR FREE	NA	5/27/11	0.2947	EUR	No	C50.9	8520/3	C50.9	Yes	Yes	0.2865	0.22	30	No	ILC	17.02995036	0:LIVING	22eaba28-be67-4730-9846-860bc1fca29a	M0	N0	T2	Tumor Free	17.02995036	0:CENSORED	NA	No	NA	No	4	1	Primary	Female	Matched	BRCA_LumA	40	No	Yes	Indivumed	A8	1	Breast	Infiltrating Lobular Carcinoma	-24	0	High	High
TCGA-A8-A0AD-01	0.0689796713390454	0.0360018747455819	TCGA-A8-A0AD	83	STAGE I	6TH	8	-29	Breast Cancer	BRCA	Breast Invasive Carcinoma (NOS)	1157	-30407	0	38.03793931	0:DiseaseFree	38.03793931	0:ALIVE OR DEAD TUMOR FREE	NA	5/27/11	0.1633	EUR	No	C50.9	8522/3	C50.9	Yes	Yes	0.2601	0.09	24	No	BRCNOS	38.03793931	0:LIVING	af5453a9-cf1f-40de-aec4-0e0710908fb7	M0	N0	T1C	Tumor Free	38.03793931	0:CENSORED	NA	No	NA	No	0	1	Primary	Female	Matched	BRCA_LumA	248	No	Yes	Indivumed	A8	0.8	Breast	Mixed Histology (NOS)	-24	0	High	High
TCGA-AC-A23C-01	0.0723582396839543	0.0835785264760754	TCGA-AC-A23C	62	STAGE IIB	7TH	4	-25	Breast Cancer	BRCA	Breast Invasive Ductal Carcinoma	585	-22751	0	19.23266594	0:DiseaseFree	19.23266594	0:ALIVE OR DEAD TUMOR FREE	NA	7/14/11	0.1676	EUR	No	C50.9	8500/3	C50.9	Yes	Yes	0.3232	0.77	111	No	IDC	19.23266594	0:LIVING	dfd0b7ba-c7d3-498e-b455-346301865452	MX	N1	T2	NA	19.23266594	0:CENSORED	Yes	No	White	No	-2	1	Primary	Female	Matched	BRCA_LumA	196	No	Yes	International Genomics Consortium	AC	3.733333333	Breast	Infiltrating Ductal Carcinoma	-24	0	High	High
TCGA-AC-A23E-01	0.0296742596571639	0.0389215661947449	TCGA-AC-A23E	50	STAGE IIB	7TH	19	9	Breast Cancer	BRCA	Breast Invasive Ductal Carcinoma	698	-18500	0	22.94769372	0:DiseaseFree	22.94769372	0:ALIVE OR DEAD TUMOR FREE	NA	7/18/11	0.1121	EUR	No	C50.9	8500/3	C50.9	Yes	Yes	0.3013	0.05	19	No	IDC	22.94769372	0:LIVING	e7bae6e7-f779-449d-92b9-66996041e00d	MX	N1	T2	Tumor Free	22.94769372	0:CENSORED	Yes	No	White	Yes	-2	1	Primary	Female	Matched	BRCA_LumA	11	NA	NA	International Genomics Consortium	AC	0.633333333	Breast	Infiltrating Ductal Carcinoma	2	0	High	High
TCGA-AC-A23G-01	-0.050758113695493	0.0396478801026647	TCGA-AC-A23G	76	STAGE IIA	6TH	18	-41	Breast Cancer	BRCA	Breast Invasive Lobular Carcinoma	2248	-27934	0	73.90603939	0:DiseaseFree	73.90603939	0:ALIVE OR DEAD TUMOR FREE	NA	7/14/11	0.0984	EUR	No	C50.9	8520/3	C50.9	Yes	No	0.3164	0.01	NA	No	ILC	73.90603939	0:LIVING	A721DAC6-0126-476C-B2D4-2DBF7406454B	MX	N1	T1C	Tumor Free	73.90603939	0:CENSORED	Yes	No	White	No	-18	1	Primary	Female	Matched	NA	23	No	Yes	International Genomics Consortium	AC	NA	Breast	Infiltrating Lobular Carcinoma	-28	0	Low	High
TCGA-AC-A23H-01	0.028990877487746	-0.0280114172100643	TCGA-AC-A23H	90	STAGE IIA	7TH	16	7	Breast Cancer	BRCA	Breast Invasive Ductal Carcinoma	81	-32873	0	NA	NA	5.720485255	1:DEAD WITH TUMOR	Not Hispanic Or Latino	7/13/11	0.2724	EUR	No	C50.9	8500/3	C50.9	Yes	Yes	0.3208	0.54	4259	No	IDC	5.720485255	1:DECEASED	7dcf550c-90ce-4f63-aecd-0e46897e2a3e	M0	NX	T2	Tumor Free	5.720485255	1:PROGRESSION	No	No	White	No	18	1	Primary	Female	Matched	BRCA_Her2	215	No	Yes	International Genomics Consortium	AC	142.6666667	Breast	Infiltrating Ductal Carcinoma	10	1	High	Low
TCGA-AC-A2B8-01	0.101607011319874	0.117901247678139	TCGA-AC-A2B8	84	STAGE IIB	7TH	3	-29	Breast Cancer	BRCA	Breast Invasive Lobular Carcinoma	677	-31003	0	22.25729033	0:DiseaseFree	22.25729033	0:ALIVE OR DEAD TUMOR FREE	Not Hispanic Or Latino	9/12/11	0.1088	EUR	No	C50.9	8520/3	C50.9	Yes	Yes	0.3158	0.54	83	Yes	ILC	22.25729033	0:LIVING	6E126B73-D3E8-4641-A128-306F3B313E40	M0	N0 (I-)	T3	NA	21.50113423	1:PROGRESSION	Yes	No	White	Yes	-4	1	Primary	Female	Matched	BRCA_LumA	28	Yes	No	International Genomics Consortium	AC	2.766666667	Breast	Infiltrating Lobular Carcinoma	-20	0	High	High
TCGA-AC-A2BK-01	0.0361828866197519	-0.0174280184673133	TCGA-AC-A2BK	78	STAGE IIIA	6TH	14	9	Breast Cancer	BRCA	Breast Invasive Ductal Carcinoma	2222	-28625	0	73.05125423	0:DiseaseFree	73.05125423	0:ALIVE OR DEAD TUMOR FREE	NA	9/16/11	0.5065	AFR	No	C50.9	8500/3	C50.9	Yes	Yes	0.3604	2.61	79	No	IDC	73.05125423	0:LIVING	6FA2A667-9C36-4526-8A58-1975E863A806	MX	N2A	T2	Tumor Free	73.05125423	0:CENSORED	Yes	No	Black or African American	Yes	10	1	Primary	Female	Matched	BRCA_Basal	199	No	Yes	International Genomics Consortium	AC	2.633333333	Breast	Infiltrating Ductal Carcinoma	8	0	High	Low
TCGA-AC-A2BM-01	0.0334468756658508	-0.0333701915432746	TCGA-AC-A2BM	41	STAGE IIB	6TH	18	-23	Breast Cancer	BRCA	Breast Invasive Ductal Carcinoma	3022	-15212	0	99.35233587	0:DiseaseFree	99.35233587	0:ALIVE OR DEAD TUMOR FREE	NA	9/12/11	0.3919	AFR	No	C50.9	8500/3	C50.9	Yes	Yes	0.3186	0.26	20	No	IDC	99.35233587	0:LIVING	8159FF7B-89F4-411A-9B9C-491F1CB3EB34	MX	N1A	T2	Tumor Free	99.35233587	0:CENSORED	Yes	No	Black or African American	No	6	1	Primary	Female	Matched	BRCA_LumB	267	No	Yes	International Genomics Consortium	AC	0.7	Breast	Infiltrating Ductal Carcinoma	-42	0	High	Low
TCGA-AC-A2FB-01	0.0853879439137186	0.113212670014517	TCGA-AC-A2FB	65	STAGE IIA	6TH	4	-45	Breast Cancer	BRCA	Breast Invasive Lobular Carcinoma	1234	-23851	0	40.56941842	0:DiseaseFree	40.56941842	0:ALIVE OR DEAD TUMOR FREE	Not Hispanic Or Latino	9/20/11	0.0024	EUR	No	C50.9	8520/3	C50.9	Yes	Yes	0.3286	0.01	10	No	ILC	40.56941842	0:LIVING	02BBB632-0F7F-439D-B8F0-C86A06237424	MX	N0	T2	Tumor Free	40.56941842	0:CENSORED	Yes	No	White	No	-8	1	Primary	Female	Matched	BRCA_LumA	44	No	Yes	International Genomics Consortium	AC	0.333333333	Breast	Infiltrating Lobular Carcinoma	-40	0	High	High
TCGA-AC-A2FE-01	-0.0429743368864052	-0.0394273029918502	TCGA-AC-A2FE	62	STAGE IIIC	6TH	5	-29	Breast Cancer	BRCA	Breast Invasive Lobular Carcinoma	2240	-22746	0	25.18328566	1:Recurred/Progressed	86.66206398	1:DEAD WITH TUMOR	Not Hispanic Or Latino	12/3/12	0.1862	EUR	No	C50.9	8520/3	C50.9	Yes	No	0.259	0	0	Yes	ILC	86.66206398	1:DECEASED	F6EEBD4B-B63A-4A9C-92D3-0D954A8A6655	MX	N3A	T3	With Tumor	25.18328566	1:PROGRESSION	Yes	No	White	Yes	-14	1	Primary	Female	Matched	NA	60	No	Yes	International Genomics Consortium	AC	0	Breast	Infiltrating Lobular Carcinoma	-32	1	Low	Low
TCGA-AC-A2FF-01	0.0971378823857908	0.161181296950445	TCGA-AC-A2FF	40	STAGE IIB	6TH	0	-37	Breast Cancer	BRCA	Breast Invasive Lobular Carcinoma	2759	NA	0	90.70585528	0:DiseaseFree	90.70585528	0:ALIVE OR DEAD TUMOR FREE	Not Hispanic Or Latino	9/23/11	0.0011	SAS_ADMIX	No	C50.9	8520/3	C50.9	Yes	Yes	0.322	0.21	16	No	ILC	90.70585528	0:LIVING	3CA67CD0-81DA-4F68-A9FA-F1A8C013C28D	MX	N1	T2	Tumor Free	90.70585528	0:CENSORED	Yes	No	Asian	Yes	-8	1	Primary	Female	Matched	BRCA_LumA	38	No	Yes	International Genomics Consortium	AC	0.533333333	Breast	Infiltrating Lobular Carcinoma	-36	0	High	High
TCGA-AC-A2FG-01	0.0999954470075079	0.0666764203379927	TCGA-AC-A2FG	79	STAGE IIB	6TH	3	-35	Breast Cancer	BRCA	Breast Invasive Lobular Carcinoma	1853	-29211	0	60.91988033	0:DiseaseFree	60.91988033	0:ALIVE OR DEAD TUMOR FREE	NA	9/21/11	0.0788	EUR	No	C50.9	8520/3	C50.9	Yes	Yes	0.3255	0.66	27	No	ILC	60.91988033	0:LIVING	39CDA4C9-E1C8-44C2-BAB7-F5849C12F879	MX	N1A	T2	Tumor Free	60.91988033	0:CENSORED	Yes	No	White	No	-16	1	Primary	Female	Matched	BRCA_LumA	14	No	Yes	International Genomics Consortium	AC	0.9	Breast	Infiltrating Lobular Carcinoma	-28	0	High	High
TCGA-AC-A2FK-01	0.134333777066909	0.176304917952699	TCGA-AC-A2FK	45	STAGE IIIC	6TH	0	-41	Breast Cancer	BRCA	Breast Invasive Lobular Carcinoma	2650	-16627	0	87.12233291	0:DiseaseFree	87.12233291	0:ALIVE OR DEAD TUMOR FREE	Hispanic Or Latino	9/13/11	0	AMR	No	C50.9	8520/3	C50.9	Yes	Yes	0.2964	0	1	No	ILC	87.12233291	0:LIVING	79126E88-9CF8-45FF-BF91-A98DA3B304D7	M0	N3A	T2	Tumor Free	87.12233291	0:CENSORED	Yes	No	White	Yes	-16	1	Primary	Female	Matched	BRCA_Normal	0	No	Yes	International Genomics Consortium	AC	0.033333333	Breast	Infiltrating Lobular Carcinoma	-32	0	High	High
TCGA-AC-A2FM-01	0.128267351269874	0.041744085688265	TCGA-AC-A2FM	87	STAGE IIB	6TH	11	-11	Breast Cancer	BRCA	Breast Invasive Lobular Carcinoma	NA	-31805	0	25.64355459	1:Recurred/Progressed	26.03807082	1:DEAD WITH TUMOR	Not Hispanic Or Latino	2/22/12	0.4843	EUR	No	C50.9	8520/3	C50.9	Yes	No	0.3114	0.07	0	Yes	ILC	26.03807082	1:DECEASED	B6B1DC9A-91F4-4B0A-AFD5-62C9A90C0D5E	M0	N1MI	T2	With Tumor	25.64355459	1:PROGRESSION	Yes	No	White	No	-2	1	Primary	Female	Matched	NA	124	No	Yes	International Genomics Consortium	AC	0	Breast	Infiltrating Lobular Carcinoma	-4	1	High	High
TCGA-AC-A2FO-01	0.0530691849446451	0.024324173716585	TCGA-AC-A2FO	65	STAGE IIB	6TH	2	-35	Breast Cancer	BRCA	Breast Invasive Lobular Carcinoma	2255	-23928	0	74.13617385	0:DiseaseFree	74.13617385	0:ALIVE OR DEAD TUMOR FREE	Not Hispanic Or Latino	9/21/11	0.1185	EUR	No	C50.9	8520/3	C50.9	Yes	Yes	0.3027	0	24	No	ILC	74.13617385	0:LIVING	F5D4C2D3-CC69-4B38-8551-0917E3622A68	MX	N1	T2	Tumor Free	74.13617385	0:CENSORED	Yes	No	White	No	-12	1	Primary	Female	Matched	BRCA_LumA	49	No	Yes	International Genomics Consortium	AC	0.8	Breast	Infiltrating Lobular Carcinoma	-44	0	High	High
TCGA-AC-A2QH-01	-0.0267541672594939	0.111239917049418	TCGA-AC-A2QH	58	STAGE IIB	7TH	18	19	Breast Cancer	BRCA	Metaplastic Breast Cancer	1005	-21488	0	33.0407338	0:DiseaseFree	33.0407338	0:ALIVE OR DEAD TUMOR FREE	Not Hispanic Or Latino	10/18/11	0.4092	EUR	No	C50.9	8575/3	C50.9	Yes	Yes	0.3517	1.54	27	No	MBC	33.0407338	0:LIVING	67C5F371-3FA9-47C5-8B15-C2DD9ACC8519	MX	N0	T3	Tumor Free	33.0407338	0:CENSORED	Yes	No	White	Yes	14	1	Primary	Female	Matched	BRCA_Basal	163	Yes	No	International Genomics Consortium	AC	0.9	Breast	Metaplastic Carcinoma	22	0	Low	High
TCGA-AC-A2QI-01	-0.111950856039718	-0.0796028208025646	TCGA-AC-A2QI	76	STAGE IIIA	7TH	5	-37	Breast Cancer	BRCA	Breast Invasive Lobular Carcinoma	588	-27865	0	19.331295	0:DiseaseFree	19.331295	0:ALIVE OR DEAD TUMOR FREE	Not Hispanic Or Latino	10/18/11	0.0938	EUR	No	C50.9	8520/3	C50.9	Yes	No	0.3177	0	NA	No	ILC	19.331295	0:LIVING	C57835BE-77AB-4CF5-9B23-62C11A7B2EAF	MX	N1A	T3	Tumor Free	19.331295	0:CENSORED	Yes	No	White	Yes	-22	1	Primary	Female	Matched	NA	12	Yes	No	International Genomics Consortium	AC	NA	Breast	Infiltrating Lobular Carcinoma	-26	0	Low	Low
TCGA-AC-A2QJ-01	-0.20163395101268	-0.0152775911655839	TCGA-AC-A2QJ	48	STAGE IIIB	7TH	23	29	Breast Cancer	BRCA	Metaplastic Breast Cancer	69	-17569	0	7.791695434	1:Recurred/Progressed	14.66285301	1:DEAD WITH TUMOR	Hispanic Or Latino	10/18/11	0.1854	AMR	No	C50.9	8575/3	C50.9	Yes	No	0.3069	0	0	Yes	MBC	14.66285301	1:DECEASED	D9FD2724-7DB0-4AF3-AC14-217BDFA5203F	M0	N0	T4B	Tumor Free	7.791695434	1:PROGRESSION	Yes	No	White	Yes	-6	1	Primary	Female	Matched	NA	25	Yes	No	International Genomics Consortium	AC	0	Breast	Metaplastic Carcinoma	16	1	Low	High
TCGA-AC-A3BB-01	-0.0558014270207999	-0.035551674212249	TCGA-AC-A3BB	46	STAGE IIIA	7TH	13	-41	Breast Cancer	BRCA	Breast Invasive Lobular Carcinoma	987	-16983	0	32.44895946	0:DiseaseFree	32.44895946	0:ALIVE OR DEAD TUMOR FREE	Not Hispanic Or Latino	2/3/12	0.1171	AFR	No	C50.9	8520/3	C50.9	Yes	No	0.3178	0	NA	No	ILC	32.44895946	0:LIVING	048549CF-D0A5-4743-A0A1-2004F7CC2B08	MX	N2A	T3	Tumor Free	32.44895946	0:CENSORED	No	No	Black or African American	Yes	-22	1	Primary	Female	Matched	NA	8	Yes	No	International Genomics Consortium	AC	NA	Breast	Infiltrating Lobular Carcinoma	-32	0	Low	Low
TCGA-AC-A3EH-01	-0.102733975185076	-0.110373745260087	TCGA-AC-A3EH	79	STAGE IIIC	7TH	13	-13	Breast Cancer	BRCA	Breast Invasive Lobular Carcinoma	17	-29014	0	6.476641352	0:DiseaseFree	6.476641352	0:ALIVE OR DEAD TUMOR FREE	Not Hispanic Or Latino	9/24/12	0.3579	EUR	No	C50.9	8022/3	C50.9	Yes	No	0.3295	0.18	0	No	ILC	6.476641352	1:DECEASED	FAC173A8-1613-4BD4-87BA-83A2CFE8A37D	M0	N3	T3	Tumor Free	6.476641352	0:CENSORED	Yes	No	White	No	-2	1	Primary	Female	Matched	NA	57	Yes	No	International Genomics Consortium	AC	0	Breast	Infiltrating Lobular Carcinoma	-8	1	Low	Low
TCGA-AC-A3HN-01	0.0267100597550055	0.0737475991668855	TCGA-AC-A3HN	87	STAGE IIB	7TH	5	-43	Breast Cancer	BRCA	Breast Invasive Lobular Carcinoma	496	-32061	0	16.30667061	0:DiseaseFree	16.30667061	0:ALIVE OR DEAD TUMOR FREE	Not Hispanic Or Latino	4/13/12	0.1499	EUR	No	C50.9	8520/3	C50.9	Yes	Yes	0.2907	0.02	13	No	ILC	16.30667061	0:LIVING	E37AE674-A107-4EB3-94D8-B86B0035A9F7	MX	N1A	T2	Tumor Free	16.30667061	0:CENSORED	Yes	No	White	No	-16	1	Primary	Female	Matched	BRCA_LumA	19	Yes	No	International Genomics Consortium	AC	0.433333333	Breast	Infiltrating Lobular Carcinoma	-32	0	High	High
TCGA-AC-A3OD-01	0.0727841025975526	0.0699840347222924	TCGA-AC-A3OD	68	STAGE IIB	7TH	6	-27	Breast Cancer	BRCA	Breast Invasive Lobular Carcinoma	451	-25186	0	14.82723477	0:DiseaseFree	14.82723477	0:ALIVE OR DEAD TUMOR FREE	Not Hispanic Or Latino	4/19/12	0.267	EUR	No	C50.9	8520/3	C50.9	Yes	Yes	0.2962	0.05	28	No	ILC	14.82723477	0:LIVING	F2622CDB-AC92-42B3-A1CA-67E133C3DD4A	MX	N1MI	T2	Tumor Free	14.82723477	0:CENSORED	Yes	No	White	Yes	2	1	Primary	Female	Matched	BRCA_LumA	111.5	Yes	No	International Genomics Consortium	AC	0.933333333	Breast	Infiltrating Lobular Carcinoma	-44	0	High	High
TCGA-AC-A3QP-01	-0.183305516976601	-0.136751931810665	TCGA-AC-A3QP	79	STAGE IIB	7TH	2	-11	Breast Cancer	BRCA	Breast Invasive Lobular Carcinoma	675	-29113	0	22.19153763	0:DiseaseFree	22.19153763	0:ALIVE OR DEAD TUMOR FREE	Not Hispanic Or Latino	7/5/12	0.0716	EUR	No	C50.9	8520/3	C50.9	Yes	Yes	0.2972	0	22	No	ILC	22.19153763	0:LIVING	6F4C8D30-47FB-47DF-9EB7-4E5881E3711E	MX	N1MI	T2	Tumor Free	22.19153763	0:CENSORED	Yes	No	White	Yes	-22	1	Primary	Female	Matched	BRCA_LumA	15	Yes	No	International Genomics Consortium	AC	0.733333333	Breast	Infiltrating Lobular Carcinoma	-2	0	Low	Low
TCGA-AC-A3QQ-01	-0.176901592016066	-0.150563331691614	TCGA-AC-A3QQ	54	STAGE IA	7TH	6	3	Breast Cancer	BRCA	Breast Invasive Lobular Carcinoma	734	-19723	0	NA	NA	24.1312424	0:ALIVE OR DEAD TUMOR FREE	Not Hispanic Or Latino	12/3/12	0.1273	EUR	No	C50.9	8520/3	C50.9	Yes	Yes	0.3129	0.45	26	NA	ILC	24.1312424	0:LIVING	95CEF916-5545-455B-920C-773A54FC7676	MX	N0 (I-)	T1C	Tumor Free	24.1312424	0:CENSORED	Yes	No	White	No	0	1	Primary	Female	Matched	BRCA_LumA	53	Yes	No	International Genomics Consortium	AC	0.866666667	Breast	Infiltrating Lobular Carcinoma	-8	0	Low	Low
TCGA-AC-A3TM-01	-0.0973251806216504	-0.106127346214744	TCGA-AC-A3TM	50	STAGE IIIA	7TH	5	5	Breast Cancer	BRCA	Breast Invasive Lobular Carcinoma	762	-18535	0	25.05178025	0:DiseaseFree	25.05178025	0:ALIVE OR DEAD TUMOR FREE	Not Hispanic Or Latino	8/1/12	0.1223	EUR	No	C50.9	8520/3	C50.9	Yes	No	0.3054	0	0	No	ILC	25.05178025	0:LIVING	67C73260-A242-4BBA-87C5-D2302556DFF7	M0	N1MI	T3	Tumor Free	25.05178025	0:CENSORED	Yes	No	White	Yes	4	1	Primary	Female	Matched	NA	54	Yes	No	International Genomics Consortium	AC	0	Breast	Infiltrating Lobular Carcinoma	14	0	Low	Low
TCGA-AC-A3TN-01	-0.104339895831228	-0.123900957218818	TCGA-AC-A3TN	75	STAGE IIB	7TH	4	-23	Breast Cancer	BRCA	Breast Invasive Lobular Carcinoma	456	-27421	0	14.99161653	0:DiseaseFree	14.99161653	0:ALIVE OR DEAD TUMOR FREE	Not Hispanic Or Latino	8/1/12	0.071	EUR	No	C50.9	8520/3	C50.9	Yes	No	0.3194	0	0	No	ILC	14.99161653	0:LIVING	81B70C58-4A12-448C-A594-2ADE44F6A0AE	MX	N0	T3	Tumor Free	14.99161653	0:CENSORED	Yes	No	White	Yes	-18	1	Primary	Female	Matched	NA	3	Yes	No	International Genomics Consortium	AC	0	Breast	Infiltrating Lobular Carcinoma	-12	0	Low	Low
TCGA-AC-A3W5-01	-0.0953895780674006	-0.00273303426334958	TCGA-AC-A3W5	65	STAGE IIA	7TH	23	-5	Breast Cancer	BRCA	Breast Invasive Lobular Carcinoma	504	-24029	0	NA	NA	16.56968143	0:ALIVE OR DEAD TUMOR FREE	Not Hispanic Or Latino	9/24/12	0.3754	AFR	No	C50.9	8520/3	C50.9	Yes	Yes	0.3228	0.05	118	No	ILC	16.56968143	0:LIVING	4C313E5B-4DC3-408E-8E92-22427F74743E	MX	N0	T2	Tumor Free	16.56968143	0:CENSORED	Yes	Yes	Black or African American	Yes	0	1	Primary	Female	Matched	BRCA_Her2	154	Yes	No	International Genomics Consortium	AC	4.033333333	Breast	Infiltrating Lobular Carcinoma	4	0	Low	High
TCGA-AC-A3W6-01	-0.049732386744488	0.0230457661212259	TCGA-AC-A3W6	90	STAGE IIIA	7TH	6	-23	Breast Cancer	BRCA	Breast Invasive Lobular Carcinoma	602	-32872	0	19.79156393	0:DiseaseFree	19.79156393	0:ALIVE OR DEAD TUMOR FREE	Not Hispanic Or Latino	9/24/12	0.1051	EUR	No	C50.9	8520/3	C50.9	Yes	No	0.3196	0	NA	No	ILC	19.79156393	0:LIVING	1B4CFAD1-E353-4411-97B6-2B7B9309E95E	MX	N1	T3	Tumor Free	19.79156393	0:CENSORED	Yes	Yes	White	No	-12	1	Primary	Female	Matched	NA	5	Yes	No	International Genomics Consortium	AC	NA	Breast	Infiltrating Lobular Carcinoma	-14	0	Low	High
TCGA-AC-A3W7-01	0.0560224741479617	0.0658852765030669	TCGA-AC-A3W7	66	STAGE IIB	7TH	8	-31	Breast Cancer	BRCA	Breast Invasive Lobular Carcinoma	471	-24327	0	15.48476181	0:DiseaseFree	15.48476181	0:ALIVE OR DEAD TUMOR FREE	Not Hispanic Or Latino	10/17/12	0.1454	EUR	No	C50.9	8520/3	C50.9	Yes	No	0.3095	0.01	0	No	ILC	15.48476181	0:LIVING	2481A671-760B-428C-968D-42E25FD42AC5	MX	N1A	T2	Tumor Free	15.48476181	0:CENSORED	Yes	No	White	No	-14	1	Primary	Female	Matched	NA	9	Yes	No	International Genomics Consortium	AC	0	Breast	Infiltrating Lobular Carcinoma	-32	0	High	High
TCGA-AC-A3YI-01	-0.0463128628038611	0.00874911217949892	TCGA-AC-A3YI	74	STAGE IIIC	7TH	0	-13	Breast Cancer	BRCA	Breast Invasive Lobular Carcinoma	707	-27143	0	23.24358089	0:DiseaseFree	23.24358089	0:ALIVE OR DEAD TUMOR FREE	Not Hispanic Or Latino	10/8/12	0.0325	EUR	No	C50.9	8520/3	C50.9	Yes	Yes	0.281	0	14	No	ILC	23.24358089	0:LIVING	A45D296E-EFC0-479E-B2F6-BAD834668CDF	MX	N3A	T1C	NA	23.24358089	0:CENSORED	Yes	No	White	Yes	-16	1	Primary	Female	Matched	BRCA_Normal	48	Yes	No	International Genomics Consortium	AC	0.466666667	Breast	Infiltrating Lobular Carcinoma	4	0	Low	High
TCGA-AC-A3YJ-01	-0.139848909003767	-0.0717432478805932	TCGA-AC-A3YJ	66	STAGE IIA	7TH	1	-17	Breast Cancer	BRCA	Breast Invasive Carcinoma (NOS)	754	-24439	0	24.78876944	0:DiseaseFree	24.78876944	0:ALIVE OR DEAD TUMOR FREE	Not Hispanic Or Latino	10/3/12	0.0443	EUR	No	C50.9	8050/3	C50.9	Yes	Yes	0.2942	0	17	No	BRCNOS	24.78876944	0:LIVING	86CF879E-3B40-44DD-AAA7-6F49F54A15D9	MX	N0 (I-)	T2	Tumor Free	24.78876944	0:CENSORED	Yes	No	White	No	-20	1	Primary	Female	Matched	BRCA_LumA	11	Yes	No	International Genomics Consortium	AC	0.566666667	Breast	Other	-18	0	Low	Low
TCGA-AC-A4ZE-01	0.129346808151781	0.0723644924863352	TCGA-AC-A4ZE	63	STAGE IIB	7TH	7	-31	Breast Cancer	BRCA	Breast Invasive Lobular Carcinoma	890	-23284	0	29.25995332	0:DiseaseFree	29.25995332	0:ALIVE OR DEAD TUMOR FREE	Not Hispanic Or Latino	6/9/15	0.182	EUR	No	C50.9	8520/3	C50.9	Yes	Yes	0.3411	0.43	45	No	ILC	29.25995332	0:LIVING	0CF0D67C-2F7F-42A6-94F3-407D0EC46C88	M0	N0	T3	Tumor Free	29.25995332	0:CENSORED	Yes	No	White	No	-2	1	Primary	Female	Matched	BRCA_LumA	49	Yes	No	International Genomics Consortium	AC	1.5	Breast	Infiltrating Lobular Carcinoma	-40	0	High	High
TCGA-AC-A5EH-01	-0.0672961037833325	-0.0550086567103359	TCGA-AC-A5EH	76	STAGE IIB	7TH	25	21	Breast Cancer	BRCA	Breast Invasive Ductal Carcinoma	511	-27964	0	16.79981589	0:DiseaseFree	16.79981589	0:ALIVE OR DEAD TUMOR FREE	Not Hispanic Or Latino	7/12/13	0.2183	AFR_ADMIX	No	C50.9	8500/3	C50.9	Yes	Yes	0.3111	0.08	130	No	IDC	16.79981589	0:LIVING	D13FB44B-291B-4EA4-920C-142DAA8D1989	MX	N1MI	T2	Tumor Free	16.79981589	0:CENSORED	Yes	No	Black or African American	Yes	16	1	Primary	Female	Matched	BRCA_Her2	138	Yes	No	International Genomics Consortium	AC	4.3	Breast	Infiltrating Ductal Carcinoma	36	0	Low	Low
TCGA-AC-A5XS-01	-0.186664134296273	-0.153910404830386	TCGA-AC-A5XS	74	STAGE IIA	7TH	9	-9	Breast Cancer	BRCA	Breast Invasive Lobular Carcinoma	588	-27160	0	19.331295	0:DiseaseFree	19.331295	0:ALIVE OR DEAD TUMOR FREE	Not Hispanic Or Latino	7/15/13	0.2478	EUR	No	C50.9	8520/3	C50.9	Yes	Yes	0.3059	0	400	No	ILC	19.331295	0:LIVING	D9627184-B972-4E00-8C11-B0B946AC357A	MX	N0	T2	Tumor Free	19.331295	0:CENSORED	Yes	Yes	White	No	-10	1	Primary	Female	Matched	BRCA_LumA	42	Yes	No	International Genomics Consortium	AC	27.13333333	Breast	Infiltrating Lobular Carcinoma	-8	0	Low	Low
TCGA-AC-A5XU-01	-0.0402324183393752	-0.0249862587525086	TCGA-AC-A5XU	74	STAGE IIB	7TH	4	-7	Breast Cancer	BRCA	Breast Invasive Ductal Carcinoma	455	-27191	0	14.95874018	0:DiseaseFree	14.95874018	0:ALIVE OR DEAD TUMOR FREE	Not Hispanic Or Latino	7/15/13	0.5906	AFR	No	C50.9	8500/3	C50.9	Yes	Yes	0.3039	0.25	57	No	IDC	14.95874018	0:LIVING	97677FD7-8523-48C5-A8CE-614FD4010551	MX	N0 (I-)	T3	Tumor Free	14.95874018	0:CENSORED	Yes	No	Black or African American	Yes	2	1	Primary	Female	Matched	BRCA_LumA	435	Yes	No	International Genomics Consortium	AC	1.866666667	Breast	Infiltrating Ductal Carcinoma	-6	0	Low	Low
TCGA-AC-A62V-01	-0.137525525174146	-0.164339288352883	TCGA-AC-A62V	58	STAGE IV	7TH	18	9	Breast Cancer	BRCA	Breast Invasive Ductal Carcinoma	2	-21389	0	NA	NA	11.44097051	1:DEAD WITH TUMOR	Not Hispanic Or Latino	10/21/13	0.4895	AFR	No	C50.9	8500/3	C50.9	Yes	No	0.3584	0.07	68	No	IDC	11.44097051	1:DECEASED	D5F2B85A-94A9-4168-BBE8-149EC71342B0	M1	N1A	T2	With Tumor	11.44097051	1:PROGRESSION	Yes	No	Black or African American	Yes	14	1	Primary	Male	Matched	NA	313	Yes	No	International Genomics Consortium	AC	2.266666667	Breast	Infiltrating Ductal Carcinoma	12	1	Low	Low
TCGA-AC-A62X-01	-0.216217204772081	-0.213021380481211	TCGA-AC-A62X	72	STAGE IIA	7TH	29	29	Breast Cancer	BRCA	Breast Invasive Ductal Carcinoma	417	-26627	0	13.7094388	0:DiseaseFree	13.7094388	0:ALIVE OR DEAD TUMOR FREE	Not Hispanic Or Latino	10/21/13	0.5697	AFR	No	C50.9	8500/3	C50.9	Yes	Yes	0.3234	0.68	53	No	IDC	13.7094388	0:LIVING	5B2A4F11-CA46-4974-9420-59B4820920BF	MX	N0	T2	Tumor Free	13.7094388	0:CENSORED	Yes	Yes	Black or African American	No	16	1	Primary	Female	Matched	BRCA_Basal	58	Yes	No	International Genomics Consortium	AC	1.766666667	Breast	Infiltrating Ductal Carcinoma	14	0	Low	Low
TCGA-AC-A62Y-01	-0.106909369174073	-0.0726720987318439	TCGA-AC-A62Y	79	STAGE IIB	7TH	22	-11	Breast Cancer	BRCA	Breast Invasive Lobular Carcinoma	530	-28876	0	NA	NA	17.42446658	0:ALIVE OR DEAD TUMOR FREE	Not Hispanic Or Latino	9/19/13	0.4145	EUR	No	C50.9	8520/3	C50.9	Yes	Yes	0.2991	0.02	56	No	ILC	17.42446658	0:LIVING	05AF737D-89AA-49B6-97B2-28B8AC8BD2CF	MX	N1	T2	Tumor Free	17.42446658	0:CENSORED	Yes	No	White	Yes	-12	1	Primary	Female	Matched	BRCA_LumA	51	Yes	No	International Genomics Consortium	AC	1.9	Breast	Infiltrating Lobular Carcinoma	-6	0	Low	Low
TCGA-AC-A6IV-01	0.0769627142389799	0.13457537151659	TCGA-AC-A6IV	47	STAGE IIB	7TH	6	-33	Breast Cancer	BRCA	Breast Invasive Lobular Carcinoma	568	-17521	0	18.67376796	0:DiseaseFree	18.67376796	0:ALIVE OR DEAD TUMOR FREE	Not Hispanic Or Latino	9/19/13	0.0215	EUR	No	C50.9	8524/3	C50.9	Yes	Yes	0.3393	0	18	No	ILC	18.67376796	0:LIVING	8E11C5EC-C15A-48D4-85AC-B7B08A9ED827	MX	N1	T2	Tumor Free	18.67376796	0:CENSORED	Yes	No	White	Yes	-2	1	Primary	Female	Matched	BRCA_LumA	24	Yes	No	International Genomics Consortium	AC	0.6	Breast	Infiltrating Lobular Carcinoma	-22	0	High	High
TCGA-AC-A6IW-01	-0.145242618974527	-0.0858233861632761	TCGA-AC-A6IW	73	STAGE IIA	7TH	13	23	Breast Cancer	BRCA	Breast Invasive Ductal Carcinoma	413	-26896	0	13.57793339	0:DiseaseFree	13.57793339	0:ALIVE OR DEAD TUMOR FREE	Not Hispanic Or Latino	10/15/13	0.1742	AFR	No	C50.9	8500/3	C50.9	Yes	Yes	0.3474	0.32	130	No	IDC	13.57793339	0:LIVING	8183F0FB-2303-4D7B-BCCD-55E5031FC7DF	MX	N0 (I-)	T2	Tumor Free	13.57793339	0:CENSORED	Yes	No	Black or African American	No	4	1	Primary	Female	Matched	BRCA_Basal	224	Yes	No	International Genomics Consortium	AC	4.366666667	Breast	Infiltrating Ductal Carcinoma	12	0	Low	Low
TCGA-AC-A6IX-01	-0.0485980542958937	0.0180384676874708	TCGA-AC-A6IX	49	STAGE IIIC	7TH	5	-41	Breast Cancer	BRCA	Breast Invasive Lobular Carcinoma	373	-17969	0	12.26287931	0:DiseaseFree	12.26287931	0:ALIVE OR DEAD TUMOR FREE	Not Hispanic Or Latino	10/21/13	0.1912	EUR	No	C50.9	8520/3	C50.9	Yes	Yes	0.3363	0	48	No	ILC	12.26287931	0:LIVING	7486A2B3-B09F-4E9C-9864-8B51B58D9FB3	MX	N3A	T2	Tumor Free	12.26287931	0:CENSORED	Yes	No	White	Yes	-4	1	Primary	Female	Matched	BRCA_LumA	116	Yes	No	International Genomics Consortium	AC	1.633333333	Breast	Infiltrating Lobular Carcinoma	-54	0	Low	High
TCGA-AC-A6NO-01	0.0184296305556373	-0.031941781260018	TCGA-AC-A6NO	43	STAGE IIB	7TH	8	-29	Breast Cancer	BRCA	Breast Invasive Ductal Carcinoma	51	-15996	0	1.676693954	0:DiseaseFree	1.676693954	0:ALIVE OR DEAD TUMOR FREE	Not Hispanic Or Latino	4/10/14	0.1481	AFR_ADMIX	No	C50.9	8500/3	C50.9	Yes	Yes	0.331	0.01	26	No	IDC	1.676693954	0:LIVING	8D9B50D1-139B-4447-AE9C-E54764D9E2A7	MX	N1A	T2	Tumor Free	1.676693954	0:CENSORED	Yes	No	Black or African American	NA	8	1	Primary	Female	Matched	BRCA_LumA	4	Yes	No	International Genomics Consortium	AC	0.866666667	Breast	Infiltrating Ductal Carcinoma	-14	0	High	Low
TCGA-AC-A7VB-01	0.021531188898339	-0.0200681049329051	TCGA-AC-A7VB	51	STAGE IIA	7TH	8	-1	Breast Cancer	BRCA	Breast Invasive Ductal Carcinoma	250	-18806	0	8.21908801	0:DiseaseFree	8.21908801	0:ALIVE OR DEAD TUMOR FREE	Not Hispanic Or Latino	2/26/14	0.2511	AFR_ADMIX	No	C50.9	8500/3	C50.9	Yes	Yes	0.3405	0.19	21	No	IDC	8.21908801	0:LIVING	56230E4A-29CA-4F37-A0F9-730DBDFB6FA2	MX	N1A	T1C	Tumor Free	8.21908801	0:CENSORED	Yes	No	Black or African American	Yes	4	1	Primary	Female	Matched	BRCA_LumB	257	Yes	No	International Genomics Consortium	AC	0.733333333	Breast	Infiltrating Ductal Carcinoma	-12	0	High	Low
TCGA-AC-A7VC-01	-0.13863600082153	0.0863780206977059	TCGA-AC-A7VC	56	STAGE IIB	7TH	1	31	Breast Cancer	BRCA	Metaplastic Breast Cancer	1	-20479	0	0.032876352	0:DiseaseFree	0.032876352	0:ALIVE OR DEAD TUMOR FREE	Not Hispanic Or Latino	3/29/14	0.2899	EUR	No	C50.9	8575/3	C50.9	Yes	Yes	0.3371	0.02	16	No	MBC	0.032876352	0:LIVING	2B36853F-34D3-47C5-BA6A-E5A93233D2B1	MX	N0	T3	Tumor Free	0.032876352	0:CENSORED	Yes	No	White	NA	16	1	Primary	Female	Matched	BRCA_Basal	33	Yes	No	International Genomics Consortium	AC	0.5	Breast	Metaplastic Carcinoma	36	0	Low	High
TCGA-AC-A8OP-01	0.104657053717589	0.0602307707488291	TCGA-AC-A8OP	72	STAGE IA	7TH	20	-31	Breast Cancer	BRCA	Breast Invasive Ductal Carcinoma	614	-26550	0	20.18608015	0:DiseaseFree	20.18608015	0:ALIVE OR DEAD TUMOR FREE	Not Hispanic Or Latino	2/26/14	0.2658	AFR	No	C50.9	8500/3	C50.9	Yes	Yes	0.3014	0.05	137	No	IDC	20.18608015	0:LIVING	B9C6C069-2A2B-4CC7-A398-DC45C132D979	MX	N0 (I-)	T1C	Tumor Free	20.18608015	0:CENSORED	Yes	No	Black or African American	No	-8	1	Primary	Female	Matched	BRCA_LumA	186	Yes	No	International Genomics Consortium	AC	4.633333333	Breast	Infiltrating Ductal Carcinoma	-30	0	High	High
TCGA-AC-A8OQ-01	-0.0353937473559335	0.0509935244455854	TCGA-AC-A8OQ	72	STAGE IIB	7TH	23	5	Breast Cancer	BRCA	Breast Invasive Ductal Carcinoma	34	-26535	0	1.117795969	0:DiseaseFree	1.117795969	0:ALIVE OR DEAD TUMOR FREE	Not Hispanic Or Latino	2/26/14	0.2666	AFR_ADMIX	No	C50.9	8500/3	C50.9	Yes	Yes	0.3364	0.32	77	No	IDC	1.117795969	0:LIVING	DFAABD03-2D40-4422-B210-CAF112FF4229	MX	N1A	T2	Tumor Free	1.117795969	0:CENSORED	Yes	No	Black or African American	NA	14	1	Primary	Female	Matched	BRCA_Basal	457	Yes	No	International Genomics Consortium	AC	2.6	Breast	Infiltrating Ductal Carcinoma	2	0	Low	High
TCGA-AC-A8OR-01	-0.0233465657993107	-0.0603770330780651	TCGA-AC-A8OR	75	STAGE IA	7TH	1	-23	Breast Cancer	BRCA	Breast Invasive Mixed Mucinous Carcinoma	40	-27605	0	1.315054082	0:DiseaseFree	1.315054082	0:ALIVE OR DEAD TUMOR FREE	Not Hispanic Or Latino	2/26/14	0.0328	EUR	No	C50.9	8480/3	C50.9	Yes	Yes	0.3115	0.06	58	No	IMMC	1.315054082	0:LIVING	8CD1BA0B-EAD9-4661-A796-6C9DBF1C42CD	MX	N0 (I-)	T1C	Tumor Free	1.315054082	0:CENSORED	Yes	No	White	NA	-12	1	Primary	Female	Matched	BRCA_LumA	13	Yes	No	International Genomics Consortium	AC	1.933333333	Breast	Mucinous Carcinoma	-18	0	Low	Low
TCGA-AC-A8OS-01	0.162225068013067	0.148846935082137	TCGA-AC-A8OS	71	STAGE IIA	7TH	8	-35	Breast Cancer	BRCA	Breast Invasive Lobular Carcinoma	70	-26248	0	2.301344643	0:DiseaseFree	2.301344643	0:ALIVE OR DEAD TUMOR FREE	Not Hispanic Or Latino	2/26/14	0.1344	EUR	No	C50.9	8520/3	C50.9	Yes	Yes	0.3361	0.01	41	No	ILC	2.301344643	0:LIVING	D5E655FE-3FBC-47B0-BA23-1D1DD01D591C	MX	N0 (I-)	T2	Tumor Free	2.301344643	0:CENSORED	Yes	No	White	NA	-8	1	Primary	Female	Matched	BRCA_LumA	5	Yes	No	International Genomics Consortium	AC	1.366666667	Breast	Infiltrating Lobular Carcinoma	-38	0	High	High
TCGA-AN-A03X-01	-0.249914335598761	-0.199877071432943	TCGA-AN-A03X	74	STAGE IIA	NA	14	-19	Breast Cancer	BRCA	Breast Invasive Ductal Carcinoma	10	-27163	0	0.32876352	0:DiseaseFree	0.32876352	0:ALIVE OR DEAD TUMOR FREE	Not Hispanic Or Latino	12/28/10	0.3072	EUR	No	C50.9	8500/3	C50.9	Yes	Yes	0.271	0.22	35	NA	IDC	0.32876352	0:LIVING	88cd6ccc-70f7-436e-a99c-039b9d31e335	M0	N0	T2	Tumor Free	0.32876352	0:CENSORED	NA	No	White	No	-12	1	Primary	Female	Matched	BRCA_LumA	56	No	Yes	Cureline	AN	1.166666667	Breast	Infiltrating Ductal Carcinoma	-28	0	Low	Low
TCGA-AN-A03Y-01	-0.145136141290686	-0.130159788168775	TCGA-AN-A03Y	66	STAGE IIA	NA	24	-5	Breast Cancer	BRCA	Breast Invasive Ductal Carcinoma	10	-24232	0	0.32876352	0:DiseaseFree	0.32876352	0:ALIVE OR DEAD TUMOR FREE	Not Hispanic Or Latino	12/29/10	0.3773	EUR	No	C50.9	8500/3	C50.9	Yes	Yes	0.2659	0.92	26	NA	IDC	0.32876352	0:LIVING	a991644b-3ee6-4cda-acf0-e37de48a49fc	M0	N0	T2	Tumor Free	0.32876352	0:CENSORED	NA	No	White	No	14	1	Primary	Female	Matched	BRCA_LumB	41	No	Yes	Cureline	AN	0.933333333	Breast	Infiltrating Ductal Carcinoma	-14	0	Low	Low
TCGA-AN-A041-01	0.128880988845759	0.0530425916249027	TCGA-AN-A041	29	STAGE IIB	7TH	14	-37	Breast Cancer	BRCA	Breast Invasive Ductal Carcinoma	7	-10812	0	0.230134464	0:DiseaseFree	0.230134464	0:ALIVE OR DEAD TUMOR FREE	Not Hispanic Or Latino	4/1/11	0.3265	EUR_ADMIX	No	C50.9	8500/3	C50.9	Yes	Yes	0.2731	0.32	28	NA	IDC	0.230134464	0:LIVING	316e021c-5175-4ab3-bdb6-2bf9683f657a	M0	N1A	T2	NA	0.230134464	0:CENSORED	Yes	No	White	No	-8	1	Primary	Female	Matched	BRCA_LumA	117	No	Yes	Cureline	AN	0.933333333	Breast	Infiltrating Ductal Carcinoma	-10	0	High	High
TCGA-AN-A046-01	-0.0305079247480166	-0.0571573805228811	TCGA-AN-A046	68	STAGE IIA	NA	7	-21	Breast Cancer	BRCA	Breast Invasive Ductal Carcinoma	10	-25158	0	0.32876352	0:DiseaseFree	0.32876352	0:ALIVE OR DEAD TUMOR FREE	Not Hispanic Or Latino	12/28/10	0.0264	EUR	No	C50.9	8500/3	C50.9	Yes	Yes	0.2695	0.04	5400	NA	IDC	0.32876352	0:LIVING	dcd5860c-7e3a-44f3-a732-fe92fe3fe300	M0	N0	T2	Tumor Free	0.32876352	0:CENSORED	NA	No	White	No	-4	1	Primary	Female	Matched	BRCA_LumA	23	No	Yes	Cureline	AN	180.8333333	Breast	Infiltrating Ductal Carcinoma	-16	0	Low	Low
TCGA-AN-A049-01	-0.0139282848595256	-0.0536579354396468	TCGA-AN-A049	62	STAGE IIA	NA	10	-11	Breast Cancer	BRCA	Breast Invasive Ductal Carcinoma	19	-22710	0	NA	NA	0.624650689	0:ALIVE OR DEAD TUMOR FREE	Not Hispanic Or Latino	12/29/10	0.3796	EUR	No	C50.9	8500/3	C50.9	Yes	Yes	0.2375	0.37	28	NA	IDC	0.624650689	0:LIVING	2e1e3bf0-1708-4b65-936c-48b89eb8966a	M0	N0	T2	Tumor Free	0.624650689	0:CENSORED	NA	No	White	NA	6	1	Primary	Female	Matched	BRCA_LumA	127	No	Yes	Cureline	AN	0.966666667	Breast	Infiltrating Ductal Carcinoma	-8	0	Low	Low
TCGA-AN-A04A-01	-0.0343432422665932	-0.0483387063497096	TCGA-AN-A04A	36	STAGE IIIA	7TH	14	1	Breast Cancer	BRCA	Breast Invasive Ductal Carcinoma	90	-13445	0	NA	NA	2.958871684	0:ALIVE OR DEAD TUMOR FREE	Not Hispanic Or Latino	12/29/10	0.5374	EUR	No	C50.9	8500/3	C50.9	Yes	Yes	0.2812	0.34	40	NA	IDC	2.958871684	0:LIVING	e5aae05a-478e-4a55-a27c-12b2b4be302a	M0	N2	T2	Tumor Free	2.958871684	0:CENSORED	NA	No	White	NA	4	1	Primary	Female	Matched	BRCA_LumA	163	No	Yes	Cureline	AN	1.366666667	Breast	Infiltrating Ductal Carcinoma	22	0	Low	Low
TCGA-AN-A04C-01	-0.150346958343918	-0.138338727213323	TCGA-AN-A04C	51	STAGE IIB	NA	19	9	Breast Cancer	BRCA	Breast Invasive Ductal Carcinoma	54	-18851	0	NA	NA	1.77532301	0:ALIVE OR DEAD TUMOR FREE	Not Hispanic Or Latino	12/29/10	0.339	EUR	No	C50.9	8500/3	C50.9	Yes	Yes	0.2757	0.75	67	NA	IDC	1.77532301	0:LIVING	66072c06-f251-4f0b-b6ae-12b407c52cc6	M0	N1	T2	Tumor Free	1.77532301	0:CENSORED	NA	No	White	NA	14	1	Primary	Female	Matched	BRCA_Her2	260	No	Yes	Cureline	AN	2.233333333	Breast	Infiltrating Ductal Carcinoma	-2	0	Low	Low
TCGA-AN-A04D-01	-0.0983272455412673	-0.104347284324993	TCGA-AN-A04D	58	STAGE IIB	NA	4	5	Breast Cancer	BRCA	Breast Invasive Ductal Carcinoma	52	-21426	0	NA	NA	1.709570306	0:ALIVE OR DEAD TUMOR FREE	Not Hispanic Or Latino	12/20/10	0.3686	EUR	No	C50.9	8500/3	C50.9	Yes	Yes	0.2756	0.66	83	NA	IDC	1.709570306	0:LIVING	49717f75-0f2d-4e1c-9a12-f1cd7877b80a	M0	N1	T2	Tumor Free	1.709570306	0:CENSORED	NA	No	White	NA	12	1	Primary	Female	Matched	BRCA_Basal	93	No	Yes	Cureline	AN	2.8	Breast	Infiltrating Ductal Carcinoma	-22	0	Low	Low
TCGA-AN-A0AJ-01	-0.114740245187011	-0.136609150989913	TCGA-AN-A0AJ	79	STAGE IIB	NA	16	21	Breast Cancer	BRCA	Breast Invasive Ductal Carcinoma	303	-29131	0	9.961534668	0:DiseaseFree	9.961534668	0:ALIVE OR DEAD TUMOR FREE	Not Hispanic Or Latino	12/20/10	0.6855	EUR	No	C50.9	8522/3	C50.9	Yes	Yes	0.252	1.25	77	No	IDC	9.961534668	0:LIVING	9646160a-f1f9-437b-8c7d-efb0b57bfb97	M0	N0	T3	Tumor Free	9.961534668	0:CENSORED	NA	No	White	No	24	1	Primary	Female	Matched	BRCA_LumB	438	No	Yes	Cureline	AN	2.566666667	Breast	Infiltrating Ductal Carcinoma	22	0	Low	Low
TCGA-AN-A0AK-01	-0.138685531571347	-0.230124645053902	TCGA-AN-A0AK	76	STAGE IIA	NA	12	9	Breast Cancer	BRCA	Breast Invasive Ductal Carcinoma	224	-27977	0	7.364302857	0:DiseaseFree	7.364302857	0:ALIVE OR DEAD TUMOR FREE	Not Hispanic Or Latino	12/21/10	0.2818	EUR	No	C50.9	8500/3	C50.9	Yes	Yes	0.8283	32.92	1118	No	IDC	7.364302857	0:LIVING	9e894662-b718-40f8-8899-b5e036cfbd76	M0	N0	T2	Tumor Free	7.364302857	0:CENSORED	NA	No	White	No	12	1	Primary	Female	Matched	BRCA_LumB	32	No	Yes	Cureline	AN	37.36666667	Breast	Infiltrating Ductal Carcinoma	2	0	Low	Low
TCGA-AN-A0AL-01	-0.119617791987513	-0.0303839898092045	TCGA-AN-A0AL	41	STAGE IIIB	7TH	6	21	Breast Cancer	BRCA	Breast Invasive Ductal Carcinoma	227	-15286	0	7.462931913	0:DiseaseFree	7.462931913	0:ALIVE OR DEAD TUMOR FREE	Not Hispanic Or Latino	12/21/10	0.4407	EUR	No	C50.9	8500/3	C50.9	Yes	Yes	0.3054	0.87	80	No	IDC	7.462931913	0:LIVING	3e9f93c0-aa79-4b4c-bd6c-b3325912362a	M0	N0	T4	Tumor Free	7.462931913	0:CENSORED	NA	No	White	No	14	1	Primary	Female	Matched	BRCA_Basal	196	No	Yes	Cureline	AN	2.666666667	Breast	Infiltrating Ductal Carcinoma	16	0	Low	Low
TCGA-AN-A0AM-01	-0.133343002897617	-0.0975518522170869	TCGA-AN-A0AM	56	STAGE IIA	NA	21	19	Breast Cancer	BRCA	Breast Invasive Ductal Carcinoma	5	-20713	0	0.16438176	0:DiseaseFree	0.16438176	0:ALIVE OR DEAD TUMOR FREE	Not Hispanic Or Latino	12/28/10	0.2787	EUR	No	C50.9	8500/3	C50.9	Yes	Yes	0.2894	0.09	88	NA	IDC	0.16438176	0:LIVING	00a2d166-78c9-4687-a195-3d6315c27574	M0	N0	T2	Tumor Free	0.16438176	0:CENSORED	NA	No	White	No	18	1	Primary	Female	Matched	BRCA_LumB	700	No	Yes	Cureline	AN	2.933333333	Breast	Infiltrating Ductal Carcinoma	12	0	Low	Low
TCGA-AN-A0AR-01	-0.0552903834111383	-0.00959941815652582	TCGA-AN-A0AR	55	STAGE IIA	NA	10	9	Breast Cancer	BRCA	Breast Invasive Ductal Carcinoma	10	-20152	0	0.32876352	0:DiseaseFree	0.32876352	0:ALIVE OR DEAD TUMOR FREE	Not Hispanic Or Latino	12/28/10	0.5378	EUR	No	C50.9	8500/3	C50.9	Yes	Yes	0.2932	2.5	111	NA	IDC	0.32876352	0:LIVING	ebc460c2-df88-4dc0-a2c0-aca8072b75ad	M0	N0	T2	Tumor Free	0.32876352	0:CENSORED	NA	No	White	No	10	1	Primary	Female	Matched	BRCA_Basal	394	No	Yes	Cureline	AN	3.666666667	Breast	Infiltrating Ductal Carcinoma	14	0	Low	High
TCGA-AN-A0AS-01	-0.0591954165944749	-0.0746486704998917	TCGA-AN-A0AS	70	STAGE IIIA	NA	24	19	Breast Cancer	BRCA	Breast Invasive Ductal Carcinoma	10	-25658	0	0.32876352	0:DiseaseFree	0.32876352	0:ALIVE OR DEAD TUMOR FREE	Not Hispanic Or Latino	12/28/10	0.2493	EUR	No	C50.9	8500/3	C50.9	Yes	Yes	0.2944	0.25	42	NA	IDC	0.32876352	0:LIVING	7c2a8440-0206-4039-8474-8d62f6c7de0c	M0	N2	T2	Tumor Free	0.32876352	0:CENSORED	NA	No	White	No	-4	1	Primary	Female	Matched	BRCA_LumA	391	No	Yes	Cureline	AN	1.4	Breast	Infiltrating Ductal Carcinoma	10	0	Low	Low
TCGA-AN-A0AT-01	-0.0335174495387514	-0.069340052578853	TCGA-AN-A0AT	62	STAGE IIA	NA	8	33	Breast Cancer	BRCA	Breast Invasive Ductal Carcinoma	10	-22798	0	0.32876352	0:DiseaseFree	0.32876352	0:ALIVE OR DEAD TUMOR FREE	Not Hispanic Or Latino	12/28/10	0.4552	EUR	No	C50.9	8500/3	C50.9	Yes	Yes	0.2819	1.3	117	NA	IDC	0.32876352	0:LIVING	05506f4c-e701-4a9d-ae06-97f066aade43	M0	N0	T2	Tumor Free	0.32876352	0:CENSORED	NA	No	White	No	22	1	Primary	Female	Matched	BRCA_Basal	270	No	Yes	Cureline	AN	3.933333333	Breast	Infiltrating Ductal Carcinoma	34	0	Low	Low
TCGA-AN-A0FD-01	-0.1412220177478	-0.117743256488255	TCGA-AN-A0FD	71	STAGE IIA	NA	6	-7	Breast Cancer	BRCA	Breast Invasive Ductal Carcinoma	196	-26007	0	6.443765	0:DiseaseFree	6.443765	0:ALIVE OR DEAD TUMOR FREE	Not Hispanic Or Latino	12/20/10	0.171	EUR	No	C50.9	8500/3	C50.9	Yes	Yes	0.3047	0.25	31	NA	IDC	6.443765	0:LIVING	c6086936-7544-4da0-8c0c-114166848483	M0	N0	T2	Tumor Free	6.443765	0:CENSORED	NA	No	White	No	4	1	Primary	Female	Matched	BRCA_LumA	255	No	Yes	Cureline	AN	1.066666667	Breast	Infiltrating Ductal Carcinoma	0	0	Low	Low
TCGA-AN-A0FF-01	-0.0126710803385328	-0.0289064474870458	TCGA-AN-A0FF	32	STAGE IA	NA	4	-29	Breast Cancer	BRCA	Breast Invasive Ductal Carcinoma	172	-11929	0	5.654732551	0:DiseaseFree	5.654732551	0:ALIVE OR DEAD TUMOR FREE	Not Hispanic Or Latino	12/27/10	0.1509	EUR	No	C50.9	8500/3	C50.9	Yes	Yes	0.2735	0.05	20	No	IDC	5.654732551	0:LIVING	d5cab7f5-e4f1-40ee-a0c8-4c8004c1c9a0	M0	N0	T1B	Tumor Free	5.654732551	0:CENSORED	NA	No	White	No	2	1	Primary	Female	Matched	BRCA_LumB	25	No	Yes	Cureline	AN	0.666666667	Breast	Infiltrating Ductal Carcinoma	-36	0	Low	Low
TCGA-AN-A0FJ-01	0.151402414487603	0.0364343592994785	TCGA-AN-A0FJ	59	STAGE IV	NA	12	29	Breast Cancer	BRCA	Breast Invasive Ductal Carcinoma	242	-21910	0	NA	NA	7.956077194	0:ALIVE OR DEAD TUMOR FREE	Not Hispanic Or Latino	12/27/10	0.6191	EUR	No	C50.9	8500/3	C50.9	Yes	Yes	0.2694	1.15	78	NA	IDC	7.956077194	0:LIVING	546248b0-22a0-4b70-a437-76fb0a238a0d	M1	N2	T2	Tumor Free	7.956077194	0:CENSORED	NA	No	White	No	18	1	Primary	Female	Matched	BRCA_Basal	557	No	Yes	Cureline	AN	2.633333333	Breast	Infiltrating Ductal Carcinoma	6	0	High	High
TCGA-AN-A0FK-01	-0.107460715106138	-0.108378550584171	TCGA-AN-A0FK	88	STAGE IIIB	NA	23	-15	Breast Cancer	BRCA	Breast Invasive Ductal Carcinoma	213	-32462	0	7.002662985	0:DiseaseFree	7.002662985	0:ALIVE OR DEAD TUMOR FREE	Not Hispanic Or Latino	12/20/10	0.5521	EUR	No	C50.9	8500/3	C50.9	Yes	Yes	0.2848	0.07	34	NA	IDC	7.002662985	0:LIVING	2f4cbedf-ed7e-45a2-bf34-f1d1e696bdde	M0	N0	T4	Tumor Free	7.002662985	0:CENSORED	NA	No	White	No	-14	1	Primary	Female	Matched	BRCA_LumA	27	No	Yes	Cureline	AN	1.166666667	Breast	Infiltrating Ductal Carcinoma	-16	0	Low	Low
TCGA-AN-A0FL-01	-0.229044894813705	-0.156069531611709	TCGA-AN-A0FL	62	STAGE IIA	NA	7	5	Breast Cancer	BRCA	Breast Invasive Ductal Carcinoma	231	-22805	0	7.594437321	0:DiseaseFree	7.594437321	0:ALIVE OR DEAD TUMOR FREE	Not Hispanic Or Latino	12/28/10	0.5381	EUR	No	C50.9	8500/3	C50.9	Yes	Yes	0.2919	0.62	151	NA	IDC	7.594437321	0:LIVING	baf1207d-7d1a-4cad-ba58-62c26be2415e	M0	N0	T2	Tumor Free	7.594437321	0:CENSORED	NA	No	White	No	-2	1	Primary	Female	Matched	BRCA_Basal	293	No	Yes	Cureline	AN	5.066666667	Breast	Infiltrating Ductal Carcinoma	0	0	Low	Low
TCGA-AN-A0FN-01	-0.0321171561701584	0.107448267459658	TCGA-AN-A0FN	61	STAGE IA	7TH	3	-29	Breast Cancer	BRCA	Breast Invasive Lobular Carcinoma	218	-22629	0	7.167044745	0:DiseaseFree	7.167044745	0:ALIVE OR DEAD TUMOR FREE	Not Hispanic Or Latino	12/28/10	4e-04	EUR	No	C50.9	8500/3	C50.9	Yes	Yes	0.3094	0.05	38	NA	ILC	7.167044745	0:LIVING	c2a742fe-3e8b-4210-85a6-7191a1123609	M0	N0	T1C	Tumor Free	7.167044745	0:CENSORED	NA	No	White	No	-16	1	Primary	Female	Matched	BRCA_LumA	10	No	Yes	Cureline	AN	1.333333333	Breast	Infiltrating Lobular Carcinoma	-26	0	Low	High
TCGA-AN-A0FS-01	-0.0351161684641917	0.0241806343930889	TCGA-AN-A0FS	55	STAGE IA	7TH	3	-35	Breast Cancer	BRCA	Breast Invasive Lobular Carcinoma	210	-20352	0	6.904033928	0:DiseaseFree	6.904033928	0:ALIVE OR DEAD TUMOR FREE	Not Hispanic Or Latino	12/20/10	0.1049	EUR	No	C50.9	8500/3	C50.9	Yes	Yes	0.3024	0.1	61	NA	ILC	6.904033928	0:LIVING	10c9be1e-2cc0-45e4-8d2c-c013ea63ef05	M0	N0	T1C	Tumor Free	6.904033928	0:CENSORED	NA	No	White	No	-12	1	Primary	Female	Matched	BRCA_LumA	49	No	Yes	Cureline	AN	2.033333333	Breast	Infiltrating Lobular Carcinoma	-32	0	Low	High
TCGA-AN-A0FT-01	-0.203891161846129	-0.156645400549223	TCGA-AN-A0FT	63	STAGE IIB	NA	19	-11	Breast Cancer	BRCA	Breast Invasive Ductal Carcinoma	214	-23300	0	7.035539337	0:DiseaseFree	7.035539337	0:ALIVE OR DEAD TUMOR FREE	Not Hispanic Or Latino	12/28/10	0.5805	EUR	No	C50.9	8500/3	C50.9	Yes	Yes	0.2927	0.5	83	NA	IDC	7.035539337	0:LIVING	baf5e81f-2322-41ec-9053-b9559a7993bc	M0	N1	T2	Tumor Free	7.035539337	0:CENSORED	NA	No	White	No	0	1	Primary	Female	Matched	BRCA_LumA	400	No	Yes	Cureline	AN	2.8	Breast	Infiltrating Ductal Carcinoma	-8	0	Low	Low
TCGA-AN-A0FV-01	-0.0128351431893214	0.0058419032487418	TCGA-AN-A0FV	58	STAGE IIA	7TH	19	19	Breast Cancer	BRCA	Breast Invasive Ductal Carcinoma	10	-21479	0	0.32876352	0:DiseaseFree	0.32876352	0:ALIVE OR DEAD TUMOR FREE	Not Hispanic Or Latino	12/28/10	0.5399	EUR	No	C50.9	8500/3	C50.9	Yes	Yes	0.2554	0.67	81	NA	IDC	0.32876352	0:LIVING	2e8e70f2-c781-44c2-8f12-1f8c2f536aa3	M0	N0	T2	Tumor Free	0.32876352	0:CENSORED	NA	No	White	No	16	1	Primary	Female	Matched	BRCA_Her2	199	No	Yes	Cureline	AN	2.7	Breast	Infiltrating Ductal Carcinoma	36	0	Low	High
TCGA-AN-A0FW-01	-0.00279909051770388	-0.0789868239870246	TCGA-AN-A0FW	67	STAGE IIIA	NA	20	-13	Breast Cancer	BRCA	Breast Invasive Ductal Carcinoma	11	-24692	0	0.361639872	0:DiseaseFree	0.361639872	0:ALIVE OR DEAD TUMOR FREE	Not Hispanic Or Latino	12/28/10	0.1949	EUR	No	C50.9	8500/3	C50.9	Yes	Yes	0.3358	0.56	108	No	IDC	0.361639872	0:LIVING	e112b452-8850-4353-bfed-0dbdc243290b	M0	N2	T2	Tumor Free	0.361639872	0:CENSORED	NA	No	White	No	10	1	Primary	Female	Matched	BRCA_LumA	290	No	Yes	Cureline	AN	3.566666667	Breast	Infiltrating Ductal Carcinoma	0	0	High	Low
TCGA-AN-A0FX-01	0.0694381816377115	0.102109203370869	TCGA-AN-A0FX	52	STAGE IIA	NA	14	17	Breast Cancer	BRCA	Breast Invasive Ductal Carcinoma	10	-19309	0	0.32876352	0:DiseaseFree	0.32876352	0:ALIVE OR DEAD TUMOR FREE	Not Hispanic Or Latino	11/28/10	0.5402	EUR	No	C50.9	8500/3	C50.9	Yes	Yes	0.3678	0.53	117	NA	IDC	0.32876352	0:LIVING	13b860c3-8048-4dc9-9eb0-7480bc660837	M0	N0	T2	Tumor Free	0.32876352	0:CENSORED	NA	No	White	No	12	1	Primary	Female	Matched	BRCA_Basal	193	No	Yes	Cureline	AN	4	Breast	Infiltrating Ductal Carcinoma	24	0	High	High
TCGA-AN-A0FY-01	0.0955187467094135	0.0285202824566019	TCGA-AN-A0FY	55	STAGE IA	7TH	19	19	Breast Cancer	BRCA	Breast Invasive Ductal Carcinoma	10	-20347	0	0.32876352	0:DiseaseFree	0.32876352	0:ALIVE OR DEAD TUMOR FREE	Not Hispanic Or Latino	12/29/10	0.35	EUR	No	C50.9	8500/3	C50.9	Yes	Yes	0.2826	1.39	49	NA	IDC	0.32876352	0:LIVING	de75d0b9-0f47-4732-8df5-05c350cfcd32	M0	N0	T1C	Tumor Free	0.32876352	0:CENSORED	NA	No	White	No	16	1	Primary	Female	Matched	BRCA_LumB	195	No	Yes	Cureline	AN	1.6	Breast	Infiltrating Ductal Carcinoma	8	0	High	High
TCGA-AN-A0FZ-01	0.175884889859196	0.0267852769406765	TCGA-AN-A0FZ	45	STAGE IIIA	NA	16	-9	Breast Cancer	BRCA	Breast Invasive Ductal Carcinoma	10	-16533	0	0.32876352	0:DiseaseFree	0.32876352	0:ALIVE OR DEAD TUMOR FREE	Not Hispanic Or Latino	12/29/10	0.4504	EUR	No	C50.9	8500/3	C50.9	Yes	Yes	0.2641	0.5	67	NA	IDC	0.32876352	0:LIVING	8240c4ae-f878-4882-aa07-7857c7ac52cf	M0	N2	T2	Tumor Free	0.32876352	0:CENSORED	NA	No	White	No	-2	1	Primary	Female	Matched	BRCA_LumA	446	No	Yes	Cureline	AN	2.233333333	Breast	Infiltrating Ductal Carcinoma	-18	0	High	High
TCGA-AN-A0G0-01	-0.0489535841213061	-0.0210631897728992	TCGA-AN-A0G0	56	STAGE IIA	NA	NA	11	Breast Cancer	BRCA	Breast Invasive Ductal Carcinoma	16	-20504	0	0.526021633	0:DiseaseFree	0.526021633	0:ALIVE OR DEAD TUMOR FREE	Not Hispanic Or Latino	12/29/10	NA	EUR	No	C50.9	8500/3	C50.9	Yes	No	0.3083	0.73	32	NA	IDC	0.526021633	0:LIVING	96312510-c126-485d-8109-ed81844a1dc3	M0	N0	T2	Tumor Free	0.526021633	0:CENSORED	NA	No	White	Yes	18	1	Primary	Female	Matched	NA	3662	No	Yes	Cureline	AN	1.066666667	Breast	Infiltrating Ductal Carcinoma	12	0	Low	Low
TCGA-AN-A0XL-01	0.0487276656331158	0.0366645378794792	TCGA-AN-A0XL	61	STAGE IIA	7TH	13	-31	Breast Cancer	BRCA	Breast Invasive Ductal Carcinoma	163	-22341	0	5.358845383	0:DiseaseFree	5.358845383	0:ALIVE OR DEAD TUMOR FREE	Not Hispanic Or Latino	3/25/11	0.3332	EUR	No	C50.9	8500/3	C50.9	Yes	Yes	NA	0.09	33	NA	IDC	5.358845383	0:LIVING	4649dee3-b668-44cd-ab97-3834de3ef8f8	M0	N0	T2	Tumor Free	5.358845383	0:CENSORED	Yes	No	White	No	0	1	Primary	Female	Matched	BRCA_LumA	37	No	Yes	Cureline	AN	1.1	Breast	Infiltrating Ductal Carcinoma	-30	0	High	High
TCGA-AN-A0XN-01	-0.00690807083347637	0.0349437956782014	TCGA-AN-A0XN	68	STAGE IIIA	7TH	12	19	Breast Cancer	BRCA	Breast Invasive Ductal Carcinoma	10	-25029	0	0.32876352	0:DiseaseFree	0.32876352	0:ALIVE OR DEAD TUMOR FREE	Not Hispanic Or Latino	3/25/11	0.5133	EUR	No	C50.9	8500/3	C50.9	Yes	Yes	0.3135	0.45	146	NA	IDC	0.32876352	0:LIVING	4e3699da-4367-4a43-9d66-a117d3ad460d	M0	N2	T2	Tumor Free	0.32876352	0:CENSORED	Yes	No	White	No	6	1	Primary	Female	Matched	BRCA_LumA	443	No	Yes	Cureline	AN	4.866666667	Breast	Infiltrating Ductal Carcinoma	10	0	High	High
TCGA-AN-A0XO-01	-0.0150238085296317	-0.0288345067467601	TCGA-AN-A0XO	59	STAGE IIIA	7TH	4	-11	Breast Cancer	BRCA	Breast Invasive Ductal Carcinoma	375	-21640	0	12.32863202	0:DiseaseFree	12.32863202	0:ALIVE OR DEAD TUMOR FREE	Not Hispanic Or Latino	5/1/11	0.2092	EUR	No	C50.9	8500/3	C50.9	Yes	Yes	0.3185	0.1	34	NA	IDC	12.32863202	0:LIVING	195b6731-6ae6-416e-a345-0eb8874a0ca2	M0	N2	T2	Tumor Free	12.32863202	0:CENSORED	Yes	No	White	No	0	1	Primary	Female	Matched	BRCA_LumA	44	No	Yes	Cureline	AN	1.1	Breast	Infiltrating Ductal Carcinoma	0	0	Low	Low
TCGA-AN-A0XP-01	-0.0283993095011647	-0.0741147191334756	TCGA-AN-A0XP	69	STAGE IIIA	7TH	14	-39	Breast Cancer	BRCA	Breast Invasive Ductal Carcinoma	9	-25305	0	0.295887168	0:DiseaseFree	0.295887168	0:ALIVE OR DEAD TUMOR FREE	Not Hispanic Or Latino	3/25/11	0.1617	EUR	No	C50.9	8500/3	C50.9	Yes	Yes	0.2804	0.03	25	NA	IDC	0.295887168	0:LIVING	cf0e7e4e-b857-4db5-9ae2-551a899f77be	M0	N2	T2	NA	0.295887168	0:CENSORED	Yes	No	White	No	-12	1	Primary	Female	Matched	BRCA_LumA	9	No	Yes	Cureline	AN	0.866666667	Breast	Infiltrating Ductal Carcinoma	-32	0	Low	Low
TCGA-AN-A0XR-01	-0.00390107779580806	-0.0506708755170393	TCGA-AN-A0XR	55	STAGE IIIA	7TH	6	-7	Breast Cancer	BRCA	Breast Invasive Ductal Carcinoma	10	-20381	0	0.32876352	0:DiseaseFree	0.32876352	0:ALIVE OR DEAD TUMOR FREE	Not Hispanic Or Latino	3/25/11	0.1201	EUR	No	C50.9	8500/3	C50.9	Yes	Yes	0.2961	0.36	30	NA	IDC	0.32876352	0:LIVING	f51af6db-2655-47fb-9ffc-83a503a728ea	M0	N2	T2	NA	0.32876352	0:CENSORED	Yes	No	White	No	10	1	Primary	Female	Matched	BRCA_LumB	53	No	Yes	Cureline	AN	1	Breast	Infiltrating Ductal Carcinoma	-8	0	High	Low
TCGA-AN-A0XS-01	0.024060894000072	-0.0186575353478801	TCGA-AN-A0XS	63	STAGE IIIA	7TH	19	-33	Breast Cancer	BRCA	Breast Invasive Ductal Carcinoma	10	-23358	0	0.32876352	0:DiseaseFree	0.32876352	0:ALIVE OR DEAD TUMOR FREE	Not Hispanic Or Latino	3/28/11	0.0804	EUR	No	C50.9	8500/3	C50.9	Yes	Yes	0.2944	0.04	26	No	IDC	0.32876352	0:LIVING	95e949d3-b1f3-46c6-9451-8fe92c99e4cf	M0	N2	T2	NA	0.32876352	0:CENSORED	Yes	No	White	No	-12	1	Primary	Female	Matched	BRCA_LumA	6	No	Yes	Cureline	AN	0.866666667	Breast	Infiltrating Ductal Carcinoma	-32	0	High	Low
TCGA-AN-A0XT-01	0.155472067974212	0.0732372910964105	TCGA-AN-A0XT	54	STAGE IIIA	7TH	9	-35	Breast Cancer	BRCA	Breast Invasive Ductal Carcinoma	10	-19794	0	0.32876352	0:DiseaseFree	0.32876352	0:ALIVE OR DEAD TUMOR FREE	Not Hispanic Or Latino	3/28/11	0.3076	EUR	No	C50.9	8500/3	C50.9	Yes	Yes	0.2982	0.31	11	NA	IDC	0.32876352	0:LIVING	3e25056d-d137-49f5-abaa-f68509426600	M0	N2	T2	NA	0.32876352	0:CENSORED	Yes	No	White	No	-14	1	Primary	Female	Matched	BRCA_LumA	125	No	Yes	Cureline	AN	0.366666667	Breast	Infiltrating Ductal Carcinoma	-36	0	High	High
TCGA-AN-A0XU-01	0.0850608345543455	0.0494794183638314	TCGA-AN-A0XU	54	STAGE IIA	7TH	10	35	Breast Cancer	BRCA	Breast Invasive Ductal Carcinoma	10	-20052	0	0.32876352	0:DiseaseFree	0.32876352	0:ALIVE OR DEAD TUMOR FREE	Not Hispanic Or Latino	3/28/11	0.4834	EUR	No	C50.9	8500/3	C50.9	Yes	Yes	0.3016	1.04	114	NA	IDC	0.32876352	0:LIVING	a1da9db1-db11-4f4d-a249-c738db81b87e	M0	N0	T2	NA	0.32876352	0:CENSORED	Yes	No	White	No	28	1	Primary	Female	Matched	BRCA_Basal	341	No	Yes	Cureline	AN	3.833333333	Breast	Infiltrating Ductal Carcinoma	30	0	High	High
TCGA-AN-A0XV-01	-0.00161742282495001	0.000775041095203508	TCGA-AN-A0XV	67	STAGE IIIA	7TH	2	-17	Breast Cancer	BRCA	Breast Invasive Ductal Carcinoma	162	-24779	0	5.325969031	0:DiseaseFree	5.325969031	0:ALIVE OR DEAD TUMOR FREE	Not Hispanic Or Latino	3/29/11	0.0851	EUR	No	C50.9	8500/3	C50.9	Yes	Yes	0.2715	0.08	32	No	IDC	5.325969031	0:LIVING	ac18b3a3-8d52-4e35-8625-673171a7fd92	M0	N2	T2	NA	5.325969031	0:CENSORED	Yes	No	White	No	0	1	Primary	Female	Matched	BRCA_LumA	132	No	Yes	Cureline	AN	1.066666667	Breast	Infiltrating Ductal Carcinoma	-26	0	High	High
TCGA-AN-A0XW-01	-0.0823830098606867	-0.00552888235401834	TCGA-AN-A0XW	36	STAGE IIIA	7TH	6	-3	Breast Cancer	BRCA	Breast Invasive Ductal Carcinoma	170	-13208	0	5.588979847	0:DiseaseFree	5.588979847	0:ALIVE OR DEAD TUMOR FREE	Not Hispanic Or Latino	3/29/11	0.2488	EUR	No	C50.9	8500/3	C50.9	Yes	Yes	0.2638	0.21	288	No	IDC	5.588979847	0:LIVING	39de7761-e762-4811-b95c-8216b79ae06b	M0	N2	T2	NA	5.588979847	0:CENSORED	Yes	No	White	No	10	1	Primary	Female	Matched	BRCA_LumA	158	No	Yes	Cureline	AN	9.6	Breast	Infiltrating Ductal Carcinoma	-18	0	Low	High
TCGA-AO-A03L-01	-0.105098634717858	-0.0842247903349519	TCGA-AO-A03L	34	STAGE IIIA	6TH	23	-7	Breast Cancer	BRCA	Breast Invasive Ductal Carcinoma	2442	-12443	0	80.28405168	0:DiseaseFree	80.28405168	0:ALIVE OR DEAD TUMOR FREE	Not Hispanic Or Latino	12/7/10	0.6527	SAS_ADMIX	No	C50.9	8500/3	C50.9	Yes	Yes	0.2649	0.1	27	NA	IDC	80.28405168	0:LIVING	1174f6e4-ffbe-4e59-a000-8d861c968369	M0	N2	T3	Tumor Free	80.28405168	0:CENSORED	NA	No	Asian	Yes	16	1	Primary	Female	Matched	BRCA_LumA	201	No	Yes	MSKCC	AO	0.933333333	Breast	Infiltrating Ductal Carcinoma	14	0	Low	Low
TCGA-AO-A03M-01	0.0573137628939692	-0.0275158597949091	TCGA-AO-A03M	29	STAGE I	6TH	14	9	Breast Cancer	BRCA	Breast Invasive Ductal Carcinoma	1866	-10616	0	61.34727291	0:DiseaseFree	61.34727291	0:ALIVE OR DEAD TUMOR FREE	Not Hispanic Or Latino	1/9/11	0.163	EUR	No	C50.9	8500/3	C50.9	Yes	Yes	NA	0.07	754	No	IDC	61.34727291	0:LIVING	095c7985-3842-494f-b591-706ad1cd2133	M0	N0 (I-)	T1C	Tumor Free	61.34727291	0:CENSORED	NA	No	White	No	16	1	Primary	Female	Matched	BRCA_LumA	131	No	Yes	MSKCC	AO	25.26666667	Breast	Infiltrating Ductal Carcinoma	16	0	High	Low
TCGA-AO-A03N-01	-0.189349351448329	-0.177913549129643	TCGA-AO-A03N	59	STAGE IIB	6TH	23	9	Breast Cancer	BRCA	Breast Invasive Ductal Carcinoma	2031	-21816	0	54.08159911	1:Recurred/Progressed	66.77187099	0:ALIVE OR DEAD TUMOR FREE	Not Hispanic Or Latino	1/13/11	0.4975	EUR	No	C50.9	8500/3	C50.9	Yes	Yes	NA	0.23	91	Yes	IDC	66.77187099	0:LIVING	9435447e-d65f-408b-863b-6576b1d652dd	M0	N1A	T2	With Tumor	54.08159911	1:PROGRESSION	NA	No	White	No	16	1	Primary	Female	Matched	BRCA_LumB	138	No	Yes	MSKCC	AO	3	Breast	Infiltrating Ductal Carcinoma	18	0	Low	Low
TCGA-AO-A03O-01	-0.0295210348106842	-0.0966281523316808	TCGA-AO-A03O	69	STAGE IIA	NA	24	-5	Breast Cancer	BRCA	Breast Invasive Ductal Carcinoma	NA	-25362	0	81.63198212	0:DiseaseFree	81.63198212	0:ALIVE OR DEAD TUMOR FREE	Not Hispanic Or Latino	9/19/10	0.3537	AFR_ADMIX	No	C50.9	8500/3	C50.9	Yes	Yes	0.2729	0.88	72	NA	IDC	81.63198212	1:DECEASED	1111fb30-46ce-4722-98da-ec9ba2323d90	M0	N0 (I-)	T2	Tumor Free	81.63198212	0:CENSORED	NA	No	Black or African American	No	18	1	Primary	Female	Matched	BRCA_LumB	499	No	Yes	MSKCC	AO	2.466666667	Breast	Infiltrating Ductal Carcinoma	-22	1	Low	Low
TCGA-AO-A03P-01	-0.0420381639846626	-0.120195535939851	TCGA-AO-A03P	54	STAGE IIB	6TH	11	-15	Breast Cancer	BRCA	Breast Invasive Ductal Carcinoma	2576	-19724	0	NA	NA	95.70306079	1:DEAD WITH TUMOR	Not Hispanic Or Latino	9/19/10	0.4219	AFR	No	C50.9	8500/3	C50.9	Yes	Yes	0.239	1.02	41	Yes	IDC	95.70306079	1:DECEASED	2d4c778c-7f77-4f0a-8261-2086accf15fd	M0	N1	T2	With Tumor	63.18834862	1:PROGRESSION	NA	No	Black or African American	Yes	4	1	Primary	Female	Matched	BRCA_LumB	392	No	Yes	MSKCC	AO	1.333333333	Breast	Infiltrating Ductal Carcinoma	-6	1	Low	Low
TCGA-AO-A03R-01	-0.112050377265203	-0.143799639114736	TCGA-AO-A03R	57	STAGE IIB	NA	8	9	Breast Cancer	BRCA	Breast Invasive Ductal Carcinoma	2091	-20930	0	68.74445212	0:DiseaseFree	68.74445212	0:ALIVE OR DEAD TUMOR FREE	Not Hispanic Or Latino	9/19/10	0.2442	EUR	No	C50.9	8500/3	C50.9	Yes	Yes	0.2568	0.09	36	No	IDC	68.74445212	0:LIVING	2e82e576-3095-4aee-9853-65f676647c34	M0	N1A	T2	Tumor Free	68.74445212	0:CENSORED	NA	No	White	Yes	4	1	Primary	Female	Matched	BRCA_Normal	37	No	Yes	MSKCC	AO	1.233333333	Breast	Infiltrating Ductal Carcinoma	-4	0	Low	Low
TCGA-AO-A03T-01	-0.0598169924874413	-0.0576872819906663	TCGA-AO-A03T	42	STAGE IIB	6TH	6	13	Breast Cancer	BRCA	Breast Invasive Ductal Carcinoma	1456	-15540	0	69.82937173	0:DiseaseFree	69.82937173	0:ALIVE OR DEAD TUMOR FREE	Not Hispanic Or Latino	9/19/10	0.2679	EUR	No	C50.9	8500/3	C50.9	Yes	Yes	0.2639	0.02	89	No	IDC	69.82937173	0:LIVING	dd6b64a8-d546-4fd1-bbbd-ac9703791cae	M0	N1A	T2	Tumor Free	69.82937173	0:CENSORED	NA	No	White	Yes	14	1	Primary	Female	Matched	BRCA_Normal	50	No	Yes	MSKCC	AO	2.966666667	Breast	Infiltrating Ductal Carcinoma	-10	0	Low	Low
TCGA-AO-A03U-01	-0.0117158997477014	0.105973851328561	TCGA-AO-A03U	31	STAGE I	6TH	1	-21	Breast Cancer	BRCA	Breast Invasive Carcinoma (NOS)	NA	-11354	0	58.94729921	0:DiseaseFree	58.94729921	0:ALIVE OR DEAD TUMOR FREE	Not Hispanic Or Latino	1/9/11	0.001	EUR	No	C50.9	8502/3	C50.9	Yes	Yes	NA	0.01	5	Yes	BRCNOS	58.94729921	1:DECEASED	0685edd2-ce1c-4e0e-8dda-393139af4223	M0	N0 (I-)	T1C	Tumor Free	53.06243219	1:PROGRESSION	NA	No	White	No	-16	1	Primary	Female	Matched	BRCA_Normal	6	No	Yes	MSKCC	AO	0.166666667	Breast	Other	-26	1	Low	High
TCGA-AO-A03V-01	0.12501109288283	0.0462889224475046	TCGA-AO-A03V	41	STAGE I	6TH	7	-21	Breast Cancer	BRCA	Breast Invasive Ductal Carcinoma	886	-15284	0	44.41595161	0:DiseaseFree	44.41595161	0:ALIVE OR DEAD TUMOR FREE	Not Hispanic Or Latino	1/9/11	0.3132	EUR	No	C50.9	8500/3	C50.9	Yes	Yes	0.2742	0.23	51	NA	IDC	44.41595161	0:LIVING	a6cb373a-1604-4e25-bd81-da6c3e4f06ee	M0	N0 (I-)	T1C	Tumor Free	44.41595161	0:CENSORED	NA	No	White	No	-8	1	Primary	Female	Matched	BRCA_LumA	302	No	Yes	MSKCC	AO	1.7	Breast	Infiltrating Ductal Carcinoma	-18	0	High	High
TCGA-AO-A0J2-01	-0.151899061484295	-0.138667753504268	TCGA-AO-A0J2	41	STAGE IA	NA	9	31	Breast Cancer	BRCA	Breast Invasive Ductal Carcinoma	997	-15324	0	32.77772298	0:DiseaseFree	32.77772298	0:ALIVE OR DEAD TUMOR FREE	Not Hispanic Or Latino	9/19/10	0.7158	EUR	No	C50.9	8500/3	C50.9	Yes	Yes	0.2894	1.15	53	No	IDC	32.77772298	0:LIVING	d2f2560c-ec80-4fea-9474-c47a2e85ea95	M0	N0 (I-)	T1C	Tumor Free	32.77772298	0:CENSORED	NA	No	White	No	16	1	Primary	Female	Matched	BRCA_Her2	298	No	Yes	MSKCC	AO	1.766666667	Breast	Infiltrating Ductal Carcinoma	18	0	Low	Low
TCGA-AO-A0J3-01	0.0029848927234311	-0.0605005758545926	TCGA-AO-A0J3	67	STAGE IIB	NA	12	-19	Breast Cancer	BRCA	Breast Invasive Carcinoma (NOS)	651	-24519	0	21.40250518	0:DiseaseFree	21.40250518	0:ALIVE OR DEAD TUMOR FREE	Not Hispanic Or Latino	9/19/10	0.5363	EUR	No	C50.9	8523/3	C50.9	Yes	Yes	0.288	0.77	76	No	BRCNOS	21.40250518	0:LIVING	39cde586-df95-435f-b9a6-73b0c0ee5e92	M0	N1B	T2	Tumor Free	21.40250518	0:CENSORED	NA	No	White	Yes	0	1	Primary	Female	Matched	BRCA_LumB	220	No	Yes	MSKCC	AO	2.533333333	Breast	Other	-24	0	High	Low
TCGA-AO-A0J4-01	0.0701577777115361	0.0393158289582435	TCGA-AO-A0J4	41	STAGE IA	NA	19	23	Breast Cancer	BRCA	Breast Invasive Ductal Carcinoma	1587	-15052	0	52.17477069	0:DiseaseFree	52.17477069	0:ALIVE OR DEAD TUMOR FREE	Not Hispanic Or Latino	9/19/10	0.4434	AFR	No	C50.9	8500/3	C50.9	Yes	Yes	0.2752	0.14	101	No	IDC	52.17477069	0:LIVING	a9b7d7fe-be31-4f71-afee-c1bfdf511888	M0	N0 (I-)	T1C	Tumor Free	52.17477069	0:CENSORED	NA	No	Black or African American	Yes	20	1	Primary	Female	Matched	BRCA_Basal	159	No	Yes	MSKCC	AO	3.466666667	Breast	Infiltrating Ductal Carcinoma	20	0	High	High
TCGA-AO-A0J5-01	0.0813562408176989	0.0910995466692867	TCGA-AO-A0J5	48	STAGE IV	NA	3	-33	Breast Cancer	BRCA	Breast Invasive Carcinoma (NOS)	705	-17815	0	NA	NA	26.03807082	1:DEAD WITH TUMOR	Not Hispanic Or Latino	12/7/10	0.1273	EUR	Yes	C50.9	8523/3	C50.9	Yes	Yes	0.277	0.12	54	No	BRCNOS	26.03807082	1:DECEASED	c1442467-d618-435f-8792-b1a18f696f1a	M1	N1A	T4	With Tumor	26.03807082	1:PROGRESSION	NA	No	White	Yes	2	1	Primary	Female	Matched	BRCA_LumA	111	No	Yes	MSKCC	AO	1.766666667	Breast	Other	-48	1	High	High
TCGA-AO-A0J6-01	-0.0725010361964618	-0.0851636943617702	TCGA-AO-A0J6	61	STAGE IIA	NA	5	31	Breast Cancer	BRCA	Breast Invasive Ductal Carcinoma	1140	-22462	0	37.47904133	0:DiseaseFree	37.47904133	0:ALIVE OR DEAD TUMOR FREE	Not Hispanic Or Latino	9/19/10	0.4668	EUR	No	C50.9	8500/3	C50.9	Yes	Yes	0.2929	0.67	100	No	IDC	37.47904133	0:LIVING	e9f4f373-37a5-48ad-a1a0-b0d47820111a	M0	N0 (I-)	T2	Tumor Free	37.47904133	0:CENSORED	NA	No	White	Yes	16	1	Primary	Female	Matched	BRCA_Basal	164	No	Yes	MSKCC	AO	3.333333333	Breast	Infiltrating Ductal Carcinoma	26	0	Low	Low
TCGA-AO-A0J7-01	-0.00773757856382931	-0.0857336393586713	TCGA-AO-A0J7	71	STAGE IIB	NA	15	-17	Breast Cancer	BRCA	Breast Invasive Carcinoma (NOS)	618	-26281	0	20.31758556	0:DiseaseFree	20.31758556	0:ALIVE OR DEAD TUMOR FREE	Not Hispanic Or Latino	9/19/10	0.7671	EUR	No	C50.9	8523/3	C50.9	Yes	Yes	0.2727	1.24	18	No	BRCNOS	20.31758556	0:LIVING	9536bec0-dae0-4d63-a1b3-956741835243	M0	N1	T2	Tumor Free	20.31758556	0:CENSORED	NA	No	White	Yes	10	1	Primary	Female	Matched	BRCA_LumB	5	No	Yes	MSKCC	AO	0.6	Breast	Other	-12	0	High	Low
TCGA-AO-A0J8-01	-0.0338790926256347	-0.051020231016588	TCGA-AO-A0J8	61	STAGE IIA	NA	6	-29	Breast Cancer	BRCA	Breast Invasive Lobular Carcinoma	680	-22284	0	22.35591939	0:DiseaseFree	22.35591939	0:ALIVE OR DEAD TUMOR FREE	Not Hispanic Or Latino	9/19/10	0.1308	EUR	No	C50.9	8520/3	C50.9	Yes	Yes	0.2595	0.15	22	No	ILC	22.35591939	0:LIVING	02bf5203-f9cd-4c5a-97b4-e5584dc22325	M0	N0 (I+)	T2	Tumor Free	22.35591939	0:CENSORED	NA	No	White	Yes	-12	1	Primary	Female	Matched	BRCA_LumA	3	No	Yes	MSKCC	AO	0.733333333	Breast	Infiltrating Lobular Carcinoma	-36	0	Low	Low
TCGA-AO-A0J9-01	-0.0481179084553534	0.00538434433711207	TCGA-AO-A0J9	61	STAGE IIIC	NA	17	-23	Breast Cancer	BRCA	Breast Invasive Lobular Carcinoma	1613	-22642	0	35.04619128	1:Recurred/Progressed	53.02955584	0:ALIVE OR DEAD TUMOR FREE	Not Hispanic Or Latino	9/19/10	0.3623	EUR	No	C50.9	8520/3	C50.9	Yes	Yes	0.2677	0.05	106	Yes	ILC	53.02955584	0:LIVING	a4903de8-6cf5-4541-8ec7-065beace8b44	M0	N3	T2	With Tumor	35.04619128	1:PROGRESSION	NA	No	White	Yes	4	1	Primary	Female	Matched	BRCA_LumA	16	No	Yes	MSKCC	AO	3.566666667	Breast	Infiltrating Lobular Carcinoma	0	0	Low	High
TCGA-AO-A0JA-01	-0.0163150935885483	0.0407437298041615	TCGA-AO-A0JA	36	STAGE IIIC	NA	10	-33	Breast Cancer	BRCA	Breast Invasive Ductal Carcinoma	655	-13307	0	4.701318342	1:Recurred/Progressed	21.53401059	0:ALIVE OR DEAD TUMOR FREE	Not Hispanic Or Latino	9/19/10	0.3029	AFR_ADMIX	No	C50.9	8500/3	C50.9	Yes	Yes	0.2673	0.11	19	Yes	IDC	21.53401059	0:LIVING	86b7b206-8e69-432d-acc9-bccce710955e	M0	N3	T2	With Tumor	4.701318342	1:PROGRESSION	NA	No	Black or African American	No	8	1	Primary	Female	Matched	BRCA_LumA	60	No	Yes	MSKCC	AO	0.7	Breast	Infiltrating Ductal Carcinoma	-26	0	Low	High
TCGA-AO-A0JB-01	-0.108876029769208	-0.0940688905186129	TCGA-AO-A0JB	50	STAGE IIIA	NA	7	-7	Breast Cancer	BRCA	Breast Invasive Ductal Carcinoma	1542	-18561	0	50.69533485	0:DiseaseFree	50.69533485	0:ALIVE OR DEAD TUMOR FREE	Not Hispanic Or Latino	9/19/10	0.4249	EUR	No	C50.9	8500/3	C50.9	Yes	Yes	0.2855	0.96	93	No	IDC	50.69533485	0:LIVING	3ea9412b-429e-4dcf-90cd-c53be06885a1	M0	N1A	T3	Tumor Free	50.69533485	0:CENSORED	NA	No	White	Yes	2	1	Primary	Female	Matched	BRCA_Normal	161	No	Yes	MSKCC	AO	3.133333333	Breast	Infiltrating Ductal Carcinoma	-6	0	Low	Low
TCGA-AO-A0JC-01	0.0617623782980312	0.113083854026613	TCGA-AO-A0JC	64	STAGE IIA	NA	NA	-41	Breast Cancer	BRCA	Breast Invasive Ductal Carcinoma	1547	-23404	0	50.85971661	0:DiseaseFree	50.85971661	0:ALIVE OR DEAD TUMOR FREE	Not Hispanic Or Latino	9/20/10	1e-04	EUR	No	C50.9	8500/3	C50.9	Yes	Yes	0.2592	0.01	136	No	IDC	50.85971661	0:LIVING	03565036-b6d3-432f-8d9a-7099818e0788	M0	N0 (I-)	T2	Tumor Free	50.85971661	0:CENSORED	NA	No	White	Yes	-8	1	Primary	Female	Matched	BRCA_LumA	0	No	Yes	MSKCC	AO	4.566666667	Breast	Infiltrating Ductal Carcinoma	-66	0	High	High
TCGA-AO-A0JD-01	-0.0799270300255675	-0.0656060482433946	TCGA-AO-A0JD	59	STAGE IIIA	NA	7	7	Breast Cancer	BRCA	Breast Invasive Ductal Carcinoma	2190	-21831	0	71.99921097	0:DiseaseFree	71.99921097	0:ALIVE OR DEAD TUMOR FREE	Not Hispanic Or Latino	9/20/10	0.3929	EUR	No	C50.9	8500/3	C50.9	Yes	Yes	0.2721	0.18	100	No	IDC	71.99921097	0:LIVING	0a229f95-0ea1-4d63-953e-74f5ec2f3028	M0	N1A	T3	Tumor Free	71.99921097	0:CENSORED	NA	No	White	Yes	16	1	Primary	Female	Matched	BRCA_LumB	286	No	Yes	MSKCC	AO	3.366666667	Breast	Infiltrating Ductal Carcinoma	14	0	Low	Low
TCGA-AO-A0JE-01	-0.0252042414189776	0.0145131063555859	TCGA-AO-A0JE	53	STAGE IIIA	NA	12	-5	Breast Cancer	BRCA	Breast Invasive Ductal Carcinoma	2335	-19516	0	NA	NA	76.76628201	0:ALIVE OR DEAD TUMOR FREE	Not Hispanic Or Latino	9/20/10	0.3619	AFR	No	C50.9	8500/3	C50.9	Yes	Yes	0.2746	0.15	45	No	IDC	76.76628201	0:LIVING	36fe6152-f61e-4948-9ccc-23ac01a9d77d	M0	N2A	T2	Tumor Free	76.76628201	0:CENSORED	NA	No	Black or African American	Yes	14	1	Primary	Female	Matched	BRCA_Her2	259	No	Yes	MSKCC	AO	1.5	Breast	Infiltrating Ductal Carcinoma	8	0	Low	High
TCGA-AO-A0JF-01	0.00984458055191911	0.0524682843491307	TCGA-AO-A0JF	68	STAGE IIA	NA	2	-35	Breast Cancer	BRCA	Breast Invasive Ductal Carcinoma	1980	-24923	0	65.09517704	0:DiseaseFree	65.09517704	0:ALIVE OR DEAD TUMOR FREE	Not Hispanic Or Latino	9/20/10	0.0531	EUR	No	C50.9	8500/3	C50.9	Yes	Yes	0.2755	0	26	No	IDC	65.09517704	0:LIVING	f357fe19-5359-4662-8ce9-aa996132283b	M0	N1A	T1C	Tumor Free	65.09517704	0:CENSORED	NA	No	White	Yes	-14	1	Primary	Female	Matched	BRCA_LumA	3	No	Yes	MSKCC	AO	0.866666667	Breast	Infiltrating Ductal Carcinoma	-32	0	High	High
TCGA-AO-A0JG-01	0.0185706337104972	0.043856824042271	TCGA-AO-A0JG	49	STAGE IIIA	NA	6	-39	Breast Cancer	BRCA	Breast Invasive Carcinoma (NOS)	798	-18021	0	NA	NA	26.23532893	0:ALIVE OR DEAD TUMOR FREE	Not Hispanic Or Latino	9/20/10	0.2284	EUR	No	C50.9	8523/3	C50.9	Yes	Yes	0.2799	0.02	16	No	BRCNOS	26.23532893	0:LIVING	58959e88-54e2-4558-9664-2effda7403dc	M0	N2A	T2	Tumor Free	26.23532893	0:CENSORED	NA	No	White	Yes	-24	1	Primary	Female	Matched	BRCA_LumA	109	No	Yes	MSKCC	AO	0.533333333	Breast	Other	-42	0	High	High
TCGA-AO-A0JI-01	0.173159695168398	0.0444557053606604	TCGA-AO-A0JI	56	STAGE IIA	NA	7	-27	Breast Cancer	BRCA	Breast Invasive Ductal Carcinoma	1528	-20694	0	50.23506592	0:DiseaseFree	50.23506592	0:ALIVE OR DEAD TUMOR FREE	Not Hispanic Or Latino	12/7/10	0.2489	EUR	No	C50.9	8500/3	C50.9	Yes	Yes	0.2769	0.28	15	No	IDC	50.23506592	0:LIVING	e17c565c-9857-4df3-a352-903b53093c85	M0	N1	T1C	Tumor Free	50.23506592	0:CENSORED	NA	No	White	No	0	1	Primary	Female	Matched	BRCA_LumA	48	No	Yes	MSKCC	AO	0.466666667	Breast	Infiltrating Ductal Carcinoma	-32	0	High	High
TCGA-AO-A0JJ-01	-0.0298624088152244	0.00848251976388122	TCGA-AO-A0JJ	54	STAGE IIB	NA	4	-35	Breast Cancer	BRCA	Breast Invasive Lobular Carcinoma	1887	-19758	0	62.0376763	0:DiseaseFree	62.0376763	0:ALIVE OR DEAD TUMOR FREE	Not Hispanic Or Latino	9/20/10	0.1567	EUR	No	C50.9	8520/3	C50.9	Yes	Yes	0.2537	0.03	16	No	ILC	62.0376763	0:LIVING	bef7b135-a727-45e8-850a-cc4cd56c49aa	M0	N1A	T2	Tumor Free	62.0376763	0:CENSORED	NA	No	White	Yes	-6	1	Primary	Female	Matched	BRCA_LumA	13	No	Yes	MSKCC	AO	0.5	Breast	Infiltrating Lobular Carcinoma	-52	0	Low	High
TCGA-AO-A0JL-01	-0.13257105941289	-0.0898392476761168	TCGA-AO-A0JL	59	STAGE IIIA	NA	25	15	Breast Cancer	BRCA	Breast Invasive Ductal Carcinoma	1683	-21895	0	55.33090048	0:DiseaseFree	55.33090048	0:ALIVE OR DEAD TUMOR FREE	Not Hispanic Or Latino	9/20/10	0.631	EUR	No	C50.9	8500/3	C50.9	Yes	No	NA	1.34	0	No	IDC	55.33090048	0:LIVING	d5d8e76e-2f2a-49bc-ba0a-d51283611b16	M0	N2A	T2	Tumor Free	55.33090048	0:CENSORED	NA	No	White	Yes	16	1	Primary	Female	Matched	NA	243	No	Yes	MSKCC	AO	0	Breast	Infiltrating Ductal Carcinoma	6	0	Low	Low
TCGA-AO-A0JM-01	-0.17295928369465	-0.149032011173932	TCGA-AO-A0JM	40	STAGE IIB	NA	15	-9	Breast Cancer	BRCA	Breast Invasive Ductal Carcinoma	2184	-14653	0	71.80195286	0:DiseaseFree	71.80195286	0:ALIVE OR DEAD TUMOR FREE	Hispanic Or Latino	9/20/10	0.3307	NA	No	C50.9	8500/3	C50.9	Yes	Yes	0.2626	0.38	35	No	IDC	71.80195286	0:LIVING	44bec761-b603-49c0-8634-f6bfe0319bb1	M0	N1	T2	Tumor Free	71.80195286	0:CENSORED	NA	No	NA	Yes	16	1	Primary	Female	Matched	BRCA_LumB	245	No	Yes	MSKCC	AO	1.166666667	Breast	Infiltrating Ductal Carcinoma	18	0	Low	Low
TCGA-AO-A124-01	0.0114891728797808	0.0391513751286351	TCGA-AO-A124	38	STAGE IIA	5TH	15	23	Breast Cancer	BRCA	Breast Invasive Carcinoma (NOS)	3506	-14174	0	115.2644903	0:DiseaseFree	115.2644903	0:ALIVE OR DEAD TUMOR FREE	Not Hispanic Or Latino	12/7/10	0.7327	EUR	No	C50.9	8523/3	C50.9	Yes	Yes	0.3181	2.42	135	No	BRCNOS	115.2644903	0:LIVING	b094e8b2-8ece-4b36-8025-18073a8b873c	M0	N0 (I-)	T2	Tumor Free	115.2644903	0:CENSORED	NA	No	White	No	12	1	Primary	Female	Matched	BRCA_Basal	412	No	Yes	MSKCC	AO	4.533333333	Breast	Other	12	0	High	High
TCGA-AO-A125-01	-0.00337791541856722	-0.0678519690143905	TCGA-AO-A125	72	STAGE IIA	5TH	5	-17	Breast Cancer	BRCA	Breast Invasive Carcinoma (NOS)	3019	-26466	0	113.6206727	0:DiseaseFree	113.6206727	0:ALIVE OR DEAD TUMOR FREE	Not Hispanic Or Latino	12/7/10	0.1154	AFR	No	C50.9	8050/3	C50.9	Yes	Yes	NA	0.2	31	NA	BRCNOS	113.6206727	0:LIVING	8577ffcb-242e-40e2-98d4-2831d952be34	M0	N0 (I-)	T2	Tumor Free	113.6206727	0:CENSORED	NA	No	Black or African American	No	-4	1	Primary	Female	Matched	BRCA_LumA	2	No	Yes	MSKCC	AO	1.033333333	Breast	Other	-22	0	High	Low
TCGA-AO-A126-01	-0.0925886102281944	-0.0499312944371848	TCGA-AO-A126	39	STAGE IIA	NA	4	-9	Breast Cancer	BRCA	Breast Invasive Ductal Carcinoma	3307	-14264	0	8.777985995	1:Recurred/Progressed	108.7220962	0:ALIVE OR DEAD TUMOR FREE	Not Hispanic Or Latino	12/7/10	0.1535	EAS	No	C50.9	8500/3	C50.9	Yes	Yes	NA	0.16	20	Yes	IDC	108.7220962	0:LIVING	cc0902fd-a2fc-4327-929e-d4219e32e1d7	M0	N0 (I-)	T2	Tumor Free	8.777985995	1:PROGRESSION	NA	No	Asian	Yes	-10	1	Primary	Female	Matched	BRCA_LumA	83	No	Yes	MSKCC	AO	0.633333333	Breast	Infiltrating Ductal Carcinoma	-12	0	Low	Low
TCGA-AO-A128-01	-0.023871571689169	0.0281074242725207	TCGA-AO-A128	61	STAGE IIA	NA	25	-3	Breast Cancer	BRCA	Breast Invasive Ductal Carcinoma	3248	-22340	0	106.7823914	0:DiseaseFree	106.7823914	0:ALIVE OR DEAD TUMOR FREE	Not Hispanic Or Latino	12/7/10	0.1548	EUR	No	C50.9	8500/3	C50.9	Yes	Yes	0.3857	1.03	826	No	IDC	106.7823914	0:LIVING	016caf42-4e19-4444-ab5d-6cf1e76c4afa	M0	N0 (I-)	T2	Tumor Free	106.7823914	0:CENSORED	NA	No	White	Yes	4	1	Primary	Female	Matched	BRCA_Basal	65	No	Yes	MSKCC	AO	27.96666667	Breast	Infiltrating Ductal Carcinoma	-46	0	Low	High
TCGA-AO-A129-01	-0.134288939980983	-0.0811720515842388	TCGA-AO-A129	29	STAGE IIB	5TH	9	33	Breast Cancer	BRCA	Breast Invasive Ductal Carcinoma	3286	-10898	0	108.0316928	0:DiseaseFree	108.0316928	0:ALIVE OR DEAD TUMOR FREE	Not Hispanic Or Latino	12/8/10	0.3991	EUR	No	C50.9	8500/3	C50.9	Yes	Yes	NA	0.07	109	No	IDC	108.0316928	0:LIVING	c70ee5e1-4703-4996-bb5c-f4cca0fb53ba	M0	N1A	T2	Tumor Free	108.0316928	0:CENSORED	NA	No	White	Yes	24	1	Primary	Female	Matched	BRCA_Basal	278	No	Yes	MSKCC	AO	3.666666667	Breast	Infiltrating Ductal Carcinoma	10	0	Low	Low
TCGA-AO-A12A-01	0.0152752564416462	0.0211106605882314	TCGA-AO-A12A	47	STAGE IIA	6TH	25	-39	Breast Cancer	BRCA	Breast Invasive Ductal Carcinoma	2755	-17420	0	NA	NA	102.3112076	0:ALIVE OR DEAD TUMOR FREE	Not Hispanic Or Latino	12/8/10	0.1372	EUR	No	C50.9	8500/3	C50.9	Yes	Yes	0.2771	0.02	14	NA	IDC	102.3112076	0:LIVING	99927651-34be-4795-893a-128d8a1fdb30	M0	N0 (I+)	T2	Tumor Free	102.3112076	0:CENSORED	NA	No	White	No	-6	1	Primary	Female	Matched	BRCA_LumA	3	No	Yes	MSKCC	AO	0.466666667	Breast	Infiltrating Ductal Carcinoma	-18	0	High	High
TCGA-AO-A12B-01	0.0233095286337544	-0.0393754283992518	TCGA-AO-A12B	63	STAGE IIA	6TH	19	-29	Breast Cancer	BRCA	Breast Invasive Ductal Carcinoma	2989	-23150	0	98.26741625	0:DiseaseFree	98.26741625	0:ALIVE OR DEAD TUMOR FREE	Hispanic Or Latino	12/8/10	0.1121	NA	No	C50.9	8500/3	C50.9	Yes	Yes	NA	0.15	18	No	IDC	98.26741625	0:LIVING	f6ed684f-ee7a-496c-80d5-6eacd494d16a	M0	N0 (I-)	T2	Tumor Free	98.26741625	0:CENSORED	NA	No	White	No	-14	1	Primary	Female	Matched	BRCA_LumA	3	No	Yes	MSKCC	AO	0.6	Breast	Infiltrating Ductal Carcinoma	-34	0	High	Low
TCGA-AO-A12D-01	-0.024558186873874	0.0349548041279219	TCGA-AO-A12D	43	STAGE IIA	6TH	16	-15	Breast Cancer	BRCA	Breast Invasive Ductal Carcinoma	2515	-15774	0	82.68402538	0:DiseaseFree	82.68402538	0:ALIVE OR DEAD TUMOR FREE	Not Hispanic Or Latino	12/8/10	0.325	EUR	No	C50.9	8500/3	C50.9	Yes	Yes	0.2829	0.07	53	No	IDC	82.68402538	0:LIVING	2fe854b4-bac9-4801-9a1c-ee99388e8082	M0	N1A	T1C	Tumor Free	82.68402538	0:CENSORED	NA	No	White	Yes	6	1	Primary	Female	Matched	BRCA_Her2	306	No	Yes	MSKCC	AO	1.766666667	Breast	Infiltrating Ductal Carcinoma	-32	0	Low	High
TCGA-AO-A12E-01	0.0378794071432986	0.0220290561659503	TCGA-AO-A12E	51	STAGE IIB	6TH	18	-13	Breast Cancer	BRCA	Breast Invasive Lobular Carcinoma	1743	-18721	0	70.42114607	0:DiseaseFree	70.42114607	0:ALIVE OR DEAD TUMOR FREE	Not Hispanic Or Latino	12/8/10	0.4013	EUR	No	C50.9	8520/3	C50.9	Yes	Yes	NA	0	27	NA	ILC	70.42114607	0:LIVING	2cbeadff-a8a3-4787-9d4e-f6b74c3ab5d9	M0	N0 (I+)	T3	Tumor Free	70.42114607	0:CENSORED	NA	No	White	Yes	12	1	Primary	Female	Matched	BRCA_LumA	47	No	Yes	MSKCC	AO	0.9	Breast	Infiltrating Lobular Carcinoma	-10	0	High	High
TCGA-AO-A12F-01	-0.138184858880945	-0.102611690832558	TCGA-AO-A12F	36	STAGE IIA	6TH	21	11	Breast Cancer	BRCA	Breast Invasive Ductal Carcinoma	1471	-13409	0	60.55824046	0:DiseaseFree	60.55824046	0:ALIVE OR DEAD TUMOR FREE	Not Hispanic Or Latino	12/8/10	0.6214	EUR	No	C50.9	8500/3	C50.9	Yes	Yes	0.3132	1.59	35	NA	IDC	60.55824046	0:LIVING	495f9eda-b9be-4eef-bae1-766a4bfbd68e	M0	N0 (I-)	T2	Tumor Free	60.55824046	0:CENSORED	NA	No	White	Yes	14	1	Primary	Female	Matched	BRCA_Basal	290	No	Yes	MSKCC	AO	1.166666667	Breast	Infiltrating Ductal Carcinoma	8	0	Low	Low
TCGA-AO-A12G-01	-0.0938363721896154	-0.0938083939865039	TCGA-AO-A12G	75	STAGE IIA	6TH	6	-21	Breast Cancer	BRCA	Breast Invasive Carcinoma (NOS)	1266	-27705	0	53.88434099	0:DiseaseFree	53.88434099	0:ALIVE OR DEAD TUMOR FREE	Not Hispanic Or Latino	12/8/10	0.2741	EUR	No	C50.9	8022/3	C50.9	Yes	Yes	NA	0.16	34	NA	BRCNOS	53.88434099	0:LIVING	58c56d4b-3f85-4aad-a779-5f9e1791677d	M0	N0 (I+)	T2	Tumor Free	53.88434099	0:CENSORED	NA	No	White	No	2	1	Primary	Female	Matched	BRCA_LumA	83	No	Yes	MSKCC	AO	1.133333333	Breast	Other	-16	0	Low	Low
TCGA-AO-A12H-01	0.00742600088245554	-0.0234596346411208	TCGA-AO-A12H	69	STAGE IIA	6TH	0	-27	Breast Cancer	BRCA	Breast Invasive Carcinoma (NOS)	1234	-25515	0	40.56941842	0:DiseaseFree	40.56941842	0:ALIVE OR DEAD TUMOR FREE	Not Hispanic Or Latino	12/8/10	0	AFR	No	C50.9	8523/3	C50.9	Yes	Yes	0.2725	0.02	21	No	BRCNOS	40.56941842	0:LIVING	b5b99291-507e-4b68-a039-9a0f571f55df	M0	N0 (I-)	T2	Tumor Free	40.56941842	0:CENSORED	NA	No	Black or African American	No	-14	1	Primary	Female	Matched	BRCA_LumA	4	No	Yes	MSKCC	AO	0.7	Breast	Other	-38	0	High	Low
TCGA-AO-A1KO-01	0.161514761466454	0.225720999512235	TCGA-AO-A1KO	46	STAGE IIB	6TH	NA	-37	Breast Cancer	BRCA	Breast Invasive Lobular Carcinoma	448	-16817	0	20.44909097	0:DiseaseFree	20.44909097	0:ALIVE OR DEAD TUMOR FREE	Not Hispanic Or Latino	4/1/11	0	EUR	No	C50.9	8520/3	C50.9	Yes	Yes	0.3223	0.53	5	NA	ILC	20.44909097	0:LIVING	c25898b4-eb33-42f4-bf3f-bf532a929e7d	M0	N0 (I+)	T3	Tumor Free	20.44909097	0:CENSORED	Yes	No	White	No	-18	1	Primary	Female	Matched	BRCA_Normal	2	No	Yes	MSKCC	AO	0.166666667	Breast	Infiltrating Lobular Carcinoma	-30	0	High	High
TCGA-AO-A1KP-01	0.0797496674009845	0.0233037194712978	TCGA-AO-A1KP	77	STAGE IIA	6TH	7	-23	Breast Cancer	BRCA	Breast Invasive Ductal Carcinoma	2513	-28247	0	97.08386757	0:DiseaseFree	97.08386757	0:ALIVE OR DEAD TUMOR FREE	Not Hispanic Or Latino	4/1/11	0.1817	EUR	No	C50.9	8500/3	C50.9	Yes	Yes	0.2922	0.23	16	NA	IDC	97.08386757	0:LIVING	3aaabc62-f5a4-4025-9b29-5adf82c86c84	M0	N1	T1	Tumor Free	97.08386757	0:CENSORED	Yes	No	White	No	8	1	Primary	Female	Matched	BRCA_LumB	29	No	Yes	MSKCC	AO	0.533333333	Breast	Infiltrating Ductal Carcinoma	-30	0	High	High
TCGA-AO-A1KQ-01	-0.0710350309588644	-0.134507322585602	TCGA-AO-A1KQ	84	STAGE IIIB	6TH	NA	13	Breast Cancer	BRCA	Breast Invasive Ductal Carcinoma	1882	-30859	0	61.87329454	0:DiseaseFree	61.87329454	0:ALIVE OR DEAD TUMOR FREE	Not Hispanic Or Latino	4/1/11	0.5026	EUR	No	C50.9	8500/3	C50.9	Yes	No	NA	NA	0	No	IDC	61.87329454	0:LIVING	d2219a3f-4c55-4dee-9b08-c6f330dd1acf	M0	N1	T4	Tumor Free	61.87329454	0:CENSORED	Yes	No	White	No	18	1	Primary	Male	Matched	NA	145	No	Yes	MSKCC	AO	0	Breast	Infiltrating Ductal Carcinoma	16	0	Low	Low
TCGA-AO-A1KR-01	-0.192775998536563	-0.196855755497394	TCGA-AO-A1KR	51	STAGE IIA	6TH	13	23	Breast Cancer	BRCA	Breast Invasive Ductal Carcinoma	2513	-18900	0	82.61827268	0:DiseaseFree	82.61827268	0:ALIVE OR DEAD TUMOR FREE	Not Hispanic Or Latino	9/15/11	0.4509	EUR	No	C50.9	8500/3	C50.9	Yes	Yes	0.313	0.18	63	No	IDC	82.61827268	0:LIVING	b7f74ae1-6f58-447c-be50-a7666eb19d9a	M0	N0	T2	Tumor Free	82.61827268	0:CENSORED	Yes	No	White	No	20	1	Primary	Female	Matched	BRCA_Basal	326	No	Yes	MSKCC	AO	2.133333333	Breast	Infiltrating Ductal Carcinoma	10	0	Low	Low
TCGA-AO-A1KS-01	0.0865168929946205	0.0804546480270464	TCGA-AO-A1KS	69	STAGE IIA	7TH	24	-15	Breast Cancer	BRCA	Breast Invasive Lobular Carcinoma	16	-25230	0	11.50672321	0:DiseaseFree	11.50672321	0:ALIVE OR DEAD TUMOR FREE	Not Hispanic Or Latino	4/1/11	0.4859	EUR	No	C50.9	8520/3	C50.9	Yes	Yes	0.3351	0.26	33	NA	ILC	11.50672321	0:LIVING	bb8d42d3-ad65-4d88-ae1d-f9aadfc7962d	M0	N0 (I-)	T2	Tumor Free	11.50672321	0:CENSORED	Yes	No	White	Yes	4	1	Primary	Female	Matched	BRCA_LumB	119	No	Yes	MSKCC	AO	1.1	Breast	Infiltrating Lobular Carcinoma	-18	0	High	High
TCGA-AO-A1KT-01	-0.0279198186068232	-0.0569400494619445	TCGA-AO-A1KT	78	STAGE IIA	6TH	11	23	Breast Cancer	BRCA	Breast Invasive Ductal Carcinoma	541	-28660	0	17.78610645	0:DiseaseFree	17.78610645	0:ALIVE OR DEAD TUMOR FREE	Not Hispanic Or Latino	4/1/11	0.3513	EUR	No	C50.9	8500/3	C50.9	Yes	Yes	0.3339	0.96	35	NA	IDC	17.78610645	0:LIVING	1f8f87cb-8a0b-474c-97fb-c71b4fd88d97	M0	N1	T1	Tumor Free	17.78610645	0:CENSORED	Yes	NA	White	Yes	20	1	Primary	Female	Matched	BRCA_LumB	69	No	Yes	MSKCC	AO	1.166666667	Breast	Infiltrating Ductal Carcinoma	34	0	Low	Low
TCGA-AQ-A04H-01	0.173565208215582	0.0177381546822183	TCGA-AQ-A04H	61	STAGE IIIA	6TH	15	-9	Breast Cancer	BRCA	Breast Invasive Ductal Carcinoma	754	-22539	0	24.78876944	0:DiseaseFree	24.78876944	0:ALIVE OR DEAD TUMOR FREE	Not Hispanic Or Latino	12/15/10	0.4203	EUR	No	C50.9	8500/3	C50.9	Yes	Yes	0.2685	0.73	60	No	IDC	24.78876944	0:LIVING	83f943c7-3975-4b4f-985d-9c057741793b	MX	N2A	T2	Tumor Free	24.78876944	0:CENSORED	NA	No	White	Yes	6	1	Primary	Female	Matched	BRCA_LumB	240	No	Yes	UNC	AQ	2	Breast	Infiltrating Ductal Carcinoma	-20	0	High	High
TCGA-AQ-A04J-01	-0.0267159332335105	0.080546530180831	TCGA-AQ-A04J	45	STAGE IIA	NA	5	15	Breast Cancer	BRCA	Breast Invasive Ductal Carcinoma	819	-16615	0	26.92573232	0:DiseaseFree	26.92573232	0:ALIVE OR DEAD TUMOR FREE	Not Hispanic Or Latino	10/15/10	0.3431	EUR	No	C50.9	8500/3	C50.9	Yes	Yes	0.2782	0.01	69	No	IDC	26.92573232	0:LIVING	9938ce5c-e74e-446e-a932-f096f85cc3b1	M0	N0 (I+)	T2	Tumor Free	26.92573232	0:CENSORED	NA	No	White	No	14	1	Primary	Female	Matched	BRCA_Basal	118	No	Yes	UNC	AQ	2.3	Breast	Infiltrating Ductal Carcinoma	-6	0	Low	High
TCGA-AQ-A04L-01	-0.0410603231659168	-0.0290455070551911	TCGA-AQ-A04L	48	STAGE IIA	5TH	19	15	Breast Cancer	BRCA	Breast Invasive Ductal Carcinoma	3957	-17759	0	130.091725	0:DiseaseFree	130.091725	0:ALIVE OR DEAD TUMOR FREE	Not Hispanic Or Latino	12/15/10	0.5876	EUR	No	C50.9	8500/3	C50.9	Yes	No	NA	1.8	0	No	IDC	130.091725	0:LIVING	78582fbc-dcc7-48ae-9f95-5271c9bc5b72	MX	N0 (I-)	T2	Tumor Free	130.091725	0:CENSORED	NA	No	White	No	10	1	Primary	Female	Matched	NA	488	No	Yes	UNC	AQ	0	Breast	Infiltrating Ductal Carcinoma	10	0	Low	Low
TCGA-AQ-A0Y5-01	0.00484871342036806	0.0235838649476693	TCGA-AQ-A0Y5	70	STAGE IIIA	7TH	20	7	Breast Cancer	BRCA	Breast Invasive Ductal Carcinoma	NA	-25793	0	5.654732551	0:DiseaseFree	5.654732551	0:ALIVE OR DEAD TUMOR FREE	Not Hispanic Or Latino	4/7/11	0.4961	EUR	Yes	C50.9	8500/3	C50.9	Yes	Yes	0.3277	0.27	56	NA	IDC	5.654732551	1:DECEASED	d0b78f3f-a198-437a-ab8c-204345d3b75d	MX	N2A	T2	Tumor Free	5.654732551	0:CENSORED	Yes	Yes	White	No	6	1	Primary	Female	Matched	BRCA_LumA	213	Yes	No	UNC	AQ	1.833333333	Breast	Infiltrating Ductal Carcinoma	16	1	High	High
TCGA-AQ-A1H2-01	-0.000298833501442104	-0.0564084141411271	TCGA-AQ-A1H2	84	STAGE IIIA	7TH	10	-19	Breast Cancer	BRCA	Breast Invasive Ductal Carcinoma	475	-30958	0	15.61626722	0:DiseaseFree	15.61626722	0:ALIVE OR DEAD TUMOR FREE	Not Hispanic Or Latino	4/20/11	0.3295	EUR	No	C50.9	8500/3	C50.9	Yes	Yes	0.306	0.19	24	No	IDC	15.61626722	0:LIVING	4d120899-9a80-4736-b097-285e9e261bcb	MX	N2A	T2	Tumor Free	15.61626722	0:CENSORED	Yes	No	White	Yes	-10	1	Primary	Female	Matched	BRCA_LumA	89	Yes	No	UNC	AQ	0.8	Breast	Infiltrating Ductal Carcinoma	-22	0	High	Low
TCGA-AQ-A1H3-01	0.0671707774990298	0.0686386967713371	TCGA-AQ-A1H3	49	STAGE IIIC	7TH	9	-33	Breast Cancer	BRCA	Breast Invasive Ductal Carcinoma	989	-18177	0	32.51471217	0:DiseaseFree	32.51471217	0:ALIVE OR DEAD TUMOR FREE	Not Hispanic Or Latino	4/20/11	0.2038	EUR	No	C50.9	8500/3	C50.9	Yes	Yes	0.3378	0.28	19	No	IDC	32.51471217	0:LIVING	82ec33dd-e783-4c74-9a87-797a699e11df	MX	N3A	T2	Tumor Free	32.51471217	0:CENSORED	Yes	No	White	Yes	2	1	Primary	Female	Matched	BRCA_LumA	6	Yes	No	UNC	AQ	0.666666667	Breast	Infiltrating Ductal Carcinoma	-22	0	High	High
TCGA-AQ-A54N-01	-0.212388959845497	-0.161592613813122	TCGA-AQ-A54N	51	STAGE IIA	7TH	23	-1	Breast Cancer	BRCA	Breast Invasive Ductal Carcinoma	78	-18741	0	2.564355459	0:DiseaseFree	2.564355459	0:ALIVE OR DEAD TUMOR FREE	Hispanic Or Latino	2/26/13	0.6816	AFR	No	C50.9	8500/3	C50.9	Yes	No	0.331	1.1	0	NA	IDC	2.564355459	0:LIVING	58090433-D8D1-4499-A235-810C3E9D5B74	M0	N0	T2	Tumor Free	2.564355459	0:CENSORED	Yes	Yes	Black or African American	No	4	1	Primary	Female	Matched	NA	494	Yes	No	UNC	AQ	0	Breast	Infiltrating Ductal Carcinoma	-10	0	Low	Low
TCGA-AQ-A54O-01	-0.153349405001024	-0.199208329911841	TCGA-AQ-A54O	51	STAGE IIA	7TH	20	-17	Breast Cancer	BRCA	Breast Invasive Ductal Carcinoma	1001	-18694	0	32.90922839	0:DiseaseFree	32.90922839	0:ALIVE OR DEAD TUMOR FREE	Not Hispanic Or Latino	2/26/13	0.4149	AFR	No	C50.9	8500/3	C50.9	Yes	No	0.2926	0.08	18	No	IDC	32.90922839	0:LIVING	35CA5E2A-861A-4DD2-A4CE-D294CF080DA3	M0	N0	T2	Tumor Free	32.90922839	0:CENSORED	Yes	Yes	Black or African American	No	-10	1	Primary	Male	Matched	NA	129	Yes	No	UNC	AQ	0.6	Breast	Infiltrating Ductal Carcinoma	-16	0	Low	Low
TCGA-AQ-A7U7-01	0.0187655712125879	0.0971253554811484	TCGA-AQ-A7U7	55	STAGE IIIA	7TH	10	-43	Breast Cancer	BRCA	Breast Invasive Lobular Carcinoma	304	-20239	0	19.19978959	0:DiseaseFree	19.19978959	0:ALIVE OR DEAD TUMOR FREE	Not Hispanic Or Latino	12/18/13	0.2481	EUR	No	C50.9	8520/3	C50.9	Yes	Yes	0.3192	0	58	No	ILC	19.19978959	1:DECEASED	19015644-9C17-4AE7-A656-0FE8623C04AE	M0	N2A	T2	Tumor Free	19.19978959	0:CENSORED	Yes	Yes	White	Yes	-12	1	Primary	Female	Matched	BRCA_LumA	51	Yes	No	UNC	AQ	1.933333333	Breast	Infiltrating Lobular Carcinoma	-38	1	High	High
TCGA-AR-A0TP-01	0.122378184218848	0.138305758089833	TCGA-AR-A0TP	43	STAGE IIA	6TH	5	21	Breast Cancer	BRCA	Breast Invasive Ductal Carcinoma	4275	-15812	0	140.546405	0:DiseaseFree	140.546405	0:ALIVE OR DEAD TUMOR FREE	Not Hispanic Or Latino	2/25/11	0.5144	EUR	No	C50.9	8500/3	C50.9	Yes	Yes	0.3145	1.38	54	No	IDC	140.546405	0:LIVING	ab89bb2e-da84-4116-a8cd-49aad7bbfd4d	M0	N0	T2	NA	140.546405	0:CENSORED	NA	No	White	Yes	18	1	Primary	Female	Matched	BRCA_Basal	145	No	Yes	Mayo	AR	1.8	Breast	Infiltrating Ductal Carcinoma	8	0	High	High
TCGA-AR-A0TQ-01	0.042902074487359	-0.0212895177269446	TCGA-AR-A0TQ	27	STAGE IIIA	6TH	11	-3	Breast Cancer	BRCA	Breast Invasive Ductal Carcinoma	2991	-9873	0	98.33316895	0:DiseaseFree	98.33316895	0:ALIVE OR DEAD TUMOR FREE	Not Hispanic Or Latino	3/7/11	0.1275	EUR	No	C50.9	8500/3	C50.9	Yes	Yes	0.2818	0.13	31	No	IDC	98.33316895	0:LIVING	5dc1bee9-c44d-4fdc-9ae5-83426c4d6880	M0	N1	T3	Tumor Free	98.33316895	0:CENSORED	NA	No	White	Yes	20	1	Primary	Female	Matched	BRCA_LumB	91	No	Yes	Mayo	AR	1.066666667	Breast	Infiltrating Ductal Carcinoma	0	0	High	Low
TCGA-AR-A0TR-01	0.126551317629189	0.0241376945372992	TCGA-AR-A0TR	68	STAGE IIB	NA	19	-35	Breast Cancer	BRCA	Breast Invasive Ductal Carcinoma	NA	-25190	0	5.260216326	0:DiseaseFree	5.260216326	NA	Not Hispanic Or Latino	3/8/11	0.6024	EUR	No	C50.9	8500/3	C50.9	Yes	Yes	0.2857	0.26	31	No	IDC	5.260216326	1:DECEASED	d1703dbd-5c93-4cf2-a4d1-0d90640882bd	M0	N1	T2	NA	5.260216326	0:CENSORED	NA	No	White	No	-18	1	Primary	Female	Matched	BRCA_LumA	23	No	Yes	Mayo	AR	1.033333333	Breast	Infiltrating Ductal Carcinoma	-42	1	High	High
TCGA-AR-A0TS-01	0.066788754166767	0.132759726598074	TCGA-AR-A0TS	46	STAGE IIB	6TH	14	-19	Breast Cancer	BRCA	Breast Invasive Ductal Carcinoma	2558	-17141	0	84.09770852	0:DiseaseFree	84.09770852	0:ALIVE OR DEAD TUMOR FREE	Not Hispanic Or Latino	3/8/11	0.0895	EUR	No	C50.9	8500/3	C50.9	Yes	Yes	0.2793	0	69	No	IDC	84.09770852	0:LIVING	972447aa-4332-47e7-bddd-2eb699dbb664	M0	N1	T2	NA	84.09770852	0:CENSORED	NA	No	White	Yes	6	1	Primary	Female	Matched	BRCA_Basal	103	No	Yes	Mayo	AR	2.3	Breast	Infiltrating Ductal Carcinoma	-30	0	High	High
TCGA-AR-A0TT-01	-0.0457549786478827	-0.00926610986225936	TCGA-AR-A0TT	53	STAGE IIIA	6TH	12	-19	Breast Cancer	BRCA	Breast Invasive Ductal Carcinoma	3316	-19679	0	109.0179834	0:DiseaseFree	109.0179834	0:ALIVE OR DEAD TUMOR FREE	NA	3/8/11	0.3875	AFR_ADMIX	No	C50.9	8500/3	C50.9	Yes	Yes	0.2872	0.22	55	No	IDC	109.0179834	0:LIVING	13ca97a1-75bb-4a49-b8c3-181e5b2c9e86	M0	N2	T2	NA	109.0179834	0:CENSORED	NA	No	Black or African American	Yes	8	1	Primary	Female	Matched	BRCA_LumB	485	No	Yes	Mayo	AR	1.833333333	Breast	Infiltrating Ductal Carcinoma	-34	0	Low	High
TCGA-AR-A0TU-01	-0.176940939141036	-0.158297760564287	TCGA-AR-A0TU	35	STAGE IIA	6TH	NA	15	Breast Cancer	BRCA	Breast Invasive Ductal Carcinoma	709	-13039	0	23.3093336	0:DiseaseFree	23.3093336	0:ALIVE OR DEAD TUMOR FREE	NA	3/10/11	NA	EUR	No	C50.9	8500/3	C50.9	Yes	No	0.3095	1.08	64	No	IDC	23.3093336	0:LIVING	dfe6db17-cf45-488e-bd3c-b8433d7343ca	M0	N0	T2	Tumor Free	23.3093336	0:CENSORED	NA	No	NA	No	14	1	Primary	Female	Matched	NA	211	No	Yes	Mayo	AR	2.066666667	Breast	Infiltrating Ductal Carcinoma	0	0	Low	Low
TCGA-AR-A0TV-01	0.0997354236762354	-0.0122264086759824	TCGA-AR-A0TV	66	STAGE IIA	6TH	15	-1	Breast Cancer	BRCA	Breast Invasive Ductal Carcinoma	2288	-24279	0	75.22109347	0:DiseaseFree	75.22109347	0:ALIVE OR DEAD TUMOR FREE	NA	3/10/11	0.3859	EUR	No	C50.9	8500/3	C50.9	Yes	Yes	0.2892	0.3	57	No	IDC	75.22109347	0:LIVING	6439621e-da61-4723-91cc-c5d87d0a4abc	M0	N0	T2	Tumor Free	75.22109347	0:CENSORED	NA	No	NA	No	10	1	Primary	Female	Matched	BRCA_LumB	278	No	Yes	Mayo	AR	1.9	Breast	Infiltrating Ductal Carcinoma	-26	0	High	High
TCGA-AR-A0TW-01	-0.0701162427127551	-0.177574162455449	TCGA-AR-A0TW	50	STAGE IIIA	NA	16	-3	Breast Cancer	BRCA	Breast Invasive Ductal Carcinoma	3009	-18263	0	24.29562416	1:Recurred/Progressed	98.92494329	0:ALIVE OR DEAD TUMOR FREE	Not Hispanic Or Latino	3/10/11	0.4849	EUR	No	C50.9	8500/3	C50.9	Yes	Yes	0.2729	0.2	48	No	IDC	98.92494329	0:LIVING	8da3d6cf-381b-4d1b-93fa-41fd9d2b2e66	M0	N1	T3	NA	24.29562416	1:PROGRESSION	NA	No	White	No	-8	1	Primary	Female	Matched	BRCA_LumA	436	No	Yes	Mayo	AR	1.6	Breast	Infiltrating Ductal Carcinoma	-2	0	Low	Low
TCGA-AR-A0TX-01	0.038674568887581	0.0426758580400712	TCGA-AR-A0TX	64	STAGE IIA	NA	7	-9	Breast Cancer	BRCA	Breast Invasive Ductal Carcinoma	1972	-23653	0	64.83216622	0:DiseaseFree	64.83216622	0:ALIVE OR DEAD TUMOR FREE	NA	3/10/11	0.2237	EUR	No	C50.9	8500/3	C50.9	Yes	Yes	0.2842	0.08	276	NA	IDC	64.83216622	0:LIVING	c364e81c-eb1e-4870-ab37-9c661f5f2e3d	M0	N1	T1	NA	64.83216622	0:CENSORED	NA	No	NA	Yes	8	1	Primary	Female	Matched	BRCA_Her2	193	No	Yes	Mayo	AR	9.3	Breast	Infiltrating Ductal Carcinoma	-24	0	High	High
TCGA-AR-A0TY-01	0.0511661754063063	-0.0641809464768537	TCGA-AR-A0TY	54	STAGE IIA	NA	8	3	Breast Cancer	BRCA	Breast Invasive Ductal Carcinoma	NA	-19836	0	17.88473551	1:Recurred/Progressed	55.85692212	1:DEAD WITH TUMOR	Not Hispanic Or Latino	3/10/11	0.3607	EUR	No	C50.9	8500/3	C50.9	Yes	Yes	0.2519	0.75	78	Yes	IDC	55.85692212	1:DECEASED	da1c58a7-c6bd-47d9-95c2-8d2ac70e20e4	M0	N0	T2	NA	17.88473551	1:PROGRESSION	NA	No	White	No	14	1	Primary	Female	Matched	BRCA_LumB	263	No	Yes	Mayo	AR	2.7	Breast	Infiltrating Ductal Carcinoma	2	1	High	Low
TCGA-AR-A0TZ-01	0.192870973194767	0.0843013031578381	TCGA-AR-A0TZ	43	STAGE IIIA	NA	9	-29	Breast Cancer	BRCA	Breast Invasive Ductal Carcinoma	2316	-15720	0	43.16665023	1:Recurred/Progressed	107.2426604	NA	Not Hispanic Or Latino	3/7/11	0.8185	EUR	No	C50.9	8500/3	C50.9	Yes	Yes	0.3295	0.45	55	Yes	IDC	107.2426604	1:DECEASED	c7c34fd9-3021-45b7-b6ff-30b4196585a8	M1	N2	T2	NA	43.16665023	1:PROGRESSION	NA	No	White	Yes	4	1	Primary	Female	Matched	BRCA_LumA	83	No	Yes	Mayo	AR	1.866666667	Breast	Infiltrating Ductal Carcinoma	-24	1	High	High
TCGA-AR-A0U0-01	-0.171264520840724	-0.123718889870213	TCGA-AR-A0U0	73	STAGE IIB	NA	20	17	Breast Cancer	BRCA	Breast Invasive Ductal Carcinoma	1988	-26993	0	65.35818786	0:DiseaseFree	65.35818786	0:ALIVE OR DEAD TUMOR FREE	NA	3/7/11	0.4875	EUR	No	C50.9	8500/3	C50.9	Yes	Yes	0.2984	0.78	37	No	IDC	65.35818786	0:LIVING	e3c336f5-c32f-4c5d-81fb-e2408ae145b2	M0	N1	T2	NA	65.35818786	0:CENSORED	NA	No	White	Yes	14	1	Primary	Female	Matched	BRCA_Basal	73	No	Yes	Mayo	AR	1.233333333	Breast	Infiltrating Ductal Carcinoma	-2	0	Low	Low
TCGA-AR-A0U1-01	0.0172037462988292	0.056035630157602	TCGA-AR-A0U1	36	STAGE IIB	6TH	6	NA	Breast Cancer	BRCA	Breast Invasive Ductal Carcinoma	4052	-13467	0	133.2149785	0:DiseaseFree	133.2149785	0:ALIVE OR DEAD TUMOR FREE	Not Hispanic Or Latino	2/28/11	0.4237	EUR	No	C50.9	8500/3	C50.9	Yes	No	0.2682	0.15	78	No	IDC	133.2149785	0:LIVING	17d9e646-6ab3-40b3-a0bc-2c834d3c3213	M0	N1	T2	NA	133.2149785	0:CENSORED	NA	No	White	Yes	NA	1	Primary	Female	Matched	NA	193	No	Yes	Mayo	AR	2.566666667	Breast	Infiltrating Ductal Carcinoma	NA	0	High	High
TCGA-AR-A0U2-01	0.120978961090702	0.0692575537146712	TCGA-AR-A0U2	47	STAGE IIIA	NA	22	-7	Breast Cancer	BRCA	Breast Invasive Ductal Carcinoma	NA	-17390	0	52.89805043	1:Recurred/Progressed	83.86757405	1:DEAD WITH TUMOR	Not Hispanic Or Latino	2/24/11	0.6621	EUR	No	C50.9	8500/3	C50.9	Yes	Yes	0.3097	1.19	43	Yes	IDC	83.86757405	1:DECEASED	9ad603dc-3fd0-44f5-ae4e-64eeb1ae8d6d	M0	N2	T2	With Tumor	52.89805043	1:PROGRESSION	NA	No	White	Yes	16	1	Primary	Female	Matched	BRCA_LumB	167	No	Yes	Mayo	AR	1.433333333	Breast	Infiltrating Ductal Carcinoma	-22	1	High	High
TCGA-AR-A0U3-01	0.00797797968480534	-0.0338056730480908	TCGA-AR-A0U3	59	STAGE IIB	6TH	14	-5	Breast Cancer	BRCA	Breast Invasive Ductal Carcinoma	4080	-21755	0	134.1355163	0:DiseaseFree	134.1355163	0:ALIVE OR DEAD TUMOR FREE	Hispanic Or Latino	2/25/11	0.5081	EUR	No	C50.9	8500/3	C50.9	Yes	Yes	0.2992	0.58	31	No	IDC	134.1355163	0:LIVING	c5f00132-1c6b-4337-af6f-596c652665cc	M0	N1	T2	NA	134.1355163	0:CENSORED	NA	No	White	Yes	14	1	Primary	Female	Matched	BRCA_LumA	226	No	Yes	Mayo	AR	1.033333333	Breast	Infiltrating Ductal Carcinoma	-16	0	High	Low
TCGA-AR-A0U4-01	-0.0274721705858282	0.0178318447506602	TCGA-AR-A0U4	54	STAGE IIA	6TH	11	27	Breast Cancer	BRCA	Breast Invasive Ductal Carcinoma	3261	-19729	0	107.209784	0:DiseaseFree	107.209784	0:ALIVE OR DEAD TUMOR FREE	Not Hispanic Or Latino	3/10/11	0.4452	EUR	No	C50.9	8500/3	C50.9	Yes	Yes	NA	0.17	145	No	IDC	107.209784	0:LIVING	71f97b63-c970-44ee-98c2-e02e663d5a40	M0	N0	T2	NA	107.209784	0:CENSORED	NA	No	White	No	22	1	Primary	Female	Matched	BRCA_Basal	330	No	Yes	Mayo	AR	4.833333333	Breast	Infiltrating Ductal Carcinoma	4	0	Low	High
TCGA-AR-A1AH-01	-0.20182772382399	-0.136630499150214	TCGA-AR-A1AH	51	STAGE IIB	6TH	12	13	Breast Cancer	BRCA	Breast Invasive Ductal Carcinoma	3807	-18991	0	125.1602722	0:DiseaseFree	125.1602722	0:ALIVE OR DEAD TUMOR FREE	Not Hispanic Or Latino	6/13/11	0.9025	EUR	No	C50.9	8500/3	C50.9	Yes	Yes	0.2878	1.35	79	No	IDC	125.1602722	0:LIVING	a6e11b30-3ae8-4dd1-b04c-a730c6a79746	M0	N1	T2	Tumor Free	37.34753592	1:PROGRESSION	Yes	No	White	No	6	1	Primary	Female	Matched	BRCA_Basal	229	No	Yes	Mayo	AR	2.666666667	Breast	Infiltrating Ductal Carcinoma	12	0	Low	Low
TCGA-AR-A1AI-01	-0.0315502612599069	-0.0133877864474122	TCGA-AR-A1AI	47	STAGE IIA	6TH	22	21	Breast Cancer	BRCA	Breast Invasive Ductal Carcinoma	3296	-17229	0	19.331295	1:Recurred/Progressed	108.3604563	0:ALIVE OR DEAD TUMOR FREE	Not Hispanic Or Latino	6/15/11	0.4681	EUR	No	C50.9	8510/3	C50.9	Yes	Yes	0.2776	0.79	70	No	IDC	108.3604563	0:LIVING	9848307d-1bd5-40c1-b655-a33297aaf74f	M0	N0	T2	Tumor Free	19.331295	1:PROGRESSION	Yes	No	White	No	18	1	Primary	Female	Matched	BRCA_Basal	258	No	Yes	Mayo	AR	2.333333333	Breast	Medullary Carcinoma	10	0	Low	High
TCGA-AR-A1AJ-01	-0.0596053807376618	0.00553902153178578	TCGA-AR-A1AJ	83	STAGE I	6TH	33	11	Breast Cancer	BRCA	Breast Invasive Ductal Carcinoma	3072	-30489	0	100.9961535	0:DiseaseFree	100.9961535	0:ALIVE OR DEAD TUMOR FREE	Not Hispanic Or Latino	6/13/11	0.0657	EUR	No	C50.9	8500/3	C50.9	Yes	Yes	0.2632	0	42	No	IDC	100.9961535	0:LIVING	23e7a78a-1d56-4ad1-9bb4-72ec0178aff2	M0	N0	T1	Tumor Free	100.9961535	0:CENSORED	Yes	No	White	Yes	8	1	Primary	Female	Matched	BRCA_Basal	42	No	Yes	Mayo	AR	1.4	Breast	Infiltrating Ductal Carcinoma	-24	0	Low	High
TCGA-AR-A1AK-01	0.102275774485165	0.0508673015136291	TCGA-AR-A1AK	70	STAGE I	6TH	14	-27	Breast Cancer	BRCA	Breast Invasive Lobular Carcinoma	3159	-25825	0	103.8563961	0:DiseaseFree	103.8563961	0:ALIVE OR DEAD TUMOR FREE	Not Hispanic Or Latino	6/15/11	0.2941	EUR	No	C50.9	8520/3	C50.9	Yes	Yes	0.2496	0.07	57	No	ILC	103.8563961	0:LIVING	94b03e1d-50ec-4680-bffd-7086d1536ff2	M0	N0	T1	Tumor Free	103.8563961	0:CENSORED	Yes	No	White	No	2	1	Primary	Female	Matched	BRCA_LumA	34	No	Yes	Mayo	AR	1.933333333	Breast	Infiltrating Lobular Carcinoma	-26	0	High	High
TCGA-AR-A1AL-01	0.108111940279104	0.105901494822352	TCGA-AR-A1AL	60	STAGE IIIA	6TH	3	-41	Breast Cancer	BRCA	Breast Invasive Lobular Carcinoma	2971	-22023	0	97.67564191	0:DiseaseFree	97.67564191	0:ALIVE OR DEAD TUMOR FREE	Not Hispanic Or Latino	6/15/11	0.0817	EUR	No	C50.9	8520/3	C50.9	Yes	Yes	0.251	0.01	24	No	ILC	97.67564191	0:LIVING	1f99e4d4-4e8b-4cc1-a129-227a2a82780e	M0	N1	T3	Tumor Free	97.67564191	0:CENSORED	Yes	No	White	Yes	-10	1	Primary	Female	Matched	BRCA_LumA	10	No	Yes	Mayo	AR	0.8	Breast	Infiltrating Lobular Carcinoma	-32	0	High	High
TCGA-AR-A1AM-01	-0.0319743832371934	-0.0213474378599258	TCGA-AR-A1AM	52	STAGE IIIA	6TH	3	-39	Breast Cancer	BRCA	Breast Invasive Lobular Carcinoma	2991	-19123	0	98.33316895	0:DiseaseFree	98.33316895	0:ALIVE OR DEAD TUMOR FREE	Not Hispanic Or Latino	11/20/12	0.1216	EUR	No	C50.9	8520/3	C50.9	Yes	No	0.306	0	NA	No	ILC	98.33316895	0:LIVING	EBD1512A-4865-4193-97B3-F599D555759A	M0	N1	T3	Tumor Free	98.33316895	0:CENSORED	Yes	No	White	No	-14	1	Primary	Female	Matched	NA	14	No	Yes	Mayo	AR	NA	Breast	Infiltrating Lobular Carcinoma	-36	0	Low	Low
TCGA-AR-A1AN-01	-0.0411017428343437	-0.0308479388608683	TCGA-AR-A1AN	46	STAGE IIA	6TH	9	-27	Breast Cancer	BRCA	Breast Invasive Ductal Carcinoma	2920	-16974	0	95.99894796	0:DiseaseFree	95.99894796	0:ALIVE OR DEAD TUMOR FREE	Hispanic Or Latino	6/14/11	0.3367	EUR	No	C50.9	8500/3	C50.9	Yes	Yes	0.2497	0.23	26	No	IDC	95.99894796	0:LIVING	43029932-feb0-4658-97fa-645c1e775009	M0	N0	T2	Tumor Free	95.99894796	0:CENSORED	Yes	No	White	Yes	-8	1	Primary	Female	Matched	BRCA_LumA	229	No	Yes	Mayo	AR	0.833333333	Breast	Infiltrating Ductal Carcinoma	2	0	Low	Low
TCGA-AR-A1AO-01	-0.0385021833351351	0.0540721988781711	TCGA-AR-A1AO	47	STAGE IIA	6TH	0	-7	Breast Cancer	BRCA	Breast Invasive Ductal Carcinoma	2618	-17332	0	86.07028964	0:DiseaseFree	86.07028964	0:ALIVE OR DEAD TUMOR FREE	Not Hispanic Or Latino	6/13/11	2e-04	EUR	No	C50.9	8500/3	C50.9	Yes	Yes	0.261	0	89	No	IDC	86.07028964	0:LIVING	623befd6-0ca4-4a6c-9cf5-d9385c3b718f	M0	N1	T1	Tumor Free	86.07028964	0:CENSORED	Yes	No	White	Yes	8	1	Primary	Female	Matched	BRCA_Normal	7	No	Yes	Mayo	AR	3	Breast	Infiltrating Ductal Carcinoma	-8	0	Low	High
TCGA-AR-A1AP-01	-0.0352892076059698	-0.0353716629063614	TCGA-AR-A1AP	80	STAGE I	6TH	12	-9	Breast Cancer	BRCA	Breast Invasive Ductal Carcinoma	2856	-29406	0	93.89486143	0:DiseaseFree	93.89486143	0:ALIVE OR DEAD TUMOR FREE	Not Hispanic Or Latino	6/13/11	0.2882	EUR	No	C50.9	8500/3	C50.9	Yes	Yes	0.288	0.69	32	No	IDC	93.89486143	0:LIVING	9495f029-9882-4c9b-a557-b3aec9e91698	M0	N0	T1	Tumor Free	93.89486143	0:CENSORED	Yes	No	White	No	4	1	Primary	Female	Matched	BRCA_LumA	169	No	Yes	Mayo	AR	1.066666667	Breast	Infiltrating Ductal Carcinoma	-20	0	Low	Low
TCGA-AR-A1AQ-01	-0.209950459898444	-0.114005575251416	TCGA-AR-A1AQ	49	STAGE IIA	6TH	18	19	Breast Cancer	BRCA	Breast Invasive Ductal Carcinoma	3021	-18109	0	99.31945951	0:DiseaseFree	99.31945951	0:ALIVE OR DEAD TUMOR FREE	Not Hispanic Or Latino	6/14/11	0.4982	EUR	No	C50.9	8500/3	C50.9	Yes	Yes	0.283	0.39	39	No	IDC	99.31945951	0:LIVING	98e0b4de-52fc-4945-9bf5-11e29368f939	M0	N0	T2	Tumor Free	99.31945951	0:CENSORED	Yes	No	White	Yes	16	1	Primary	Female	Matched	BRCA_Basal	90	No	Yes	Mayo	AR	1.266666667	Breast	Infiltrating Ductal Carcinoma	-10	0	Low	Low
TCGA-AR-A1AR-01	-0.0421149522619712	-0.0218568960786139	TCGA-AR-A1AR	50	STAGE IIIA	6TH	17	7	Breast Cancer	BRCA	Breast Invasive Ductal Carcinoma	NA	-18482	0	8.810862347	1:Recurred/Progressed	17.22720847	1:DEAD WITH TUMOR	Not Hispanic Or Latino	6/28/11	0.4696	EUR	No	C50.9	8500/3	C50.9	Yes	Yes	0.2662	0.03	47	Yes	IDC	17.22720847	1:DECEASED	eda6d2d5-4199-4f76-a45b-1d0401b4e54c	M0	N2	T1	Tumor Free	8.810862347	1:PROGRESSION	NA	Yes	White	Yes	12	1	Primary	Female	Matched	BRCA_Basal	179	No	Yes	Mayo	AR	1.566666667	Breast	Infiltrating Ductal Carcinoma	-14	1	Low	Low
TCGA-AR-A1AS-01	-0.080524701452217	-0.133642679306943	TCGA-AR-A1AS	54	STAGE IIB	6TH	6	11	Breast Cancer	BRCA	Breast Invasive Ductal Carcinoma	1150	-20028	0	37.80780485	0:DiseaseFree	37.80780485	0:ALIVE OR DEAD TUMOR FREE	NA	6/14/11	0.1378	SAS	No	C50.9	8500/3	C50.9	Yes	Yes	0.2916	0.17	29	No	IDC	37.80780485	0:LIVING	7d681cc6-689d-41c8-9e84-e13733089ec9	M0	N1	T2	NA	37.80780485	0:CENSORED	Yes	No	Asian	Yes	10	1	Primary	Female	Matched	BRCA_LumA	23	No	Yes	Mayo	AR	0.966666667	Breast	Infiltrating Ductal Carcinoma	14	0	Low	Low
TCGA-AR-A1AT-01	-0.175441236158799	-0.116857946899557	TCGA-AR-A1AT	62	STAGE IIA	6TH	NA	-11	Breast Cancer	BRCA	Breast Invasive Lobular Carcinoma	NA	-22942	0	41.8187198	0:DiseaseFree	41.8187198	NA	Not Hispanic Or Latino	6/14/11	NA	EUR	No	C50.9	8520/3	C50.9	Yes	No	0.2816	0.07	27	No	ILC	41.8187198	1:DECEASED	4d26dada-5eb7-4d4e-8eb8-f5465c5c3428	M0	N0	T2	NA	41.8187198	0:CENSORED	Yes	No	White	Yes	16	1	Primary	Female	Matched	NA	NA	No	Yes	Mayo	AR	0.9	Breast	Infiltrating Lobular Carcinoma	-20	1	Low	Low
TCGA-AR-A1AU-01	0.0624665796966072	0.0649788435789064	TCGA-AR-A1AU	39	STAGE IIIA	6TH	6	-17	Breast Cancer	BRCA	Breast Invasive Ductal Carcinoma	2868	-14564	0	94.28937765	0:DiseaseFree	94.28937765	0:ALIVE OR DEAD TUMOR FREE	Not Hispanic Or Latino	6/14/11	0.2156	EUR	No	C50.9	8500/3	C50.9	Yes	Yes	0.2861	0.16	19	No	IDC	94.28937765	0:LIVING	36220587-1c1c-4f92-b177-3b2155e7e273	M0	N2	T2	NA	94.28937765	0:CENSORED	Yes	No	White	Yes	14	1	Primary	Female	Matched	BRCA_LumA	180	No	Yes	Mayo	AR	0.6	Breast	Infiltrating Ductal Carcinoma	-28	0	High	High
TCGA-AR-A1AV-01	0.086270046891181	0.0124841625174618	TCGA-AR-A1AV	68	STAGE IIB	6TH	23	-41	Breast Cancer	BRCA	Breast Invasive Ductal Carcinoma	1864	-24875	0	61.2815202	0:DiseaseFree	61.2815202	0:ALIVE OR DEAD TUMOR FREE	Hispanic Or Latino	6/14/11	0.189	EUR	No	C50.9	8500/3	C50.9	Yes	No	0.2618	0.47	41	No	IDC	61.2815202	0:LIVING	daf62b56-6dd2-4ab7-adaa-f296bb86a0a5	M0	N1	T2	NA	61.2815202	0:CENSORED	Yes	No	White	Yes	-4	1	Primary	Male	Matched	NA	44	No	Yes	Mayo	AR	1.4	Breast	Infiltrating Ductal Carcinoma	-42	0	High	High
TCGA-AR-A1AW-01	0.0540690996719869	0.0798898184610907	TCGA-AR-A1AW	65	STAGE IIA	6TH	12	-31	Breast Cancer	BRCA	Breast Invasive Ductal Carcinoma	2632	-23855	0	86.53055857	0:DiseaseFree	86.53055857	0:ALIVE OR DEAD TUMOR FREE	Not Hispanic Or Latino	6/14/11	0.1214	EUR	No	C50.9	8500/3	C50.9	Yes	Yes	0.2572	0.02	29	No	IDC	86.53055857	0:LIVING	a12fd22a-7f84-4b6e-b6d8-012e38eb73d7	M0	N0	T2	NA	86.53055857	0:CENSORED	Yes	No	White	Yes	14	1	Primary	Female	Matched	BRCA_LumB	78	No	Yes	Mayo	AR	1	Breast	Infiltrating Ductal Carcinoma	-60	0	High	High
TCGA-AR-A1AX-01	0.0472364114999735	0.0788407742494825	TCGA-AR-A1AX	64	STAGE I	6TH	7	-27	Breast Cancer	BRCA	Breast Invasive Ductal Carcinoma	2629	-23507	0	86.43192951	0:DiseaseFree	86.43192951	0:ALIVE OR DEAD TUMOR FREE	Not Hispanic Or Latino	6/14/11	0.0366	EUR	No	C50.9	8500/3	C50.9	Yes	Yes	0.2683	0	26	No	IDC	86.43192951	0:LIVING	f72c1d69-da35-459f-8542-59bfd6c09c23	M0	N0	T1	NA	86.43192951	0:CENSORED	Yes	No	White	Yes	10	1	Primary	Female	Matched	BRCA_LumA	20	No	Yes	Mayo	AR	0.866666667	Breast	Infiltrating Ductal Carcinoma	-34	0	High	High
TCGA-AR-A1AY-01	-0.0236597008380707	-0.0405839847099849	TCGA-AR-A1AY	65	STAGE I	6TH	13	23	Breast Cancer	BRCA	Breast Invasive Ductal Carcinoma	1026	-23927	0	33.73113719	0:DiseaseFree	33.73113719	0:ALIVE OR DEAD TUMOR FREE	Not Hispanic Or Latino	6/14/11	0.5101	EUR	No	C50.9	8500/3	C50.9	Yes	Yes	0.2776	1.18	57	No	IDC	33.73113719	0:LIVING	5fd9552a-c742-4388-940d-295d1107ae00	M0	N0	T1	NA	33.73113719	0:CENSORED	Yes	No	White	Yes	16	1	Primary	Female	Matched	BRCA_Basal	115	No	Yes	Mayo	AR	1.9	Breast	Infiltrating Ductal Carcinoma	4	0	Low	Low
TCGA-AR-A24H-01	0.044644823675803	-0.0283227968917812	TCGA-AR-A24H	65	STAGE IIA	5TH	15	-13	Breast Cancer	BRCA	Breast Invasive Lobular Carcinoma	4894	-24046	0	160.8968669	0:DiseaseFree	160.8968669	0:ALIVE OR DEAD TUMOR FREE	Not Hispanic Or Latino	8/29/11	0.4579	EUR	No	C50.9	8520/3	C50.9	Yes	Yes	0.2995	0.61	125	No	ILC	160.8968669	0:LIVING	6f89509c-f802-482e-b4da-94553aa76fe9	M0	N0	T2	NA	160.8968669	0:CENSORED	Yes	No	White	Yes	4	1	Primary	Female	Matched	BRCA_LumB	164	No	Yes	Mayo	AR	4.166666667	Breast	Infiltrating Lobular Carcinoma	-12	0	High	Low
TCGA-AR-A24K-01	0.0363354699608744	-0.000379442121771781	TCGA-AR-A24K	46	STAGE IIA	6TH	18	-17	Breast Cancer	BRCA	Breast Invasive Ductal Carcinoma	1548	-16961	0	50.89259296	0:DiseaseFree	50.89259296	0:ALIVE OR DEAD TUMOR FREE	NA	8/12/11	0.2005	EUR	No	C50.9	8500/3	C50.9	Yes	Yes	0.3624	1.28	29	No	IDC	50.89259296	0:LIVING	599c3701-df7a-4a75-a347-fa9b510dd242	M0	N0	T2	NA	50.89259296	0:CENSORED	Yes	No	White	Yes	10	1	Primary	Female	Matched	BRCA_LumB	103	No	Yes	Mayo	AR	0.966666667	Breast	Infiltrating Ductal Carcinoma	-14	0	High	High
TCGA-AR-A24L-01	0.15398160520427	0.143699549838969	TCGA-AR-A24L	26	STAGE IIB	6TH	8	-27	Breast Cancer	BRCA	Breast Invasive Ductal Carcinoma	2221	-9706	0	46.48716179	1:Recurred/Progressed	94.22362495	1:DEAD WITH TUMOR	Not Hispanic Or Latino	8/12/11	0.3426	EUR	No	C50.9	8500/3	C50.9	Yes	Yes	0.3085	0.09	40	Yes	IDC	94.22362495	1:DECEASED	de646f6a-6d50-4be2-b3cd-f17554b234df	M0	N1	T2	NA	46.48716179	1:PROGRESSION	Yes	No	White	Yes	8	1	Primary	Female	Matched	BRCA_LumA	84	No	Yes	Mayo	AR	1.333333333	Breast	Infiltrating Ductal Carcinoma	-14	1	High	High
TCGA-AR-A24M-01	0.138337931376576	0.0869262646672483	TCGA-AR-A24M	38	STAGE IIIA	6TH	4	-37	Breast Cancer	BRCA	Breast Invasive Carcinoma (NOS)	3660	-14119	0	120.3274485	0:DiseaseFree	120.3274485	0:ALIVE OR DEAD TUMOR FREE	Not Hispanic Or Latino	8/12/11	0.1579	EUR	No	C50.9	8522/3	C50.9	Yes	Yes	0.3199	0.28	14	No	BRCNOS	120.3274485	0:LIVING	aa30ac3d-4216-45dd-a314-1ae192fafcb2	M0	N2	T2	NA	120.3274485	0:CENSORED	Yes	No	White	Yes	2	1	Primary	Female	Matched	BRCA_LumA	26	No	Yes	Mayo	AR	0.466666667	Breast	Mixed Histology (NOS)	-26	0	High	High
TCGA-AR-A24N-01	0.128306299175628	0.0580846779207899	TCGA-AR-A24N	54	STAGE I	6TH	3	-19	Breast Cancer	BRCA	Breast Invasive Ductal Carcinoma	3035	-19989	0	99.77972844	0:DiseaseFree	99.77972844	0:ALIVE OR DEAD TUMOR FREE	Not Hispanic Or Latino	8/16/11	0.1106	EUR	No	C50.9	8500/3	C50.9	Yes	Yes	0.3066	0.05	32	No	IDC	99.77972844	0:LIVING	30047d32-0833-4aca-98d1-3b9ab7122863	M0	N0	T1	NA	99.77972844	0:CENSORED	Yes	No	White	No	12	1	Primary	Female	Matched	BRCA_LumB	5	No	Yes	Mayo	AR	1.066666667	Breast	Infiltrating Ductal Carcinoma	-18	0	High	High
TCGA-AR-A24O-01	0.102669443810406	0.156793188788502	TCGA-AR-A24O	43	STAGE IIIA	6TH	5	-35	Breast Cancer	BRCA	Breast Invasive Carcinoma (NOS)	3607	-15977	0	84.19633757	1:Recurred/Progressed	118.5850018	0:ALIVE OR DEAD TUMOR FREE	Not Hispanic Or Latino	8/16/11	0.0332	EUR	No	C50.9	8522/3	C50.9	Yes	Yes	0.3187	0.08	20	Yes	BRCNOS	118.5850018	0:LIVING	125b0a9a-6cbe-4207-9178-e7ff03487e87	M0	N2	T3	Tumor Free	84.19633757	1:PROGRESSION	Yes	No	White	Yes	-2	1	Primary	Female	Matched	BRCA_LumA	21	No	Yes	Mayo	AR	0.666666667	Breast	Mixed Histology (NOS)	-34	0	High	High
TCGA-AR-A24P-01	0.116623643136242	0.079408526531411	TCGA-AR-A24P	47	STAGE I	6TH	8	-27	Breast Cancer	BRCA	Breast Invasive Ductal Carcinoma	84	-17490	0	2.761613571	0:DiseaseFree	2.761613571	0:ALIVE OR DEAD TUMOR FREE	Not Hispanic Or Latino	8/16/11	0.1587	EUR	No	C50.9	8500/3	C50.9	Yes	Yes	0.3262	0.21	21	No	IDC	2.761613571	0:LIVING	d1fd8ed2-be13-4272-b31e-df86911db3b1	M0	N0	T1	NA	2.761613571	0:CENSORED	Yes	No	White	NA	4	1	Primary	Female	Matched	BRCA_LumA	1	No	Yes	Mayo	AR	0.7	Breast	Infiltrating Ductal Carcinoma	-14	0	High	High
TCGA-AR-A24Q-01	0.0543521062410663	0.0765709046543646	TCGA-AR-A24Q	49	STAGE IIB	6TH	16	21	Breast Cancer	BRCA	Breast Invasive Ductal Carcinoma	3172	-18084	0	104.2837887	0:DiseaseFree	104.2837887	0:ALIVE OR DEAD TUMOR FREE	NA	8/30/11	0.664	EUR	No	C50.9	8500/3	C50.9	Yes	Yes	0.3299	0.42	162	No	IDC	104.2837887	0:LIVING	28e9048a-e540-42de-a1f4-4ef894fccc4c	M0	N0	T3	NA	104.2837887	0:CENSORED	Yes	No	White	Yes	14	1	Primary	Female	Matched	BRCA_Basal	196	No	Yes	Mayo	AR	5.433333333	Breast	Infiltrating Ductal Carcinoma	18	0	High	High
TCGA-AR-A24R-01	0.118970085426879	0.0239236469807861	TCGA-AR-A24R	45	STAGE IIIA	6TH	17	-13	Breast Cancer	BRCA	Breast Invasive Ductal Carcinoma	3430	-16642	0	112.7658875	0:DiseaseFree	112.7658875	0:ALIVE OR DEAD TUMOR FREE	Not Hispanic Or Latino	8/26/11	0.3412	EUR	No	C50.9	8500/3	C50.9	Yes	Yes	0.3522	0.72	22	No	IDC	112.7658875	0:LIVING	db62d9c7-8343-4771-84fc-146d2e307bb8	M0	N2	T1	NA	112.7658875	0:CENSORED	Yes	No	White	Yes	18	1	Primary	Female	Matched	BRCA_LumB	145	No	Yes	Mayo	AR	0.733333333	Breast	Infiltrating Ductal Carcinoma	-12	0	High	High
TCGA-AR-A24S-01	0.0728009717732969	0.0832502393133682	TCGA-AR-A24S	61	STAGE I	6TH	16	-13	Breast Cancer	BRCA	Breast Invasive Ductal Carcinoma	2976	-22587	0	97.84002367	0:DiseaseFree	97.84002367	0:ALIVE OR DEAD TUMOR FREE	Not Hispanic Or Latino	8/30/11	0.3411	EUR	No	C50.9	8500/3	C50.9	Yes	Yes	0.3249	0.04	44	No	IDC	97.84002367	0:LIVING	074e8b06-3929-4896-9263-3b80ad6a355b	M0	N0	T1	NA	97.84002367	0:CENSORED	Yes	No	White	Yes	12	1	Primary	Female	Matched	BRCA_LumB	144	No	Yes	Mayo	AR	1.466666667	Breast	Infiltrating Ductal Carcinoma	-24	0	High	High
TCGA-AR-A24T-01	0.0670506145447973	0.088625108081839	TCGA-AR-A24T	46	STAGE IIIC	6TH	NA	-37	Breast Cancer	BRCA	Breast Invasive Lobular Carcinoma	3202	-17135	0	105.2700792	0:DiseaseFree	105.2700792	0:ALIVE OR DEAD TUMOR FREE	Not Hispanic Or Latino	8/30/11	0.2168	EUR	No	C50.9	8520/3	C50.9	Yes	Yes	0.3378	0.17	23	No	ILC	105.2700792	0:LIVING	9e3de467-fb0d-4021-89f8-b34968a7c7bc	M0	N3	T3	NA	105.2700792	0:CENSORED	Yes	No	White	Yes	-12	1	Primary	Female	Matched	BRCA_LumA	33	No	Yes	Mayo	AR	0.766666667	Breast	Infiltrating Lobular Carcinoma	-30	0	High	High
TCGA-AR-A24U-01	0.00130682764656042	0.0283619773642162	TCGA-AR-A24U	47	STAGE IIA	6TH	8	-7	Breast Cancer	BRCA	Breast Invasive Ductal Carcinoma	2363	-17523	0	102.8372292	0:DiseaseFree	102.8372292	0:ALIVE OR DEAD TUMOR FREE	Not Hispanic Or Latino	8/26/11	0.1646	EUR	No	C50.9	8500/3	C50.9	Yes	Yes	0.3456	0.49	34	No	IDC	102.8372292	0:LIVING	241fffc8-4250-4cfa-b2e7-e68c33ae07dc	M0	N1	T1	NA	102.8372292	0:CENSORED	Yes	No	White	Yes	12	1	Primary	Female	Matched	BRCA_Her2	178	No	Yes	Mayo	AR	1.133333333	Breast	Infiltrating Ductal Carcinoma	-14	0	High	High
TCGA-AR-A24V-01	0.0525636827729863	0.0368556942289726	TCGA-AR-A24V	52	STAGE IIB	6TH	23	-17	Breast Cancer	BRCA	Breast Invasive Ductal Carcinoma	3203	-19027	0	105.3029556	0:DiseaseFree	105.3029556	0:ALIVE OR DEAD TUMOR FREE	Not Hispanic Or Latino	8/29/11	0.2671	EUR	No	C50.9	8500/3	C50.9	Yes	Yes	0.3138	0.59	20	No	IDC	105.3029556	0:LIVING	3cb06c7a-f2a8-448b-91a8-dd201bbf2ddd	M0	N1	T2	NA	105.3029556	0:CENSORED	Yes	No	White	Yes	0	1	Primary	Female	Matched	BRCA_LumA	91	No	Yes	Mayo	AR	0.666666667	Breast	Infiltrating Ductal Carcinoma	-10	0	High	High
TCGA-AR-A24W-01	0.150059601471204	0.151178520714172	TCGA-AR-A24W	55	STAGE IIB	6TH	28	-27	Breast Cancer	BRCA	Breast Invasive Ductal Carcinoma	991	-20123	0	50.95834566	0:DiseaseFree	50.95834566	0:ALIVE OR DEAD TUMOR FREE	NA	11/10/11	0.1024	EUR	No	C50.9	8500/3	C50.9	Yes	Yes	0.3248	0.03	15	No	IDC	50.95834566	0:LIVING	67526f5a-3a30-45b2-aeab-2b21a855063e	M0	N1	T2	NA	50.95834566	0:CENSORED	Yes	No	White	No	-18	1	Primary	Female	Matched	BRCA_LumA	60	No	Yes	Mayo	AR	0.466666667	Breast	Infiltrating Ductal Carcinoma	-20	0	High	High
TCGA-AR-A24X-01	-0.0581909771435254	-0.0661997201965995	TCGA-AR-A24X	52	STAGE IIA	6TH	4	-35	Breast Cancer	BRCA	Breast Invasive Carcinoma (NOS)	3004	-19030	0	98.76056153	0:DiseaseFree	98.76056153	0:ALIVE OR DEAD TUMOR FREE	NA	8/30/11	0.0713	EUR	No	C50.9	8522/3	C50.9	Yes	Yes	0.3918	1.71	27	No	BRCNOS	98.76056153	0:LIVING	491d5ebb-e9ab-4b17-acb8-630ff9fef0f2	M0	N0	T2	NA	98.76056153	0:CENSORED	Yes	No	White	No	-6	1	Primary	Female	Matched	BRCA_LumA	2	No	Yes	Mayo	AR	0.9	Breast	Mixed Histology (NOS)	-32	0	Low	Low
TCGA-AR-A24Z-01	0.15691187907707	0.0878190555923354	TCGA-AR-A24Z	57	STAGE IIA	6TH	18	-13	Breast Cancer	BRCA	Breast Invasive Ductal Carcinoma	3001	-20900	0	98.66193247	0:DiseaseFree	98.66193247	0:ALIVE OR DEAD TUMOR FREE	NA	8/30/11	0.5036	EUR	No	C50.9	8500/3	C50.9	Yes	Yes	0.3301	1.07	42	No	IDC	98.66193247	0:LIVING	9fefbe7c-f66a-4940-843e-285cb7b392c1	M0	N0	T2	NA	98.66193247	0:CENSORED	Yes	No	White	No	6	1	Primary	Female	Matched	BRCA_LumB	480	No	Yes	Mayo	AR	1.433333333	Breast	Infiltrating Ductal Carcinoma	-24	0	High	High
TCGA-AR-A250-01	-0.0072198253146074	0.00712317802063402	TCGA-AR-A250	58	STAGE IIA	6TH	19	-15	Breast Cancer	BRCA	Breast Invasive Ductal Carcinoma	2707	-21309	0	88.99628497	0:DiseaseFree	88.99628497	0:ALIVE OR DEAD TUMOR FREE	Not Hispanic Or Latino	8/30/11	0.3845	EUR	No	C50.9	8500/3	C50.9	Yes	Yes	0.3337	1.63	116	No	IDC	88.99628497	0:LIVING	a0963e93-b63e-4de2-86c1-81302e271d3e	M0	N0	T2	Tumor Free	88.99628497	0:CENSORED	Yes	No	White	No	8	1	Primary	Female	Matched	BRCA_LumB	165	No	Yes	Mayo	AR	3.933333333	Breast	Infiltrating Ductal Carcinoma	-18	0	High	High
TCGA-AR-A251-01	0.317560801126598	0.196335055850959	TCGA-AR-A251	51	STAGE IIIA	6TH	13	9	Breast Cancer	BRCA	Breast Invasive Ductal Carcinoma	3030	-18771	0	99.61534668	0:DiseaseFree	99.61534668	0:ALIVE OR DEAD TUMOR FREE	Not Hispanic Or Latino	8/30/11	0.6718	EUR	No	C50.9	8500/3	C50.9	Yes	Yes	0.3554	1.79	159	No	IDC	99.61534668	0:LIVING	8c51bbcb-7c8d-47ad-9193-70ca157c6900	M0	N2	T2	NA	99.61534668	0:CENSORED	Yes	No	White	Yes	10	1	Primary	Female	Matched	BRCA_Basal	393	No	Yes	Mayo	AR	5.3	Breast	Infiltrating Ductal Carcinoma	4	0	High	High
TCGA-AR-A252-01	0.115955613280743	0.142188828878532	TCGA-AR-A252	50	STAGE I	6TH	16	-35	Breast Cancer	BRCA	Breast Invasive Ductal Carcinoma	2838	-18611	0	93.30308709	0:DiseaseFree	93.30308709	0:ALIVE OR DEAD TUMOR FREE	Not Hispanic Or Latino	8/30/11	0.0162	EUR	No	C50.9	8500/3	C50.9	Yes	Yes	0.3281	0.21	14	No	IDC	93.30308709	0:LIVING	4d0fec97-e024-4608-a0cc-426a3decc7b1	M0	N0	T1	NA	93.30308709	0:CENSORED	Yes	No	White	Yes	-4	1	Primary	Female	Matched	BRCA_LumA	99	No	Yes	Mayo	AR	0.466666667	Breast	Infiltrating Ductal Carcinoma	-48	0	High	High
TCGA-AR-A254-01	-0.0344523166905796	0.0109362245126343	TCGA-AR-A254	50	STAGE IIIA	6TH	11	-5	Breast Cancer	BRCA	Breast Invasive Ductal Carcinoma	2605	-18270	0	85.64289706	0:DiseaseFree	85.64289706	0:ALIVE OR DEAD TUMOR FREE	Not Hispanic Or Latino	8/31/11	0.2369	EUR	No	C50.9	8500/3	C50.9	Yes	Yes	0.3291	0.52	33	No	IDC	85.64289706	0:LIVING	6014a582-d22e-46e1-9000-c8e2fbad7acf	M0	N2	T2	NA	85.64289706	0:CENSORED	Yes	No	White	Yes	20	1	Primary	Female	Matched	BRCA_Her2	269	No	Yes	Mayo	AR	1.1	Breast	Infiltrating Ductal Carcinoma	4	0	Low	High
TCGA-AR-A255-01	0.0741694623383207	0.0444834464956526	TCGA-AR-A255	62	STAGE I	6TH	25	-31	Breast Cancer	BRCA	Breast Invasive Ductal Carcinoma	2161	-22809	0	71.04579676	0:DiseaseFree	71.04579676	0:ALIVE OR DEAD TUMOR FREE	Not Hispanic Or Latino	8/31/11	0.6568	EUR	No	C50.9	8500/3	C50.9	Yes	Yes	0.3501	1.78	67	No	IDC	71.04579676	0:LIVING	e8f3cc64-5e15-4f4d-b73e-5c9b250a664c	M0	N0	T1	NA	71.04579676	0:CENSORED	Yes	No	White	Yes	6	1	Primary	Female	Matched	BRCA_LumA	135	No	Yes	Mayo	AR	2.233333333	Breast	Infiltrating Ductal Carcinoma	-12	0	High	High
TCGA-AR-A256-01	0.00153255978031444	0.0101804752044614	TCGA-AR-A256	45	STAGE IIA	5TH	17	11	Breast Cancer	BRCA	Breast Invasive Ductal Carcinoma	NA	-16642	0	53.91721735	1:Recurred/Progressed	93.82910872	NA	NA	8/31/11	0.6832	EUR	No	C50.9	8500/3	C50.9	Yes	Yes	0.3504	4.53	171	Yes	IDC	93.82910872	1:DECEASED	d3d545b3-457f-4389-821f-704cb24aff7f	M0	N0	T2	NA	53.91721735	1:PROGRESSION	Yes	No	White	No	6	1	Primary	Female	Matched	BRCA_Basal	570	No	Yes	Mayo	AR	5.666666667	Breast	Infiltrating Ductal Carcinoma	12	1	High	High
TCGA-AR-A2LE-01	0.107674802941375	0.0945256698468506	TCGA-AR-A2LE	69	STAGE I	5TH	4	-37	Breast Cancer	BRCA	Breast Invasive Lobular Carcinoma	5062	-25499	0	166.420094	0:DiseaseFree	166.420094	0:ALIVE OR DEAD TUMOR FREE	Not Hispanic Or Latino	1/12/12	0.0725	EUR	No	C50.9	8520/3	C50.9	Yes	Yes	0.3011	0.03	256	No	ILC	166.420094	0:LIVING	E3FCBF94-D3EF-4A37-AA45-5297F96AF9EB	M0	N0	T1	NA	138.1793076	1:PROGRESSION	Yes	No	White	Yes	-22	1	Primary	Female	Matched	BRCA_LumA	8	No	Yes	Mayo	AR	8.633333333	Breast	Infiltrating Lobular Carcinoma	-40	0	High	High
TCGA-AR-A2LH-01	-0.130200347244595	-0.0481870203744642	TCGA-AR-A2LH	55	STAGE III	6TH	3	-3	Breast Cancer	BRCA	Breast Invasive Lobular Carcinoma	NA	-20288	0	14.26833679	1:Recurred/Progressed	20.25183286	NA	Not Hispanic Or Latino	1/12/12	0	EUR	No	C50.9	8520/3	C50.9	Yes	Yes	0.3086	0.01	59	Yes	ILC	20.25183286	1:DECEASED	376FFE63-EFD7-42AF-90E1-261255B28BB7	M0	N3	T3	NA	14.26833679	1:PROGRESSION	Yes	No	White	Yes	-2	1	Primary	Female	Matched	BRCA_Normal	3	No	Yes	Mayo	AR	2	Breast	Infiltrating Lobular Carcinoma	-10	1	Low	Low
TCGA-AR-A2LJ-01	-0.129245777950234	-0.0481036716728343	TCGA-AR-A2LJ	40	STAGE IIIA	6TH	3	-15	Breast Cancer	BRCA	Breast Invasive Lobular Carcinoma	2632	-14723	0	86.53055857	0:DiseaseFree	86.53055857	0:ALIVE OR DEAD TUMOR FREE	Not Hispanic Or Latino	1/12/12	0.0874	EUR	No	C50.9	8520/3	C50.9	Yes	No	0.2971	0.01	0	No	ILC	86.53055857	0:LIVING	738E1ACC-1F0C-4A96-9C8A-222727EF5AF8	MX	N1	T3	NA	86.53055857	0:CENSORED	Yes	No	White	Yes	-4	1	Primary	Female	Matched	NA	45	No	Yes	Mayo	AR	0	Breast	Infiltrating Lobular Carcinoma	-14	0	Low	Low
TCGA-AR-A2LK-01	0.115860840244089	0.0329336427441277	TCGA-AR-A2LK	62	STAGE III	6TH	26	-17	Breast Cancer	BRCA	Breast Invasive Lobular Carcinoma	1304	-22800	0	42.87076306	1:Recurred/Progressed	54.21310451	NA	Not Hispanic Or Latino	1/25/12	0.6563	EUR	No	C50.9	8520/3	C50.9	Yes	Yes	0.3271	1.05	33	Yes	ILC	54.21310451	1:DECEASED	1B703058-E596-45BC-80FE-8B98D545C2E2	M0	N2	T3	NA	42.87076306	1:PROGRESSION	Yes	No	White	Yes	10	1	Primary	Female	Matched	BRCA_LumB	32	No	Yes	Mayo	AR	1.066666667	Breast	Infiltrating Lobular Carcinoma	-12	1	High	High
TCGA-AR-A2LM-01	0.129736336845963	0.149103062123576	TCGA-AR-A2LM	49	STAGE II	6TH	4	-43	Breast Cancer	BRCA	Breast Invasive Lobular Carcinoma	1935	-18053	0	63.6157412	0:DiseaseFree	63.6157412	0:ALIVE OR DEAD TUMOR FREE	Not Hispanic Or Latino	1/12/12	0.1	EUR	No	C50.9	8520/3	C50.9	Yes	Yes	0.2864	0.13	11	No	ILC	63.6157412	0:LIVING	0BF6E772-1AA1-4F54-9A50-C1414E2F22F3	M0	N1	T1	NA	63.6157412	0:CENSORED	Yes	No	White	No	-16	1	Primary	Female	Matched	BRCA_LumA	45	No	Yes	Mayo	AR	0.366666667	Breast	Infiltrating Lobular Carcinoma	-40	0	High	High
TCGA-AR-A2LN-01	0.182665316311817	0.211514671595736	TCGA-AR-A2LN	65	STAGE IIA	7TH	2	-45	Breast Cancer	BRCA	Breast Invasive Lobular Carcinoma	1161	-23992	0	38.16944472	0:DiseaseFree	38.16944472	0:ALIVE OR DEAD TUMOR FREE	Not Hispanic Or Latino	1/12/12	0.0982	EUR	No	C50.9	8520/3	C50.9	Yes	Yes	0.2847	0.03	38	No	ILC	38.16944472	0:LIVING	A076F135-BE82-40FA-8516-285ED355C965	M0	N0	T2	NA	38.16944472	0:CENSORED	Yes	No	White	No	-20	1	Primary	Female	Matched	BRCA_LumA	44	No	Yes	Mayo	AR	1.266666667	Breast	Infiltrating Lobular Carcinoma	-38	0	High	High
TCGA-AR-A2LO-01	-0.0458499556941208	-0.00744881721128455	TCGA-AR-A2LO	46	STAGE IIB	7TH	11	-35	Breast Cancer	BRCA	Breast Invasive Lobular Carcinoma	1198	-17080	0	39.38586974	0:DiseaseFree	39.38586974	0:ALIVE OR DEAD TUMOR FREE	Not Hispanic Or Latino	1/12/12	0.2232	EUR	No	C50.9	8520/3	C50.9	Yes	Yes	0.3064	0.09	16	No	ILC	39.38586974	0:LIVING	AD0FA961-C085-4F38-B3DB-5FC0CBF6B64F	M0	N1	T2	NA	39.38586974	0:CENSORED	Yes	No	White	Yes	4	1	Primary	Female	Matched	BRCA_LumA	44	No	Yes	Mayo	AR	0.533333333	Breast	Infiltrating Lobular Carcinoma	-20	0	Low	High
TCGA-AR-A2LQ-01	0.111812034072431	0.221643585330388	TCGA-AR-A2LQ	59	STAGE IIB	7TH	1	-37	Breast Cancer	BRCA	Breast Invasive Lobular Carcinoma	1233	-21865	0	40.53654207	0:DiseaseFree	40.53654207	0:ALIVE OR DEAD TUMOR FREE	Not Hispanic Or Latino	1/12/12	0	EUR	No	C50.9	8520/3	C50.9	Yes	Yes	0.3312	0	10	No	ILC	40.53654207	0:LIVING	4229E432-6AC5-49D2-B58A-E8713DDB79BD	M0	N0	T3	NA	40.53654207	0:CENSORED	Yes	No	White	Yes	-16	1	Primary	Female	Matched	BRCA_Normal	1	No	Yes	Mayo	AR	0.333333333	Breast	Infiltrating Lobular Carcinoma	-22	0	High	High
TCGA-AR-A5QM-01	0.0691014836477844	0.01948608756295	TCGA-AR-A5QM	62	STAGE IIA	6TH	19	-29	Breast Cancer	BRCA	Breast Invasive Lobular Carcinoma	2231	-22780	0	NA	NA	73.3471414	0:ALIVE OR DEAD TUMOR FREE	Not Hispanic Or Latino	5/15/13	0.3151	EUR	No	C50.9	8520/3	C50.9	Yes	Yes	0.2924	0.04	27	No	ILC	73.3471414	0:LIVING	9C895825-D6F6-4D14-A662-23212200F6E5	M0	N0	T2	Tumor Free	31.82430878	1:PROGRESSION	Yes	Yes	White	Yes	-10	1	Primary	Female	Matched	BRCA_LumA	10	No	Yes	Mayo	AR	0.866666667	Breast	Infiltrating Lobular Carcinoma	-4	0	High	High
TCGA-AR-A5QN-01	-0.0707272196305463	-0.0561441937817946	TCGA-AR-A5QN	68	STAGE IIIC	7TH	6	-29	Breast Cancer	BRCA	Breast Invasive Lobular Carcinoma	1013	-25089	0	NA	NA	33.30374462	0:ALIVE OR DEAD TUMOR FREE	Not Hispanic Or Latino	5/15/13	0.2012	EUR	No	C50.9	8520/3	C50.9	Yes	Yes	0.2848	0.03	30	No	ILC	33.30374462	0:LIVING	077506EA-8F11-405D-BB8E-3C9924FE54D0	M0	N3	T2	Tumor Free	33.30374462	0:CENSORED	Yes	No	White	Yes	-4	1	Primary	Female	Matched	BRCA_LumA	61	No	Yes	Mayo	AR	1	Breast	Infiltrating Lobular Carcinoma	-34	0	Low	Low
TCGA-AR-A5QP-01	-0.098471916474728	-0.0691568108617553	TCGA-AR-A5QP	54	STAGE IIB	7TH	8	-13	Breast Cancer	BRCA	Breast Invasive Lobular Carcinoma	1185	-19805	0	NA	NA	38.95847717	0:ALIVE OR DEAD TUMOR FREE	Not Hispanic Or Latino	5/15/13	0.1282	EUR	No	C50.9	8520/3	C50.9	Yes	Yes	0.3078	0	27	No	ILC	38.95847717	0:LIVING	3C275152-D04B-440C-9621-2FC05EA977B6	M0	N1	T2	Tumor Free	38.95847717	0:CENSORED	Yes	No	White	Yes	-12	1	Primary	Female	Matched	BRCA_LumA	28	No	Yes	Mayo	AR	0.866666667	Breast	Infiltrating Lobular Carcinoma	-30	0	Low	Low
TCGA-AR-A5QQ-01	-0.194761215275287	-0.0786752442558357	TCGA-AR-A5QQ	68	STAGE IIIA	7TH	7	47	Breast Cancer	BRCA	Breast Invasive Carcinoma (NOS)	NA	-24841	0	NA	NA	10.58618536	1:DEAD WITH TUMOR	Not Hispanic Or Latino	5/15/13	4e-04	EUR	No	C50.9	8575/3	C50.9	Yes	Yes	0.3139	0	66	Yes	BRCNOS	10.58618536	1:DECEASED	3AF31FCF-AD0C-4FD9-A8E3-10F9176B5E9D	M0	N1	T3	Tumor Free	9.895781964	1:PROGRESSION	Yes	No	White	Yes	26	1	Primary	Female	Matched	BRCA_Basal	26	No	Yes	Mayo	AR	2.233333333	Breast	Other	78	1	Low	Low
TCGA-B6-A0I1-01	-0.0732936409740656	-0.0825876803473884	TCGA-B6-A0I1	73	STAGE IIA	5TH	9	37	Breast Cancer	BRCA	Breast Invasive Ductal Carcinoma	NA	-26902	0	36.82151429	1:Recurred/Progressed	77.62106717	0:ALIVE OR DEAD TUMOR FREE	Not Hispanic Or Latino	1/11/12	0.3742	AFR_ADMIX	No	C50.9	8500/3	C50.9	Yes	Yes	0.2998	0.82	50	Yes	IDC	77.62106717	1:DECEASED	5DD423E8-FEAA-4568-A750-500948C41D6C	M0	N0	T2	Tumor Free	36.82151429	1:PROGRESSION	Yes	No	Black or African American	No	20	1	Primary	Female	Matched	BRCA_Basal	236	No	Yes	Duke	B6	1.7	Breast	Infiltrating Ductal Carcinoma	24	1	Low	Low
TCGA-B6-A0I2-01	-0.234874069004371	-0.129352018015938	TCGA-B6-A0I2	45	STAGE IA	4TH	23	15	Breast Cancer	BRCA	Breast Invasive Ductal Carcinoma	4361	-16702	0	NA	NA	143.3737713	0:ALIVE OR DEAD TUMOR FREE	Not Hispanic Or Latino	11/2/10	0.8535	EUR	No	C50.9	8500/3	C50.9	Yes	Yes	0.2733	0.46	52	No	IDC	143.3737713	0:LIVING	328dfcb0-b5ae-43f2-bc87-dad0ab3df9e7	M0	N0 (I-)	T1C	Tumor Free	143.3737713	0:CENSORED	NA	No	White	Yes	10	1	Primary	Female	Matched	BRCA_Basal	73	No	Yes	Duke	B6	1.8	Breast	Infiltrating Ductal Carcinoma	6	0	Low	Low
TCGA-B6-A0I5-01	-0.103588512772756	-0.118505659846888	TCGA-B6-A0I5	49	STAGE IIB	3RD	11	9	Breast Cancer	BRCA	Breast Invasive Ductal Carcinoma	8556	-18038	0	281.2900681	0:DiseaseFree	281.2900681	0:ALIVE OR DEAD TUMOR FREE	Not Hispanic Or Latino	11/2/10	0.2451	EUR	No	C50.9	8500/3	C50.9	Yes	Yes	0.2711	0.08	25	No	IDC	281.2900681	0:LIVING	1a18974d-967c-4727-b42e-12ae7be66589	M0	N1B	T2	Tumor Free	281.2900681	0:CENSORED	NA	No	White	No	2	1	Primary	Female	Matched	BRCA_LumA	4	No	Yes	Duke	B6	0.833333333	Breast	Infiltrating Ductal Carcinoma	10	0	Low	Low
TCGA-B6-A0I6-01	0.0278345046863244	0.0597469355977035	TCGA-B6-A0I6	49	STAGE IIA	3RD	NA	29	Breast Cancer	BRCA	Breast Invasive Ductal Carcinoma	NA	-18014	0	28.2407864	1:Recurred/Progressed	32.58046487	1:DEAD WITH TUMOR	Not Hispanic Or Latino	11/2/10	NA	AFR	No	C50.9	8500/3	C50.9	Yes	No	0.2894	2.69	0	Yes	IDC	32.58046487	1:DECEASED	045c13ef-3db7-4adf-b0a3-23338f0479f3	M0	N1	T1C	With Tumor	28.2407864	1:PROGRESSION	NA	No	Black or African American	No	18	1	Primary	Female	Matched	NA	402	No	Yes	Duke	B6	0	Breast	Infiltrating Ductal Carcinoma	12	1	High	High
TCGA-B6-A0I8-01	0.0571510858442686	0.0272126278399405	TCGA-B6-A0I8	46	STAGE X	4TH	NA	-25	Breast Cancer	BRCA	Breast Invasive Ductal Carcinoma	NA	-17073	0	NA	NA	24.62438768	1:DEAD WITH TUMOR	Not Hispanic Or Latino	11/2/10	NA	EUR	No	C50.9	8500/3	C50.9	Yes	No	0.2944	0.57	111	Yes	IDC	24.62438768	1:DECEASED	6e6408d6-6c48-4dfc-9f1c-28b7386e87b4	M0	NX	T1	With Tumor	24.52575862	1:PROGRESSION	NA	Yes	White	No	-12	1	Primary	Female	Matched	NA	506	No	Yes	Duke	B6	3.733333333	Breast	Infiltrating Ductal Carcinoma	-10	1	High	High
TCGA-B6-A0I9-01	-0.0347244613612973	-0.0611419905129389	TCGA-B6-A0I9	62	STAGE IV	3RD	12	1	Breast Cancer	BRCA	Breast Invasive Ductal Carcinoma	NA	-22798	0	NA	NA	11.90123944	1:DEAD WITH TUMOR	Not Hispanic Or Latino	11/2/10	0.495	EUR	No	C50.9	8500/3	C50.9	Yes	Yes	0.2882	0.58	71	No	IDC	11.90123944	1:DECEASED	44954053-0b93-4577-a436-42777e442300	M1	NX	T3	With Tumor	11.90123944	1:PROGRESSION	NA	No	White	Yes	16	1	Primary	Female	Matched	BRCA_Her2	442	No	Yes	Duke	B6	2.4	Breast	Infiltrating Ductal Carcinoma	4	1	Low	Low
TCGA-B6-A0IA-01	-0.0589436760398959	-0.157457723103974	TCGA-B6-A0IA	51	STAGE IIA	NA	6	3	Breast Cancer	BRCA	Breast Invasive Carcinoma (NOS)	8391	-18748	0	275.86547	0:DiseaseFree	275.86547	0:ALIVE OR DEAD TUMOR FREE	Not Hispanic Or Latino	11/2/10	0.2386	EUR	No	C50.9	8523/3	C50.9	Yes	Yes	0.2676	0.3	26	No	BRCNOS	275.86547	0:LIVING	0807435a-e75e-4e04-8e45-ed0cd49a841a	M0	N0 (I-)	T2	Tumor Free	275.86547	0:CENSORED	NA	No	White	No	2	1	Primary	Female	Matched	BRCA_LumA	49	No	Yes	Duke	B6	0.9	Breast	Other	0	0	Low	Low
TCGA-B6-A0IB-01	-0.0919208575173229	-0.110587758157977	TCGA-B6-A0IB	64	STAGE IV	3RD	21	-5	Breast Cancer	BRCA	Breast Invasive Ductal Carcinoma	NA	-23646	0	NA	NA	129.5657034	1:DEAD WITH TUMOR	Not Hispanic Or Latino	11/2/10	0.5461	EUR	No	C50.9	8500/3	C50.9	Yes	Yes	0.278	0.25	66	Yes	IDC	129.5657034	1:DECEASED	157ec9e0-ca6e-4da1-9233-f976cf0db433	M1	N3	T3	With Tumor	89.32504849	1:PROGRESSION	NA	No	White	No	12	1	Primary	Female	Matched	BRCA_LumB	32	No	Yes	Duke	B6	2.2	Breast	Infiltrating Ductal Carcinoma	-2	1	Low	Low
TCGA-B6-A0IC-01	0.136432204470513	0.045993536502194	TCGA-B6-A0IC	90	STAGE X	3RD	4	-35	Breast Cancer	BRCA	Breast Invasive Carcinoma (NOS)	NA	-32872	0	50.69533485	0:DiseaseFree	50.69533485	0:ALIVE OR DEAD TUMOR FREE	Not Hispanic Or Latino	11/2/10	0.0787	EUR	No	C50.9	8503/3	C50.9	Yes	Yes	0.269	0.11	29	No	BRCNOS	50.69533485	1:DECEASED	b804f7ae-da8f-4414-be11-f880f1859160	MX	NX	T2	NA	50.69533485	0:CENSORED	NA	No	White	No	-10	1	Primary	Female	Matched	BRCA_LumA	30	No	Yes	Duke	B6	1	Breast	Other	-44	1	High	High
TCGA-B6-A0IE-01	-0.0491906379519012	-0.110124944515293	TCGA-B6-A0IE	38	STAGE IIIA	4TH	12	-5	Breast Cancer	BRCA	Breast Invasive Carcinoma (NOS)	NA	-13982	0	27.4188776	1:Recurred/Progressed	65.52256962	1:DEAD WITH TUMOR	Not Hispanic Or Latino	11/2/10	0.349	AFR_ADMIX	No	C50.9	8520/3	C50.9	Yes	Yes	0.2736	0.22	29	Yes	BRCNOS	65.52256962	1:DECEASED	3f834fa7-6d7b-4b85-98c0-5c55d55b6c95	M0	N1B	T3	With Tumor	27.4188776	1:PROGRESSION	NA	No	Black or African American	Yes	8	1	Primary	Female	Matched	BRCA_LumA	112	No	Yes	Duke	B6	1	Breast	Mixed Histology (NOS)	4	1	Low	Low
TCGA-B6-A0IG-01	-0.136727042501244	-0.101683510000765	TCGA-B6-A0IG	50	STAGE IIB	4TH	11	15	Breast Cancer	BRCA	Breast Invasive Ductal Carcinoma	NA	-18433	0	NA	NA	146.4970247	1:DEAD WITH TUMOR	Not Hispanic Or Latino	11/2/10	0.3174	EUR	No	C50.9	8500/3	C50.9	Yes	Yes	NA	0.24	37	NA	IDC	146.4970247	1:DECEASED	34ab0cb8-bf19-4cbb-b4eb-3c45ee5aa60b	M0	N1B	T2	With Tumor	146.4970247	1:PROGRESSION	NA	No	White	Yes	18	1	Primary	Female	Matched	BRCA_LumA	157	No	Yes	Duke	B6	1.233333333	Breast	Infiltrating Ductal Carcinoma	24	1	Low	Low
TCGA-B6-A0IH-01	0.0847827832337905	0.11048501566453	TCGA-B6-A0IH	81	STAGE IIIA	4TH	27	-39	Breast Cancer	BRCA	Breast Invasive Lobular Carcinoma	NA	-29907	0	112.3713713	0:DiseaseFree	112.3713713	NA	Not Hispanic Or Latino	3/15/11	0.1988	EUR	No	C50.9	8520/3	C50.9	Yes	Yes	0.2791	0.02	37	NA	ILC	112.3713713	1:DECEASED	2476dda9-da2a-4242-9642-b92b8b9b1c79	M0	N1B	T3	NA	112.3713713	0:CENSORED	Yes	No	White	Yes	-16	1	Primary	Female	Matched	BRCA_LumA	36	No	Yes	Duke	B6	1.233333333	Breast	Infiltrating Lobular Carcinoma	-30	1	High	High
TCGA-B6-A0IJ-01	-0.178129736990663	-0.123436175556731	TCGA-B6-A0IJ	42	STAGE IIB	NA	14	21	Breast Cancer	BRCA	Breast Invasive Ductal Carcinoma	7106	-15625	0	233.6193576	0:DiseaseFree	233.6193576	0:ALIVE OR DEAD TUMOR FREE	Not Hispanic Or Latino	11/2/10	0.5979	AFR	No	C50.9	8500/3	C50.9	Yes	Yes	0.2882	0.38	131	No	IDC	233.6193576	0:LIVING	2c86c3ea-d926-4d39-a5ae-39ece4774287	M0	N0 (I-)	T3	Tumor Free	233.6193576	0:CENSORED	NA	No	Black or African American	No	10	1	Primary	Female	Matched	BRCA_Basal	306	No	Yes	Duke	B6	4.4	Breast	Infiltrating Ductal Carcinoma	6	0	Low	Low
TCGA-B6-A0IK-01	-0.115061755325519	-0.123986215828828	TCGA-B6-A0IK	63	STAGE IIIB	4TH	13	19	Breast Cancer	BRCA	Breast Invasive Ductal Carcinoma	NA	-23150	0	16.07653615	1:Recurred/Progressed	18.77239702	1:DEAD WITH TUMOR	Not Hispanic Or Latino	11/2/10	0.3518	EUR	No	C50.9	8500/3	C50.9	Yes	Yes	0.2595	0.25	114	Yes	IDC	18.77239702	1:DECEASED	0491063c-14a7-4104-8002-1459126332f3	M0	N1	T4	With Tumor	16.07653615	1:PROGRESSION	NA	No	White	No	20	1	Primary	Female	Matched	BRCA_Her2	131	No	Yes	Duke	B6	3.8	Breast	Infiltrating Ductal Carcinoma	34	1	Low	Low
TCGA-B6-A0IM-01	0.108605365630831	0.0562403536011767	TCGA-B6-A0IM	75	STAGE IIB	4TH	9	-19	Breast Cancer	BRCA	Breast Invasive Carcinoma (NOS)	3836	-27557	0	127.3301115	0:DiseaseFree	127.3301115	0:ALIVE OR DEAD TUMOR FREE	Not Hispanic Or Latino	11/2/10	0.2215	AFR	No	C50.9	8523/3	C50.9	Yes	Yes	0.2982	0.17	28	No	BRCNOS	127.3301115	1:DECEASED	5a4b7098-1f6a-49e9-b364-29d6d34f5bd5	M0	N0 (I-)	T3	Tumor Free	127.3301115	0:CENSORED	NA	No	Black or African American	No	8	1	Primary	Female	Matched	BRCA_LumA	53	No	Yes	Duke	B6	0.933333333	Breast	Other	-28	1	High	High
TCGA-B6-A0IN-01	-0.0832716865538722	-0.0422983983755245	TCGA-B6-A0IN	45	STAGE X	4TH	7	7	Breast Cancer	BRCA	Breast Invasive Carcinoma (NOS)	NA	-16705	0	46.42140908	1:Recurred/Progressed	84.5908538	1:DEAD WITH TUMOR	Not Hispanic Or Latino	11/2/10	0.2325	EUR	No	C50.9	8523/3	C50.9	Yes	Yes	0.2872	0.12	29	Yes	BRCNOS	84.5908538	1:DECEASED	16a8d916-ad46-4690-b1a5-3b2b323f4336	MX	NX	T1C	With Tumor	46.42140908	1:PROGRESSION	NA	No	White	No	0	1	Primary	Female	Matched	BRCA_LumB	257	No	Yes	Duke	B6	0.966666667	Breast	Other	-8	1	Low	Low
TCGA-B6-A0IO-01	0.0221133804178402	-0.0672056862306269	TCGA-B6-A0IO	66	STAGE IIA	NA	21	-13	Breast Cancer	BRCA	Breast Invasive Ductal Carcinoma	5042	-24322	0	165.762567	0:DiseaseFree	165.762567	0:ALIVE OR DEAD TUMOR FREE	Not Hispanic Or Latino	11/2/10	0.327	EUR	No	C50.9	8500/3	C50.9	Yes	Yes	NA	0.24	58	No	IDC	165.762567	0:LIVING	04af44fc-c487-4005-b3cb-cb64815824a2	M0	N0 (I-)	T2	Tumor Free	165.762567	0:CENSORED	NA	No	White	No	12	1	Primary	Female	Matched	BRCA_LumA	194	No	Yes	Duke	B6	1.933333333	Breast	Infiltrating Ductal Carcinoma	-24	0	High	Low
TCGA-B6-A0IP-01	-0.0402017593883113	-0.0689870322495787	TCGA-B6-A0IP	74	STAGE IA	NA	2	-31	Breast Cancer	BRCA	Breast Invasive Lobular Carcinoma	3374	-27047	0	129.0725581	0:DiseaseFree	129.0725581	0:ALIVE OR DEAD TUMOR FREE	Not Hispanic Or Latino	11/2/10	0.0661	EUR	No	C50.9	8520/3	C50.9	Yes	Yes	NA	0.01	36	No	ILC	129.0725581	1:DECEASED	1402082d-25c9-4148-8a1e-f58450b706bb	M0	N0 (I-)	T1C	Tumor Free	129.0725581	0:CENSORED	Yes	No	White	NA	-2	1	Primary	Female	Matched	BRCA_LumA	7	No	Yes	Duke	B6	1.2	Breast	Infiltrating Lobular Carcinoma	-30	1	Low	Low
TCGA-B6-A0IQ-01	-0.118264011032834	-0.0653866934437369	TCGA-B6-A0IQ	40	STAGE IIIA	4TH	14	31	Breast Cancer	BRCA	Breast Invasive Ductal Carcinoma	4285	-14669	0	140.8751685	0:DiseaseFree	140.8751685	0:ALIVE OR DEAD TUMOR FREE	Not Hispanic Or Latino	11/2/10	0.5981	EUR	No	C50.9	8500/3	C50.9	Yes	Yes	NA	0.53	65	No	IDC	140.8751685	0:LIVING	01eef340-598c-4205-a990-cec190ac2ca5	M0	N1B	T3	Tumor Free	140.8751685	0:CENSORED	NA	No	White	Yes	14	1	Primary	Female	Matched	BRCA_Basal	290	No	Yes	Duke	B6	2.166666667	Breast	Infiltrating Ductal Carcinoma	12	0	Low	Low
TCGA-B6-A0RE-01	-0.163816371853264	-0.120363591865924	TCGA-B6-A0RE	61	STAGE X	NA	20	27	Breast Cancer	BRCA	Breast Invasive Ductal Carcinoma	7777	-22449	0	255.6793898	0:DiseaseFree	255.6793898	0:ALIVE OR DEAD TUMOR FREE	Not Hispanic Or Latino	11/2/10	0.5386	AFR_ADMIX	No	C50.9	8500/3	C50.9	Yes	Yes	0.3045	1.22	141	No	IDC	255.6793898	0:LIVING	08da7c4c-3067-4bcf-9d7a-78566df72e69	M0	N0 (I-)	TX	Tumor Free	255.6793898	0:CENSORED	NA	No	Black or African American	Yes	10	1	Primary	Female	Matched	BRCA_Basal	139	No	Yes	Duke	B6	4.666666667	Breast	Infiltrating Ductal Carcinoma	24	0	Low	Low
TCGA-B6-A0RG-01	0.0760291764971106	-0.060196584227657	TCGA-B6-A0RG	26	STAGE IIB	4TH	7	-21	Breast Cancer	BRCA	Breast Invasive Ductal Carcinoma	2082	-9840	0	68.44856495	0:DiseaseFree	68.44856495	0:ALIVE OR DEAD TUMOR FREE	Not Hispanic Or Latino	11/2/10	0.3585	EUR	No	C50.9	8500/3	C50.9	Yes	Yes	0.2716	0.49	68	No	IDC	68.44856495	0:LIVING	9b13927c-7357-44fd-8385-92ae6a656b7d	M0	N0 (I-)	T3	Tumor Free	68.44856495	0:CENSORED	NA	No	White	No	4	1	Primary	Female	Matched	BRCA_LumA	58	No	Yes	Duke	B6	2.266666667	Breast	Infiltrating Ductal Carcinoma	-4	0	High	Low
TCGA-B6-A0RH-01	-0.120288540520201	-0.0879816876527	TCGA-B6-A0RH	51	STAGE IIA	6TH	10	17	Breast Cancer	BRCA	Breast Invasive Ductal Carcinoma	5749	-18759	0	71.17730217	1:Recurred/Progressed	212.2497288	0:ALIVE OR DEAD TUMOR FREE	Not Hispanic Or Latino	3/15/11	0.2783	AFR	No	C50.9	8500/3	C50.9	Yes	Yes	0.2945	0.22	36	No	IDC	212.2497288	1:DECEASED	c3148e68-1739-4334-abda-1dcbc2166846	M0	N0 (I-)	T2	Tumor Free	71.17730217	1:PROGRESSION	Yes	No	Black or African American	No	12	1	Primary	Female	Matched	BRCA_Her2	194	No	Yes	Duke	B6	1.266666667	Breast	Infiltrating Ductal Carcinoma	22	1	Low	Low
TCGA-B6-A0RI-01	0.0513116910664711	0.0445993511322378	TCGA-B6-A0RI	44	STAGE IIIB	3RD	3	-15	Breast Cancer	BRCA	Breast Invasive Ductal Carcinoma	7126	-16138	0	36.16398724	1:Recurred/Progressed	234.2768846	0:ALIVE OR DEAD TUMOR FREE	Not Hispanic Or Latino	11/2/10	0.0928	EUR	No	C50.9	8500/3	C50.9	Yes	Yes	0.2565	0.02	20	Yes	IDC	234.2768846	0:LIVING	bfd55808-dddd-44c3-97d7-41600497b992	M0	N1B	T4B	With Tumor	36.16398724	1:PROGRESSION	NA	No	White	Yes	12	1	Primary	Female	Matched	BRCA_LumA	19	No	Yes	Duke	B6	0.666666667	Breast	Infiltrating Ductal Carcinoma	-18	0	High	High
TCGA-B6-A0RL-01	0.0118404057985665	-0.0644891285647869	TCGA-B6-A0RL	60	STAGE IIA	4TH	9	-1	Breast Cancer	BRCA	Breast Invasive Ductal Carcinoma	NA	-22238	0	81.17171319	0:DiseaseFree	81.17171319	0:ALIVE OR DEAD TUMOR FREE	Not Hispanic Or Latino	11/2/10	0.3215	AFR	No	C50.9	8500/3	C50.9	Yes	Yes	0.2985	0.93	53	No	IDC	81.17171319	1:DECEASED	5562455d-bbb8-46eb-a510-e8c6e1e26789	M0	N0 (I-)	T2	Tumor Free	81.17171319	0:CENSORED	NA	No	Black or African American	No	8	1	Primary	Female	Matched	BRCA_LumB	141	No	Yes	Duke	B6	1.733333333	Breast	Infiltrating Ductal Carcinoma	2	1	High	Low
TCGA-B6-A0RM-01	0.0766748840333503	0.0330263653874979	TCGA-B6-A0RM	57	STAGE X	4TH	4	-13	Breast Cancer	BRCA	Breast Invasive Ductal Carcinoma	NA	-21047	0	NA	NA	78.01558339	0:ALIVE OR DEAD TUMOR FREE	Not Hispanic Or Latino	11/2/10	0.0804	AFR_ADMIX	No	C50.9	8500/3	C50.9	Yes	Yes	0.2781	0.09	28	No	IDC	78.01558339	1:DECEASED	151f3677-6854-4265-9126-d92c646c67ae	MX	NX	TX	Tumor Free	78.01558339	0:CENSORED	NA	No	Black or African American	No	-2	1	Primary	Female	Matched	BRCA_LumA	16	No	Yes	Duke	B6	0.933333333	Breast	Infiltrating Ductal Carcinoma	-18	1	High	High
TCGA-B6-A0RN-01	-0.134368592488623	-0.113872312100631	TCGA-B6-A0RN	60	STAGE IA	NA	4	-37	Breast Cancer	BRCA	Breast Invasive Ductal Carcinoma	8008	-22077	0	263.2738271	0:DiseaseFree	263.2738271	0:ALIVE OR DEAD TUMOR FREE	Not Hispanic Or Latino	11/2/10	0.0741	EUR	No	C50.9	8500/3	C50.9	Yes	Yes	0.264	0.04	25	No	IDC	263.2738271	0:LIVING	2199b7a1-bd47-4bb5-b36a-a3e291e3e259	M0	N0 (I-)	T1C	Tumor Free	263.2738271	0:CENSORED	NA	No	White	Yes	-16	1	Primary	Female	Matched	BRCA_LumA	5	No	Yes	Duke	B6	0.833333333	Breast	Infiltrating Ductal Carcinoma	-34	0	Low	Low
TCGA-B6-A0RO-01	-0.0212321876245823	-0.047484358163424	TCGA-B6-A0RO	71	STAGE IIIB	4TH	19	-17	Breast Cancer	BRCA	Breast Invasive Ductal Carcinoma	4929	-26269	0	162.0475392	0:DiseaseFree	162.0475392	0:ALIVE OR DEAD TUMOR FREE	Not Hispanic Or Latino	11/2/10	0.4705	EUR	No	C50.9	8500/3	C50.9	Yes	Yes	0.2783	0.13	35	No	IDC	162.0475392	0:LIVING	0b172e29-6166-4863-803d-a0a010887c11	M0	N1A	T4	Tumor Free	162.0475392	0:CENSORED	NA	No	White	No	-10	1	Primary	Female	Matched	BRCA_LumA	52	No	Yes	Duke	B6	1.166666667	Breast	Infiltrating Ductal Carcinoma	0	0	Low	Low
TCGA-B6-A0RP-01	0.0198988858253818	-0.0061115957390121	TCGA-B6-A0RP	73	STAGE IIIB	4TH	20	-41	Breast Cancer	BRCA	Breast Invasive Carcinoma (NOS)	NA	-26941	0	91.62639314	1:Recurred/Progressed	102.7714765	1:DEAD WITH TUMOR	Not Hispanic Or Latino	11/2/10	0.4882	EUR	No	C50.9	8522/3	C50.9	Yes	Yes	0.2791	0.01	21	Yes	BRCNOS	102.7714765	1:DECEASED	451e1a67-47e6-4738-99d7-fb7771ef61a3	M0	N1B	T2	NA	91.62639314	1:PROGRESSION	NA	No	White	No	-20	1	Primary	Female	Matched	BRCA_LumA	5	No	Yes	Duke	B6	0.7	Breast	Mixed Histology (NOS)	-42	1	High	High
TCGA-B6-A0RQ-01	-0.0721069458998326	-0.0323109858757689	TCGA-B6-A0RQ	68	STAGE IIB	4TH	NA	-39	Breast Cancer	BRCA	Breast Invasive Lobular Carcinoma	NA	-25010	0	140.2833942	0:DiseaseFree	140.2833942	0:ALIVE OR DEAD TUMOR FREE	Not Hispanic Or Latino	3/15/11	0.0134	EUR	No	C50.9	8520/3	C50.9	Yes	Yes	0.2823	0.02	41	No	ILC	140.2833942	1:DECEASED	caa9b533-24b4-4ecd-9159-c165de049f6a	M0	N0 (I-)	T3	Tumor Free	140.2833942	0:CENSORED	Yes	No	White	No	-22	1	Primary	Female	Matched	BRCA_Normal	2	No	Yes	Duke	B6	1.366666667	Breast	Infiltrating Lobular Carcinoma	-52	1	Low	Low
TCGA-B6-A0RS-01	-0.11433296030833	-0.093462975639117	TCGA-B6-A0RS	38	STAGE IIA	3RD	13	17	Breast Cancer	BRCA	Breast Invasive Ductal Carcinoma	NA	-14134	0	67.10063451	1:Recurred/Progressed	100.7002663	1:DEAD WITH TUMOR	Not Hispanic Or Latino	11/2/10	0.4276	EUR	No	C50.9	8500/3	C50.9	Yes	Yes	0.3095	0.22	137	Yes	IDC	100.7002663	1:DECEASED	9416ff9b-6f29-4554-b04d-b537a3ae3969	M0	N0 (I-)	T2	With Tumor	67.10063451	1:PROGRESSION	NA	No	White	No	22	1	Primary	Female	Matched	BRCA_Her2	247	No	Yes	Duke	B6	4.633333333	Breast	Infiltrating Ductal Carcinoma	28	1	Low	Low
TCGA-B6-A0RT-01	-0.0227643259597493	0.0357281764246664	TCGA-B6-A0RT	39	STAGE IIIA	4TH	2	-9	Breast Cancer	BRCA	Breast Invasive Ductal Carcinoma	2721	-14374	0	NA	NA	89.4565539	0:ALIVE OR DEAD TUMOR FREE	Not Hispanic Or Latino	11/3/10	0.0237	EUR	No	C50.9	8500/3	C50.9	Yes	Yes	0.2897	0.01	56	No	IDC	89.4565539	0:LIVING	4bf50455-9ab7-4521-a791-089f66d3b877	M0	N1	T3	Tumor Free	89.4565539	0:CENSORED	NA	No	White	Yes	10	1	Primary	Female	Matched	BRCA_Basal	48	No	Yes	Duke	B6	1.866666667	Breast	Infiltrating Ductal Carcinoma	-40	0	Low	High
TCGA-B6-A0RU-01	-0.0867163152182889	-0.0103466076623345	TCGA-B6-A0RU	40	STAGE IA	3RD	13	23	Breast Cancer	BRCA	Breast Invasive Carcinoma (NOS)	8605	-14920	0	101.1276589	1:Recurred/Progressed	282.9010093	0:ALIVE OR DEAD TUMOR FREE	Not Hispanic Or Latino	11/2/10	0.3834	EUR	No	C50.9	8523/3	C50.9	Yes	Yes	0.2802	0.25	45	No	BRCNOS	282.9010093	0:LIVING	6956473b-92e5-4069-a26b-b48e280e76f2	M0	N0 (I-)	T1C	Tumor Free	101.1276589	1:PROGRESSION	NA	No	White	Yes	14	1	Primary	Female	Matched	BRCA_Basal	62	No	Yes	Duke	B6	1.533333333	Breast	Other	20	0	Low	High
TCGA-B6-A0RV-01	0.0140536419741454	-0.016892645470225	TCGA-B6-A0RV	42	STAGE IIIA	4TH	7	-23	Breast Cancer	BRCA	Breast Invasive Carcinoma (NOS)	5156	-15507	0	169.5104711	0:DiseaseFree	169.5104711	0:ALIVE OR DEAD TUMOR FREE	Not Hispanic Or Latino	11/2/10	0.1644	EUR	No	C50.9	8522/3	C50.9	Yes	Yes	0.2622	0	38	No	BRCNOS	169.5104711	0:LIVING	cd3faa15-743c-476f-ab0d-f205b14126b6	M0	N2	T3	Tumor Free	169.5104711	0:CENSORED	NA	No	White	Yes	-4	1	Primary	Female	Matched	BRCA_LumA	110	No	Yes	Duke	B6	1.266666667	Breast	Mixed Histology (NOS)	-30	0	High	Low
TCGA-B6-A0WS-01	0.123662783869336	0.000382384429499373	TCGA-B6-A0WS	58	STAGE X	4TH	9	-21	Breast Cancer	BRCA	Breast Invasive Ductal Carcinoma	NA	-21230	0	NA	NA	97.4783838	0:ALIVE OR DEAD TUMOR FREE	Not Hispanic Or Latino	3/15/11	0.2277	AFR_ADMIX	No	C50.9	8500/3	C50.9	Yes	Yes	0.2843	0.12	14	No	IDC	97.4783838	1:DECEASED	197741de-a098-4f04-bb37-8ea8b3bb39bc	MX	NX	T1C	Tumor Free	97.4783838	0:CENSORED	No	No	Black or African American	No	0	1	Primary	Female	Matched	BRCA_LumA	62	No	Yes	Duke	B6	0.466666667	Breast	Infiltrating Ductal Carcinoma	-36	1	High	High
TCGA-B6-A0WT-01	0.0303170426653737	0.0120225604529451	TCGA-B6-A0WT	61	STAGE IIB	4TH	3	-33	Breast Cancer	BRCA	Breast Invasive Ductal Carcinoma	5739	-22362	0	126.9684716	1:Recurred/Progressed	188.6773844	0:ALIVE OR DEAD TUMOR FREE	Not Hispanic Or Latino	12/14/10	0.152	EUR	No	C50.9	8500/3	C50.9	Yes	Yes	0.2875	0.05	15	Yes	IDC	188.6773844	0:LIVING	d7195183-9fe4-4b17-bcfd-9367d2e539ce	M0	N1	T2	Tumor Free	126.9684716	1:PROGRESSION	NA	No	White	No	10	1	Primary	Female	Matched	BRCA_LumA	49	No	Yes	Duke	B6	0.466666667	Breast	Infiltrating Ductal Carcinoma	-24	0	High	High
TCGA-B6-A0WV-01	0.0308962821590725	-0.0853185188702729	TCGA-B6-A0WV	67	STAGE IIB	4TH	24	3	Breast Cancer	BRCA	Breast Invasive Ductal Carcinoma	NA	-24803	0	79.46214288	0:DiseaseFree	79.46214288	0:ALIVE OR DEAD TUMOR FREE	Not Hispanic Or Latino	12/14/10	0.4345	EUR	No	C50.9	8500/3	C50.9	Yes	Yes	0.2725	0.52	29	No	IDC	79.46214288	1:DECEASED	7588a286-6935-424a-bc5f-92e24c83eb37	M0	N1B	T2	Tumor Free	79.46214288	0:CENSORED	NA	No	White	No	24	1	Primary	Female	Matched	BRCA_LumB	45	No	Yes	Duke	B6	0.966666667	Breast	Infiltrating Ductal Carcinoma	10	1	High	Low
TCGA-B6-A0WW-01	-0.15847878190067	-0.146232946196864	TCGA-B6-A0WW	58	STAGE X	4TH	9	-23	Breast Cancer	BRCA	Breast Invasive Ductal Carcinoma	NA	-21479	0	14.69572936	1:Recurred/Progressed	18.34500444	1:DEAD WITH TUMOR	Not Hispanic Or Latino	12/14/10	0.3127	AFR	No	C50.9	8500/3	C50.9	Yes	Yes	0.2824	0.67	34	Yes	IDC	18.34500444	1:DECEASED	f02931f8-d72a-481d-b532-8b141dab115f	MX	N1B	T2	With Tumor	14.69572936	1:PROGRESSION	NA	No	Black or African American	Yes	4	1	Primary	Female	Matched	BRCA_LumB	70	No	Yes	Duke	B6	1.133333333	Breast	Infiltrating Ductal Carcinoma	-26	1	Low	Low
TCGA-B6-A0WX-01	-0.0628287513233708	-0.0105838785292306	TCGA-B6-A0WX	40	STAGE IIIA	5TH	16	-9	Breast Cancer	BRCA	Breast Invasive Carcinoma (NOS)	NA	-14784	0	18.5093862	1:Recurred/Progressed	21.00798895	1:DEAD WITH TUMOR	Not Hispanic Or Latino	12/14/10	0.4622	AFR	No	C50.9	8520/3	C50.9	Yes	Yes	0.3032	0.18	27	Yes	BRCNOS	21.00798895	1:DECEASED	a482fc4c-ff1d-46a0-a968-7df06422cc4b	M0	N1B	T3	With Tumor	18.5093862	1:PROGRESSION	NA	No	Black or African American	No	2	1	Primary	Female	Matched	BRCA_Basal	110	No	Yes	Duke	B6	0.9	Breast	Other	-30	1	Low	High
TCGA-B6-A0WY-01	-0.0369218903558108	-0.0248515849632338	TCGA-B6-A0WY	40	STAGE IIIA	4TH	25	-29	Breast Cancer	BRCA	Breast Invasive Ductal Carcinoma	NA	-14778	0	66.11434395	1:Recurred/Progressed	113.7850544	1:DEAD WITH TUMOR	Not Hispanic Or Latino	12/14/10	0.0836	EUR	No	C50.9	8500/3	C50.9	Yes	Yes	0.2894	0.08	31	Yes	IDC	113.7850544	1:DECEASED	f475d460-75cd-4fe9-aa54-c90be12b4ef8	M0	N1B	T3	With Tumor	66.11434395	1:PROGRESSION	NA	No	White	Yes	-10	1	Primary	Female	Matched	BRCA_LumA	69	No	Yes	Duke	B6	1.033333333	Breast	Infiltrating Ductal Carcinoma	0	1	Low	Low
TCGA-B6-A0WZ-01	0.00359630671665841	-0.0280696749530364	TCGA-B6-A0WZ	50	STAGE II	4TH	11	3	Breast Cancer	BRCA	Breast Invasive Ductal Carcinoma	6292	-18584	0	206.858007	0:DiseaseFree	206.858007	0:ALIVE OR DEAD TUMOR FREE	Not Hispanic Or Latino	12/14/10	0.2496	AFR_ADMIX	No	C50.9	8500/3	C50.9	Yes	Yes	0.2808	0.04	55	Yes	IDC	206.858007	0:LIVING	08740d7f-5a5e-4dfa-bd48-7fbf228a7a28	M0	N1B	T2	Tumor Free	168.2282934	1:PROGRESSION	NA	No	Black or African American	Yes	10	1	Primary	Female	Matched	BRCA_LumA	11	No	Yes	Duke	B6	1.866666667	Breast	Infiltrating Ductal Carcinoma	12	0	High	Low
TCGA-B6-A0X0-01	-0.120812203218785	-0.164165674702953	TCGA-B6-A0X0	54	STAGE I	4TH	5	-33	Breast Cancer	BRCA	Breast Invasive Carcinoma (NOS)	NA	-19802	0	129.6972088	0:DiseaseFree	129.6972088	NA	Not Hispanic Or Latino	3/15/11	0.1143	EUR	No	C50.919	8201/3	C50.9	Yes	Yes	0.263	0.05	18	No	BRCNOS	129.6972088	1:DECEASED	1e68e760-a4cf-4100-bf9c-e50fa8d126f6	M0	N0 (I-)	T1C	NA	129.6972088	0:CENSORED	Yes	No	White	No	-8	1	Primary	Female	Matched	BRCA_LumA	9	No	Yes	Duke	B6	0.633333333	Breast	Other	-32	1	Low	Low
TCGA-B6-A0X1-01	-0.0577209490923283	-0.0174585648412617	TCGA-B6-A0X1	48	STAGE IIB	4TH	13	17	Breast Cancer	BRCA	Breast Invasive Ductal Carcinoma	5677	-17624	0	16.1094125	1:Recurred/Progressed	245.0932045	0:ALIVE OR DEAD TUMOR FREE	Not Hispanic Or Latino	12/14/10	0.8331	EUR	No	C50.9	8500/3	C50.9	Yes	Yes	0.2987	1.54	66	No	IDC	245.0932045	1:DECEASED	178b2c48-c07d-422e-ae17-8bcfd996ad51	M1	N1	T2	Tumor Free	16.1094125	1:PROGRESSION	NA	No	White	No	10	1	Primary	Female	Matched	BRCA_Basal	448	No	Yes	Duke	B6	2.266666667	Breast	Infiltrating Ductal Carcinoma	-8	1	Low	Low
TCGA-B6-A0X4-01	0.0117216657938995	0.0304912117539449	TCGA-B6-A0X4	62	STAGE IIB	4TH	0	-9	Breast Cancer	BRCA	Breast Invasive Ductal Carcinoma	NA	-22688	0	23.53946806	1:Recurred/Progressed	28.27366275	1:DEAD WITH TUMOR	Not Hispanic Or Latino	12/14/10	0.0305	EUR	No	C50.9	8500/3	C50.9	Yes	Yes	0.2706	0	18	Yes	IDC	28.27366275	1:DECEASED	4e42fdc5-2a8b-49e9-87ef-6db7a6692d08	M0	N1B	T2	With Tumor	23.53946806	1:PROGRESSION	NA	No	White	No	-2	1	Primary	Female	Matched	BRCA_LumA	5	No	Yes	Duke	B6	0.6	Breast	Infiltrating Ductal Carcinoma	-16	1	High	High
TCGA-B6-A0X5-01	0.03893641601247	-0.0280880492086987	TCGA-B6-A0X5	61	STAGE IIB	4TH	3	-11	Breast Cancer	BRCA	Breast Invasive Ductal Carcinoma	NA	-22380	0	44.15294079	1:Recurred/Progressed	68.94171023	1:DEAD WITH TUMOR	Not Hispanic Or Latino	12/14/10	0.0827	AFR_ADMIX	No	C50.9	8500/3	C50.9	Yes	Yes	0.2756	0.01	36	Yes	IDC	68.94171023	1:DECEASED	4e6edfe6-adcb-4c12-8ff4-38a79f5887e8	M0	N1B	T2	With Tumor	44.15294079	1:PROGRESSION	NA	No	Black or African American	No	20	1	Primary	Female	Matched	BRCA_LumB	6	No	Yes	Duke	B6	1.2	Breast	Infiltrating Ductal Carcinoma	-32	1	High	Low
TCGA-B6-A0X7-01	-0.0181840871397607	-5.09468071672709e-05	TCGA-B6-A0X7	62	STAGE X	4TH	5	-35	Breast Cancer	BRCA	Breast Invasive Carcinoma (NOS)	NA	-22723	0	NA	NA	58.55278298	0:ALIVE OR DEAD TUMOR FREE	Not Hispanic Or Latino	12/14/10	0.1698	EUR	No	C50.9	8500/3	C50.9	Yes	Yes	NA	0.16	16	Yes	BRCNOS	58.55278298	1:DECEASED	5b9a5cd2-5ec8-48a0-b9f2-da9bede0b089	MX	NX	T1C	NA	36.29549265	1:PROGRESSION	NA	No	White	Yes	-18	1	Primary	Female	Matched	BRCA_LumA	51	No	Yes	Duke	B6	0.533333333	Breast	Mixed Histology (NOS)	-38	1	Low	High
TCGA-B6-A1KC-01	0.177138605443001	0.0765855180317133	TCGA-B6-A1KC	67	STAGE IIB	6TH	27	-23	Breast Cancer	BRCA	Breast Invasive Ductal Carcinoma	1326	-24791	0	43.59404281	0:DiseaseFree	43.59404281	0:ALIVE OR DEAD TUMOR FREE	Not Hispanic Or Latino	7/19/11	0.5293	EUR	No	C50.9	8500/3	C50.9	Yes	Yes	0.3311	1.45	26	No	IDC	43.59404281	0:LIVING	1502c7d7-1535-4e56-9f34-30623acd50d5	M0	N1	T2	Tumor Free	43.59404281	0:CENSORED	Yes	No	White	Yes	10	1	Primary	Female	Matched	BRCA_LumB	38	No	Yes	Duke	B6	0.866666667	Breast	Infiltrating Ductal Carcinoma	-40	0	High	High
TCGA-B6-A1KF-01	-0.111331163563509	-0.0944200633408954	TCGA-B6-A1KF	68	STAGE IIB	5TH	22	13	Breast Cancer	BRCA	Breast Invasive Ductal Carcinoma	3088	-24891	0	101.5221751	0:DiseaseFree	101.5221751	0:ALIVE OR DEAD TUMOR FREE	Not Hispanic Or Latino	7/19/11	0.5575	EUR	No	C50.9	8500/3	C50.9	Yes	Yes	0.3198	0.99	46	No	IDC	101.5221751	0:LIVING	f30eb65f-fb44-4062-ac39-a38d072f655f	M0	N1	T2	Tumor Free	101.5221751	0:CENSORED	Yes	No	White	Yes	18	1	Primary	Female	Matched	BRCA_Basal	93	No	Yes	Duke	B6	1.566666667	Breast	Infiltrating Ductal Carcinoma	2	0	Low	Low
TCGA-B6-A1KI-01	0.00424763733636096	0.00289995089530883	TCGA-B6-A1KI	63	STAGE I	6TH	29	-35	Breast Cancer	BRCA	Breast Invasive Ductal Carcinoma	2236	-23031	0	73.51152316	0:DiseaseFree	73.51152316	0:ALIVE OR DEAD TUMOR FREE	Not Hispanic Or Latino	7/19/11	0.1086	EUR	No	C50.9	8500/3	C50.9	Yes	Yes	0.3202	0.28	21	No	IDC	73.51152316	0:LIVING	1dafdd64-527d-4d46-bbdf-7a97774f881b	M0	N0	T1C	Tumor Free	73.51152316	0:CENSORED	Yes	No	White	Yes	-16	1	Primary	Female	Matched	BRCA_LumA	5	No	Yes	Duke	B6	0.7	Breast	Infiltrating Ductal Carcinoma	-26	0	High	High
TCGA-B6-A1KN-01	-0.042478086280482	-0.071052981174279	TCGA-B6-A1KN	57	STAGE IIIB	5TH	17	-17	Breast Cancer	BRCA	Breast Invasive Ductal Carcinoma	4233	-21183	0	139.1655982	0:DiseaseFree	139.1655982	0:ALIVE OR DEAD TUMOR FREE	Not Hispanic Or Latino	7/19/11	0.2858	EUR	No	C50.9	8500/3	C50.9	Yes	Yes	0.3308	0.82	59	No	IDC	139.1655982	0:LIVING	271404de-24e8-43f6-806b-fb510c1124c4	M0	N1	T4B	Tumor Free	139.1655982	0:CENSORED	Yes	No	White	Yes	8	1	Primary	Female	Matched	BRCA_LumB	293	No	Yes	Duke	B6	1.966666667	Breast	Infiltrating Ductal Carcinoma	-10	0	Low	Low
TCGA-B6-A2IU-01	0.0561531518298096	-0.0323934197345375	TCGA-B6-A2IU	62	STAGE IIA	5TH	9	-31	Breast Cancer	BRCA	Breast Invasive Lobular Carcinoma	5176	-22905	0	170.1679982	0:DiseaseFree	170.1679982	0:ALIVE OR DEAD TUMOR FREE	Hispanic Or Latino	1/11/12	0.2248	EUR	No	C50.9	8520/3	C50.9	Yes	Yes	0.3032	0.03	38	Yes	ILC	170.1679982	0:LIVING	9857BE0C-AECA-4A43-90B1-0535BD08E086	M0	N0	T2	NA	138.869711	1:PROGRESSION	Yes	No	White	Yes	-4	1	Primary	Female	Matched	BRCA_LumA	17	No	Yes	Duke	B6	1.233333333	Breast	Infiltrating Lobular Carcinoma	-28	0	High	Low
TCGA-B6-A3ZX-01	-0.00321959267148041	0.0683635788309443	TCGA-B6-A3ZX	50	STAGE IV	6TH	19	-19	Breast Cancer	BRCA	Breast Invasive Carcinoma (NOS)	1132	-18434	0	NA	NA	37.87355755	1:DEAD WITH TUMOR	Not Hispanic Or Latino	9/20/12	0.0451	AFR	No	C50.9	8522/3	C50.9	Yes	No	0.3137	0	0	Yes	BRCNOS	37.87355755	1:DECEASED	9434687A-197C-4959-B6B8-9C05F1DD7F53	M1	N1	T3	With Tumor	32.67909393	1:PROGRESSION	Yes	No	Black or African American	Yes	2	1	Primary	Female	Matched	NA	60	No	Yes	Duke	B6	0	Breast	Mixed Histology (NOS)	-44	1	High	High
TCGA-B6-A400-01	-0.0609276934525219	-0.00209575358966876	TCGA-B6-A400	43	STAGE IIIA	6TH	6	21	Breast Cancer	BRCA	Breast Invasive Ductal Carcinoma	215	-16022	0	7.068415689	0:DiseaseFree	7.068415689	0:ALIVE OR DEAD TUMOR FREE	Not Hispanic Or Latino	9/20/12	0.3384	AFR	No	C50.9	8500/3	C50.9	Yes	No	0.3369	0.48	0	No	IDC	7.068415689	0:LIVING	D9A1C06F-7B50-46B0-878E-89E8C31863AE	M0	N2A	T2	Tumor Free	7.068415689	0:CENSORED	Yes	No	Black or African American	Yes	16	1	Primary	Female	Matched	NA	170	No	Yes	Duke	B6	0	Breast	Infiltrating Ductal Carcinoma	44	0	Low	High
TCGA-B6-A401-01	-0.0421456404695779	-0.0531986304158142	TCGA-B6-A401	47	STAGE IIA	6TH	24	-9	Breast Cancer	BRCA	Breast Invasive Ductal Carcinoma	2596	-17438	0	85.3470099	0:DiseaseFree	85.3470099	0:ALIVE OR DEAD TUMOR FREE	Not Hispanic Or Latino	9/20/12	0.3026	AFR_ADMIX	No	C50.9	8500/3	C50.9	Yes	Yes	0.3196	0	19	No	IDC	85.3470099	0:LIVING	48FF0420-0F19-4E9D-A75D-6C54949A461A	M0	N1A	T1C	Tumor Free	85.3470099	0:CENSORED	Yes	No	Black or African American	No	-8	1	Primary	Female	Matched	BRCA_LumA	47	No	Yes	Duke	B6	0.633333333	Breast	Infiltrating Ductal Carcinoma	-6	0	Low	Low
TCGA-B6-A402-01	-0.109811745110277	-0.0924758411917605	TCGA-B6-A402	47	STAGE I	6TH	17	13	Breast Cancer	BRCA	Breast Invasive Ductal Carcinoma	2134	-17314	0	49.84054969	1:Recurred/Progressed	74.990959	0:ALIVE OR DEAD TUMOR FREE	Not Hispanic Or Latino	9/20/12	0.5552	AFR	No	C50.9	8500/3	C50.9	Yes	No	0.3349	0.48	0	Yes	IDC	74.990959	0:LIVING	75B3FE55-1A63-426E-867E-2EF52F54778D	M0	N0 (I-)	T1C	With Tumor	49.84054969	1:PROGRESSION	Yes	No	Black or African American	Yes	14	1	Primary	Female	Matched	NA	234	No	Yes	Duke	B6	0	Breast	Infiltrating Ductal Carcinoma	16	0	Low	Low
TCGA-B6-A408-01	-0.0396865873590043	-0.0450294347354305	TCGA-B6-A408	55	STAGE IIIC	6TH	21	-17	Breast Cancer	BRCA	Breast Invasive Carcinoma (NOS)	2072	-20102	0	68.11980143	0:DiseaseFree	68.11980143	0:ALIVE OR DEAD TUMOR FREE	Not Hispanic Or Latino	9/20/12	0.2495	AFR	No	C50.9	8522/3	C50.9	Yes	No	0.3131	0.05	0	No	BRCNOS	68.11980143	0:LIVING	9964F447-92AD-4D1E-AF20-11CF84FAB7B0	M0	N3A	T2	Tumor Free	68.11980143	0:CENSORED	Yes	No	Black or African American	Yes	-10	1	Primary	Female	Matched	NA	66	No	Yes	Duke	B6	0	Breast	Mixed Histology (NOS)	-16	0	Low	Low
TCGA-B6-A409-01	-0.15617930579637	-0.159240203181923	TCGA-B6-A409	44	STAGE IIIA	6TH	30	17	Breast Cancer	BRCA	Breast Invasive Ductal Carcinoma	NA	-16178	0	14.99161653	1:Recurred/Progressed	18.83814972	1:DEAD WITH TUMOR	Not Hispanic Or Latino	9/20/12	0.5715	AFR	No	C50.9	8500/3	C50.9	Yes	Yes	0.3125	0.07	28	Yes	IDC	18.83814972	1:DECEASED	5362CBC4-CD28-4AFD-A8AC-1A4C2C33CAD2	M0	N2A	T1C	With Tumor	14.99161653	1:PROGRESSION	Yes	No	Black or African American	No	10	1	Primary	Female	Matched	BRCA_Basal	72	No	Yes	Duke	B6	0.966666667	Breast	Infiltrating Ductal Carcinoma	14	1	Low	Low
TCGA-B6-A40B-01	-0.0596075095088432	-0.0411295691161832	TCGA-B6-A40B	76	STAGE I	6TH	7	-11	Breast Cancer	BRCA	Breast Invasive Lobular Carcinoma	3152	-27811	0	103.6262616	0:DiseaseFree	103.6262616	0:ALIVE OR DEAD TUMOR FREE	Not Hispanic Or Latino	9/20/12	0.2049	EUR	No	C50.9	8520/3	C50.9	Yes	Yes	0.2948	0.01	41	No	ILC	103.6262616	0:LIVING	8539E15F-BA40-4219-AAEB-08D0AB101311	M0	N0 (I-)	T1B	Tumor Free	103.6262616	0:CENSORED	Yes	No	White	No	-4	1	Primary	Female	Matched	BRCA_LumA	24	No	Yes	Duke	B6	1.366666667	Breast	Infiltrating Lobular Carcinoma	12	0	Low	Low
TCGA-B6-A40C-01	-0.129342160293772	-0.113468204971894	TCGA-B6-A40C	51	STAGE IIB	6TH	8	-15	Breast Cancer	BRCA	Breast Invasive Lobular Carcinoma	2164	-18852	0	71.14442582	0:DiseaseFree	71.14442582	0:ALIVE OR DEAD TUMOR FREE	Not Hispanic Or Latino	9/20/12	0.2042	EUR	No	C50.9	8520/3	C50.9	Yes	Yes	0.2977	0.05	34	No	ILC	71.14442582	0:LIVING	FD0B1B8B-1A76-480A-B61C-D176E4E02C6B	M0	N0 (I-)	T3	Tumor Free	71.14442582	0:CENSORED	Yes	No	White	Yes	8	1	Primary	Female	Matched	BRCA_LumA	22	No	Yes	Duke	B6	1.133333333	Breast	Infiltrating Lobular Carcinoma	-8	0	Low	Low
TCGA-BH-A0AU-01	0.0922037053074271	0.0203483355099794	TCGA-BH-A0AU	45	STAGE IIA	6TH	25	-21	Breast Cancer	BRCA	Breast Invasive Ductal Carcinoma	1914	-16688	0	62.92533781	0:DiseaseFree	62.92533781	0:ALIVE OR DEAD TUMOR FREE	Not Hispanic Or Latino	7/27/11	0.4255	EUR	No	C50.9	8500/3	C50.9	Yes	Yes	0.284	0.16	17	No	IDC	62.92533781	0:LIVING	360d1d6d-cf3e-4c78-b36f-ef5e3160aa6b	M0	N0	T2	Tumor Free	62.92533781	0:CENSORED	Yes	No	White	Yes	22	1	Primary	Female	Matched	BRCA_LumB	162	No	Yes	University of Pittsburgh	BH	0.566666667	Breast	Infiltrating Ductal Carcinoma	-28	0	High	High
TCGA-BH-A0AV-01	0.154498246763281	0.136580616570287	TCGA-BH-A0AV	52	STAGE I	6TH	12	27	Breast Cancer	BRCA	Breast Invasive Ductal Carcinoma	1820	-19314	0	59.83496071	0:DiseaseFree	59.83496071	0:ALIVE OR DEAD TUMOR FREE	NA	8/2/11	0.6161	AFR_ADMIX	No	C50.9	8500/3	C50.9	Yes	Yes	0.2952	0.11	57	No	IDC	59.83496071	0:LIVING	790ff5db-b7f3-4946-aaed-305f66b1dd6a	M0	N0	T1C	Tumor Free	59.83496071	0:CENSORED	Yes	No	Black or African American	Yes	20	1	Primary	Female	Matched	BRCA_Basal	150	No	Yes	University of Pittsburgh	BH	1.866666667	Breast	Infiltrating Ductal Carcinoma	8	0	High	High
TCGA-BH-A0AW-01	-0.173614207728774	-0.138842874206511	TCGA-BH-A0AW	56	STAGE IIA	NA	16	3	Breast Cancer	BRCA	Breast Invasive Ductal Carcinoma	622	-20468	0	20.44909097	0:DiseaseFree	20.44909097	0:ALIVE OR DEAD TUMOR FREE	NA	11/3/10	0.2907	EUR	No	C50.9	8500/3	C50.9	Yes	Yes	0.2784	0.21	136	No	IDC	20.44909097	0:LIVING	c5891c7a-fd24-4891-8f51-373967e4a6dd	M0	N1A	T1C	Tumor Free	20.44909097	0:CENSORED	NA	No	White	Yes	10	1	Primary	Female	Matched	BRCA_Her2	264	No	Yes	University of Pittsburgh	BH	4.6	Breast	Infiltrating Ductal Carcinoma	10	0	Low	Low
TCGA-BH-A0AY-01	-0.15114200786333	-0.136023867604082	TCGA-BH-A0AY	62	STAGE IIA	NA	25	-7	Breast Cancer	BRCA	Breast Invasive Ductal Carcinoma	777	-22703	0	25.54492554	0:DiseaseFree	25.54492554	0:ALIVE OR DEAD TUMOR FREE	NA	11/3/10	0.2207	EUR	No	C50.9	8500/3	C50.9	Yes	Yes	0.263	0.73	52	No	IDC	25.54492554	0:LIVING	93ed6066-b567-4e1c-ab81-23370f9d3452	M0	N0 (I-)	T2	Tumor Free	25.54492554	0:CENSORED	NA	No	White	No	0	1	Primary	Female	Matched	BRCA_LumA	62	No	Yes	University of Pittsburgh	BH	3.4	Breast	Infiltrating Ductal Carcinoma	-12	0	Low	Low
TCGA-BH-A0AZ-01	-0.0534381144173685	0.0548489895654235	TCGA-BH-A0AZ	47	STAGE IIIA	6TH	3	-39	Breast Cancer	BRCA	Breast Invasive Ductal Carcinoma	1919	-17465	0	63.08971957	0:DiseaseFree	63.08971957	0:ALIVE OR DEAD TUMOR FREE	Not Hispanic Or Latino	7/27/11	0.2853	EUR	No	C50.9	8500/3	C50.9	Yes	Yes	0.2615	0.16	58	No	IDC	63.08971957	0:LIVING	518f231c-f5f9-4a39-a97b-7fd5666d3e50	CM0 (I+)	N1A	T3	Tumor Free	63.08971957	0:CENSORED	Yes	No	White	No	-12	1	Primary	Female	Matched	BRCA_LumA	68	No	Yes	University of Pittsburgh	BH	1.933333333	Breast	Infiltrating Ductal Carcinoma	-28	0	Low	High
TCGA-BH-A0B0-01	-0.0415980865881391	0.012681957140391	TCGA-BH-A0B0	56	STAGE I	6TH	9	-17	Breast Cancer	BRCA	Breast Invasive Ductal Carcinoma	2477	-20776	0	81.434724	0:DiseaseFree	81.434724	0:ALIVE OR DEAD TUMOR FREE	NA	7/27/11	0.2342	AFR_ADMIX	No	C50.9	8500/3	C50.9	Yes	Yes	0.2849	0.08	66	No	IDC	81.434724	0:LIVING	66af34ea-f471-4092-aff6-9ac9a5b75b11	M0	N0	T1C	Tumor Free	81.434724	0:CENSORED	Yes	No	Black or African American	Yes	-4	1	Primary	Female	Matched	BRCA_LumA	6	No	Yes	University of Pittsburgh	BH	2.2	Breast	Infiltrating Ductal Carcinoma	-28	0	Low	High
TCGA-BH-A0B1-01	0.0551299027147664	-0.00313086496556868	TCGA-BH-A0B1	66	STAGE IIB	NA	NA	-11	Breast Cancer	BRCA	Breast Invasive Ductal Carcinoma	1148	-24315	0	37.74205214	0:DiseaseFree	37.74205214	0:ALIVE OR DEAD TUMOR FREE	NA	11/3/10	NA	EUR	No	C50.9	8500/3	C50.9	Yes	No	0.2667	0.6	49	No	IDC	37.74205214	0:LIVING	b4e4fea2-b802-4a86-923e-3fcbd3c708fe	M0	N1A	T2	Tumor Free	37.74205214	0:CENSORED	NA	No	White	Yes	6	1	Primary	Female	Matched	NA	229	No	Yes	University of Pittsburgh	BH	1.633333333	Breast	Infiltrating Ductal Carcinoma	-18	0	High	High
TCGA-BH-A0B2-01	-0.072431126134526	-0.0251130741081426	TCGA-BH-A0B2	43	STAGE I	6TH	8	NA	Breast Cancer	BRCA	Breast Invasive Ductal Carcinoma	1242	-15917	0	NA	NA	NA	NA	Not Hispanic Or Latino	7/14/11	0.2464	EUR	No	C50.9	8500/3	C50.9	Yes	No	NA	NA	0	NA	IDC	40.81498521	0:LIVING	57a1604c-60b7-4b30-a75e-f70939532c5c	M0	N0	T1A	Tumor Free	NA	NA	Yes	Yes	White	NA	NA	1	Primary	Female	Matched	NA	109	No	Yes	University of Pittsburgh	BH	0	Breast	Infiltrating Ductal Carcinoma	NA	0	Low	Low
TCGA-BH-A0B3-01	-0.134525297600107	-0.0843667353387939	TCGA-BH-A0B3	53	STAGE IIB	NA	8	37	Breast Cancer	BRCA	Breast Invasive Ductal Carcinoma	1203	-19479	0	39.5502515	0:DiseaseFree	39.5502515	0:ALIVE OR DEAD TUMOR FREE	NA	11/3/10	0.2146	EUR	No	C50.9	8500/3	C50.9	Yes	Yes	0.265	0.41	37	No	IDC	39.5502515	0:LIVING	18eb4dfc-556f-4bf3-a411-4780209ed1e0	M0	N1A	T2	Tumor Free	39.5502515	0:CENSORED	NA	No	White	Yes	30	1	Primary	Female	Matched	BRCA_Basal	149	No	Yes	University of Pittsburgh	BH	2.466666667	Breast	Infiltrating Ductal Carcinoma	42	0	Low	Low
TCGA-BH-A0B4-01	-0.141297139570057	-0.128360976699938	TCGA-BH-A0B4	65	STAGE IIIA	NA	4	-7	Breast Cancer	BRCA	Breast Invasive Ductal Carcinoma	1191	-23980	0	39.15573528	0:DiseaseFree	39.15573528	0:ALIVE OR DEAD TUMOR FREE	NA	11/4/10	0.3681	EUR	No	C50.9	8500/3	C50.9	Yes	No	0.2519	0.08	65	No	IDC	39.15573528	0:LIVING	c710f4ab-fbd9-42ed-95d4-4e6d51207f38	M0	N2	T2	Tumor Free	39.15573528	0:CENSORED	NA	No	White	Yes	6	1	Primary	Male	Matched	NA	123	No	Yes	University of Pittsburgh	BH	2.166666667	Breast	Infiltrating Ductal Carcinoma	12	0	Low	Low
TCGA-BH-A0B5-01	0.10463286299281	0.0690979509456109	TCGA-BH-A0B5	40	STAGE IIIA	6TH	21	-31	Breast Cancer	BRCA	Breast Invasive Lobular Carcinoma	2136	-14920	0	NA	NA	70.22388796	0:ALIVE OR DEAD TUMOR FREE	Not Hispanic Or Latino	8/2/11	0.2328	EUR	No	C50.9	8520/3	C50.9	Yes	Yes	0.2673	0.18	61	No	ILC	70.22388796	0:LIVING	9da462b0-93c2-4305-89f6-7199a30399a7	M0	N2A	T2	Tumor Free	70.22388796	0:CENSORED	Yes	No	White	Yes	6	1	Primary	Female	Matched	BRCA_LumA	16	No	Yes	University of Pittsburgh	BH	2.033333333	Breast	Infiltrating Lobular Carcinoma	-32	0	High	High
TCGA-BH-A0B7-01	-0.0173683661358866	0.060052494334007	TCGA-BH-A0B7	42	STAGE IIB	6TH	10	-9	Breast Cancer	BRCA	Breast Invasive Ductal Carcinoma	2559	-15593	0	84.13058487	0:DiseaseFree	84.13058487	0:ALIVE OR DEAD TUMOR FREE	Not Hispanic Or Latino	8/4/11	0.1253	EUR	No	C50.9	8500/3	C50.9	Yes	Yes	0.2803	0.02	37	No	IDC	84.13058487	0:LIVING	214a4507-d974-4b3e-8525-7408fccc6a0f	M0	N1A	T2	Tumor Free	84.13058487	0:CENSORED	Yes	No	White	Yes	4	1	Primary	Female	Matched	BRCA_Her2	204	No	Yes	University of Pittsburgh	BH	2.366666667	Breast	Infiltrating Ductal Carcinoma	-14	0	Low	High
TCGA-BH-A0B8-01	0.0725835907950196	0.0239476881317434	TCGA-BH-A0B8	64	STAGE I	NA	NA	-33	Breast Cancer	BRCA	Breast Invasive Ductal Carcinoma	1569	-23380	0	51.58299635	0:DiseaseFree	51.58299635	0:ALIVE OR DEAD TUMOR FREE	NA	11/3/10	NA	EUR	No	C50.9	8500/3	C50.9	Yes	No	0.2567	1.28	63	No	IDC	51.58299635	0:LIVING	d3a75976-67d3-40fa-9f6f-cf2a3d7b773c	M0	N0 (I-)	T1B	Tumor Free	51.58299635	0:CENSORED	NA	No	White	Yes	0	1	Primary	Female	Matched	NA	54	No	Yes	University of Pittsburgh	BH	4	Breast	Infiltrating Ductal Carcinoma	-14	0	High	High
TCGA-BH-A0B9-01	-0.0209701708414073	-0.0234313910865725	TCGA-BH-A0B9	44	STAGE IA	NA	8	33	Breast Cancer	BRCA	Breast Invasive Ductal Carcinoma	1572	-16310	0	51.68162541	0:DiseaseFree	51.68162541	0:ALIVE OR DEAD TUMOR FREE	NA	11/4/10	0.307	EUR	No	C50.9	8500/3	C50.9	Yes	Yes	0.2664	0.51	30	No	IDC	51.68162541	0:LIVING	5a57dc25-d252-4b22-b192-4de630d7002f	M0	N0 (I-)	T1C	Tumor Free	51.68162541	0:CENSORED	NA	No	White	Yes	12	1	Primary	Female	Matched	BRCA_Basal	390	No	Yes	University of Pittsburgh	BH	1	Breast	Infiltrating Ductal Carcinoma	8	0	Low	Low
TCGA-BH-A0BA-01	0.00441039368795695	-0.0142652257969581	TCGA-BH-A0BA	51	STAGE IIIC	NA	34	-23	Breast Cancer	BRCA	Breast Invasive Carcinoma (NOS)	1132	-18839	0	37.21603051	0:DiseaseFree	37.21603051	0:ALIVE OR DEAD TUMOR FREE	NA	11/4/10	0.8633	EUR	No	C50.9	8522/3	C50.9	Yes	Yes	0.2723	0.78	37	No	BRCNOS	37.21603051	0:LIVING	49dc3e68-6206-4f16-969f-a758cc7be8ed	M0	N3A	T3	Tumor Free	37.21603051	0:CENSORED	NA	No	White	Yes	2	1	Primary	Female	Matched	BRCA_LumA	224	No	Yes	University of Pittsburgh	BH	2.4	Breast	Mixed Histology (NOS)	-14	0	High	High
TCGA-BH-A0BC-01	-0.0799020269572206	-0.0459732418931529	TCGA-BH-A0BC	60	STAGE IIIC	NA	3	-3	Breast Cancer	BRCA	Breast Invasive Ductal Carcinoma	974	-21949	0	32.02156689	0:DiseaseFree	32.02156689	0:ALIVE OR DEAD TUMOR FREE	NA	11/4/10	0.1967	EUR	No	C50.9	8500/3	C50.9	Yes	Yes	0.2513	0.04	29	NA	IDC	32.02156689	0:LIVING	327a2395-85c8-42e1-9638-8e037a1723ed	M0	N3	T2	Tumor Free	32.02156689	0:CENSORED	NA	No	White	Yes	12	1	Primary	Female	Matched	BRCA_LumA	67	No	Yes	University of Pittsburgh	BH	1.933333333	Breast	Infiltrating Ductal Carcinoma	-20	0	Low	Low
TCGA-BH-A0BD-01	0.00832205347705239	-0.00160031625905846	TCGA-BH-A0BD	47	STAGE IIA	6TH	5	-11	Breast Cancer	BRCA	Breast Invasive Ductal Carcinoma	554	-17275	0	18.21349903	0:DiseaseFree	18.21349903	0:ALIVE OR DEAD TUMOR FREE	NA	11/4/10	0.1794	EUR	No	C50.9	8500/3	C50.9	Yes	Yes	0.2827	0.18	30	No	IDC	18.21349903	0:LIVING	b379bfb8-284e-4300-8325-85cfd6809cb8	M0	N1A	T1C	Tumor Free	18.21349903	0:CENSORED	NA	No	White	Yes	14	1	Primary	Female	Matched	BRCA_LumB	25	No	Yes	University of Pittsburgh	BH	0.966666667	Breast	Infiltrating Ductal Carcinoma	-24	0	High	High
TCGA-BH-A0BF-01	-0.107613900002116	-0.0283559236623165	TCGA-BH-A0BF	56	STAGE IIB	6TH	12	-27	Breast Cancer	BRCA	Breast Invasive Ductal Carcinoma	782	-20691	0	43.5282901	0:DiseaseFree	43.5282901	0:ALIVE OR DEAD TUMOR FREE	Not Hispanic Or Latino	8/5/11	0.2904	EUR	No	C50.9	8500/3	C50.9	Yes	Yes	0.2908	0.02	21	No	IDC	43.5282901	1:DECEASED	e6b79d7a-ed6b-459a-b040-d142616e7ab4	M0	N1MI	T2	Tumor Free	43.5282901	0:CENSORED	Yes	No	White	No	20	1	Primary	Female	Matched	BRCA_LumB	100	No	Yes	University of Pittsburgh	BH	0.7	Breast	Infiltrating Ductal Carcinoma	-24	1	Low	Low
TCGA-BH-A0BG-01	-0.146404333587886	-0.0297782202491881	TCGA-BH-A0BG	73	STAGE I	6TH	19	-9	Breast Cancer	BRCA	Breast Invasive Ductal Carcinoma	1871	-26988	0	61.51165467	0:DiseaseFree	61.51165467	0:ALIVE OR DEAD TUMOR FREE	Not Hispanic Or Latino	8/8/11	0.4262	EUR	No	C50.9	8500/3	C50.9	Yes	Yes	0.3111	0.7	34	No	IDC	61.51165467	0:LIVING	4f608829-ffc4-4527-886e-6bc764ab29f5	M0	N0	T1	Tumor Free	61.51165467	0:CENSORED	Yes	No	White	Yes	4	1	Primary	Female	Matched	BRCA_Basal	61	No	Yes	University of Pittsburgh	BH	1.133333333	Breast	Infiltrating Ductal Carcinoma	-18	0	Low	Low
TCGA-BH-A0BJ-01	-0.0288477647056899	-0.040641776023438	TCGA-BH-A0BJ	41	STAGE IIB	NA	16	-27	Breast Cancer	BRCA	Breast Invasive Ductal Carcinoma	660	-15027	0	21.69839235	0:DiseaseFree	21.69839235	0:ALIVE OR DEAD TUMOR FREE	NA	11/8/10	0.4003	EUR	No	C50.9	8500/3	C50.9	Yes	Yes	0.2558	0.66	27	NA	IDC	21.69839235	0:LIVING	d6f911b5-e895-43f8-8f86-0ac2f1bc6fae	M0	N1A	T2	Tumor Free	21.69839235	0:CENSORED	NA	No	White	Yes	-18	1	Primary	Female	Matched	BRCA_LumA	31	No	Yes	University of Pittsburgh	BH	1.7	Breast	Infiltrating Ductal Carcinoma	-44	0	Low	Low
TCGA-BH-A0BL-01	0.00800253735266908	0.0974196206044535	TCGA-BH-A0BL	35	STAGE I	6TH	17	13	Breast Cancer	BRCA	Breast Invasive Ductal Carcinoma	2278	-12841	0	74.89232995	0:DiseaseFree	74.89232995	0:ALIVE OR DEAD TUMOR FREE	Not Hispanic Or Latino	8/8/11	0.3435	EUR	No	C50.9	8500/3	C50.9	Yes	Yes	0.2584	0.08	56	No	IDC	74.89232995	0:LIVING	92b5de82-0221-4df1-8094-80f40c0bb4fa	M0	N0	T1C	Tumor Free	74.89232995	0:CENSORED	Yes	No	White	No	14	1	Primary	Female	Matched	BRCA_Basal	113	No	Yes	University of Pittsburgh	BH	3.6	Breast	Infiltrating Ductal Carcinoma	2	0	High	High
TCGA-BH-A0BM-01	-0.10214887488246	-0.0679907701389261	TCGA-BH-A0BM	54	STAGE IIB	6TH	4	-21	Breast Cancer	BRCA	Breast Invasive Ductal Carcinoma	1876	-20049	0	61.67603643	0:DiseaseFree	61.67603643	0:ALIVE OR DEAD TUMOR FREE	NA	11/8/10	0.0936	EUR	No	C50.9	8500/3	C50.9	Yes	Yes	0.2664	0.04	24	No	IDC	61.67603643	0:LIVING	c2aeee6c-ba10-4cf9-b560-c739580f7bf3	M0	N1A	T2	Tumor Free	61.67603643	0:CENSORED	NA	No	White	No	-18	1	Primary	Female	Matched	BRCA_LumA	6	No	Yes	University of Pittsburgh	BH	1.733333333	Breast	Infiltrating Ductal Carcinoma	-30	0	Low	Low
TCGA-BH-A0BO-01	0.0977491613000839	0.0947545729172992	TCGA-BH-A0BO	54	STAGE I	6TH	3	-23	Breast Cancer	BRCA	Breast Invasive Ductal Carcinoma	2197	-19767	0	72.22934543	0:DiseaseFree	72.22934543	0:ALIVE OR DEAD TUMOR FREE	Not Hispanic Or Latino	8/9/11	0.018	EUR	No	C50.9	8500/3	C50.9	Yes	Yes	0.2673	0	27	No	IDC	72.22934543	0:LIVING	26573441-eedb-4364-966c-e7f803deef19	M0	N0	T1B	Tumor Free	72.22934543	0:CENSORED	Yes	No	White	Yes	-16	1	Primary	Female	Matched	BRCA_LumA	7	No	Yes	University of Pittsburgh	BH	1.733333333	Breast	Infiltrating Ductal Carcinoma	-10	0	High	High
TCGA-BH-A0BP-01	0.0339019444385876	0.0406720955276957	TCGA-BH-A0BP	76	STAGE I	6TH	15	-17	Breast Cancer	BRCA	Breast Invasive Ductal Carcinoma	1481	-27917	0	75.48410428	0:DiseaseFree	75.48410428	0:ALIVE OR DEAD TUMOR FREE	Not Hispanic Or Latino	8/9/11	0.6741	EUR	No	C50.9	8500/3	C50.9	Yes	Yes	0.2933	0.47	139	No	IDC	75.48410428	1:DECEASED	f251cb6c-d18e-4691-9c82-24ed1ac0abf9	M0	N0	T1C	Tumor Free	75.48410428	0:CENSORED	Yes	No	White	Yes	-12	1	Primary	Female	Matched	BRCA_LumA	569	No	Yes	University of Pittsburgh	BH	4.633333333	Breast	Infiltrating Ductal Carcinoma	-6	1	High	High
TCGA-BH-A0BQ-01	-0.0930718002714375	-0.0523662282140976	TCGA-BH-A0BQ	39	STAGE I	6TH	5	-27	Breast Cancer	BRCA	Breast Invasive Ductal Carcinoma	2255	-14494	0	56.18568564	1:Recurred/Progressed	74.13617385	0:ALIVE OR DEAD TUMOR FREE	Not Hispanic Or Latino	8/10/11	0.1009	EUR	No	C50.9	8500/3	C50.9	Yes	Yes	0.2795	0	23	Yes	IDC	74.13617385	0:LIVING	b3bb8fd6-ee54-4813-b042-2bbe70115382	M0	N0	T1C	Tumor Free	56.18568564	1:PROGRESSION	Yes	No	White	No	-6	1	Primary	Female	Matched	BRCA_LumA	10	No	Yes	University of Pittsburgh	BH	1.5	Breast	Infiltrating Ductal Carcinoma	-18	0	Low	Low
TCGA-BH-A0BR-01	-0.0287803338446796	0.0225770936581556	TCGA-BH-A0BR	59	STAGE I	6TH	12	15	Breast Cancer	BRCA	Breast Invasive Ductal Carcinoma	2330	-21622	0	76.60190025	0:DiseaseFree	76.60190025	0:ALIVE OR DEAD TUMOR FREE	Not Hispanic Or Latino	8/10/11	0.4653	EUR	No	C50.9	8500/3	C50.9	Yes	Yes	0.2842	0.09	49	No	IDC	76.60190025	0:LIVING	3ecb0147-276d-486c-9af0-ce437c24ba83	M0	N0	T1C	Tumor Free	76.60190025	0:CENSORED	Yes	No	White	Yes	10	1	Primary	Female	Matched	BRCA_LumA	268	No	Yes	University of Pittsburgh	BH	1.7	Breast	Infiltrating Ductal Carcinoma	22	0	Low	High
TCGA-BH-A0BS-01	0.00491085035342276	-0.0408682836137791	TCGA-BH-A0BS	55	STAGE IIIA	6TH	2	-23	Breast Cancer	BRCA	Breast Invasive Ductal Carcinoma	2612	-20374	0	85.87303153	0:DiseaseFree	85.87303153	0:ALIVE OR DEAD TUMOR FREE	Not Hispanic Or Latino	8/18/11	0.0493	EUR	No	C50.9	8500/3	C50.9	Yes	Yes	0.2639	0.06	12	No	IDC	85.87303153	0:LIVING	2b22db1d-54a1-4b9e-a86e-a174cf51d95c	M0	N1C	T3	Tumor Free	85.87303153	0:CENSORED	Yes	No	White	Yes	-2	1	Primary	Female	Matched	BRCA_LumA	2	No	Yes	University of Pittsburgh	BH	0.433333333	Breast	Infiltrating Ductal Carcinoma	4	0	High	Low
TCGA-BH-A0BT-01	-0.0642927649605348	-0.128505575961489	TCGA-BH-A0BT	56	STAGE IIA	6TH	21	-17	Breast Cancer	BRCA	Breast Invasive Ductal Carcinoma	2365	-20625	0	77.75257258	0:DiseaseFree	77.75257258	0:ALIVE OR DEAD TUMOR FREE	Not Hispanic Or Latino	8/2/11	0.3749	EUR	No	C50.9	8500/3	C50.9	Yes	Yes	0.2597	0.72	37	No	IDC	77.75257258	0:LIVING	a32cb96a-78bf-456e-a6ab-2d47b2c67ad4	M0	N1MI	T1C	Tumor Free	77.75257258	0:CENSORED	NA	No	White	Yes	-10	1	Primary	Female	Matched	BRCA_LumA	59	No	Yes	University of Pittsburgh	BH	1.233333333	Breast	Infiltrating Ductal Carcinoma	-4	0	Low	Low
TCGA-BH-A0BV-01	-0.051383107284284	-0.0603282954153181	TCGA-BH-A0BV	78	STAGE IIB	NA	14	-43	Breast Cancer	BRCA	Breast Invasive Ductal Carcinoma	1519	-28699	0	49.93917875	0:DiseaseFree	49.93917875	0:ALIVE OR DEAD TUMOR FREE	NA	11/9/10	0.1734	EUR	No	C50.9	8500/3	C50.9	Yes	Yes	0.2495	0.27	27	NA	IDC	49.93917875	0:LIVING	87f03d04-e651-4a6e-aea6-1c946aa46202	M0	N1A	T2	Tumor Free	49.93917875	0:CENSORED	NA	No	White	No	-6	1	Primary	Female	Matched	BRCA_LumA	39	No	Yes	University of Pittsburgh	BH	1.766666667	Breast	Infiltrating Ductal Carcinoma	-40	0	Low	Low
TCGA-BH-A0BW-01	0.0807907343005163	0.121409751811752	TCGA-BH-A0BW	71	STAGE I	6TH	10	-13	Breast Cancer	BRCA	Breast Invasive Ductal Carcinoma	2371	-25974	0	77.94983069	0:DiseaseFree	77.94983069	0:ALIVE OR DEAD TUMOR FREE	Not Hispanic Or Latino	8/10/11	0.3953	AFR_ADMIX	No	C50.9	8500/3	C50.9	Yes	Yes	0.2932	0.68	83	No	IDC	77.94983069	0:LIVING	5d1d00c6-fcae-479e-ae1e-de76efd41d98	M0	N0	T1C	Tumor Free	77.94983069	0:CENSORED	Yes	No	Black or African American	Yes	2	1	Primary	Female	Matched	BRCA_Basal	72	No	Yes	University of Pittsburgh	BH	4.7	Breast	Infiltrating Ductal Carcinoma	-12	0	High	High
TCGA-BH-A0BZ-01	-0.191807183605831	-0.15556092976116	TCGA-BH-A0BZ	59	STAGE IIIA	6TH	20	5	Breast Cancer	BRCA	Breast Invasive Ductal Carcinoma	2255	-21856	0	74.13617385	0:DiseaseFree	74.13617385	0:ALIVE OR DEAD TUMOR FREE	Not Hispanic Or Latino	8/10/11	0.15	EUR	No	C50.9	8500/3	C50.9	Yes	Yes	0.2835	0.32	243	No	IDC	74.13617385	0:LIVING	4a032bad-e726-48f2-8f39-e3acc109cc91	M0	N1A	T3	Tumor Free	74.13617385	0:CENSORED	Yes	No	White	Yes	18	1	Primary	Female	Matched	BRCA_LumB	114	No	Yes	University of Pittsburgh	BH	8.2	Breast	Infiltrating Ductal Carcinoma	-8	0	Low	Low
TCGA-BH-A0C0-01	-0.0103454706132969	-0.0950668422910343	TCGA-BH-A0C0	62	STAGE IIA	NA	16	7	Breast Cancer	BRCA	Breast Invasive Ductal Carcinoma	1270	-23006	0	41.75296709	0:DiseaseFree	41.75296709	0:ALIVE OR DEAD TUMOR FREE	NA	11/8/10	0.3023	EUR	No	C50.9	8500/3	C50.9	Yes	Yes	0.251	0.3	92	NA	IDC	41.75296709	0:LIVING	7875018b-91dc-4ab1-83b0-ee3883e2816e	M0	N1A	T1C	Tumor Free	41.75296709	0:CENSORED	NA	No	White	Yes	18	1	Primary	Female	Matched	BRCA_LumB	286	No	Yes	University of Pittsburgh	BH	6.166666667	Breast	Infiltrating Ductal Carcinoma	0	0	High	Low
TCGA-BH-A0C1-01	0.0407184735537135	0.0345358106280352	TCGA-BH-A0C1	61	STAGE IIIA	6TH	19	-33	Breast Cancer	BRCA	Breast Invasive Lobular Carcinoma	1339	-22377	0	36.92014334	1:Recurred/Progressed	46.38853273	1:DEAD WITH TUMOR	Not Hispanic Or Latino	8/11/11	0.1678	EUR	No	C50.9	8520/3	C50.9	Yes	Yes	0.3007	0.08	32	Yes	ILC	46.38853273	1:DECEASED	d10a4887-373b-4726-a61d-126f950e4a06	M0	N2A	T3	With Tumor	36.92014334	1:PROGRESSION	Yes	No	White	Yes	-6	1	Primary	Female	Matched	BRCA_LumA	46	No	Yes	University of Pittsburgh	BH	1.066666667	Breast	Infiltrating Lobular Carcinoma	-44	1	High	High
TCGA-BH-A0C3-01	0.0839627580260327	0.0943292008652107	TCGA-BH-A0C3	47	STAGE I	6TH	11	-23	Breast Cancer	BRCA	Breast Invasive Carcinoma (NOS)	2709	-17221	0	87.91136536	1:Recurred/Progressed	89.06203768	0:ALIVE OR DEAD TUMOR FREE	NA	8/11/11	0.1667	EUR	No	C50.9	8522/3	C50.9	Yes	Yes	0.2808	0.05	11	Yes	BRCNOS	89.06203768	0:LIVING	7bcf6d42-eb8f-4aa2-825b-38671d4f9e3a	M0	N0	T1C	Tumor Free	87.91136536	1:PROGRESSION	Yes	No	White	Yes	2	1	Primary	Female	Matched	BRCA_LumB	33	No	Yes	University of Pittsburgh	BH	0.366666667	Breast	Mixed Histology (NOS)	-12	0	High	High
TCGA-BH-A0C7-01	0.0987499947909791	0.00273312176311878	TCGA-BH-A0C7	48	STAGE IIB	6TH	19	-25	Breast Cancer	BRCA	Breast Invasive Ductal Carcinoma	2767	-17871	0	90.9688661	0:DiseaseFree	90.9688661	0:ALIVE OR DEAD TUMOR FREE	Not Hispanic Or Latino	8/11/11	0.3045	EUR	No	C50.9	8500/3	C50.9	Yes	Yes	0.2837	0.03	43	No	IDC	90.9688661	0:LIVING	e1119732-3e97-4259-bc69-dc4269d9496d	M0	N1MI	T2	Tumor Free	90.9688661	0:CENSORED	Yes	No	White	No	14	1	Primary	Female	Matched	BRCA_LumB	146	No	Yes	University of Pittsburgh	BH	1.433333333	Breast	Infiltrating Ductal Carcinoma	-16	0	High	High
TCGA-BH-A0DD-01	0.00868182886575832	-0.0335618397799857	TCGA-BH-A0DD	58	STAGE IIB	6TH	15	-23	Breast Cancer	BRCA	Breast Invasive Ductal Carcinoma	2486	-21386	0	81.73061117	0:DiseaseFree	81.73061117	0:ALIVE OR DEAD TUMOR FREE	NA	8/18/11	0.3503	EUR	No	C50.9	8500/3	C50.9	Yes	No	0.279	0.28	21	No	IDC	81.73061117	0:LIVING	dba9beec-5e51-48c0-9229-0ee286a02a1a	M0	N1A	T2	Tumor Free	81.73061117	0:CENSORED	Yes	No	White	No	6	1	Primary	Male	Matched	NA	201	No	Yes	University of Pittsburgh	BH	0.666666667	Breast	Infiltrating Ductal Carcinoma	-14	0	High	Low
TCGA-BH-A0DE-01	-0.0510049985890555	-0.0246767483684826	TCGA-BH-A0DE	62	STAGE IIA	6TH	7	-39	Breast Cancer	BRCA	Breast Invasive Ductal Carcinoma	2372	-22656	0	77.98270704	0:DiseaseFree	77.98270704	0:ALIVE OR DEAD TUMOR FREE	Not Hispanic Or Latino	8/11/11	0.1869	EUR	No	C50.9	8500/3	C50.9	Yes	Yes	0.2792	0.04	30	No	IDC	77.98270704	0:LIVING	7f0bbba1-9bc3-45db-bdda-eb3319bb15d2	M0	N0	T2	Tumor Free	77.98270704	0:CENSORED	Yes	No	White	Yes	-14	1	Primary	Female	Matched	BRCA_LumA	23	No	Yes	University of Pittsburgh	BH	1.9	Breast	Infiltrating Ductal Carcinoma	-24	0	Low	Low
TCGA-BH-A0DG-01	-0.00162440909385164	0.0100362780210309	TCGA-BH-A0DG	30	STAGE IIA	6TH	2	-27	Breast Cancer	BRCA	Breast Invasive Ductal Carcinoma	2041	-11204	0	67.10063451	0:DiseaseFree	67.10063451	0:ALIVE OR DEAD TUMOR FREE	Not Hispanic Or Latino	8/2/11	0.1591	AFR	No	C50.9	8500/3	C50.9	Yes	Yes	0.2685	0.12	33	No	IDC	67.10063451	0:LIVING	0bc5744c-5fa3-45bb-87d0-70a02068b392	M0	N0	T2	Tumor Free	67.10063451	0:CENSORED	Yes	No	Black or African American	Yes	6	1	Primary	Female	Matched	BRCA_LumA	202	No	Yes	University of Pittsburgh	BH	1.133333333	Breast	Infiltrating Ductal Carcinoma	-24	0	High	High
TCGA-BH-A0DH-01	0.0198912087774974	-0.0622445958183626	TCGA-BH-A0DH	63	STAGE IIB	NA	9	-21	Breast Cancer	BRCA	Breast Invasive Ductal Carcinoma	1156	-23366	0	38.00506296	0:DiseaseFree	38.00506296	0:ALIVE OR DEAD TUMOR FREE	NA	11/8/10	0.2305	EUR	No	C50.9	8500/3	C50.9	Yes	Yes	0.2783	0.03	39	NA	IDC	38.00506296	0:LIVING	491b6364-1223-474f-816f-e248c8c841e2	M0	N1A	T2	Tumor Free	38.00506296	0:CENSORED	NA	No	White	Yes	4	1	Primary	Female	Matched	BRCA_LumA	23	No	Yes	University of Pittsburgh	BH	2.3	Breast	Infiltrating Ductal Carcinoma	-14	0	High	Low
TCGA-BH-A0DI-01	-0.0386440536462692	0.0791891040297962	TCGA-BH-A0DI	63	STAGE IIB	6TH	8	-35	Breast Cancer	BRCA	Breast Invasive Ductal Carcinoma	912	-23327	0	29.98323306	0:DiseaseFree	29.98323306	0:ALIVE OR DEAD TUMOR FREE	Not Hispanic Or Latino	8/11/11	0.2622	EUR	No	C50.9	8500/3	C50.9	Yes	Yes	0.2654	0.01	40	No	IDC	29.98323306	0:LIVING	27ba717a-5cd8-440a-9345-4ae086f6efca	M0	N1A	T2	Tumor Free	29.98323306	0:CENSORED	Yes	No	White	Yes	-10	1	Primary	Female	Matched	BRCA_LumA	198	No	Yes	University of Pittsburgh	BH	1.3	Breast	Infiltrating Ductal Carcinoma	-22	0	Low	High
TCGA-BH-A0DK-01	-0.0616471736810127	-0.0290445156264456	TCGA-BH-A0DK	49	STAGE IIA	NA	7	-13	Breast Cancer	BRCA	Breast Invasive Ductal Carcinoma	423	-18237	0	13.90669691	0:DiseaseFree	13.90669691	0:ALIVE OR DEAD TUMOR FREE	NA	11/8/10	0.2171	EUR	No	C50.9	8500/3	C50.9	Yes	Yes	0.2437	0.32	87	NA	IDC	13.90669691	0:LIVING	f2bbfa9d-9a9d-4f46-9fde-378e4c44e2ad	M0	N0 (I-)	T2	Tumor Free	13.90669691	0:CENSORED	NA	No	White	No	6	1	Primary	Female	Matched	BRCA_LumA	71	No	Yes	University of Pittsburgh	BH	5.733333333	Breast	Infiltrating Ductal Carcinoma	-12	0	Low	Low
TCGA-BH-A0DL-01	-0.101104690907235	0.0122215352893289	TCGA-BH-A0DL	64	STAGE IIA	6TH	10	29	Breast Cancer	BRCA	Breast Invasive Carcinoma (NOS)	2381	-23628	0	78.27859421	0:DiseaseFree	78.27859421	0:ALIVE OR DEAD TUMOR FREE	Not Hispanic Or Latino	8/11/11	0.2605	EUR	No	C50.9	8575/3	C50.9	Yes	Yes	0.2967	0.18	52	No	BRCNOS	78.27859421	0:LIVING	ba39bfbc-5cac-4f6c-b55c-4eee3466ee93	M0	N0	T2	Tumor Free	78.27859421	0:CENSORED	Yes	No	White	Yes	20	1	Primary	Female	Matched	BRCA_Basal	118	No	Yes	University of Pittsburgh	BH	3.3	Breast	Other	22	0	Low	High
TCGA-BH-A0DO-01	0.0722521738904902	0.071160882579425	TCGA-BH-A0DO	78	STAGE I	6TH	9	-33	Breast Cancer	BRCA	Breast Invasive Ductal Carcinoma	1644	-28529	0	54.04872275	0:DiseaseFree	54.04872275	0:ALIVE OR DEAD TUMOR FREE	Not Hispanic Or Latino	8/11/11	0.1608	EUR	No	C50.9	8500/3	C50.9	Yes	Yes	0.2675	0.01	21	No	IDC	54.04872275	0:LIVING	d3d4d709-ab34-4617-aa8c-51a3d0a3efe6	M0	N0	T1C	Tumor Free	54.04872275	0:CENSORED	Yes	Yes	White	No	-24	1	Primary	Female	Matched	BRCA_LumA	1	No	Yes	University of Pittsburgh	BH	0.7	Breast	Infiltrating Ductal Carcinoma	-44	0	High	High
TCGA-BH-A0DP-01	0.00719411448176285	0.0118842354700502	TCGA-BH-A0DP	60	STAGE IIB	NA	19	-27	Breast Cancer	BRCA	Breast Invasive Lobular Carcinoma	476	-22199	0	15.64914357	0:DiseaseFree	15.64914357	0:ALIVE OR DEAD TUMOR FREE	NA	11/9/10	0.2568	EUR	No	C50.9	8520/3	C50.9	Yes	Yes	0.2522	0.14	27	NA	ILC	15.64914357	0:LIVING	14267783-5624-4fe5-ba81-9d67f1017474	M0	N0 (I-)	T3	Tumor Free	15.64914357	0:CENSORED	NA	No	White	Yes	-12	1	Primary	Female	Matched	BRCA_LumA	5	No	Yes	University of Pittsburgh	BH	1.766666667	Breast	Infiltrating Lobular Carcinoma	-32	0	High	High
TCGA-BH-A0DQ-01	-0.0417239887449004	-0.00728484478796386	TCGA-BH-A0DQ	42	STAGE IIB	NA	7	-23	Breast Cancer	BRCA	Breast Invasive Ductal Carcinoma	98	-15533	0	3.2218825	0:DiseaseFree	3.2218825	0:ALIVE OR DEAD TUMOR FREE	NA	11/9/10	0.2833	EUR	No	C50.9	8500/3	C50.9	Yes	Yes	0.2911	0.03	31	NA	IDC	3.2218825	0:LIVING	a851ca14-7bbf-455b-a054-ec03979a4247	M0	N1	T2	Tumor Free	3.2218825	0:CENSORED	NA	No	White	Yes	4	1	Primary	Female	Matched	BRCA_LumA	34	No	Yes	University of Pittsburgh	BH	2.033333333	Breast	Infiltrating Ductal Carcinoma	-8	0	Low	High
TCGA-BH-A0DS-01	-0.103474565928123	-0.0749592145763982	TCGA-BH-A0DS	71	STAGE IIIA	7TH	26	-17	Breast Cancer	BRCA	Breast Invasive Ductal Carcinoma	78	-25944	0	2.564355459	0:DiseaseFree	2.564355459	0:ALIVE OR DEAD TUMOR FREE	NA	11/9/10	0.3395	EUR	No	C50.9	8500/3	C50.9	Yes	Yes	0.2815	0.58	34	NA	IDC	2.564355459	0:LIVING	fb57c598-b45b-478a-9d34-ca1f050d5b7c	M0	N2A	T2	Tumor Free	2.564355459	0:CENSORED	NA	No	White	Yes	-12	1	Primary	Female	Matched	BRCA_LumA	25	No	Yes	University of Pittsburgh	BH	1.166666667	Breast	Infiltrating Ductal Carcinoma	-16	0	Low	Low
TCGA-BH-A0DT-01	0.0127178358847491	0.0096448563208697	TCGA-BH-A0DT	41	STAGE IIA	6TH	11	-39	Breast Cancer	BRCA	Breast Invasive Ductal Carcinoma	2403	-15078	0	79.00187395	0:DiseaseFree	79.00187395	0:ALIVE OR DEAD TUMOR FREE	NA	8/11/11	0.1927	EUR	No	C50.9	8500/3	C50.9	Yes	Yes	0.2724	0.02	16	No	IDC	79.00187395	0:LIVING	74f31744-0aed-4633-beec-4e203315f0b7	M0	N1A	T1C	Tumor Free	79.00187395	0:CENSORED	Yes	No	White	Yes	-10	1	Primary	Female	Matched	BRCA_LumA	1	No	Yes	University of Pittsburgh	BH	0.5	Breast	Infiltrating Ductal Carcinoma	-26	0	High	High
TCGA-BH-A0DV-01	-0.0153735414691309	0.0854772964921311	TCGA-BH-A0DV	54	STAGE IIIA	6TH	4	-37	Breast Cancer	BRCA	Breast Invasive Ductal Carcinoma	2064	-19781	0	67.85679061	0:DiseaseFree	67.85679061	0:ALIVE OR DEAD TUMOR FREE	NA	8/2/11	0.0082	EUR	No	C50.9	8500/3	C50.9	Yes	Yes	0.2638	0	17	No	IDC	67.85679061	0:LIVING	96b9c7db-1be1-4b60-b47c-26b654c3d64c	M0	N2A	T2	Tumor Free	67.85679061	0:CENSORED	Yes	No	White	Yes	-18	1	Primary	Female	Matched	BRCA_LumA	3	No	Yes	University of Pittsburgh	BH	0.566666667	Breast	Infiltrating Ductal Carcinoma	-36	0	Low	High
TCGA-BH-A0DX-01	0.0215829160574041	0.0271536265875859	TCGA-BH-A0DX	62	STAGE I	6TH	4	-13	Breast Cancer	BRCA	Breast Invasive Ductal Carcinoma	2156	-22833	0	70.881415	0:DiseaseFree	70.881415	0:ALIVE OR DEAD TUMOR FREE	Not Hispanic Or Latino	8/11/11	0.1997	EUR	No	C50.9	8500/3	C50.9	Yes	Yes	0.2882	0.02	59	No	IDC	70.881415	0:LIVING	035cb359-eac3-484a-9e88-3ddc739440a3	M0	N0	T1B	Tumor Free	70.881415	0:CENSORED	Yes	No	White	Yes	4	1	Primary	Female	Matched	BRCA_LumA	136	No	Yes	University of Pittsburgh	BH	1.966666667	Breast	Infiltrating Ductal Carcinoma	-10	0	High	High
TCGA-BH-A0DZ-01	-0.266520410174889	-0.216346564593174	TCGA-BH-A0DZ	43	STAGE IIB	NA	4	31	Breast Cancer	BRCA	Breast Invasive Ductal Carcinoma	495	-15980	0	16.27379426	0:DiseaseFree	16.27379426	0:ALIVE OR DEAD TUMOR FREE	NA	11/9/10	0.213	EUR	No	C50.9	8500/3	C50.9	Yes	Yes	0.2596	0.32	219	NA	IDC	16.27379426	0:LIVING	478eb8aa-50b8-4ce5-98e4-d518ede4b174	M0	N1A	T2	Tumor Free	16.27379426	0:CENSORED	NA	No	White	No	18	1	Primary	Female	Matched	BRCA_LumA	141	No	Yes	University of Pittsburgh	BH	14.66666667	Breast	Infiltrating Ductal Carcinoma	30	0	Low	Low
TCGA-BH-A0E0-01	-0.0612266011551084	-0.0959498912516319	TCGA-BH-A0E0	38	STAGE IIIC	NA	22	25	Breast Cancer	BRCA	Breast Invasive Ductal Carcinoma	134	-14175	0	4.405431173	0:DiseaseFree	4.405431173	0:ALIVE OR DEAD TUMOR FREE	NA	11/9/10	0.6731	EUR	No	C50.9	8500/3	C50.9	Yes	Yes	0.2819	0.73	31	NA	IDC	4.405431173	0:LIVING	20e8106b-1290-4735-abe4-7621e08e3dc8	M0	N3A	T3	Tumor Free	4.405431173	0:CENSORED	NA	No	White	Yes	18	1	Primary	Female	Matched	BRCA_Basal	77	No	Yes	University of Pittsburgh	BH	1.966666667	Breast	Infiltrating Ductal Carcinoma	6	0	Low	Low
TCGA-BH-A0E1-01	-0.0648636747847825	-0.0471608857906183	TCGA-BH-A0E1	52	STAGE IIB	NA	3	-23	Breast Cancer	BRCA	Breast Invasive Ductal Carcinoma	477	-19192	0	15.68201992	0:DiseaseFree	15.68201992	0:ALIVE OR DEAD TUMOR FREE	NA	11/9/10	0.0595	EUR	No	C50.9	8500/3	C50.9	Yes	Yes	0.2507	0.36	21	NA	IDC	15.68201992	0:LIVING	606fbc6a-b41b-441d-9401-51e54912bf5e	M0	N1	T2	Tumor Free	15.68201992	0:CENSORED	NA	No	White	No	4	1	Primary	Female	Matched	BRCA_LumA	3	No	Yes	University of Pittsburgh	BH	1.466666667	Breast	Infiltrating Ductal Carcinoma	-32	0	Low	Low
TCGA-BH-A0E2-01	0.00725849512831201	-0.0350406111411913	TCGA-BH-A0E2	49	STAGE IIIA	NA	6	-3	Breast Cancer	BRCA	Breast Invasive Ductal Carcinoma	435	-18152	0	14.30121314	0:DiseaseFree	14.30121314	0:ALIVE OR DEAD TUMOR FREE	NA	11/9/10	0.2837	NA	No	C50.9	8500/3	C50.9	Yes	Yes	0.2493	0.64	43	NA	IDC	14.30121314	0:LIVING	8ace3b8c-f23e-48a9-a137-9e046bd9549b	M0	N2A	T2	Tumor Free	14.30121314	0:CENSORED	NA	No	Black or African American	No	16	1	Primary	Female	Matched	BRCA_LumA	221	No	Yes	University of Pittsburgh	BH	1.433333333	Breast	Infiltrating Ductal Carcinoma	10	0	High	Low
TCGA-BH-A0E6-01	-0.166474458974601	-0.0995970914451166	TCGA-BH-A0E6	69	STAGE IA	NA	20	11	Breast Cancer	BRCA	Breast Invasive Ductal Carcinoma	293	-25408	0	9.632771148	0:DiseaseFree	9.632771148	0:ALIVE OR DEAD TUMOR FREE	NA	11/9/10	0.617	EUR	No	C50.9	8500/3	C50.9	Yes	Yes	NA	0	68	NA	IDC	9.632771148	0:LIVING	6c0066e3-96df-4870-bcd3-98cda64082e9	M0	N0 (I-)	T1C	Tumor Free	9.632771148	0:CENSORED	NA	No	White	Yes	14	1	Primary	Female	Matched	BRCA_Basal	120	No	Yes	University of Pittsburgh	BH	2.3	Breast	Infiltrating Ductal Carcinoma	10	0	Low	Low
TCGA-BH-A0E7-01	0.221100210286729	0.0865979575074039	TCGA-BH-A0E7	79	STAGE IIB	NA	4	-23	Breast Cancer	BRCA	Breast Invasive Ductal Carcinoma	1363	-29115	0	44.81046783	0:DiseaseFree	44.81046783	0:ALIVE OR DEAD TUMOR FREE	NA	11/9/10	0.079	EUR	No	C50.9	8500/3	C50.9	Yes	Yes	0.267	0.01	40	NA	IDC	44.81046783	0:LIVING	d3b9d925-ae04-4721-8bfc-50b41225bc74	M0	N1A	T2	Tumor Free	44.81046783	0:CENSORED	NA	No	White	Yes	-14	1	Primary	Female	Matched	BRCA_LumA	6	No	Yes	University of Pittsburgh	BH	1.366666667	Breast	Infiltrating Ductal Carcinoma	-30	0	High	High
TCGA-BH-A0E9-01	0.157766870520598	0.128124650281959	TCGA-BH-A0E9	53	STAGE IIB	6TH	24	-41	Breast Cancer	BRCA	Breast Invasive Lobular Carcinoma	2489	-19415	0	81.82924023	0:DiseaseFree	81.82924023	0:ALIVE OR DEAD TUMOR FREE	NA	8/11/11	0.2195	EUR	No	C50.9	8520/3	C50.9	Yes	Yes	0.2735	0.01	33	No	ILC	81.82924023	0:LIVING	76ace6aa-0505-442c-978a-f889cf2d44bb	M0	N1A	T2	Tumor Free	81.82924023	0:CENSORED	Yes	No	White	Yes	-10	1	Primary	Female	Matched	BRCA_LumA	29	No	Yes	University of Pittsburgh	BH	1.1	Breast	Infiltrating Lobular Carcinoma	-34	0	High	High
TCGA-BH-A0EA-01	-0.00354072768839153	0.0539836100903284	TCGA-BH-A0EA	72	STAGE IIA	6TH	3	-41	Breast Cancer	BRCA	Breast Invasive Ductal Carcinoma	NA	-26548	0	32.58046487	0:DiseaseFree	32.58046487	0:ALIVE OR DEAD TUMOR FREE	Not Hispanic Or Latino	8/11/11	0.0603	EUR	No	C50.9	8500/3	C50.9	Yes	Yes	0.2795	0.05	25	No	IDC	32.58046487	1:DECEASED	1f601832-eee3-48fb-acf5-80c4a454f26e	M0	N1A	T1C	Tumor Free	32.58046487	0:CENSORED	Yes	Yes	White	No	-18	1	Primary	Female	Matched	BRCA_LumA	3	No	Yes	University of Pittsburgh	BH	0.833333333	Breast	Infiltrating Ductal Carcinoma	-32	1	High	High
TCGA-BH-A0EB-01	-0.0455565294714401	-0.0353894021594955	TCGA-BH-A0EB	69	STAGE IA	NA	19	-37	Breast Cancer	BRCA	Breast Invasive Ductal Carcinoma	745	-25259	0	24.49288227	0:DiseaseFree	24.49288227	0:ALIVE OR DEAD TUMOR FREE	NA	11/9/10	0.1316	EUR	No	C50.9	8500/3	C50.9	Yes	Yes	0.28	0	46	NA	IDC	24.49288227	0:LIVING	ec6930e5-2d83-435a-9a57-a2c5c22caf02	M0	N0 (I-)	T1C	Tumor Free	24.49288227	0:CENSORED	NA	No	White	Yes	-18	1	Primary	Female	Matched	BRCA_LumA	37	No	Yes	University of Pittsburgh	BH	1.533333333	Breast	Infiltrating Ductal Carcinoma	-30	0	Low	Low
TCGA-BH-A0EE-01	-0.136579190712123	-0.0897678189860224	TCGA-BH-A0EE	68	STAGE IIB	NA	22	31	Breast Cancer	BRCA	Breast Invasive Ductal Carcinoma	943	-24850	0	31.00239997	0:DiseaseFree	31.00239997	0:ALIVE OR DEAD TUMOR FREE	NA	11/9/10	0.4417	EUR	No	C50.9	8500/3	C50.9	Yes	Yes	0.2743	0.09	123	NA	IDC	31.00239997	0:LIVING	ca76c6fc-ff30-4833-884d-3a94fe53ff17	M0	N0 (I-)	T3	Tumor Free	31.00239997	0:CENSORED	NA	No	White	No	14	1	Primary	Female	Matched	BRCA_Her2	150	No	Yes	University of Pittsburgh	BH	4.1	Breast	Infiltrating Ductal Carcinoma	24	0	Low	Low
TCGA-BH-A0EI-01	0.164478623855522	0.116007231315459	TCGA-BH-A0EI	51	STAGE IIA	6TH	6	-31	Breast Cancer	BRCA	Breast Invasive Ductal Carcinoma	1926	-18741	0	63.31985403	0:DiseaseFree	63.31985403	0:ALIVE OR DEAD TUMOR FREE	Not Hispanic Or Latino	8/11/11	0.1622	EUR	No	C50.9	8500/3	C50.9	Yes	Yes	0.2722	0.07	16	No	IDC	63.31985403	0:LIVING	22b35927-1c3f-4f98-ba42-deafc56b677a	M0	N1A	T1C	Tumor Free	63.31985403	0:CENSORED	Yes	No	White	Yes	0	1	Primary	Female	Matched	BRCA_LumA	52	No	Yes	University of Pittsburgh	BH	0.533333333	Breast	Infiltrating Ductal Carcinoma	-28	0	High	High
TCGA-BH-A0GY-01	-0.0212673297278155	-0.0397872260016804	TCGA-BH-A0GY	67	STAGE IIA	NA	29	13	Breast Cancer	BRCA	Breast Invasive Ductal Carcinoma	923	-24493	0	30.34487293	0:DiseaseFree	30.34487293	0:ALIVE OR DEAD TUMOR FREE	NA	11/10/10	0.2656	EUR	No	C50.9	8500/3	C50.9	Yes	Yes	0.2546	0.4	34	NA	IDC	30.34487293	0:LIVING	7d9d3522-ec3b-4efe-8c8e-c0e675276ef5	M0	N1	T2	Tumor Free	30.34487293	0:CENSORED	NA	No	White	Yes	10	1	Primary	Female	Matched	BRCA_LumA	105	No	Yes	University of Pittsburgh	BH	1.133333333	Breast	Infiltrating Ductal Carcinoma	18	0	Low	Low
TCGA-BH-A0GZ-01	-0.0886707039373316	-0.0464623413468366	TCGA-BH-A0GZ	62	STAGE IIA	NA	6	-11	Breast Cancer	BRCA	Breast Invasive Ductal Carcinoma	328	-22714	0	10.78344347	0:DiseaseFree	10.78344347	0:ALIVE OR DEAD TUMOR FREE	NA	11/10/10	0.2724	EUR	No	C50.9	8500/3	C50.9	Yes	Yes	0.2656	0.07	34	NA	IDC	10.78344347	0:LIVING	27dfb9d4-3a2c-44bc-9acf-8f638d3f3004	M0	N1A	T1C	Tumor Free	10.78344347	0:CENSORED	NA	No	White	Yes	4	1	Primary	Female	Matched	BRCA_LumA	71	No	Yes	University of Pittsburgh	BH	1.133333333	Breast	Infiltrating Ductal Carcinoma	-2	0	Low	Low
TCGA-BH-A0H0-01	0.0659445651318624	-0.0616713670179414	TCGA-BH-A0H0	69	STAGE IA	NA	10	-15	Breast Cancer	BRCA	Breast Invasive Ductal Carcinoma	461	-25223	0	15.15599829	0:DiseaseFree	15.15599829	0:ALIVE OR DEAD TUMOR FREE	NA	11/10/10	0.2534	EUR	No	C50.9	8500/3	C50.9	Yes	Yes	0.2461	0.7	18	NA	IDC	15.15599829	0:LIVING	96457ebf-ae88-41f4-97e5-cdc3163418aa	M0	N0 (I-)	T1C	Tumor Free	15.15599829	0:CENSORED	NA	No	White	Yes	2	1	Primary	Female	Matched	BRCA_LumB	35	No	Yes	University of Pittsburgh	BH	0.6	Breast	Infiltrating Ductal Carcinoma	-18	0	High	Low
TCGA-BH-A0H3-01	0.0532169660407659	0.0901258490925716	TCGA-BH-A0H3	46	STAGE I	6TH	3	-39	Breast Cancer	BRCA	Breast Invasive Ductal Carcinoma	1928	-17152	0	63.38560673	0:DiseaseFree	63.38560673	0:ALIVE OR DEAD TUMOR FREE	Not Hispanic Or Latino	8/11/11	0.0606	EUR	No	C50.9	8500/3	C50.9	Yes	Yes	0.2501	0.01	13	No	IDC	63.38560673	0:LIVING	6cdc0d53-f813-4101-81e5-9bee68270536	M0	N0	T1C	Tumor Free	63.38560673	0:CENSORED	Yes	No	White	Yes	-10	1	Primary	Female	Matched	BRCA_LumA	3	No	Yes	University of Pittsburgh	BH	0.433333333	Breast	Infiltrating Ductal Carcinoma	-28	0	High	High
TCGA-BH-A0H5-01	-0.0260649849521749	0.014403274675221	TCGA-BH-A0H5	45	STAGE I	6TH	0	-45	Breast Cancer	BRCA	Breast Invasive Ductal Carcinoma	1620	-16719	0	53.25969031	0:DiseaseFree	53.25969031	0:ALIVE OR DEAD TUMOR FREE	Not Hispanic Or Latino	8/12/11	0	EUR	No	C50.9	8500/3	C50.9	Yes	Yes	0.2885	0	115	No	IDC	53.25969031	0:LIVING	cab38ea8-4555-413c-b81e-4621aac4ef85	M0	N0 (I-)	T1C	Tumor Free	53.25969031	0:CENSORED	Yes	No	White	No	-14	1	Primary	Female	Matched	BRCA_LumA	0	No	Yes	University of Pittsburgh	BH	7.633333333	Breast	Infiltrating Ductal Carcinoma	-62	0	Low	High
TCGA-BH-A0H6-01	0.00496100181656684	-0.0162008795120333	TCGA-BH-A0H6	82	STAGE I	NA	3	-11	Breast Cancer	BRCA	Breast Invasive Ductal Carcinoma	747	-30125	0	24.55863497	0:DiseaseFree	24.55863497	0:ALIVE OR DEAD TUMOR FREE	NA	11/10/10	0.0982	EUR	No	C50.9	8500/3	C50.9	Yes	Yes	0.2585	0.11	17	NA	IDC	24.55863497	0:LIVING	aeb6a3a6-b57a-4c53-90e6-e833777dd2a1	M0	NX	T1B	Tumor Free	24.55863497	0:CENSORED	NA	No	White	Yes	-12	1	Primary	Female	Matched	BRCA_LumA	11	No	Yes	University of Pittsburgh	BH	0.566666667	Breast	Infiltrating Ductal Carcinoma	-28	0	High	High
TCGA-BH-A0H7-01	-0.0335821844130834	-0.0562354930546825	TCGA-BH-A0H7	65	STAGE IIIA	NA	21	7	Breast Cancer	BRCA	Breast Invasive Ductal Carcinoma	702	-23972	0	23.07919913	0:DiseaseFree	23.07919913	0:ALIVE OR DEAD TUMOR FREE	NA	11/10/10	0.4407	EUR	No	C50.9	8500/3	C50.9	Yes	Yes	0.2539	0.85	53	NA	IDC	23.07919913	0:LIVING	2021ed1f-dc75-4701-b8b8-1386466e4802	M0	N2A	T1C	Tumor Free	23.07919913	0:CENSORED	NA	No	White	Yes	4	1	Primary	Female	Matched	BRCA_LumA	446	No	Yes	University of Pittsburgh	BH	2.666666667	Breast	Infiltrating Ductal Carcinoma	6	0	Low	Low
TCGA-BH-A0H9-01	-0.0759176633073343	-0.0959568211959363	TCGA-BH-A0H9	69	STAGE IIA	NA	12	-5	Breast Cancer	BRCA	Breast Invasive Ductal Carcinoma	1247	-25289	0	40.99681099	0:DiseaseFree	40.99681099	0:ALIVE OR DEAD TUMOR FREE	NA	11/17/10	0.3068	EUR	No	C50.9	8500/3	C50.9	Yes	Yes	0.2635	0.36	33	NA	IDC	40.99681099	0:LIVING	0f64edec-0f1f-4025-8a53-75f9534f7828	M0	N0 (I-)	T2	Tumor Free	40.99681099	0:CENSORED	NA	No	White	Yes	10	1	Primary	Female	Matched	BRCA_LumA	164	No	Yes	University of Pittsburgh	BH	2.2	Breast	Infiltrating Ductal Carcinoma	0	0	Low	Low
TCGA-BH-A0HA-01	-0.0543211398063565	-0.0371763310779332	TCGA-BH-A0HA	31	STAGE I	6TH	4	-25	Breast Cancer	BRCA	Breast Invasive Ductal Carcinoma	1611	-11379	0	52.96380314	0:DiseaseFree	52.96380314	0:ALIVE OR DEAD TUMOR FREE	Not Hispanic Or Latino	8/2/11	0.0838	EUR	No	C50.9	8500/3	C50.9	Yes	Yes	0.393	8.53	332	No	IDC	52.96380314	0:LIVING	e666081b-caaf-4e8b-9446-807be71201a5	M0	N0 (I-)	T1C	Tumor Free	52.96380314	0:CENSORED	Yes	No	White	No	-12	1	Primary	Female	Matched	BRCA_LumA	29	No	Yes	University of Pittsburgh	BH	11.03333333	Breast	Infiltrating Ductal Carcinoma	-6	0	Low	Low
TCGA-BH-A0HB-01	-0.13057929813855	-0.158843888188539	TCGA-BH-A0HB	55	STAGE IA	NA	8	21	Breast Cancer	BRCA	Breast Invasive Ductal Carcinoma	806	-20448	0	26.49833974	0:DiseaseFree	26.49833974	0:ALIVE OR DEAD TUMOR FREE	NA	11/10/10	0.2922	EUR	No	C50.9	8500/3	C50.9	Yes	Yes	0.2732	0.25	30	NA	IDC	26.49833974	0:LIVING	0c1023c0-d2ce-4940-8047-7642f1dc3965	M0	N0 (I-)	T1C	Tumor Free	26.49833974	0:CENSORED	NA	No	White	Yes	10	1	Primary	Female	Matched	BRCA_LumA	370	No	Yes	University of Pittsburgh	BH	1.066666667	Breast	Infiltrating Ductal Carcinoma	20	0	Low	Low
TCGA-BH-A0HF-01	-0.0897728453956387	-0.0486444436900744	TCGA-BH-A0HF	77	STAGE IA	NA	NA	-7	Breast Cancer	BRCA	Breast Invasive Ductal Carcinoma	727	-28233	0	23.90110793	0:DiseaseFree	23.90110793	0:ALIVE OR DEAD TUMOR FREE	NA	11/10/10	NA	EUR	No	C50.9	8500/3	C50.9	Yes	No	0.2482	0.19	832	NA	IDC	23.90110793	0:LIVING	17ca61a2-607a-45ff-88fa-ef72e80bf891	M0	N0 (I-)	T1C	Tumor Free	23.90110793	0:CENSORED	NA	No	White	Yes	2	1	Primary	Female	Matched	NA	31	No	Yes	University of Pittsburgh	BH	28	Breast	Infiltrating Ductal Carcinoma	4	0	Low	Low
TCGA-BH-A0HI-01	-0.0680394064102249	-0.0660784247696133	TCGA-BH-A0HI	78	STAGE IA	NA	2	-35	Breast Cancer	BRCA	Breast Invasive Ductal Carcinoma	620	-28644	0	20.38333827	0:DiseaseFree	20.38333827	0:ALIVE OR DEAD TUMOR FREE	NA	11/10/10	0.0729	EUR	No	C50.9	8500/3	C50.9	Yes	Yes	0.272	0.01	30	NA	IDC	20.38333827	0:LIVING	e0375a8b-a135-4103-a59d-39063fcf4a6f	M0	N0 (I-)	T1C	Tumor Free	20.38333827	0:CENSORED	NA	No	White	Yes	-16	1	Primary	Female	Matched	BRCA_LumA	17	No	Yes	University of Pittsburgh	BH	1.033333333	Breast	Infiltrating Ductal Carcinoma	-34	0	Low	Low
TCGA-BH-A0HK-01	-0.0536464539509936	-0.0225004586002375	TCGA-BH-A0HK	81	STAGE IIB	NA	5	-13	Breast Cancer	BRCA	Breast Invasive Ductal Carcinoma	178	-29751	0	5.851990663	0:DiseaseFree	5.851990663	0:ALIVE OR DEAD TUMOR FREE	NA	11/10/10	0.0924	EUR	No	C50.9	8500/3	C50.9	Yes	Yes	0.2649	0.63	87	NA	IDC	5.851990663	0:LIVING	24334ac1-28a3-4b61-b590-3f51e375b247	M0	N1	T2	Tumor Free	5.851990663	0:CENSORED	NA	No	White	No	-12	1	Primary	Female	Matched	BRCA_LumA	44	No	Yes	University of Pittsburgh	BH	5.7	Breast	Infiltrating Ductal Carcinoma	-28	0	Low	Low
TCGA-BH-A0HL-01	0.0799570461263888	0.0864839944679579	TCGA-BH-A0HL	56	STAGE IIB	NA	NA	-25	Breast Cancer	BRCA	Breast Invasive Ductal Carcinoma	72	-20804	0	2.367097347	0:DiseaseFree	2.367097347	0:ALIVE OR DEAD TUMOR FREE	NA	11/10/10	NA	EUR	No	C50.9	8503/3	C50.9	Yes	No	0.2969	0.56	33	NA	IDC	2.367097347	0:LIVING	602083f0-18d9-48b6-a529-31e165c54b37	M0	N1A	T2	Tumor Free	2.367097347	0:CENSORED	NA	No	White	No	2	1	Primary	Female	Matched	NA	632	No	Yes	University of Pittsburgh	BH	1.1	Breast	Infiltrating Ductal Carcinoma	-36	0	High	High
TCGA-BH-A0HN-01	-0.0892521014075435	-0.125959034874928	TCGA-BH-A0HN	67	STAGE IA	NA	NA	-33	Breast Cancer	BRCA	Breast Invasive Ductal Carcinoma	516	-24731	0	16.96419765	0:DiseaseFree	16.96419765	0:ALIVE OR DEAD TUMOR FREE	NA	11/11/10	NA	EUR	No	C50.9	8500/3	C50.9	Yes	No	0.2759	0.75	25	NA	IDC	16.96419765	0:LIVING	a68a3361-48b4-4bd0-999d-b4cc3d43eb4a	M0	N0 (I-)	T1C	Tumor Free	16.96419765	0:CENSORED	NA	No	White	No	-10	1	Primary	Female	Matched	NA	950	No	Yes	University of Pittsburgh	BH	0.833333333	Breast	Infiltrating Ductal Carcinoma	-26	0	Low	Low
TCGA-BH-A0HO-01	-0.0410953496962208	0.00739434573773394	TCGA-BH-A0HO	48	STAGE IIA	NA	2	-31	Breast Cancer	BRCA	Breast Invasive Ductal Carcinoma	76	-17710	0	2.498602755	0:DiseaseFree	2.498602755	0:ALIVE OR DEAD TUMOR FREE	NA	11/11/10	0.0493	EUR	No	C50.9	8500/3	C50.9	Yes	Yes	0.2619	0.01	14	NA	IDC	2.498602755	0:LIVING	8332806e-f547-4aae-89af-6d5bec831fd2	M0	N1A	T1C	Tumor Free	2.498602755	0:CENSORED	NA	No	White	Yes	-14	1	Primary	Female	Matched	BRCA_LumA	3	No	Yes	University of Pittsburgh	BH	0.466666667	Breast	Infiltrating Ductal Carcinoma	-28	0	Low	High
TCGA-BH-A0HP-01	0.0334669064096369	0.027166230536233	TCGA-BH-A0HP	65	STAGE IIIA	NA	6	-17	Breast Cancer	BRCA	Breast Invasive Lobular Carcinoma	414	-23883	0	13.61080975	0:DiseaseFree	13.61080975	0:ALIVE OR DEAD TUMOR FREE	NA	11/11/10	0.1767	EUR	No	C50.9	8520/3	C50.9	Yes	Yes	0.2572	0	240	NA	ILC	13.61080975	0:LIVING	fcef8cb5-fb2c-4bfb-82cd-6b9f3145182c	M0	N2A	T3	Tumor Free	13.61080975	0:CENSORED	NA	No	White	Yes	-6	1	Primary	Female	Matched	BRCA_LumA	34	No	Yes	University of Pittsburgh	BH	7.933333333	Breast	Infiltrating Lobular Carcinoma	-44	0	High	High
TCGA-BH-A0HQ-01	-0.048607007927882	-0.0603351173247811	TCGA-BH-A0HQ	56	STAGE IIA	NA	23	-41	Breast Cancer	BRCA	Breast Invasive Ductal Carcinoma	1121	-20719	0	36.85439064	0:DiseaseFree	36.85439064	0:ALIVE OR DEAD TUMOR FREE	NA	11/11/10	0.1281	EUR	No	C50.9	8500/3	C50.9	Yes	Yes	0.2971	0.21	27	NA	IDC	36.85439064	0:LIVING	f31c21b6-0f7f-435b-9e24-97c909755c36	M0	N0 (I+)	T2	Tumor Free	36.85439064	0:CENSORED	NA	No	White	Yes	-18	1	Primary	Female	Matched	BRCA_LumA	8	No	Yes	University of Pittsburgh	BH	0.9	Breast	Infiltrating Ductal Carcinoma	-36	0	Low	Low
TCGA-BH-A0HU-01	-0.181684613195911	-0.191838446457332	TCGA-BH-A0HU	52	STAGE IA	NA	9	3	Breast Cancer	BRCA	Breast Invasive Ductal Carcinoma	392	-19216	0	12.88753	0:DiseaseFree	12.88753	0:ALIVE OR DEAD TUMOR FREE	NA	11/11/10	0.3924	EUR	No	C50.9	8500/3	C50.9	Yes	Yes	0.2787	0.47	31	NA	IDC	12.88753	0:LIVING	dc657ca8-98e8-4ec4-a513-1b848be0e85d	M0	N0 (I-)	T1C	Tumor Free	12.88753	0:CENSORED	NA	No	White	Yes	12	1	Primary	Female	Matched	BRCA_LumB	77	No	Yes	University of Pittsburgh	BH	1.066666667	Breast	Infiltrating Ductal Carcinoma	10	0	Low	Low
TCGA-BH-A0HW-01	0.0938667831518818	-0.033724620281504	TCGA-BH-A0HW	62	STAGE IA	NA	10	-13	Breast Cancer	BRCA	Breast Invasive Ductal Carcinoma	1561	-22962	0	51.31998553	0:DiseaseFree	51.31998553	0:ALIVE OR DEAD TUMOR FREE	NA	11/11/10	0.23	EAS	No	C50.9	8500/3	C50.9	Yes	Yes	0.2688	0.32	34	NA	IDC	51.31998553	0:LIVING	29fdc464-f216-4828-b456-829f71436e27	M0	N0 (I-)	T1C	Tumor Free	51.31998553	0:CENSORED	NA	No	Asian	Yes	0	1	Primary	Female	Matched	BRCA_LumB	51	No	Yes	University of Pittsburgh	BH	1.133333333	Breast	Infiltrating Ductal Carcinoma	-12	0	High	Low
TCGA-BH-A0HX-01	-0.00980214554812709	-0.0313442216578951	TCGA-BH-A0HX	54	STAGE IIB	NA	18	-1	Breast Cancer	BRCA	Breast Invasive Ductal Carcinoma	829	-19900	0	27.25449584	0:DiseaseFree	27.25449584	0:ALIVE OR DEAD TUMOR FREE	NA	11/11/10	0.5678	EUR	No	C50.9	8500/3	C50.9	Yes	Yes	0.2855	0.43	57	NA	IDC	27.25449584	0:LIVING	3b01d064-8c00-4972-9f07-407eac8e7534	M0	N1A	T2	Tumor Free	27.25449584	0:CENSORED	NA	No	White	No	10	1	Primary	Female	Matched	BRCA_LumA	179	No	Yes	University of Pittsburgh	BH	1.933333333	Breast	Infiltrating Ductal Carcinoma	-2	0	High	Low
TCGA-BH-A0HY-01	-0.041852843106551	-0.0406730964088668	TCGA-BH-A0HY	60	STAGE I	6TH	18	-13	Breast Cancer	BRCA	Breast Invasive Ductal Carcinoma	1545	-22179	0	50.7939639	0:DiseaseFree	50.7939639	0:ALIVE OR DEAD TUMOR FREE	Not Hispanic Or Latino	8/2/11	0.6304	EUR	No	C50.9	8500/3	C50.9	Yes	Yes	0.2802	1.06	53	No	IDC	50.7939639	0:LIVING	844ad251-3ee4-42f6-ad00-59a7a1670eea	M0	N0	T1C	Tumor Free	50.7939639	0:CENSORED	Yes	No	White	No	12	1	Primary	Female	Matched	BRCA_LumB	358	No	Yes	University of Pittsburgh	BH	1.8	Breast	Infiltrating Ductal Carcinoma	-6	0	Low	Low
TCGA-BH-A0RX-01	-0.223580527153916	-0.117297454056611	TCGA-BH-A0RX	59	STAGE IIA	NA	NA	27	Breast Cancer	BRCA	Breast Invasive Ductal Carcinoma	170	-21857	0	5.588979847	0:DiseaseFree	5.588979847	0:ALIVE OR DEAD TUMOR FREE	NA	11/11/10	0.095	EUR	No	C50.9	8500/3	C50.9	Yes	Yes	0.2777	0.01	40	NA	IDC	5.588979847	0:LIVING	e828455d-4680-41b2-8a1c-1582e3790d62	M0	N0 (I-)	T2	Tumor Free	5.588979847	0:CENSORED	NA	No	White	Yes	18	1	Primary	Female	Matched	BRCA_Basal	50	No	Yes	University of Pittsburgh	BH	1.3	Breast	Infiltrating Ductal Carcinoma	20	0	Low	Low
TCGA-BH-A0W3-01	0.029285165325693	-0.00848268174446136	TCGA-BH-A0W3	58	STAGE IIA	7TH	17	-39	Breast Cancer	BRCA	Breast Invasive Ductal Carcinoma	728	-21369	0	NA	NA	23.93398429	0:ALIVE OR DEAD TUMOR FREE	Not Hispanic Or Latino	2/14/11	0.1333	EUR	No	C50.9	8500/3	C50.9	Yes	Yes	0.2659	0.33	14	No	IDC	23.93398429	0:LIVING	3c612e12-6de8-44fa-a095-805c45474821	M0	N1A	T1C	Tumor Free	23.93398429	0:CENSORED	NA	No	White	Yes	-2	1	Primary	Female	Matched	BRCA_LumB	35	No	Yes	University of Pittsburgh	BH	0.466666667	Breast	Infiltrating Ductal Carcinoma	-40	0	High	High
TCGA-BH-A0W4-01	0.105467253969288	0.075386832914917	TCGA-BH-A0W4	46	STAGE IIA	7TH	2	-37	Breast Cancer	BRCA	Breast Invasive Ductal Carcinoma	759	-16911	0	NA	NA	24.9531512	0:ALIVE OR DEAD TUMOR FREE	Not Hispanic Or Latino	2/15/11	0.0207	EUR	No	C50.9	8500/3	C50.9	Yes	Yes	0.2662	0.03	33	No	IDC	24.9531512	0:LIVING	0772cdbe-8b0d-452b-8df1-bd70d1306363	M0	N0 (I-)	T2	Tumor Free	24.9531512	0:CENSORED	NA	No	White	No	-4	1	Primary	Female	Matched	BRCA_LumA	4	No	Yes	University of Pittsburgh	BH	1.1	Breast	Infiltrating Ductal Carcinoma	-20	0	High	High
TCGA-BH-A0W5-01	0.075050212596746	0.0844832850873371	TCGA-BH-A0W5	77	STAGE IIA	6TH	6	-35	Breast Cancer	BRCA	Breast Invasive Ductal Carcinoma	1288	-28304	0	42.34474143	0:DiseaseFree	42.34474143	0:ALIVE OR DEAD TUMOR FREE	Not Hispanic Or Latino	2/15/11	0.0719	EUR	No	C50.9	8500/3	C50.9	Yes	Yes	0.2784	0.01	26	No	IDC	42.34474143	0:LIVING	da9c10ea-c13f-4d88-8b94-a0cbc106d036	M0	N1A	T1C	Tumor Free	42.34474143	0:CENSORED	NA	No	White	Yes	-14	1	Primary	Female	Matched	BRCA_LumA	1	No	Yes	University of Pittsburgh	BH	0.866666667	Breast	Infiltrating Ductal Carcinoma	-36	0	High	High
TCGA-BH-A0W7-01	-0.0155258338633323	-0.0102784194829066	TCGA-BH-A0W7	49	STAGE I	6TH	12	1	Breast Cancer	BRCA	Breast Invasive Ductal Carcinoma	1363	-17996	0	44.81046783	0:DiseaseFree	44.81046783	0:ALIVE OR DEAD TUMOR FREE	Not Hispanic Or Latino	2/15/11	0.3048	EUR	No	C50.9	8500/3	C50.9	Yes	Yes	0.2752	0.05	166	No	IDC	44.81046783	0:LIVING	9f80649b-a249-4fb5-97ad-059a30e13fea	M0	N0 (I-)	T1C	Tumor Free	44.81046783	0:CENSORED	NA	No	White	Yes	6	1	Primary	Female	Matched	BRCA_LumA	99	No	Yes	University of Pittsburgh	BH	5.5	Breast	Infiltrating Ductal Carcinoma	14	0	Low	High
TCGA-BH-A0WA-01	0.0549090175234558	0.0351988789750168	TCGA-BH-A0WA	82	STAGE I	6TH	13	31	Breast Cancer	BRCA	Invasive Breast Carcinoma	701	-30025	0	23.04632278	0:DiseaseFree	23.04632278	0:ALIVE OR DEAD TUMOR FREE	Not Hispanic Or Latino	2/16/11	0.606	EUR	No	C50.9	8575/3	C50.9	Yes	Yes	0.3023	0.54	90	No	BRCA	23.04632278	0:LIVING	786e8dbe-442e-4551-87b3-b4c333b04dd4	M0	N0 (I-)	T1C	Tumor Free	23.04632278	0:CENSORED	NA	No	White	No	20	1	Primary	Female	Matched	BRCA_Basal	155	No	Yes	University of Pittsburgh	BH	2.966666667	Breast	Breast Invasive Carcinoma	34	0	High	High
TCGA-BH-A18F-01	-0.0349312267905609	-0.00805700922031892	TCGA-BH-A18F	50	STAGE IIA	7TH	21	-21	Breast Cancer	BRCA	Breast Invasive Ductal Carcinoma	1001	-18594	0	32.90922839	0:DiseaseFree	32.90922839	0:ALIVE OR DEAD TUMOR FREE	Not Hispanic Or Latino	6/1/11	0.2284	EUR	No	C50.9	8500/3	C50.9	Yes	Yes	0.2742	0.02	46	No	IDC	32.90922839	0:LIVING	bfd49783-1767-469b-9d79-7822301c5efc	M0	N0	T2	Tumor Free	32.90922839	0:CENSORED	Yes	No	White	Yes	16	1	Primary	Female	Matched	BRCA_LumA	12	No	Yes	University of Pittsburgh	BH	1.566666667	Breast	Infiltrating Ductal Carcinoma	-12	0	Low	High
TCGA-BH-A18G-01	-0.279329478031923	-0.212043461442976	TCGA-BH-A18G	81	STAGE IA	NA	1	25	Breast Cancer	BRCA	Breast Invasive Ductal Carcinoma	149	-29820	0	4.898576454	0:DiseaseFree	4.898576454	0:ALIVE OR DEAD TUMOR FREE	Not Hispanic Or Latino	6/1/11	0.071	EUR	No	C50.5	8500/3	C50.5	Yes	Yes	0.7737	26.46	1251	No	IDC	4.898576454	0:LIVING	747083ff-0703-431b-aad4-f2adff739516	M0	N0	T1C	NA	4.898576454	0:CENSORED	Yes	No	White	Yes	4	1	Primary	Female	Matched	BRCA_Basal	15	No	Yes	University of Pittsburgh	BH	41.83333333	Breast	Infiltrating Ductal Carcinoma	4	0	Low	Low
TCGA-BH-A18H-01	-0.0253004235198754	-0.100238669712581	TCGA-BH-A18H	63	STAGE IA	7TH	20	-19	Breast Cancer	BRCA	Breast Invasive Ductal Carcinoma	652	-23065	0	21.43538153	0:DiseaseFree	21.43538153	0:ALIVE OR DEAD TUMOR FREE	Not Hispanic Or Latino	6/6/11	0.263	EUR	No	C50.9	8500/3	C50.9	Yes	Yes	0.2518	0.04	41	No	IDC	21.43538153	0:LIVING	878f975b-94fd-4d69-b7e7-1ed3ac2ee438	M0	N0	T1B	NA	21.43538153	0:CENSORED	Yes	Yes	White	Yes	-10	1	Primary	Female	Matched	BRCA_LumA	125	No	Yes	University of Pittsburgh	BH	1.366666667	Breast	Infiltrating Ductal Carcinoma	-8	0	Low	Low
TCGA-BH-A18I-01	0.0374203200694655	0.0321257598609731	TCGA-BH-A18I	53	STAGE IIA	7TH	5	-31	Breast Cancer	BRCA	Breast Invasive Ductal Carcinoma	1093	-19489	0	35.93385278	0:DiseaseFree	35.93385278	0:ALIVE OR DEAD TUMOR FREE	Not Hispanic Or Latino	6/7/11	0.146	EUR	No	C50.2	8500/3	C50.2	Yes	Yes	0.2534	0.04	25	No	IDC	35.93385278	0:LIVING	9c1ceb7d-6fed-4c2f-a89a-bf3c5b15ca58	CM0 (I+)	N1A	T1C	Tumor Free	35.93385278	0:CENSORED	Yes	No	White	No	4	1	Primary	Female	Matched	BRCA_LumA	62	No	Yes	University of Pittsburgh	BH	0.833333333	Breast	Infiltrating Ductal Carcinoma	-18	0	High	High
TCGA-BH-A18J-01	0.00156306949076306	-0.00969224885555499	TCGA-BH-A18J	56	STAGE IV	5TH	5	-5	Breast Cancer	BRCA	Breast Invasive Ductal Carcinoma	NA	-20678	0	NA	NA	20.12032745	1:DEAD WITH TUMOR	Not Hispanic Or Latino	6/8/11	0.2358	EUR	No	C50.9	8500/3	C50.9	Yes	Yes	0.2602	0.08	72	NA	IDC	20.12032745	1:DECEASED	cc074b7f-d3b2-4880-902e-bf10e667b665	M1	N2	T4B	With Tumor	20.12032745	1:PROGRESSION	NA	No	White	NA	6	1	Primary	Female	Matched	BRCA_LumA	307	No	Yes	University of Pittsburgh	BH	2.5	Breast	Infiltrating Ductal Carcinoma	8	1	High	High
TCGA-BH-A18K-01	-0.0706607220275492	-0.0650509323714538	TCGA-BH-A18K	46	STAGE I	5TH	18	-9	Breast Cancer	BRCA	Breast Invasive Ductal Carcinoma	NA	-16824	0	NA	NA	90.83736069	1:DEAD WITH TUMOR	Not Hispanic Or Latino	6/9/11	0.4274	EUR	No	C50.9	8500/3	C50.9	Yes	Yes	0.2769	0.3	51	NA	IDC	90.83736069	1:DECEASED	50619f8c-10aa-464a-a227-90a7aa6ffd43	M0	N0	T1	With Tumor	90.83736069	1:PROGRESSION	Yes	No	White	NA	12	1	Primary	Female	Matched	BRCA_LumA	67	No	Yes	University of Pittsburgh	BH	1.666666667	Breast	Infiltrating Ductal Carcinoma	18	1	Low	Low
TCGA-BH-A18L-01	0.029325869477846	-0.0554198880419009	TCGA-BH-A18L	50	STAGE IIIA	6TH	27	-3	Breast Cancer	BRCA	Breast Invasive Ductal Carcinoma	NA	-18519	0	26.6627215	0:DiseaseFree	26.6627215	NA	Not Hispanic Or Latino	6/9/11	0.5814	EUR	No	C50.9	8500/3	C50.9	Yes	Yes	0.2851	0.77	45	NA	IDC	26.6627215	1:DECEASED	9ddc3e7b-8b54-4a83-8335-8053940f56c1	M0	N1MI	T3	NA	26.6627215	0:CENSORED	Yes	No	White	NA	8	1	Primary	Female	Matched	BRCA_LumB	105	No	Yes	University of Pittsburgh	BH	1.5	Breast	Infiltrating Ductal Carcinoma	-10	1	High	Low
TCGA-BH-A18M-01	0.0400478258689868	0.0365232141870598	TCGA-BH-A18M	39	STAGE IIIA	5TH	4	-33	Breast Cancer	BRCA	Breast Invasive Ductal Carcinoma	NA	-14532	0	72.55810895	0:DiseaseFree	72.55810895	NA	Not Hispanic Or Latino	6/15/11	0.1771	EUR	No	C50.3	8500/3	C50.3	Yes	Yes	0.2674	0.01	17	NA	IDC	72.55810895	1:DECEASED	f63722c1-a0bb-4bf9-8a10-1d76a8e1a0ba	M0	N1	T3	NA	72.55810895	0:CENSORED	Yes	No	White	NA	0	1	Primary	Female	Matched	BRCA_LumA	4	No	Yes	University of Pittsburgh	BH	0.566666667	Breast	Infiltrating Ductal Carcinoma	-24	1	High	High
TCGA-BH-A18N-01	0.241166827832462	0.0716025516848591	TCGA-BH-A18N	88	STAGE IIA	NA	23	-35	Breast Cancer	BRCA	Breast Invasive Ductal Carcinoma	NA	-32404	0	37.74205214	0:DiseaseFree	37.74205214	NA	Not Hispanic Or Latino	6/15/11	0.1399	EUR	No	C50.9	8500/3	C50.9	Yes	Yes	0.2785	0.26	31	NA	IDC	37.74205214	1:DECEASED	665dd3d3-779c-4abd-b5d7-13342340451d	M0	N1B	T2	NA	37.74205214	0:CENSORED	Yes	No	White	No	-14	1	Primary	Female	Matched	BRCA_LumA	26	No	Yes	University of Pittsburgh	BH	1.033333333	Breast	Infiltrating Ductal Carcinoma	-50	1	High	High
TCGA-BH-A18P-01	-0.0790841424178053	-0.0556570198593153	TCGA-BH-A18P	60	STAGE I	6TH	6	-27	Breast Cancer	BRCA	Breast Invasive Ductal Carcinoma	NA	-22222	0	NA	NA	30.27912023	1:DEAD WITH TUMOR	NA	6/22/11	0.1673	EUR	No	C50.3	8500/3	C50.3	Yes	Yes	0.2539	0.06	276	NA	IDC	30.27912023	1:DECEASED	557cb0a3-6f1b-4faf-8296-0a15c24158f9	M0	N0	T1	With Tumor	30.27912023	1:PROGRESSION	Yes	No	White	NA	4	1	Primary	Female	Matched	BRCA_Her2	40	No	Yes	University of Pittsburgh	BH	9.2	Breast	Infiltrating Ductal Carcinoma	-18	1	Low	Low
TCGA-BH-A18Q-01	0.0752894123542942	0.075442872023596	TCGA-BH-A18Q	56	STAGE IIB	NA	18	-19	Breast Cancer	BRCA	Breast Invasive Ductal Carcinoma	NA	-20675	0	55.62678765	0:DiseaseFree	55.62678765	NA	Not Hispanic Or Latino	6/24/11	0.7399	EUR	No	C50.8	8500/3	C50.8	Yes	Yes	0.2711	1.55	74	NA	IDC	55.62678765	1:DECEASED	db4bc6aa-2e7d-4bcb-8519-a455f624d33b	M0	N1B	T2	NA	55.62678765	0:CENSORED	Yes	No	White	NA	6	1	Primary	Female	Matched	BRCA_Basal	89	No	Yes	University of Pittsburgh	BH	2.5	Breast	Infiltrating Ductal Carcinoma	-16	1	High	High
TCGA-BH-A18R-01	-0.0562325380036211	-0.0506358551484018	TCGA-BH-A18R	50	STAGE IIA	NA	4	1	Breast Cancer	BRCA	Breast Invasive Ductal Carcinoma	NA	-18524	0	37.54479403	0:DiseaseFree	37.54479403	0:ALIVE OR DEAD TUMOR FREE	Not Hispanic Or Latino	7/3/11	0.2866	EUR	No	C50.9	8500/3	C50.9	Yes	Yes	0.2519	0.22	27	NA	IDC	37.54479403	1:DECEASED	f6e1ec78-5ad9-4879-9b7e-262d17b166ad	M0	N1	T2B	Tumor Free	37.54479403	0:CENSORED	Yes	No	White	NA	4	1	Primary	Female	Matched	BRCA_Her2	214	No	Yes	University of Pittsburgh	BH	0.966666667	Breast	Infiltrating Ductal Carcinoma	-8	1	Low	Low
TCGA-BH-A18S-01	-0.0594262255831251	-0.0791241843003335	TCGA-BH-A18S	79	STAGE I	6TH	4	-27	Breast Cancer	BRCA	Breast Invasive Mixed Mucinous Carcinoma	NA	-28974	0	66.04859125	0:DiseaseFree	66.04859125	0:ALIVE OR DEAD TUMOR FREE	Not Hispanic Or Latino	7/2/11	0.1516	EUR	No	C50.3	8523/3	C50.3	Yes	Yes	0.2594	0.17	26	NA	IMMC	66.04859125	1:DECEASED	433427a1-bacf-4381-91ba-5fec8a0953f9	M0	N0	T1C	Tumor Free	66.04859125	0:CENSORED	Yes	No	White	NA	-18	1	Primary	Female	Matched	BRCA_LumA	58	No	Yes	University of Pittsburgh	BH	0.866666667	Breast	Mucinous Carcinoma	-32	1	Low	Low
TCGA-BH-A18T-01	-0.103699054496874	-0.0793943999213572	TCGA-BH-A18T	70	STAGE IIA	6TH	22	17	Breast Cancer	BRCA	Breast Invasive Ductal Carcinoma	NA	-25674	0	NA	NA	7.364302857	1:DEAD WITH TUMOR	Not Hispanic Or Latino	7/2/11	0.6652	EUR	No	C50.9	8500/3	C50.9	Yes	Yes	0.2724	1.63	71	NA	IDC	7.364302857	1:DECEASED	30ec8b1f-28c4-4f46-8a1b-a8d51e558c7d	M0	N0	T2	With Tumor	7.364302857	1:PROGRESSION	NA	No	White	NA	16	1	Primary	Female	Matched	BRCA_Basal	428	No	Yes	University of Pittsburgh	BH	2.433333333	Breast	Infiltrating Ductal Carcinoma	4	1	Low	Low
TCGA-BH-A18U-01	-0.0776462362275076	-0.0984021837594253	TCGA-BH-A18U	72	STAGE IIIA	6TH	24	9	Breast Cancer	BRCA	Breast Invasive Ductal Carcinoma	NA	-26426	0	51.38573824	0:DiseaseFree	51.38573824	0:ALIVE OR DEAD TUMOR FREE	Not Hispanic Or Latino	7/2/11	0.6182	EUR	No	C50.4	8500/3	C50.4	Yes	Yes	0.2674	1.48	124	NA	IDC	51.38573824	1:DECEASED	233b02f3-c4f0-4a67-9db5-e68d5cdaccb6	M0	N2A	T2	Tumor Free	51.38573824	0:CENSORED	Yes	No	White	NA	18	1	Primary	Female	Matched	BRCA_LumB	527	No	Yes	University of Pittsburgh	BH	4.133333333	Breast	Infiltrating Ductal Carcinoma	10	1	Low	Low
TCGA-BH-A18V-01	0.0080649215882853	0.0218936611580995	TCGA-BH-A18V	48	STAGE IIB	5TH	16	7	Breast Cancer	BRCA	Breast Invasive Ductal Carcinoma	NA	-17682	0	51.15560377	0:DiseaseFree	51.15560377	NA	Not Hispanic Or Latino	7/2/11	0.7015	EUR	No	C50.4	8500/3	C50.4	Yes	Yes	0.2785	1.38	176	NA	IDC	51.15560377	1:DECEASED	6b960b58-28e1-41c6-bd6e-7e669c6aa4ef	M0	N1B	T2	NA	51.15560377	0:CENSORED	Yes	No	White	NA	12	1	Primary	Female	Matched	BRCA_Basal	366	No	Yes	University of Pittsburgh	BH	5.933333333	Breast	Infiltrating Ductal Carcinoma	-8	1	High	High
TCGA-BH-A1EN-01	-0.0533431628917952	-0.0541262136667413	TCGA-BH-A1EN	78	STAGE IIA	5TH	24	5	Breast Cancer	BRCA	Breast Invasive Ductal Carcinoma	NA	-28724	0	69.92800079	0:DiseaseFree	69.92800079	0:ALIVE OR DEAD TUMOR FREE	Not Hispanic Or Latino	9/3/11	0.6267	EUR	No	C50.9	8500/3	C50.9	Yes	Yes	0.3256	0.37	64	NA	IDC	69.92800079	1:DECEASED	858652b8-c4c2-41d8-be32-fdc88e1a7bb0	M0	NX	T2	Tumor Free	69.92800079	0:CENSORED	NA	No	White	NA	2	1	Primary	Female	Matched	BRCA_Her2	128	No	Yes	University of Pittsburgh	BH	2.133333333	Breast	Infiltrating Ductal Carcinoma	-2	1	Low	Low
TCGA-BH-A1EO-01	0.0370382950788253	0.0581897238635151	TCGA-BH-A1EO	68	STAGE IIA	5TH	22	-29	Breast Cancer	BRCA	Breast Invasive Carcinoma (NOS)	NA	-25136	0	NA	NA	91.98803301	0:ALIVE OR DEAD TUMOR FREE	Not Hispanic Or Latino	9/6/11	0.2619	EUR	No	C50.9	8522/3	C50.9	Yes	Yes	0.2641	0.2	40	NA	BRCNOS	91.98803301	1:DECEASED	4510295e-8aa7-4ef1-b2b7-91cc902f8200	M0	N1	T1C	Tumor Free	91.98803301	0:CENSORED	Yes	No	White	NA	-6	1	Primary	Female	Matched	BRCA_LumA	76	No	Yes	University of Pittsburgh	BH	1.366666667	Breast	Mixed Histology (NOS)	-34	1	High	High
TCGA-BH-A1ES-01	0.00426909648804527	-0.022955761114055	TCGA-BH-A1ES	35	STAGE IIB	5TH	7	3	Breast Cancer	BRCA	Breast Invasive Ductal Carcinoma	NA	-13138	0	NA	NA	113.8179308	1:DEAD WITH TUMOR	Not Hispanic Or Latino	9/6/11	0.2309	EUR	No	C50.9	8500/3	C50.9	Yes	No	0.2593	0.25	0	NA	IDC	113.8179308	1:DECEASED	51ccbf1b-7cae-44ba-991a-11eda8b8c404	M0	N1A	T2	With Tumor	113.8179308	1:PROGRESSION	Yes	No	White	NA	-8	1	Primary	Female	Matched	NA	132	No	Yes	University of Pittsburgh	BH	0	Breast	Infiltrating Ductal Carcinoma	12	1	High	Low
TCGA-BH-A1ET-01	0.101896109312772	0.0747074645511588	TCGA-BH-A1ET	55	STAGE I	5TH	3	-31	Breast Cancer	BRCA	Breast Invasive Ductal Carcinoma	NA	-20425	0	NA	NA	82.84840714	0:ALIVE OR DEAD TUMOR FREE	Not Hispanic Or Latino	9/7/11	0.0892	EUR	No	C50.9	8500/3	C50.9	Yes	Yes	0.2606	0.06	25	NA	IDC	82.84840714	1:DECEASED	8986a141-eae7-4157-b695-02cc6fc3b071	M0	N0	T1	Tumor Free	82.84840714	0:CENSORED	Yes	No	White	NA	-20	1	Primary	Female	Matched	BRCA_LumA	15	No	Yes	University of Pittsburgh	BH	0.833333333	Breast	Infiltrating Ductal Carcinoma	-36	1	High	High
TCGA-BH-A1EU-01	0.169831303081012	0.220370399061907	TCGA-BH-A1EU	83	STAGE I	5TH	23	-41	Breast Cancer	BRCA	Breast Invasive Ductal Carcinoma	NA	-30339	0	NA	NA	42.27898872	0:ALIVE OR DEAD TUMOR FREE	Not Hispanic Or Latino	9/7/11	0.1179	EUR	No	C50.9	8500/3	C50.9	Yes	Yes	0.2553	0.01	26	NA	IDC	42.27898872	1:DECEASED	a1093598-d3a8-4ffe-83fc-bc7d1faff7e5	M0	N0	T1	Tumor Free	42.27898872	0:CENSORED	No	No	White	NA	-14	1	Primary	Female	Matched	BRCA_LumA	100	No	Yes	University of Pittsburgh	BH	0.866666667	Breast	Infiltrating Ductal Carcinoma	-40	1	High	High
TCGA-BH-A1EV-01	0.0844335890447141	0.0878111085456971	TCGA-BH-A1EV	45	STAGE IIIA	5TH	18	11	Breast Cancer	BRCA	Breast Invasive Ductal Carcinoma	NA	-16504	0	NA	NA	11.9998685	1:DEAD WITH TUMOR	Not Hispanic Or Latino	9/7/11	0.4189	EUR	No	C50.9	8500/3	C50.9	Yes	Yes	0.2679	0.41	86	No	IDC	11.9998685	1:DECEASED	417dea5f-f68e-4dab-940e-43ae8c67e5e6	M0	N1B	T3	With Tumor	11.9998685	1:PROGRESSION	Yes	No	White	Yes	20	1	Primary	Female	Matched	BRCA_Her2	427	No	Yes	University of Pittsburgh	BH	2.833333333	Breast	Infiltrating Ductal Carcinoma	12	1	High	High
TCGA-BH-A1EW-01	0.0753796520604666	0.0160541190259581	TCGA-BH-A1EW	38	STAGE IIA	5TH	15	-29	Breast Cancer	BRCA	Breast Invasive Ductal Carcinoma	NA	-14090	0	NA	NA	55.69254036	1:DEAD WITH TUMOR	Not Hispanic Or Latino	9/7/11	0.3453	EUR	No	C50.9	8500/3	C50.9	Yes	Yes	0.2654	0.03	14	NA	IDC	55.69254036	1:DECEASED	9d166970-07c8-4ca3-9cfa-ed0049df9ecc	M0	N1B	T2	With Tumor	55.69254036	1:PROGRESSION	Yes	No	White	NA	2	1	Primary	Female	Matched	BRCA_LumA	128	No	Yes	University of Pittsburgh	BH	0.466666667	Breast	Infiltrating Ductal Carcinoma	-30	1	High	High
TCGA-BH-A1EX-01	0.0320323491806329	0.0641548060771511	TCGA-BH-A1EX	67	STAGE IIB	5TH	12	-27	Breast Cancer	BRCA	Breast Invasive Ductal Carcinoma	NA	-24544	0	NA	NA	49.57753888	1:DEAD WITH TUMOR	Not Hispanic Or Latino	9/7/11	0.2258	EAS	No	C50.9	8500/3	C50.9	Yes	Yes	0.2931	0.23	24	NA	IDC	49.57753888	1:DECEASED	7b892055-c59d-4550-8688-ad039790af3d	M0	N1B	T2	With Tumor	49.57753888	1:PROGRESSION	Yes	No	White	NA	-8	1	Primary	Female	Matched	BRCA_LumA	6	No	Yes	University of Pittsburgh	BH	0.8	Breast	Infiltrating Ductal Carcinoma	-4	1	High	High
TCGA-BH-A1EY-01	0.100537489972643	0.134008097528302	TCGA-BH-A1EY	79	STAGE IIA	5TH	11	-19	Breast Cancer	BRCA	Breast Invasive Ductal Carcinoma	NA	-28940	0	NA	NA	17.6874774	1:DEAD WITH TUMOR	Not Hispanic Or Latino	9/7/11	0.3632	EUR	No	C50.9	8500/3	C50.9	Yes	Yes	0.3148	0.05	38	Yes	IDC	17.6874774	1:DECEASED	0741b5db-4405-42ba-b63a-c6ee4f341480	M0	N0	T2	With Tumor	13.01903541	1:PROGRESSION	Yes	No	White	No	-6	1	Primary	Female	Matched	BRCA_LumA	229	No	Yes	University of Pittsburgh	BH	1.233333333	Breast	Infiltrating Ductal Carcinoma	-28	1	High	High
TCGA-BH-A1F0-01	0.02543985357377	0.0933458027232723	TCGA-BH-A1F0	80	STAGE IIA	5TH	7	-15	Breast Cancer	BRCA	Breast Invasive Ductal Carcinoma	NA	-29335	0	NA	NA	25.80793635	1:DEAD WITH TUMOR	Not Hispanic Or Latino	9/7/11	0.0288	EUR	No	C50.9	8500/3	C50.9	Yes	Yes	0.2616	0.01	59	NA	IDC	25.80793635	1:DECEASED	21ef1730-e5a7-47ce-b419-d000bb59ae15	M0	N1C	T1A	With Tumor	25.80793635	1:PROGRESSION	Yes	No	White	NA	4	1	Primary	Female	Matched	BRCA_Basal	122	No	Yes	University of Pittsburgh	BH	1.966666667	Breast	Infiltrating Ductal Carcinoma	-16	1	High	High
TCGA-BH-A1F2-01	-0.00752294736795141	0.0295368760471053	TCGA-BH-A1F2	53	STAGE IIIB	5TH	18	-7	Breast Cancer	BRCA	Breast Invasive Ductal Carcinoma	NA	-19701	0	NA	NA	31.52842161	0:ALIVE OR DEAD TUMOR FREE	Not Hispanic Or Latino	9/7/11	0.4715	EUR	No	C50.9	8541/3	C50.9	Yes	Yes	0.3331	0.34	50	NA	IDC	31.52842161	1:DECEASED	6a2972e3-cca9-47e5-aac0-b770f2399eeb	M0	N1B	T4B	Tumor Free	31.52842161	0:CENSORED	Yes	No	White	NA	16	1	Primary	Female	Matched	BRCA_LumB	118	No	Yes	University of Pittsburgh	BH	1.666666667	Breast	Infiltrating Ductal Carcinoma	-6	1	High	High
TCGA-BH-A1F5-01	0.221181577248503	0.111654830472431	TCGA-BH-A1F5	62	STAGE IIA	5TH	NA	-25	Breast Cancer	BRCA	Breast Invasive Ductal Carcinoma	NA	-22842	0	NA	NA	89.16066673	0:ALIVE OR DEAD TUMOR FREE	Not Hispanic Or Latino	9/7/11	0.1457	EUR	No	C50.9	8500/3	C50.9	Yes	No	0.3214	0.28	30	NA	IDC	89.16066673	1:DECEASED	e663954c-05a8-479a-a623-400c1eb5efc6	M0	N1A	T1C	Tumor Free	89.16066673	0:CENSORED	Yes	Yes	White	NA	-14	1	Primary	Female	Matched	NA	8	No	Yes	University of Pittsburgh	BH	1.033333333	Breast	Infiltrating Ductal Carcinoma	-32	1	High	High
TCGA-BH-A1F6-01	-0.0672121117588766	-0.0963577003794418	TCGA-BH-A1F6	51	NA	NA	21	23	Breast Cancer	BRCA	Breast Invasive Ductal Carcinoma	NA	-18691	0	NA	NA	97.4783838	NA	Not Hispanic Or Latino	9/7/11	0.5787	EUR	No	C50.9	8500/3	C50.9	Yes	Yes	0.3071	0.46	32	NA	IDC	97.4783838	1:DECEASED	ad18820b-a804-49c0-ba8a-86c09fa6bce2	MX	N2A	T4D	NA	97.4783838	0:CENSORED	Yes	No	White	NA	6	1	Primary	Female	Matched	BRCA_Basal	326	No	Yes	University of Pittsburgh	BH	1.1	Breast	Infiltrating Ductal Carcinoma	6	1	Low	Low
TCGA-BH-A1F8-01	0.00117533444922548	-0.03626130979207	TCGA-BH-A1F8	90	STAGE IIIB	5TH	16	-9	Breast Cancer	BRCA	Breast Invasive Ductal Carcinoma	NA	-32871	0	NA	NA	25.08465661	1:DEAD WITH TUMOR	Not Hispanic Or Latino	9/7/11	0.9971	EUR	No	C50.9	8500/3	C50.9	Yes	Yes	0.3189	0.62	128	NA	IDC	25.08465661	1:DECEASED	ee554215-bea2-4268-aaf9-784e68cdb969	M0	N2	T4B	With Tumor	25.08465661	1:PROGRESSION	Yes	No	White	NA	14	1	Primary	Female	Matched	BRCA_LumB	131	No	Yes	University of Pittsburgh	BH	4.333333333	Breast	Infiltrating Ductal Carcinoma	-18	1	High	Low
TCGA-BH-A1FB-01	0.128659014807837	0.143665163576619	TCGA-BH-A1FB	60	STAGE IIB	5TH	NA	-41	Breast Cancer	BRCA	Breast Invasive Ductal Carcinoma	NA	-21933	0	NA	NA	120.6233356	1:DEAD WITH TUMOR	Not Hispanic Or Latino	9/7/11	0.0542	EUR	No	C50.9	8500/3	C50.9	Yes	No	NA	NA	0	NA	IDC	120.6233356	1:DECEASED	ecab16bc-28d5-4c3a-8735-3c785bd047c4	M0	N1B	T2	With Tumor	120.6233356	1:PROGRESSION	Yes	No	White	NA	-12	1	Primary	Female	Matched	NA	6	No	Yes	University of Pittsburgh	BH	0	Breast	Infiltrating Ductal Carcinoma	-32	1	High	High
TCGA-BH-A1FC-01	-0.0729255062101441	-0.0875581020024638	TCGA-BH-A1FC	78	STAGE IIA	5TH	25	13	Breast Cancer	BRCA	Breast Invasive Ductal Carcinoma	NA	-28706	0	NA	NA	114.1466943	0:ALIVE OR DEAD TUMOR FREE	Not Hispanic Or Latino	9/8/11	0.4675	NA	No	C50.9	8510/3	C50.9	Yes	Yes	0.326	0.49	103	NA	IDC	114.1466943	1:DECEASED	b97bf89a-7a85-4eef-ae7e-f787aead1f0a	M0	N1B	T1C	Tumor Free	114.1466943	0:CENSORED	Yes	No	Black or African American	NA	12	1	Primary	Female	Matched	BRCA_Basal	267	No	Yes	University of Pittsburgh	BH	3.433333333	Breast	Medullary Carcinoma	-4	1	Low	Low
TCGA-BH-A1FD-01	-0.0772215865105435	-0.081444018596539	TCGA-BH-A1FD	68	STAGE I	5TH	9	11	Breast Cancer	BRCA	Breast Invasive Ductal Carcinoma	NA	-24940	0	NA	NA	33.17223921	1:DEAD WITH TUMOR	Not Hispanic Or Latino	9/8/11	0.4385	EUR	No	C50.9	8500/3	C50.9	Yes	Yes	0.2989	0.29	28	NA	IDC	33.17223921	1:DECEASED	3c8b5af9-c34d-43c2-b8c9-39ea11e44fa6	M0	N0	T1C	With Tumor	33.17223921	1:PROGRESSION	Yes	No	White	NA	24	1	Primary	Female	Matched	BRCA_LumB	393	No	Yes	University of Pittsburgh	BH	0.966666667	Breast	Infiltrating Ductal Carcinoma	6	1	Low	Low
TCGA-BH-A1FE-01	0.145699689257804	0.0992155836050342	TCGA-BH-A1FE	31	STAGE IIB	5TH	6	-29	Breast Cancer	BRCA	Breast Invasive Ductal Carcinoma	NA	-11650	0	NA	NA	74.72794819	1:DEAD WITH TUMOR	Not Hispanic Or Latino	9/8/11	0.1298	EUR	No	C50.9	8500/3	C50.9	Yes	Yes	0.3192	0.03	19	NA	IDC	74.72794819	1:DECEASED	4aa68586-6331-4795-b40c-859386640df6	M0	N1	T2	With Tumor	74.72794819	1:PROGRESSION	Yes	No	White	NA	-18	1	Primary	Female	Matched	BRCA_LumA	277	No	Yes	University of Pittsburgh	BH	0.633333333	Breast	Infiltrating Ductal Carcinoma	-26	1	High	High
TCGA-BH-A1FG-01	0.0258485651320474	-0.0688659916228937	TCGA-BH-A1FG	88	STAGE I	5TH	5	-13	Breast Cancer	BRCA	Breast Invasive Ductal Carcinoma	NA	-32295	0	NA	NA	122.8260512	NA	Not Hispanic Or Latino	9/8/11	0.1163	EUR	No	C50.9	8500/3	C50.9	Yes	Yes	0.305	0.44	18	NA	IDC	122.8260512	1:DECEASED	d4e7426c-9739-4585-9114-e564b13c7c02	M0	NX	T1C	NA	122.8260512	0:CENSORED	NA	No	White	NA	-12	1	Primary	Female	Matched	BRCA_LumA	24	No	Yes	University of Pittsburgh	BH	0.6	Breast	Infiltrating Ductal Carcinoma	-16	1	High	Low
TCGA-BH-A1FH-01	0.172992384037261	0.230616476597722	TCGA-BH-A1FH	47	STAGE IV	5TH	NA	-41	Breast Cancer	BRCA	Breast Invasive Ductal Carcinoma	NA	-17172	0	NA	NA	33.99414801	1:DEAD WITH TUMOR	Not Hispanic Or Latino	9/8/11	0.0222	EUR	No	C50.9	8500/3	C50.9	Yes	Yes	0.3365	0.05	25	NA	IDC	33.99414801	1:DECEASED	1783cac1-253a-40af-a9ac-48dfb20e1ab8	M1	N1B	T2	With Tumor	33.99414801	1:PROGRESSION	Yes	No	White	NA	-20	1	Primary	Female	Matched	BRCA_LumA	150	No	Yes	University of Pittsburgh	BH	0.8	Breast	Infiltrating Ductal Carcinoma	-36	1	High	High
TCGA-BH-A1FJ-01	0.0649409489516644	0.0220466791174062	TCGA-BH-A1FJ	66	STAGE IIIA	5TH	3	-21	Breast Cancer	BRCA	Breast Invasive Ductal Carcinoma	NA	-24262	0	NA	NA	63.35273038	NA	Not Hispanic Or Latino	9/8/11	0.1001	EUR	No	C50.9	8500/3	C50.9	Yes	Yes	0.4703	1.53	25	NA	IDC	63.35273038	1:DECEASED	f6581eee-61b9-43d4-ab0d-ce5ce3ba1c74	M0	N1B	T3	NA	63.35273038	0:CENSORED	Yes	No	White	NA	8	1	Primary	Female	Matched	BRCA_LumB	21	No	Yes	University of Pittsburgh	BH	0.833333333	Breast	Infiltrating Ductal Carcinoma	-28	1	High	High
TCGA-BH-A1FL-01	0.031474147714409	-0.0347440200221706	TCGA-BH-A1FL	69	STAGE IIB	5TH	4	-37	Breast Cancer	BRCA	Breast Invasive Ductal Carcinoma	NA	-25558	0	NA	NA	55.00213696	1:DEAD WITH TUMOR	Not Hispanic Or Latino	9/8/11	0.0908	EUR	No	C50.9	8500/3	C50.9	Yes	Yes	0.3396	0.94	17	NA	IDC	55.00213696	1:DECEASED	14d1d84e-99e1-41ad-8892-3b4da3d4f948	M0	N1B	T2	With Tumor	55.00213696	1:PROGRESSION	Yes	No	White	NA	-6	1	Primary	Female	Matched	BRCA_LumA	26	No	Yes	University of Pittsburgh	BH	0.6	Breast	Infiltrating Ductal Carcinoma	-38	1	High	Low
TCGA-BH-A1FM-01	0.0738838420651465	-0.00613916667578378	TCGA-BH-A1FM	44	STAGE IIIA	5TH	21	-3	Breast Cancer	BRCA	Breast Invasive Ductal Carcinoma	NA	-16289	0	NA	NA	45.63237663	NA	Not Hispanic Or Latino	9/8/11	0.5273	EUR	No	C50.9	8500/3	C50.9	Yes	Yes	0.3445	0.89	50	NA	IDC	45.63237663	1:DECEASED	7eb18190-5a41-4637-9783-f81bbde499e4	M0	N2	T2	NA	45.63237663	0:CENSORED	Yes	No	White	NA	4	1	Primary	Female	Matched	BRCA_LumB	403	No	Yes	University of Pittsburgh	BH	1.666666667	Breast	Infiltrating Ductal Carcinoma	-8	1	High	High
TCGA-BH-A1FN-01	0.0133144948658934	-0.019437197989806	TCGA-BH-A1FN	34	STAGE IIA	5TH	12	41	Breast Cancer	BRCA	Breast Invasive Ductal Carcinoma	NA	-12525	0	NA	NA	72.06496367	1:DEAD WITH TUMOR	Not Hispanic Or Latino	9/8/11	0.5352	EUR	No	C50.9	8500/3	C50.9	Yes	Yes	0.3038	0.72	98	NA	IDC	72.06496367	1:DECEASED	6dd0dd7b-62ff-4fd1-a99a-b265f1a91dca	M0	N0	T2	With Tumor	72.06496367	1:PROGRESSION	Yes	No	White	NA	24	1	Primary	Female	Matched	BRCA_LumB	338	No	Yes	University of Pittsburgh	BH	3.266666667	Breast	Infiltrating Ductal Carcinoma	32	1	High	Low
TCGA-BH-A1FR-01	0.00159507477328342	0.0128474587709119	TCGA-BH-A1FR	73	STAGE IIIB	5TH	NA	-31	Breast Cancer	BRCA	Breast Invasive Carcinoma (NOS)	NA	-26684	0	NA	NA	53.98297005	1:DEAD WITH TUMOR	Not Hispanic Or Latino	9/8/11	5e-04	EUR	No	C50.9	8523/3	C50.9	Yes	Yes	0.3198	0.11	14	NA	BRCNOS	53.98297005	1:DECEASED	bf3b1481-ae31-4406-b084-b6cc1d7163e3	M0	N1A	T4B	With Tumor	53.98297005	1:PROGRESSION	Yes	No	White	NA	-8	1	Primary	Female	Matched	BRCA_LumA	2	No	Yes	University of Pittsburgh	BH	0.466666667	Breast	Other	-46	1	High	High
TCGA-BH-A1FU-01	-0.0214720861483057	0.0333257271699764	TCGA-BH-A1FU	44	STAGE IA	5TH	26	-1	Breast Cancer	BRCA	Breast Invasive Ductal Carcinoma	NA	-16174	0	NA	NA	55.49528224	1:DEAD WITH TUMOR	Not Hispanic Or Latino	9/8/11	0.0641	EUR	No	C50.9	8500/3	C50.9	Yes	Yes	0.29	0	82	NA	IDC	55.49528224	1:DECEASED	c348a9b3-c901-4384-a222-144387bac0c5	M0	N0	T1C	With Tumor	55.49528224	1:PROGRESSION	Yes	No	White	NA	12	1	Primary	Female	Matched	BRCA_Normal	59	No	Yes	University of Pittsburgh	BH	2.733333333	Breast	Infiltrating Ductal Carcinoma	-14	1	Low	High
TCGA-BH-A201-01	0.0523097619699057	0.0436394746313518	TCGA-BH-A201	64	STAGE IA	7TH	4	-13	Breast Cancer	BRCA	Breast Invasive Ductal Carcinoma	856	-23423	0	NA	NA	28.14215735	0:ALIVE OR DEAD TUMOR FREE	Not Hispanic Or Latino	9/8/11	0.1268	EUR	No	C50.9	8500/3	C50.9	Yes	Yes	0.2668	0.01	21	No	IDC	28.14215735	0:LIVING	3bf81a9f-abb4-4495-a514-fd3865e13a03	M0	N0	T1	Tumor Free	28.14215735	0:CENSORED	Yes	No	White	Yes	0	1	Primary	Female	Matched	BRCA_LumA	71	No	Yes	University of Pittsburgh	BH	0.7	Breast	Infiltrating Ductal Carcinoma	0	0	High	High
TCGA-BH-A202-01	0.00520111982625692	0.0116390704901559	TCGA-BH-A202	60	STAGE II	6TH	21	17	Breast Cancer	BRCA	Breast Invasive Ductal Carcinoma	795	-22052	0	NA	NA	26.13669987	0:ALIVE OR DEAD TUMOR FREE	Not Hispanic Or Latino	9/8/11	0.2689	EUR	No	C50.9	8500/3	C50.9	Yes	Yes	0.2744	0.07	26	No	IDC	26.13669987	0:LIVING	e7a00d67-2c26-4d1f-bd17-35f659e88bc1	M0	N0	T2	NA	26.13669987	0:CENSORED	Yes	No	White	Yes	26	1	Primary	Female	Matched	BRCA_LumB	65	No	Yes	University of Pittsburgh	BH	0.866666667	Breast	Infiltrating Ductal Carcinoma	-2	0	High	High
TCGA-BH-A203-01	-0.01025054293891	-0.020092385806747	TCGA-BH-A203	78	STAGE IIB	5TH	15	15	Breast Cancer	BRCA	Breast Invasive Ductal Carcinoma	NA	-28609	0	NA	NA	38.5968373	1:DEAD WITH TUMOR	Not Hispanic Or Latino	9/8/11	0.3623	EUR	No	C50.9	8500/3	C50.9	Yes	Yes	0.3141	0.31	61	NA	IDC	38.5968373	1:DECEASED	b3264748-947a-43aa-b227-b294fbcc8447	M0	N1B	T2	With Tumor	38.5968373	1:PROGRESSION	Yes	No	White	NA	18	1	Primary	Female	Matched	BRCA_Her2	434	No	Yes	University of Pittsburgh	BH	2.033333333	Breast	Infiltrating Ductal Carcinoma	8	1	High	Low
TCGA-BH-A204-01	0.137787639034494	0.095493652869873	TCGA-BH-A204	80	STAGE IIB	5TH	7	-11	Breast Cancer	BRCA	Breast Invasive Ductal Carcinoma	NA	-29529	0	NA	NA	83.30867607	NA	Not Hispanic Or Latino	9/8/11	0.2346	EUR	No	C50.9	8500/3	C50.9	Yes	Yes	0.3005	0.37	36	NA	IDC	83.30867607	1:DECEASED	05135396-df5c-49db-b34e-f4add5b65a2b	M0	N1B	T2	NA	83.30867607	0:CENSORED	Yes	No	White	NA	14	1	Primary	Female	Matched	BRCA_LumB	90	No	Yes	University of Pittsburgh	BH	1.2	Breast	Infiltrating Ductal Carcinoma	-24	1	High	High
TCGA-BH-A208-01	0.0445752563233351	0.162160853837416	TCGA-BH-A208	48	STAGE IIB	5TH	19	-29	Breast Cancer	BRCA	Breast Invasive Ductal Carcinoma	NA	-17715	0	NA	NA	57.82950324	0:ALIVE OR DEAD TUMOR FREE	Not Hispanic Or Latino	9/8/11	0.1644	EUR	No	C50.9	8500/3	C50.9	Yes	Yes	0.2965	0.23	59	NA	IDC	57.82950324	1:DECEASED	ddcbdac6-9e43-4146-a611-d033125eba14	M0	N1B	T2	Tumor Free	57.82950324	0:CENSORED	Yes	No	White	NA	-14	1	Primary	Female	Matched	BRCA_Normal	123	No	Yes	University of Pittsburgh	BH	1.966666667	Breast	Infiltrating Ductal Carcinoma	-22	1	High	High
TCGA-BH-A209-01	-0.0725810570472473	-0.0575246038945275	TCGA-BH-A209	77	STAGE I	5TH	19	-1	Breast Cancer	BRCA	Breast Invasive Ductal Carcinoma	NA	-28403	0	NA	NA	130.1574777	0:ALIVE OR DEAD TUMOR FREE	Not Hispanic Or Latino	9/8/11	0.3066	NA	No	C50.9	8510/3	C50.9	Yes	Yes	0.3711	0.33	87	NA	IDC	130.1574777	1:DECEASED	5258294f-ef5b-4091-9183-6bcc545d54b2	M0	N0	T1C	Tumor Free	130.1574777	0:CENSORED	Yes	No	Black or African American	NA	16	1	Primary	Female	Matched	BRCA_LumB	176	No	Yes	University of Pittsburgh	BH	2.933333333	Breast	Medullary Carcinoma	-16	1	Low	Low
TCGA-BH-A28O-01	0.0782733959448999	0.137643047629976	TCGA-BH-A28O	50	STAGE IIIC	7TH	2	-41	Breast Cancer	BRCA	Breast Invasive Lobular Carcinoma	1120	-18501	0	36.82151429	0:DiseaseFree	36.82151429	0:ALIVE OR DEAD TUMOR FREE	Not Hispanic Or Latino	7/2/12	3e-04	EUR	No	C50.9	8520/3	C50.9	Yes	No	0.3017	0.01	NA	No	ILC	36.82151429	0:LIVING	84B7CCF2-8AB3-4B21-96DE-800D231BC072	M0	N3	T3A	Tumor Free	36.82151429	0:CENSORED	Yes	No	White	Yes	-22	1	Primary	Female	Matched	NA	0	Yes	No	University of Pittsburgh	BH	NA	Breast	Infiltrating Lobular Carcinoma	-38	0	High	High
TCGA-BH-A28Q-01	0.0814593291895131	0.0735453074950874	TCGA-BH-A28Q	46	STAGE IIB	7TH	7	-39	Breast Cancer	BRCA	Breast Invasive Lobular Carcinoma	1119	-16882	0	NA	NA	36.78863793	0:ALIVE OR DEAD TUMOR FREE	Not Hispanic Or Latino	9/29/11	0.1605	EUR	No	C50.9	8520/3	C50.9	Yes	Yes	0.311	0.4	19	No	ILC	36.78863793	0:LIVING	32861b48-83f5-43a3-bb54-45215ad2c5d6	M0	N1A	T2	Tumor Free	36.78863793	0:CENSORED	Yes	No	White	No	-12	1	Primary	Female	Matched	BRCA_LumA	21	No	Yes	University of Pittsburgh	BH	0.633333333	Breast	Infiltrating Lobular Carcinoma	-18	0	High	High
TCGA-BH-A2L8-01	-0.0104828024478794	-0.000301756865465462	TCGA-BH-A2L8	45	STAGE IIA	7TH	4	-19	Breast Cancer	BRCA	Breast Invasive Lobular Carcinoma	612	-16658	0	20.12032745	0:DiseaseFree	20.12032745	0:ALIVE OR DEAD TUMOR FREE	Not Hispanic Or Latino	3/27/12	0.0149	EUR	No	C50.9	8520/3	C50.9	Yes	Yes	0.3232	0.05	422	No	ILC	20.12032745	0:LIVING	BAC4B268-C781-4408-96D8-43A48FEC7418	M0	N0 (I-)	T2	Tumor Free	20.12032745	0:CENSORED	Yes	No	White	No	-2	1	Primary	Female	Matched	BRCA_LumA	2	Yes	No	University of Pittsburgh	BH	14.26666667	Breast	Infiltrating Lobular Carcinoma	-14	0	High	High
TCGA-BH-A42T-01	-0.144958310121929	-0.117328781192858	TCGA-BH-A42T	75	STAGE IIA	7TH	11	-1	Breast Cancer	BRCA	Breast Invasive Lobular Carcinoma	30	-27731	0	10.52043265	0:DiseaseFree	10.52043265	0:ALIVE OR DEAD TUMOR FREE	Not Hispanic Or Latino	9/28/12	0.401	NA	No	C50.9	8520/3	C50.9	Yes	No	0.2992	0.23	NA	No	ILC	10.52043265	1:DECEASED	10C829EC-FD66-49C4-8AFE-AD3AE567372C	M0	N0 (I+)	T2	Tumor Free	10.52043265	0:CENSORED	Yes	No	Black or African American	No	12	1	Primary	Female	Matched	NA	97	Yes	No	University of Pittsburgh	BH	NA	Breast	Infiltrating Lobular Carcinoma	-18	1	Low	Low
TCGA-BH-A42U-01	-0.0492127163281048	0.00429107387341601	TCGA-BH-A42U	80	STAGE IIA	6TH	NA	-25	Breast Cancer	BRCA	Breast Invasive Lobular Carcinoma	3364	-29330	0	110.5960483	0:DiseaseFree	110.5960483	0:ALIVE OR DEAD TUMOR FREE	Not Hispanic Or Latino	10/1/12	0	NA	No	C50.9	8520/3	C50.9	Yes	Yes	0.2876	0	18	No	ILC	110.5960483	0:LIVING	2DC1CEC9-925A-417F-9E21-3C2143E711B4	M0	N0	T2	NA	110.5960483	0:CENSORED	Yes	No	Black or African American	No	-20	1	Primary	Female	Matched	BRCA_Normal	1	Yes	No	University of Pittsburgh	BH	0.633333333	Breast	Infiltrating Lobular Carcinoma	-18	0	Low	High
TCGA-BH-A42V-01	-0.0449577595998146	-0.0235021582715932	TCGA-BH-A42V	41	STAGE IB	7TH	2	-25	Breast Cancer	BRCA	Breast Invasive Ductal Carcinoma	635	-15158	0	20.87648355	0:DiseaseFree	20.87648355	0:ALIVE OR DEAD TUMOR FREE	Not Hispanic Or Latino	1/17/13	0.0894	NA	No	C50.9	8500/3	C50.9	Yes	Yes	0.2894	0	40	No	IDC	20.87648355	0:LIVING	57CF380D-AB52-467F-B9AE-740B2F84C820	M0	N1MI	T1C	Tumor Free	20.87648355	0:CENSORED	Yes	No	Black or African American	Yes	-16	1	Primary	Female	Matched	BRCA_LumA	35	Yes	No	University of Pittsburgh	BH	1.366666667	Breast	Infiltrating Ductal Carcinoma	-22	0	Low	Low
TCGA-BH-A5IZ-01	-0.104102882820045	-0.0547491806676067	TCGA-BH-A5IZ	51	STAGE IIB	7TH	11	19	Breast Cancer	BRCA	Breast Invasive Ductal Carcinoma	567	-18927	0	18.64089161	0:DiseaseFree	18.64089161	0:ALIVE OR DEAD TUMOR FREE	Not Hispanic Or Latino	2/13/14	0.7932	NA	No	C50.9	8500/3	C50.9	Yes	Yes	0.2992	0.18	61	No	IDC	18.64089161	0:LIVING	A8A33BA9-0976-4E19-B0E9-FA5BA4D4EAA8	CM0 (I+)	N1A	T2	Tumor Free	18.64089161	0:CENSORED	Yes	No	Black or African American	Yes	6	1	Primary	Female	Matched	BRCA_Basal	44	Yes	No	University of Pittsburgh	BH	3.766666667	Breast	Infiltrating Ductal Carcinoma	8	0	Low	Low
TCGA-BH-A5J0-01	-0.136753117012604	-0.0845152394599164	TCGA-BH-A5J0	63	STAGE IA	7TH	21	9	Breast Cancer	BRCA	Breast Invasive Ductal Carcinoma	715	-23072	0	23.50659171	0:DiseaseFree	23.50659171	0:ALIVE OR DEAD TUMOR FREE	Not Hispanic Or Latino	2/13/14	0.4572	NA	No	C50.9	8500/3	C50.9	Yes	Yes	0.3109	0.01	59	No	IDC	23.50659171	0:LIVING	DB55D9D9-DD56-4CA9-B1F1-0D929697B280	M0	N0	T1C	Tumor Free	23.50659171	0:CENSORED	Yes	No	Black or African American	No	4	1	Primary	Female	Matched	BRCA_LumA	187	Yes	No	University of Pittsburgh	BH	2.033333333	Breast	Infiltrating Ductal Carcinoma	6	0	Low	Low
TCGA-BH-A6R8-01	-0.0711007009567233	-0.132265528297262	TCGA-BH-A6R8	46	STAGE IIA	7TH	14	-15	Breast Cancer	BRCA	Breast Invasive Ductal Carcinoma	293	-16829	0	9.632771148	0:DiseaseFree	9.632771148	0:ALIVE OR DEAD TUMOR FREE	Not Hispanic Or Latino	2/13/14	0.3293	AFR	No	C50.9	8500/3	C50.9	Yes	Yes	0.3586	0.2	28	No	IDC	9.632771148	0:LIVING	91B09291-5944-4691-A0D8-7D1CCC649B9B	M0	N0	T2	Tumor Free	9.632771148	0:CENSORED	Yes	No	Black or African American	Yes	-18	1	Primary	Female	Matched	BRCA_LumA	14	Yes	No	University of Pittsburgh	BH	1	Breast	Infiltrating Ductal Carcinoma	-8	0	Low	Low
TCGA-BH-A6R9-01	-0.0765686944364482	0.12136736775059	TCGA-BH-A6R9	61	STAGE IIA	7TH	0	1	Breast Cancer	BRCA	Metaplastic Breast Cancer	160	-22325	0	5.260216326	0:DiseaseFree	5.260216326	0:ALIVE OR DEAD TUMOR FREE	Not Hispanic Or Latino	2/13/14	2e-04	EUR	No	C50.9	8575/3	C50.9	Yes	Yes	0.332	0	14	No	MBC	5.260216326	0:LIVING	43CC074D-B85A-4B0B-8FEB-833094FFC565	M0	N0	T2	Tumor Free	5.260216326	0:CENSORED	NA	No	White	No	-8	1	Primary	Female	Matched	BRCA_Normal	5	Yes	No	University of Pittsburgh	BH	0.466666667	Breast	Metaplastic Carcinoma	6	0	Low	High
TCGA-BH-A8FY-01	-0.0819535256752165	-0.0666523016095411	TCGA-BH-A8FY	87	STAGE IA	7TH	5	-15	Breast Cancer	BRCA	Breast Invasive Lobular Carcinoma	NA	-31932	0	9.698523852	0:DiseaseFree	9.698523852	0:ALIVE OR DEAD TUMOR FREE	Not Hispanic Or Latino	3/25/14	0.1798	EUR	No	C50.9	8520/3	C50.9	Yes	Yes	0.3253	0	39	No	ILC	9.698523852	1:DECEASED	5F4D16AA-9CC4-4EDB-B714-394E2661439A	M0	N0 (I+)	T1C	Tumor Free	9.698523852	0:CENSORED	Yes	Yes	White	No	-14	1	Primary	Female	Matched	BRCA_LumA	35	Yes	No	University of Pittsburgh	BH	1.3	Breast	Infiltrating Lobular Carcinoma	-14	1	Low	Low
TCGA-BH-A8FZ-01	0.0198082449273887	0.0562150665425902	TCGA-BH-A8FZ	58	STAGE IA	7TH	9	-15	Breast Cancer	BRCA	Breast Invasive Lobular Carcinoma	574	-21343	0	18.87102607	0:DiseaseFree	18.87102607	0:ALIVE OR DEAD TUMOR FREE	Not Hispanic Or Latino	3/25/14	0.1891	EUR	No	C50.9	8520/3	C50.9	Yes	Yes	0.3117	0	57	No	ILC	18.87102607	0:LIVING	1CC30842-4A5B-4F07-B36F-5B84CEAA5662	M0	N0	T1B	Tumor Free	18.87102607	0:CENSORED	Yes	No	White	Yes	-14	1	Primary	Female	Matched	BRCA_Normal	62	Yes	No	University of Pittsburgh	BH	1.9	Breast	Infiltrating Lobular Carcinoma	-12	0	High	High
TCGA-BH-A8G0-01	0.0430845411921552	0.0969696498460378	TCGA-BH-A8G0	54	STAGE IIB	7TH	2	-37	Breast Cancer	BRCA	Breast Invasive Lobular Carcinoma	662	-19975	0	21.76414505	0:DiseaseFree	21.76414505	0:ALIVE OR DEAD TUMOR FREE	Not Hispanic Or Latino	3/26/14	7e-04	EUR	No	C50.9	8520/3	C50.9	Yes	Yes	0.3202	0	12	No	ILC	21.76414505	0:LIVING	59D60247-E549-4326-A672-50B05C13A291	M0	N1A	T2	Tumor Free	21.76414505	0:CENSORED	Yes	No	White	No	-18	1	Primary	Female	Matched	BRCA_LumA	14	Yes	No	University of Pittsburgh	BH	0.366666667	Breast	Infiltrating Lobular Carcinoma	-40	0	High	High
TCGA-BH-AB28-01	0.00983399817149327	-0.00584291516649927	TCGA-BH-AB28	53	STAGE IIIA	7TH	4	-35	Breast Cancer	BRCA	Breast Invasive Lobular Carcinoma	287	-19570	0	9.435513036	0:DiseaseFree	9.435513036	0:ALIVE OR DEAD TUMOR FREE	Not Hispanic Or Latino	6/30/14	0.1393	EUR	No	C50.9	8520/3	C50.9	Yes	Yes	0.3199	0.01	27	No	ILC	9.435513036	0:LIVING	09D6E904-7184-4788-8A19-04F8C46CB13F	M0	N1A	T3	Tumor Free	9.435513036	0:CENSORED	Yes	No	White	No	-6	1	Primary	Female	Matched	BRCA_LumA	16	Yes	No	University of Pittsburgh	BH	1.766666667	Breast	Infiltrating Lobular Carcinoma	-36	0	High	High
TCGA-C8-A12K-01	-0.143444422898717	-0.0809532535724792	TCGA-C8-A12K	80	STAGE IIB	6TH	6	25	Breast Cancer	BRCA	Breast Invasive Ductal Carcinoma	0	-29463	0	0	0:DiseaseFree	0	0:ALIVE OR DEAD TUMOR FREE	Not Hispanic Or Latino	4/12/11	0.4856	NA	No	C50.9	8500/3	C50.9	Yes	Yes	0.2834	0.14	123	NA	IDC	0	0:LIVING	6b923e30-2ddc-407f-91b1-c202f1373fbb	M0	N1	T2	Tumor Free	0	0:CENSORED	NA	No	Asian	NA	14	1	Primary	Female	Matched	BRCA_Basal	224	Yes	No	ILSBio	C8	4.166666667	Breast	Infiltrating Ductal Carcinoma	-4	0	Low	Low
TCGA-C8-A12L-01	-0.0459361020484048	-0.0569115857468328	TCGA-C8-A12L	67	STAGE IIA	6TH	16	29	Breast Cancer	BRCA	Breast Invasive Ductal Carcinoma	363	-24710	0	11.93411579	0:DiseaseFree	11.93411579	0:ALIVE OR DEAD TUMOR FREE	Not Hispanic Or Latino	4/12/11	0.6096	NA	No	C50.9	8500/3	C50.9	Yes	Yes	0.2814	0.81	71	No	IDC	11.93411579	0:LIVING	441919eb-8c9f-478c-bda3-8de4f8295e8a	M0	N0 (I-)	T2	Tumor Free	11.93411579	0:CENSORED	NA	No	Asian	No	26	1	Primary	Female	Matched	BRCA_Her2	292	Yes	No	ILSBio	C8	2.433333333	Breast	Infiltrating Ductal Carcinoma	34	0	Low	Low
TCGA-C8-A12M-01	0.100201001579793	0.0352632558801137	TCGA-C8-A12M	70	STAGE IIA	6TH	17	-25	Breast Cancer	BRCA	Breast Invasive Ductal Carcinoma	358	-25811	0	11.76973403	0:DiseaseFree	11.76973403	0:ALIVE OR DEAD TUMOR FREE	Not Hispanic Or Latino	4/12/11	0.4491	NA	No	C50.9	8500/3	C50.9	Yes	Yes	0.3153	0.66	54	No	IDC	11.76973403	0:LIVING	dd0f8e5a-383d-4f03-bb71-0e115d4e442c	M0	N0 (I-)	T2	Tumor Free	11.76973403	0:CENSORED	NA	No	Asian	No	-10	1	Primary	Female	Matched	BRCA_LumB	411	Yes	No	ILSBio	C8	1.8	Breast	Infiltrating Ductal Carcinoma	-42	0	High	High
TCGA-C8-A12N-01	-0.0507178831008775	-0.0457838846329635	TCGA-C8-A12N	58	STAGE IIA	6TH	4	-19	Breast Cancer	BRCA	Breast Invasive Ductal Carcinoma	358	-21428	0	11.76973403	0:DiseaseFree	11.76973403	0:ALIVE OR DEAD TUMOR FREE	Not Hispanic Or Latino	4/12/11	0.0757	NA	No	C50.9	8500/3	C50.9	Yes	Yes	0.2847	0.01	19	No	IDC	11.76973403	0:LIVING	b8a615f9-d19b-4b09-8ec8-0674e5c648cd	M0	N0 (I-)	T2	Tumor Free	11.76973403	0:CENSORED	NA	No	Asian	No	-8	1	Primary	Female	Matched	BRCA_LumA	5	Yes	No	ILSBio	C8	0.633333333	Breast	Infiltrating Ductal Carcinoma	-12	0	Low	Low
TCGA-C8-A12O-01	0.0809109358751625	0.0467799787309158	TCGA-C8-A12O	50	STAGE IIA	6TH	27	5	Breast Cancer	BRCA	Breast Invasive Ductal Carcinoma	385	-18506	0	12.65739554	0:DiseaseFree	12.65739554	0:ALIVE OR DEAD TUMOR FREE	Not Hispanic Or Latino	4/13/11	0.3342	NA	No	C50.9	8500/3	C50.9	Yes	Yes	0.2718	0.11	36	No	IDC	12.65739554	0:LIVING	83f26720-007c-42c9-a7de-7484bf8afa89	M0	N0 (I-)	T2	Tumor Free	12.65739554	0:CENSORED	NA	No	Asian	No	20	1	Primary	Female	Matched	BRCA_LumA	104	Yes	No	ILSBio	C8	1.2	Breast	Infiltrating Ductal Carcinoma	4	0	High	High
TCGA-C8-A12P-01	-0.0768104321819156	-0.0216066305187592	TCGA-C8-A12P	55	STAGE IIB	6TH	17	19	Breast Cancer	BRCA	Breast Invasive Ductal Carcinoma	358	-20332	0	11.76973403	0:DiseaseFree	11.76973403	0:ALIVE OR DEAD TUMOR FREE	Not Hispanic Or Latino	4/13/11	0.3385	NA	No	C50.9	8500/3	C50.9	Yes	Yes	0.2886	0.17	141	No	IDC	11.76973403	0:LIVING	abdc76db-f85e-4337-a57e-6d098789da03	M0	N1	T2	Tumor Free	11.76973403	0:CENSORED	NA	No	Asian	No	18	1	Primary	Female	Matched	BRCA_Her2	538	Yes	No	ILSBio	C8	4.733333333	Breast	Infiltrating Ductal Carcinoma	10	0	Low	Low
TCGA-C8-A12Q-01	0.0524395977697982	0.0290811223897693	TCGA-C8-A12Q	78	STAGE IIIA	NA	13	-5	Breast Cancer	BRCA	Breast Invasive Ductal Carcinoma	2	-28733	0	NA	NA	12.65739554	1:DEAD WITH TUMOR	Not Hispanic Or Latino	4/13/11	0.4088	NA	No	C50.9	8500/3	C50.9	Yes	Yes	0.2593	0.35	98	Yes	IDC	12.65739554	1:DECEASED	a824b3bd-34d5-4cc1-a92f-f9d6ac0f1814	M0	N2	T1	Tumor Free	12.65739554	1:PROGRESSION	NA	No	Asian	No	12	1	Primary	Female	Matched	BRCA_Her2	400	Yes	No	ILSBio	C8	3.266666667	Breast	Infiltrating Ductal Carcinoma	4	1	High	High
TCGA-C8-A12T-01	-0.0922460515950736	-0.0909373761327517	TCGA-C8-A12T	43	STAGE IIA	6TH	2	29	Breast Cancer	BRCA	Breast Invasive Ductal Carcinoma	0	NA	0	0	0:DiseaseFree	0	0:ALIVE OR DEAD TUMOR FREE	Not Hispanic Or Latino	4/11/11	0.2311	NA	No	C50.9	8500/3	C50.9	Yes	Yes	0.2886	0.09	153	NA	IDC	0	0:LIVING	71229981-97c2-4ae1-a130-fe5de336b37d	M0	N0	T2	Tumor Free	0	0:CENSORED	Yes	No	Asian	NA	20	1	Primary	Female	Matched	BRCA_Her2	122	Yes	No	ILSBio	C8	5.133333333	Breast	Infiltrating Ductal Carcinoma	24	0	Low	Low
TCGA-C8-A12U-01	-0.00751215619770442	-0.0593747772673821	TCGA-C8-A12U	46	STAGE IIB	6TH	18	17	Breast Cancer	BRCA	Breast Invasive Ductal Carcinoma	385	-17045	0	12.65739554	0:DiseaseFree	12.65739554	0:ALIVE OR DEAD TUMOR FREE	Not Hispanic Or Latino	4/13/11	0.5344	NA	No	C50.9	8500/3	C50.9	Yes	Yes	0.2795	0.73	41	No	IDC	12.65739554	0:LIVING	97b5f490-1cd9-4833-b903-5f4c6e45670d	M0	N1	T2	Tumor Free	12.65739554	0:CENSORED	Yes	No	Asian	No	16	1	Primary	Female	Matched	BRCA_LumB	397	Yes	No	ILSBio	C8	1.5	Breast	Infiltrating Ductal Carcinoma	16	0	High	Low
TCGA-C8-A12V-01	-0.0785968374408291	-0.0159150912808004	TCGA-C8-A12V	55	STAGE IIA	6TH	NA	-7	Breast Cancer	BRCA	Breast Invasive Ductal Carcinoma	385	-20346	0	NA	NA	12.65739554	0:ALIVE OR DEAD TUMOR FREE	Not Hispanic Or Latino	3/22/11	0.0027	NA	No	C50.9	8500/3	C50.9	Yes	Yes	0.2736	0.01	41	No	IDC	12.65739554	0:LIVING	7e1673f8-5758-4963-8804-d5e39f06205b	M0	N0	T2	Tumor Free	12.65739554	0:CENSORED	Yes	No	Asian	No	10	1	Primary	Female	Matched	BRCA_Basal	45	Yes	No	ILSBio	C8	1.433333333	Breast	Infiltrating Ductal Carcinoma	-42	0	Low	High
TCGA-C8-A12W-01	0.0368134943656192	-0.0317328397531963	TCGA-C8-A12W	49	STAGE IIIB	6TH	27	-5	Breast Cancer	BRCA	Breast Invasive Ductal Carcinoma	385	-18140	0	12.65739554	0:DiseaseFree	12.65739554	0:ALIVE OR DEAD TUMOR FREE	Not Hispanic Or Latino	4/13/11	0.3504	NA	No	C50.9	8500/3	C50.9	Yes	Yes	0.2886	0.65	53	No	IDC	12.65739554	0:LIVING	6adca853-1b09-47ff-814c-47b732a76d96	M0	N1	T4	Tumor Free	12.65739554	0:CENSORED	Yes	No	Asian	No	20	1	Primary	Female	Matched	BRCA_LumB	229	Yes	No	ILSBio	C8	1.733333333	Breast	Infiltrating Ductal Carcinoma	-6	0	High	Low
TCGA-C8-A12X-01	-0.0624492022834475	-0.114462587434424	TCGA-C8-A12X	62	STAGE IIB	6TH	10	-21	Breast Cancer	BRCA	Breast Invasive Mixed Mucinous Carcinoma	385	-22889	0	12.65739554	0:DiseaseFree	12.65739554	0:ALIVE OR DEAD TUMOR FREE	Not Hispanic Or Latino	4/13/11	0.2971	NA	No	C50.9	8480/3	C50.9	Yes	Yes	0.2827	0.26	46	No	IMMC	12.65739554	0:LIVING	65cde5d5-1efc-4e30-b1bd-a93598794f2c	M0	N1	T2	Tumor Free	12.65739554	0:CENSORED	Yes	No	Asian	No	4	1	Primary	Female	Matched	BRCA_LumA	65	Yes	No	ILSBio	C8	1.533333333	Breast	Mucinous Carcinoma	-44	0	Low	Low
TCGA-C8-A12Y-01	-0.13604693273888	-0.175492015595623	TCGA-C8-A12Y	44	STAGE IIB	6TH	8	1	Breast Cancer	BRCA	Breast Invasive Ductal Carcinoma	1476	NA	0	48.52549561	0:DiseaseFree	48.52549561	0:ALIVE OR DEAD TUMOR FREE	Not Hispanic Or Latino	4/13/11	0.2329	NA	No	C50.9	8500/3	C50.9	Yes	Yes	0.2626	0.2	34	No	IDC	48.52549561	0:LIVING	298a1710-deb4-4064-a0f2-da32d43aa217	M0	N1	T2	Tumor Free	48.52549561	0:CENSORED	Yes	No	Asian	Yes	6	1	Primary	Female	Matched	BRCA_LumA	97	Yes	No	ILSBio	C8	1.133333333	Breast	Infiltrating Ductal Carcinoma	4	0	Low	Low
TCGA-C8-A12Z-01	-0.0782759718789201	-0.0877663085857203	TCGA-C8-A12Z	45	STAGE IIB	6TH	9	15	Breast Cancer	BRCA	Breast Invasive Ductal Carcinoma	382	-16508	0	12.55876648	0:DiseaseFree	12.55876648	0:ALIVE OR DEAD TUMOR FREE	Not Hispanic Or Latino	4/13/11	0.2697	NA	No	C50.9	8500/3	C50.9	Yes	Yes	0.2818	0.06	42	No	IDC	12.55876648	0:LIVING	42621dfa-abfd-4c7d-8bc5-a02a09d1c2b4	M0	N1	T2	Tumor Free	12.55876648	0:CENSORED	Yes	No	Asian	No	22	1	Primary	Female	Matched	BRCA_Her2	170	Yes	No	ILSBio	C8	1.433333333	Breast	Infiltrating Ductal Carcinoma	2	0	Low	Low
TCGA-C8-A130-01	-0.000615598178480127	-0.0400306813016897	TCGA-C8-A130	52	STAGE IIIA	6TH	20	17	Breast Cancer	BRCA	Breast Invasive Ductal Carcinoma	370	-19117	0	12.16425026	0:DiseaseFree	12.16425026	0:ALIVE OR DEAD TUMOR FREE	Not Hispanic Or Latino	4/13/11	0.5081	NA	No	C50.9	8500/3	C50.9	Yes	Yes	0.2892	0.47	34	No	IDC	12.16425026	0:LIVING	8cf54607-01ce-42b0-9bd9-8627edd9f3b7	M0	N2	T3	Tumor Free	12.16425026	0:CENSORED	Yes	No	Asian	No	18	1	Primary	Female	Matched	BRCA_LumB	470	Yes	No	ILSBio	C8	1.166666667	Breast	Infiltrating Ductal Carcinoma	26	0	High	Low
TCGA-C8-A131-01	-0.160605082503722	-0.104181758984008	TCGA-C8-A131	82	STAGE IIIA	6TH	21	29	Breast Cancer	BRCA	Breast Invasive Ductal Carcinoma	411	-29966	0	13.51218069	0:DiseaseFree	13.51218069	0:ALIVE OR DEAD TUMOR FREE	Not Hispanic Or Latino	4/15/11	0.2303	NA	No	C50.9	8500/3	C50.9	Yes	Yes	0.2745	0.05	56	No	IDC	13.51218069	0:LIVING	c49e3b18-fd88-48f4-8b01-300692ceb367	M0	N2	T2	Tumor Free	13.51218069	0:CENSORED	Yes	No	Asian	No	20	1	Primary	Female	Matched	BRCA_Basal	67	Yes	No	ILSBio	C8	1.933333333	Breast	Infiltrating Ductal Carcinoma	30	0	Low	Low
TCGA-C8-A132-01	-0.00777083233844553	0.0751973336908403	TCGA-C8-A132	56	STAGE IIB	6TH	14	-25	Breast Cancer	BRCA	Breast Invasive Ductal Carcinoma	383	-20471	0	12.59164283	0:DiseaseFree	12.59164283	0:ALIVE OR DEAD TUMOR FREE	Not Hispanic Or Latino	4/15/11	0.1483	NA	No	C50.9	8500/3	C50.9	Yes	Yes	0.287	0.02	63	No	IDC	12.59164283	0:LIVING	89e867de-d30e-4bfc-a453-0a76309dabd5	M0	N1	T2	Tumor Free	12.59164283	0:CENSORED	Yes	No	Asian	No	4	1	Primary	Female	Matched	BRCA_LumA	203	Yes	No	ILSBio	C8	2.133333333	Breast	Infiltrating Ductal Carcinoma	-28	0	High	High
TCGA-C8-A133-01	-0.143808376187973	-0.103882997240463	TCGA-C8-A133	65	STAGE IIIA	6TH	0	-19	Breast Cancer	BRCA	Breast Invasive Carcinoma (NOS)	0	-23922	0	0	0:DiseaseFree	0	0:ALIVE OR DEAD TUMOR FREE	Not Hispanic Or Latino	4/15/11	0.0053	SAS_ADMIX	No	C50.9	8523/3	C50.9	Yes	Yes	0.2636	0.01	24	NA	BRCNOS	0	0:LIVING	b8b6cebc-26dc-43ae-a94a-20da6018f7ae	M0	N1	T3	Tumor Free	0	0:CENSORED	Yes	No	White	NA	-22	1	Primary	Female	Matched	BRCA_LumA	21	Yes	No	ILSBio	C8	0.8	Breast	Other	-12	0	Low	Low
TCGA-C8-A134-01	0.0359823144393715	-0.0274988599286558	TCGA-C8-A134	52	STAGE IIA	6TH	8	7	Breast Cancer	BRCA	Breast Invasive Ductal Carcinoma	383	-19010	0	12.59164283	0:DiseaseFree	12.59164283	0:ALIVE OR DEAD TUMOR FREE	Not Hispanic Or Latino	4/15/11	0.4432	NA	No	C50.9	8500/3	C50.9	Yes	Yes	0.2972	0.31	82	No	IDC	12.59164283	0:LIVING	f1692f4b-ce1b-4fc5-ac55-1022ecae0d1e	M0	N0	T2	Tumor Free	12.59164283	0:CENSORED	NA	No	Asian	No	14	1	Primary	Female	Matched	BRCA_Basal	142	Yes	No	ILSBio	C8	2.8	Breast	Infiltrating Ductal Carcinoma	6	0	High	Low
TCGA-C8-A135-01	-0.0543152843405063	-0.0399141632164055	TCGA-C8-A135	64	STAGE IIB	6TH	20	17	Breast Cancer	BRCA	Breast Invasive Ductal Carcinoma	393	-23667	0	12.92040635	0:DiseaseFree	12.92040635	0:ALIVE OR DEAD TUMOR FREE	Not Hispanic Or Latino	4/15/11	0.2977	NA	No	C50.9	8500/3	C50.9	Yes	Yes	0.2924	0.13	56	No	IDC	12.92040635	0:LIVING	33cea538-4c3f-470a-972d-257c43241ab4	M0	N1	T2	Tumor Free	12.92040635	0:CENSORED	Yes	No	Asian	No	16	1	Primary	Female	Matched	BRCA_Her2	248	Yes	No	ILSBio	C8	1.9	Breast	Infiltrating Ductal Carcinoma	8	0	Low	Low
TCGA-C8-A137-01	-0.15335333841431	-0.163708736760726	TCGA-C8-A137	34	STAGE IIB	6TH	5	29	Breast Cancer	BRCA	Breast Invasive Ductal Carcinoma	379	-12729	0	4.471183877	1:Recurred/Progressed	12.46013742	0:ALIVE OR DEAD TUMOR FREE	Not Hispanic Or Latino	4/15/11	0.2233	NA	No	C50.9	8500/3	C50.9	Yes	Yes	0.2714	0.24	43	Yes	IDC	12.46013742	0:LIVING	03ab1e9f-4918-404d-b178-3a4fd929c5e8	M0	N1	T2	Tumor Free	4.471183877	1:PROGRESSION	Yes	No	Asian	No	14	1	Primary	Female	Matched	BRCA_Her2	218	Yes	No	ILSBio	C8	1.433333333	Breast	Infiltrating Ductal Carcinoma	20	0	Low	Low
TCGA-C8-A138-01	-0.100084748970731	-0.0135854844137132	TCGA-C8-A138	54	STAGE IIIA	6TH	19	-5	Breast Cancer	BRCA	Breast Invasive Ductal Carcinoma	380	-20053	0	12.49301378	0:DiseaseFree	12.49301378	0:ALIVE OR DEAD TUMOR FREE	Not Hispanic Or Latino	4/15/11	0.3556	NA	No	C50.9	8500/3	C50.9	Yes	Yes	0.2797	0.02	41	No	IDC	12.49301378	0:LIVING	b6c286c6-2755-419b-87d3-59c7feda9653	M0	N2	T2	Tumor Free	12.49301378	0:CENSORED	Yes	No	Asian	No	8	1	Primary	Female	Matched	BRCA_Her2	178	Yes	No	ILSBio	C8	1.466666667	Breast	Infiltrating Ductal Carcinoma	2	0	Low	High
TCGA-C8-A1HE-01	0.0430444155870228	0.014410452552304	TCGA-C8-A1HE	59	STAGE IIA	6TH	4	-39	Breast Cancer	BRCA	Breast Invasive Ductal Carcinoma	375	NA	0	12.32863202	0:DiseaseFree	12.32863202	0:ALIVE OR DEAD TUMOR FREE	Not Hispanic Or Latino	5/24/11	0.1178	NA	No	C50.9	8500/3	C50.9	Yes	Yes	0.3348	0.82	36	No	IDC	12.32863202	0:LIVING	b26d41cd-393b-4cd4-8925-a9488f7de576	M0	N0	T2	Tumor Free	12.32863202	0:CENSORED	Yes	No	Asian	No	-6	1	Primary	Female	Matched	BRCA_LumA	43	Yes	No	ILSBio	C8	1.233333333	Breast	Infiltrating Ductal Carcinoma	-36	0	High	High
TCGA-C8-A1HF-01	-0.17692499560736	-0.127838488273529	TCGA-C8-A1HF	48	STAGE IIA	6TH	24	29	Breast Cancer	BRCA	Breast Invasive Ductal Carcinoma	332	NA	0	10.91494888	0:DiseaseFree	10.91494888	0:ALIVE OR DEAD TUMOR FREE	Not Hispanic Or Latino	5/24/11	0.2475	EAS	No	C50.9	8500/3	C50.9	Yes	Yes	0.2797	0.41	27	No	IDC	10.91494888	0:LIVING	a2453bcb-90f2-4505-949d-a89cf4bfc9b8	M0	N0	T2	Tumor Free	10.91494888	0:CENSORED	Yes	No	Asian	No	18	1	Primary	Female	Matched	BRCA_Her2	93	Yes	No	ILSBio	C8	0.9	Breast	Infiltrating Ductal Carcinoma	28	0	Low	Low
TCGA-C8-A1HG-01	-0.0556655338127296	-0.0916645697414815	TCGA-C8-A1HG	50	STAGE IIA	6TH	16	7	Breast Cancer	BRCA	Breast Invasive Ductal Carcinoma	345	NA	0	11.34234145	0:DiseaseFree	11.34234145	0:ALIVE OR DEAD TUMOR FREE	Not Hispanic Or Latino	5/24/11	0.3587	NA	No	C50.9	8500/3	C50.9	Yes	Yes	0.2608	0.31	41	No	IDC	11.34234145	0:LIVING	0c23c380-363c-474d-b64c-b47f612a8225	M0	N0	T2	Tumor Free	11.34234145	0:CENSORED	No	No	Asian	No	18	1	Primary	Female	Matched	BRCA_LumB	255	Yes	No	ILSBio	C8	1.366666667	Breast	Infiltrating Ductal Carcinoma	-6	0	Low	Low
TCGA-C8-A1HI-01	-0.0230315350207202	-0.0481313985225152	TCGA-C8-A1HI	40	STAGE IIIA	6TH	25	-11	Breast Cancer	BRCA	Breast Invasive Ductal Carcinoma	343	NA	0	11.27658875	0:DiseaseFree	11.27658875	0:ALIVE OR DEAD TUMOR FREE	Not Hispanic Or Latino	6/1/11	0.2579	NA	Yes	C50.9	8500/3	C50.9	Yes	Yes	0.2617	0.09	46	No	IDC	11.27658875	0:LIVING	444374f8-9282-439c-af00-0f828edcbff3	M0	N2	T2	Tumor Free	11.27658875	0:CENSORED	Yes	No	Asian	No	-8	1	Primary	Female	Matched	BRCA_LumA	171	Yes	No	ILSBio	C8	1.533333333	Breast	Infiltrating Ductal Carcinoma	-6	0	Low	Low
TCGA-C8-A1HJ-01	0.00239343017623773	0.0183732489092198	TCGA-C8-A1HJ	53	STAGE IIA	6TH	8	17	Breast Cancer	BRCA	Breast Invasive Ductal Carcinoma	5	-19629	0	0.16438176	0:DiseaseFree	0.16438176	0:ALIVE OR DEAD TUMOR FREE	Not Hispanic Or Latino	6/1/11	0.5135	NA	No	C50.9	8500/3	C50.9	Yes	Yes	0.3679	0.8	96	NA	IDC	0.16438176	0:LIVING	a855c228-a263-44df-87a0-cbc32187e3f5	M0	N0	T2	Tumor Free	0.16438176	0:CENSORED	Yes	No	Asian	NA	12	1	Primary	Female	Matched	BRCA_Basal	168	Yes	No	ILSBio	C8	3.2	Breast	Infiltrating Ductal Carcinoma	30	0	High	High
TCGA-C8-A1HK-01	-0.0748105096331149	-0.078167129249367	TCGA-C8-A1HK	53	STAGE IIB	6TH	25	-7	Breast Cancer	BRCA	Breast Invasive Ductal Carcinoma	366	NA	0	12.03274485	0:DiseaseFree	12.03274485	0:ALIVE OR DEAD TUMOR FREE	Not Hispanic Or Latino	6/1/11	0.518	NA	No	C50.9	8500/3	C50.9	Yes	Yes	0.3767	0.75	53	No	IDC	12.03274485	0:LIVING	52c35691-efca-42f5-a03e-02c9f872275c	M0	N1	T2	Tumor Free	12.03274485	0:CENSORED	Yes	No	Asian	No	14	1	Primary	Female	Matched	BRCA_Her2	236	Yes	No	ILSBio	C8	1.733333333	Breast	Infiltrating Ductal Carcinoma	-22	0	Low	Low
TCGA-C8-A1HL-01	-0.170738823703941	-0.128438550540791	TCGA-C8-A1HL	38	STAGE IIIA	6TH	12	-3	Breast Cancer	BRCA	Breast Invasive Carcinoma (NOS)	317	NA	0	10.4218036	0:DiseaseFree	10.4218036	0:ALIVE OR DEAD TUMOR FREE	Not Hispanic Or Latino	6/2/11	0.2376	NA	No	C50.9	8480/3	C50.9	Yes	Yes	0.2644	0.26	27	No	BRCNOS	10.4218036	0:LIVING	a8a199c9-d781-4e6c-af8c-c85d60c7cd40	M0	N1	T3	Tumor Free	10.4218036	0:CENSORED	Yes	Yes	Asian	No	8	1	Primary	Female	Matched	BRCA_LumB	114	Yes	No	ILSBio	C8	0.9	Breast	Other	-2	0	Low	Low
TCGA-C8-A1HM-01	-0.0949776028759914	-0.113375542786918	TCGA-C8-A1HM	74	STAGE IIA	6TH	23	3	Breast Cancer	BRCA	Breast Invasive Ductal Carcinoma	375	-27063	0	12.32863202	0:DiseaseFree	12.32863202	0:ALIVE OR DEAD TUMOR FREE	Not Hispanic Or Latino	6/2/11	0.5116	EAS	No	C50.9	8500/3	C50.9	Yes	Yes	0.2758	0.68	313	No	IDC	12.32863202	0:LIVING	8b525ec6-d24b-49d4-bfcb-b354de4dae7c	M0	N0	T2	Tumor Free	12.32863202	0:CENSORED	No	No	Asian	No	20	1	Primary	Female	Matched	BRCA_LumB	203	Yes	No	ILSBio	C8	10.43333333	Breast	Infiltrating Ductal Carcinoma	0	0	Low	Low
TCGA-C8-A1HN-01	-0.0727515093556886	-0.122230360761402	TCGA-C8-A1HN	56	STAGE IIA	6TH	20	-3	Breast Cancer	BRCA	Breast Invasive Ductal Carcinoma	394	-20712	0	12.9532827	0:DiseaseFree	12.9532827	0:ALIVE OR DEAD TUMOR FREE	Not Hispanic Or Latino	6/2/11	0.436	NA	No	C50.9	8500/3	C50.9	Yes	Yes	0.2734	0.3	45	No	IDC	12.9532827	0:LIVING	86a18ae0-dfb1-49c3-b5c4-67ec331d6e40	M0	N0	T2	Tumor Free	12.9532827	0:CENSORED	No	No	Asian	No	14	1	Primary	Female	Matched	BRCA_LumB	463	Yes	No	ILSBio	C8	1.533333333	Breast	Infiltrating Ductal Carcinoma	-8	0	Low	Low
TCGA-C8-A1HO-01	0.126739120076977	0.00521753113944763	TCGA-C8-A1HO	34	STAGE IIIC	6TH	5	-19	Breast Cancer	BRCA	Breast Invasive Ductal Carcinoma	375	-12715	0	12.32863202	0:DiseaseFree	12.32863202	0:ALIVE OR DEAD TUMOR FREE	Not Hispanic Or Latino	7/12/11	0.3198	NA	No	C50.9	8500/3	C50.9	Yes	Yes	0.3394	0.91	28	No	IDC	12.32863202	0:LIVING	b3354b72-2637-4edc-9a95-e55801d3ac13	M0	N3	T3	Tumor Free	12.32863202	0:CENSORED	No	No	Asian	No	8	1	Primary	Female	Matched	BRCA_LumA	132	Yes	No	ILSBio	C8	0.933333333	Breast	Infiltrating Ductal Carcinoma	-32	0	High	High
TCGA-C8-A26V-01	0.00962460215871693	-0.0351490622659949	TCGA-C8-A26V	47	STAGE IIIA	6TH	4	11	Breast Cancer	BRCA	Breast Invasive Ductal Carcinoma	616	-17468	0	20.25183286	0:DiseaseFree	20.25183286	0:ALIVE OR DEAD TUMOR FREE	Not Hispanic Or Latino	7/21/11	0.1835	NA	No	C50.9	8500/3	C50.9	Yes	Yes	0.2978	0.02	65	No	IDC	20.25183286	0:LIVING	89414e79-7f89-42d9-8228-101b5bf2f31f	M0	N2	T3	Tumor Free	20.25183286	0:CENSORED	No	No	Asian	Yes	14	1	Primary	Female	Matched	BRCA_LumB	39	Yes	No	ILSBio	C8	2.166666667	Breast	Infiltrating Ductal Carcinoma	6	0	High	Low
TCGA-C8-A26W-01	0.0288376880181326	0.00225435671554564	TCGA-C8-A26W	58	STAGE IIB	6TH	7	1	Breast Cancer	BRCA	Breast Invasive Ductal Carcinoma	381	-21391	0	12.52589013	0:DiseaseFree	12.52589013	0:ALIVE OR DEAD TUMOR FREE	Not Hispanic Or Latino	7/21/11	0.3238	NA	No	C50.9	8500/3	C50.9	Yes	Yes	0.3066	0.25	47	No	IDC	12.52589013	0:LIVING	ff0f875f-113a-4c0f-8c0a-4259cd496e6d	M0	N1	T2	Tumor Free	12.52589013	0:CENSORED	No	No	Asian	No	16	1	Primary	Female	Matched	BRCA_LumB	150	Yes	No	ILSBio	C8	1.6	Breast	Infiltrating Ductal Carcinoma	8	0	High	High
TCGA-C8-A26X-01	-0.0684340201530268	-0.063236804507499	TCGA-C8-A26X	58	STAGE IIA	6TH	27	35	Breast Cancer	BRCA	Breast Invasive Ductal Carcinoma	376	-21463	0	12.36150837	0:DiseaseFree	12.36150837	0:ALIVE OR DEAD TUMOR FREE	Not Hispanic Or Latino	7/21/11	0.3564	NA	No	C50.9	8500/3	C50.9	Yes	Yes	0.3101	0.06	68	No	IDC	12.36150837	0:LIVING	70ab4f23-23c4-409f-a5cc-18a010c3a24e	M0	N1	T1	Tumor Free	12.36150837	0:CENSORED	No	No	Asian	No	22	1	Primary	Female	Matched	BRCA_Her2	242	Yes	No	ILSBio	C8	2.3	Breast	Infiltrating Ductal Carcinoma	8	0	Low	Low
TCGA-C8-A26Y-01	0.0958348869034756	0.0959610042311795	TCGA-C8-A26Y	90	STAGE IIA	6TH	20	27	Breast Cancer	BRCA	Breast Invasive Ductal Carcinoma	394	-32872	0	12.9532827	0:DiseaseFree	12.9532827	0:ALIVE OR DEAD TUMOR FREE	Not Hispanic Or Latino	7/21/11	0.588	NA	No	C50.9	8500/3	C50.9	Yes	Yes	0.3403	0.57	633	No	IDC	12.9532827	0:LIVING	4d51159f-ab2f-40e3-a363-847c3654431e	M0	N0	T2	Tumor Free	12.9532827	0:CENSORED	No	No	Asian	No	20	1	Primary	Female	Matched	BRCA_Her2	260	Yes	No	ILSBio	C8	21.36666667	Breast	Infiltrating Ductal Carcinoma	22	0	High	High
TCGA-C8-A26Z-01	0.088839312410684	-0.0383503655652122	TCGA-C8-A26Z	59	STAGE IIA	6TH	20	-5	Breast Cancer	BRCA	Breast Invasive Ductal Carcinoma	470	NA	0	15.45188546	0:DiseaseFree	15.45188546	0:ALIVE OR DEAD TUMOR FREE	Not Hispanic Or Latino	7/21/11	0.5299	NA	No	C50.9	8500/3	C50.9	Yes	Yes	0.3	0.31	43	No	IDC	15.45188546	0:LIVING	dc11b1c7-1f00-4813-b4b5-ecf776b2eb37	M0	N0	T2	Tumor Free	15.45188546	0:CENSORED	No	No	Asian	No	2	1	Primary	Female	Matched	BRCA_LumA	169	Yes	No	ILSBio	C8	1.433333333	Breast	Infiltrating Ductal Carcinoma	-14	0	High	Low
TCGA-C8-A273-01	0.016446409321653	-0.042175073882124	TCGA-C8-A273	29	STAGE IIB	6TH	7	-1	Breast Cancer	BRCA	Breast Invasive Ductal Carcinoma	513	NA	0	16.8655686	0:DiseaseFree	16.8655686	0:ALIVE OR DEAD TUMOR FREE	Not Hispanic Or Latino	7/21/11	0.2254	NA	No	C50.9	8500/3	C50.9	Yes	Yes	0.2953	0.26	16	No	IDC	16.8655686	0:LIVING	5a5f0f48-2b13-4e78-b130-901b85d9a7f3	M0	N1	T2	Tumor Free	16.8655686	0:CENSORED	Yes	No	Asian	No	20	1	Primary	Female	Matched	BRCA_LumA	172	Yes	No	ILSBio	C8	0.533333333	Breast	Infiltrating Ductal Carcinoma	16	0	High	Low
TCGA-C8-A274-01	-0.00247891649375162	0.0115952445085797	TCGA-C8-A274	63	STAGE IIA	6TH	16	-29	Breast Cancer	BRCA	Breast Invasive Ductal Carcinoma	508	-23337	0	16.70118684	0:DiseaseFree	16.70118684	0:ALIVE OR DEAD TUMOR FREE	Not Hispanic Or Latino	7/21/11	0.4187	NA	No	C50.9	8500/3	C50.9	Yes	Yes	0.3504	0.41	191	No	IDC	16.70118684	0:LIVING	dbcad60f-86c7-41e3-b0ae-baa39c9f83dd	M0	N0	T2	Tumor Free	16.70118684	0:CENSORED	No	No	Asian	No	0	1	Primary	Female	Matched	BRCA_LumB	42	Yes	No	ILSBio	C8	6.4	Breast	Infiltrating Ductal Carcinoma	-38	0	High	High
TCGA-C8-A275-01	-0.0955883154318624	-0.0682254144068153	TCGA-C8-A275	56	STAGE IIA	6TH	5	5	Breast Cancer	BRCA	Breast Invasive Ductal Carcinoma	1	-20774	0	0.032876352	0:DiseaseFree	0.032876352	0:ALIVE OR DEAD TUMOR FREE	Not Hispanic Or Latino	7/21/11	0.2019	NA	No	C50.9	8500/3	C50.9	Yes	Yes	0.3138	0.24	104	NA	IDC	0.032876352	0:LIVING	ce887e90-0660-4f44-a3a4-b3b894cb7eda	M0	N1	T1	Tumor Free	0.032876352	0:CENSORED	No	No	Asian	NA	20	1	Primary	Female	Matched	BRCA_Her2	147	Yes	No	ILSBio	C8	3.533333333	Breast	Infiltrating Ductal Carcinoma	-6	0	Low	Low
TCGA-C8-A278-01	-0.0685942848441846	-0.077968817655153	TCGA-C8-A278	61	STAGE IIIA	6TH	17	5	Breast Cancer	BRCA	Breast Invasive Ductal Carcinoma	297	-22598	0	9.764276556	0:DiseaseFree	9.764276556	0:ALIVE OR DEAD TUMOR FREE	Not Hispanic Or Latino	7/21/11	0.1661	NA	No	C50.9	8500/3	C50.9	Yes	Yes	0.3104	0.09	43	No	IDC	9.764276556	0:LIVING	65077db7-dd59-4362-9d28-d5a9154e9be0	M0	N2	T2	Tumor Free	9.764276556	0:CENSORED	No	No	Asian	No	24	1	Primary	Female	Matched	BRCA_Her2	175	Yes	No	ILSBio	C8	1.433333333	Breast	Infiltrating Ductal Carcinoma	-6	0	Low	Low
TCGA-C8-A27A-01	0.0707853866603565	0.105467700954998	TCGA-C8-A27A	48	STAGE IIB	6TH	16	-9	Breast Cancer	BRCA	Breast Invasive Ductal Carcinoma	747	-17779	0	24.55863497	0:DiseaseFree	24.55863497	0:ALIVE OR DEAD TUMOR FREE	Not Hispanic Or Latino	7/21/11	0.3008	NA	No	C50.9	8500/3	C50.9	Yes	Yes	0.3255	0.81	24	No	IDC	24.55863497	0:LIVING	3b1f7e48-216d-47de-ba79-db350f52bff0	M0	N1	T2	Tumor Free	24.55863497	0:CENSORED	No	No	Asian	No	14	1	Primary	Female	Matched	BRCA_LumB	329	Yes	No	ILSBio	C8	0.8	Breast	Infiltrating Ductal Carcinoma	-8	0	High	High
TCGA-C8-A27B-01	-0.0795530450559186	-0.0715761912779715	TCGA-C8-A27B	48	STAGE IIB	6TH	14	13	Breast Cancer	BRCA	Breast Invasive Ductal Carcinoma	439	-17763	0	14.43271855	0:DiseaseFree	14.43271855	0:ALIVE OR DEAD TUMOR FREE	Not Hispanic Or Latino	7/21/11	0.7389	NA	No	C50.9	8500/3	C50.9	Yes	Yes	0.394	3.02	124	No	IDC	14.43271855	0:LIVING	f0d8a1fe-e313-44f1-99cc-b965cbeeff0e	M0	N0	T3	Tumor Free	14.43271855	0:CENSORED	No	No	Asian	No	14	1	Primary	Female	Matched	BRCA_Basal	163	Yes	No	ILSBio	C8	4.1	Breast	Infiltrating Ductal Carcinoma	-8	0	Low	Low
TCGA-C8-A3M7-01	-0.0460665820918409	0.0447132397694523	TCGA-C8-A3M7	60	STAGE IIIB	7TH	8	-33	Breast Cancer	BRCA	Breast Invasive Lobular Carcinoma	1	-22096	0	33.99414801	1:Recurred/Progressed	33.99414801	1:DEAD WITH TUMOR	Not Hispanic Or Latino	3/6/12	0.1781	EAS	No	C50.9	8520/3	C50.9	Yes	Yes	0.3138	0.01	127	Yes	ILC	33.99414801	1:DECEASED	959FF069-8A49-4C9B-85C2-5291CAC0ACFF	M0	N0	T4B	Tumor Free	33.99414801	1:PROGRESSION	Yes	No	Asian	Yes	-4	1	Primary	Female	Matched	BRCA_LumA	48	Yes	No	ILSBio	C8	4.333333333	Breast	Infiltrating Lobular Carcinoma	-32	1	Low	High
TCGA-C8-A3M8-01	0.023327415200021	-0.0120886184690596	TCGA-C8-A3M8	68	STAGE IA	7TH	9	-21	Breast Cancer	BRCA	Breast Invasive Lobular Carcinoma	394	-24877	0	12.9532827	0:DiseaseFree	12.9532827	0:ALIVE OR DEAD TUMOR FREE	Not Hispanic Or Latino	3/6/12	0.2516	EAS	No	C50.9	8520/3	C50.9	Yes	Yes	0.2895	0.05	44	No	ILC	12.9532827	0:LIVING	C1E704D6-A33B-4891-90BD-992B0040C075	M0	N0	T1C	Tumor Free	12.9532827	0:CENSORED	Yes	No	Asian	No	4	1	Primary	Female	Matched	BRCA_LumB	95	Yes	No	ILSBio	C8	1.433333333	Breast	Infiltrating Lobular Carcinoma	0	0	High	High
TCGA-C8-A8HP-01	-0.119013369626141	-0.0806145647092162	TCGA-C8-A8HP	59	STAGE IIIA	7TH	10	9	Breast Cancer	BRCA	Metaplastic Breast Cancer	396	-21613	0	13.01903541	0:DiseaseFree	13.01903541	0:ALIVE OR DEAD TUMOR FREE	Not Hispanic Or Latino	12/29/14	0.0419	EAS	No	C50.9	8575/3	C50.9	Yes	Yes	0.3167	0.01	144	No	MBC	13.01903541	0:LIVING	8DB69F1D-72E2-40BA-AD8A-CF228499840D	M0	N2	T2	Tumor Free	13.01903541	0:CENSORED	Yes	No	Asian	No	16	1	Primary	Female	Matched	BRCA_Her2	150	Yes	No	ILSBio	C8	4.866666667	Breast	Metaplastic Carcinoma	16	0	Low	Low
TCGA-C8-A8HQ-01	0.0022035968829568	0.000545446876947746	TCGA-C8-A8HQ	53	STAGE IIB	7TH	5	1	Breast Cancer	BRCA	Breast Invasive Mixed Mucinous Carcinoma	380	-19432	0	12.49301378	0:DiseaseFree	12.49301378	0:ALIVE OR DEAD TUMOR FREE	Not Hispanic Or Latino	12/29/14	0.2302	EAS	No	C50.9	8480/3	C50.9	Yes	Yes	0.3121	0.01	216	No	IMMC	12.49301378	0:LIVING	6951FE6A-D7D1-4F41-85AF-76655B5D1F62	M0	N1	T2	Tumor Free	12.49301378	0:CENSORED	Yes	No	Asian	No	14	1	Primary	Female	Matched	BRCA_LumB	95	Yes	No	ILSBio	C8	7.266666667	Breast	Mucinous Carcinoma	18	0	High	High
TCGA-C8-A8HR-01	-0.0765806567426084	0.00901124614402515	TCGA-C8-A8HR	49	STAGE IIIA	7TH	10	-19	Breast Cancer	BRCA	Breast Invasive Lobular Carcinoma	408	-17921	0	13.41355163	0:DiseaseFree	13.41355163	0:ALIVE OR DEAD TUMOR FREE	Not Hispanic Or Latino	12/29/14	0.012	EAS	No	C50.9	8520/3	C50.9	Yes	Yes	0.3233	0	40	No	ILC	13.41355163	0:LIVING	DCB68327-1537-4CA6-81DE-3910D0663CB8	M0	N2	T3	Tumor Free	13.41355163	0:CENSORED	Yes	No	Asian	No	12	1	Primary	Female	Matched	BRCA_Normal	57	Yes	No	ILSBio	C8	1.333333333	Breast	Infiltrating Lobular Carcinoma	-16	0	Low	High
TCGA-D8-A13Y-01	0.0823667695775317	0.18096962694386	TCGA-D8-A13Y	52	STAGE IA	NA	13	7	Breast Cancer	BRCA	Breast Invasive Ductal Carcinoma	1728	-19028	0	56.81033633	0:DiseaseFree	56.81033633	0:ALIVE OR DEAD TUMOR FREE	Not Hispanic Or Latino	2/23/11	0.947	EUR	No	C50.9	8500/3	C50.9	Yes	Yes	0.3032	1.06	67	No	IDC	56.81033633	0:LIVING	17f275c1-a0d4-487d-8f02-ea279584b4cd	M0	N0	T1C	Tumor Free	56.81033633	0:CENSORED	NA	No	White	No	10	1	Primary	Female	Matched	BRCA_LumB	137	Yes	No	Greater Poland Cancer Center	D8	2.233333333	Breast	Infiltrating Ductal Carcinoma	-6	0	High	High
TCGA-D8-A13Z-01	0.0132469072860552	0.0466384343706753	TCGA-D8-A13Z	51	NA	7TH	27	23	Breast Cancer	BRCA	Breast Invasive Ductal Carcinoma	635	-18942	0	20.87648355	0:DiseaseFree	20.87648355	0:ALIVE OR DEAD TUMOR FREE	Not Hispanic Or Latino	2/27/11	0.4986	EUR	No	C50.9	8500/3	C50.9	Yes	Yes	0.2975	0.33	83	No	IDC	20.87648355	0:LIVING	5a17dcd9-5ced-4a69-8069-23c7fd0649d1	M0	N2A	T2	NA	20.87648355	0:CENSORED	Yes	No	White	Yes	24	1	Primary	Female	Matched	BRCA_Her2	334	Yes	No	Greater Poland Cancer Center	D8	2.766666667	Breast	Infiltrating Ductal Carcinoma	38	0	High	High
TCGA-D8-A140-01	0.161141943145598	0.0425204323677058	TCGA-D8-A140	62	STAGE IIB	7TH	5	-47	Breast Cancer	BRCA	Breast Invasive Ductal Carcinoma	403	-22900	0	13.24916987	0:DiseaseFree	13.24916987	0:ALIVE OR DEAD TUMOR FREE	Not Hispanic Or Latino	2/26/11	0.2323	EUR	No	C50.9	8500/3	C50.9	Yes	Yes	0.2922	0.07	95	No	IDC	13.24916987	0:LIVING	2585edbd-3488-4100-a4ab-a161252a31ee	M0	N1A	T2	NA	13.24916987	0:CENSORED	Yes	No	White	No	-8	1	Primary	Female	Matched	BRCA_LumA	364	Yes	No	Greater Poland Cancer Center	D8	3.166666667	Breast	Infiltrating Ductal Carcinoma	-44	0	High	High
TCGA-D8-A141-01	0.0100675288272136	0.0620400719779324	TCGA-D8-A141	40	NA	7TH	9	-33	Breast Cancer	BRCA	Breast Invasive Ductal Carcinoma	626	-14626	0	20.58059638	0:DiseaseFree	20.58059638	0:ALIVE OR DEAD TUMOR FREE	Not Hispanic Or Latino	2/27/11	0.049	EUR	No	C50.9	8500/3	C50.9	Yes	Yes	0.2838	0.04	19	No	IDC	20.58059638	0:LIVING	42f6f503-4cf6-4a8e-b5fe-b44bccf6b38b	M0	N1	T1C	NA	20.58059638	0:CENSORED	Yes	No	White	No	-12	1	Primary	Female	Matched	BRCA_LumA	4	Yes	No	Greater Poland Cancer Center	D8	0.633333333	Breast	Infiltrating Ductal Carcinoma	-32	0	High	High
TCGA-D8-A142-01	0.0107951047840744	0.0400659402863226	TCGA-D8-A142	74	STAGE IIB	7TH	NA	9	Breast Cancer	BRCA	Breast Invasive Ductal Carcinoma	425	-27313	0	13.97244962	0:DiseaseFree	13.97244962	0:ALIVE OR DEAD TUMOR FREE	Not Hispanic Or Latino	2/25/11	0.5222	EUR	No	C50.9	8500/3	C50.9	Yes	Yes	0.2872	0.29	112	No	IDC	13.97244962	0:LIVING	ccb22ecc-6e18-44b8-ad48-6ab51314b16e	M0	N0	T3	Tumor Free	13.97244962	0:CENSORED	Yes	No	White	No	10	1	Primary	Female	Matched	BRCA_Basal	260	Yes	No	Greater Poland Cancer Center	D8	3.833333333	Breast	Infiltrating Ductal Carcinoma	-10	0	High	High
TCGA-D8-A143-01	-0.0539743702832877	-0.0301279994528163	TCGA-D8-A143	51	STAGE IIA	7TH	20	37	Breast Cancer	BRCA	Breast Invasive Ductal Carcinoma	431	-18984	0	14.16970773	0:DiseaseFree	14.16970773	0:ALIVE OR DEAD TUMOR FREE	Not Hispanic Or Latino	2/25/11	0.5356	EUR	No	C50.9	8500/3	C50.9	Yes	Yes	0.3145	1.28	50	No	IDC	14.16970773	0:LIVING	1c40b84e-a0e3-429f-a48c-21566cf881c0	M0	N0	T2	Tumor Free	14.16970773	0:CENSORED	Yes	No	White	No	26	1	Primary	Female	Matched	BRCA_Basal	91	Yes	No	Greater Poland Cancer Center	D8	1.633333333	Breast	Infiltrating Ductal Carcinoma	44	0	Low	Low
TCGA-D8-A145-01	0.134492034341855	0.115640562653529	TCGA-D8-A145	80	STAGE IIA	7TH	4	-43	Breast Cancer	BRCA	Breast Invasive Ductal Carcinoma	410	-29280	0	13.47930434	0:DiseaseFree	13.47930434	0:ALIVE OR DEAD TUMOR FREE	Not Hispanic Or Latino	2/25/11	0.0845	EUR	No	C50.9	8500/3	C50.9	Yes	Yes	0.2879	0	42	No	IDC	13.47930434	0:LIVING	4958c36f-1dc7-4f14-9dec-36e14107dbe3	M0	N1A	T1C	Tumor Free	13.47930434	0:CENSORED	Yes	No	White	No	-12	1	Primary	Female	Matched	BRCA_LumA	28	Yes	No	Greater Poland Cancer Center	D8	1.433333333	Breast	Infiltrating Ductal Carcinoma	-34	0	High	High
TCGA-D8-A147-01	0.0622255239933382	0.0752043469100714	TCGA-D8-A147	45	NA	7TH	11	-7	Breast Cancer	BRCA	Breast Invasive Ductal Carcinoma	584	-16736	0	19.19978959	0:DiseaseFree	19.19978959	0:ALIVE OR DEAD TUMOR FREE	Not Hispanic Or Latino	2/27/11	0.5742	EUR	No	C50.9	8500/3	C50.9	Yes	Yes	0.2934	0.62	147	No	IDC	19.19978959	0:LIVING	fc18d029-9be2-4fa0-9aef-6d647dc55f0b	M0	N0	T2	NA	19.19978959	0:CENSORED	Yes	No	White	Yes	16	1	Primary	Female	Matched	BRCA_Basal	252	Yes	No	Greater Poland Cancer Center	D8	4.9	Breast	Infiltrating Ductal Carcinoma	-14	0	High	High
TCGA-D8-A1J8-01	0.0251367887914157	-0.00334077338981368	TCGA-D8-A1J8	77	STAGE IIB	7TH	19	11	Breast Cancer	BRCA	Breast Invasive Ductal Carcinoma	431	-28444	0	14.16970773	0:DiseaseFree	14.16970773	0:ALIVE OR DEAD TUMOR FREE	Not Hispanic Or Latino	3/23/11	0.8977	EUR	No	C50.9	8500/3	C50.9	Yes	Yes	0.4316	4.8	689	No	IDC	14.16970773	0:LIVING	62d70067-ff77-4f95-8b69-f537abaf74ce	M0	N1A	T2	Tumor Free	14.16970773	0:CENSORED	No	No	White	No	10	1	Primary	Female	Matched	BRCA_LumB	21	Yes	No	Greater Poland Cancer Center	D8	23.1	Breast	Infiltrating Ductal Carcinoma	12	0	High	High
TCGA-D8-A1J9-01	0.0903722106913103	0.118805929970593	TCGA-D8-A1J9	48	STAGE IA	7TH	10	-1	Breast Cancer	BRCA	Breast Invasive Ductal Carcinoma	532	-17879	0	17.49021929	0:DiseaseFree	17.49021929	0:ALIVE OR DEAD TUMOR FREE	Not Hispanic Or Latino	3/29/11	0.3573	EUR	No	C50.9	8500/3	C50.9	Yes	Yes	0.3156	0.08	179	No	IDC	17.49021929	0:LIVING	d5e9a403-88ce-40fc-bb85-80cf3f8ff6bc	M0	N0	T1C	Tumor Free	17.49021929	0:CENSORED	No	No	White	No	20	1	Primary	Female	Matched	BRCA_LumB	245	Yes	No	Greater Poland Cancer Center	D8	5.966666667	Breast	Infiltrating Ductal Carcinoma	-4	0	High	High
TCGA-D8-A1JA-01	0.074136498199271	0.0484868310763214	TCGA-D8-A1JA	60	NA	7TH	6	9	Breast Cancer	BRCA	Breast Invasive Ductal Carcinoma	502	-21918	0	14.16970773	1:Recurred/Progressed	16.50392872	0:ALIVE OR DEAD TUMOR FREE	Not Hispanic Or Latino	3/29/11	0.2448	EUR	No	C50.9	8500/3	C50.9	Yes	Yes	0.31	0.38	785	Yes	IDC	16.50392872	0:LIVING	9ced0c70-c46c-4f98-8f48-840defe4b8b1	M0	NX	T4B	Tumor Free	14.16970773	1:PROGRESSION	No	No	White	Yes	4	1	Primary	Female	Matched	BRCA_Her2	136	Yes	No	Greater Poland Cancer Center	D8	26.6	Breast	Infiltrating Ductal Carcinoma	16	0	High	High
TCGA-D8-A1JB-01	-0.03503815023533	-0.0119625190003302	TCGA-D8-A1JB	54	STAGE IIB	7TH	8	-41	Breast Cancer	BRCA	Breast Invasive Ductal Carcinoma	1688	-19822	0	55.49528224	0:DiseaseFree	55.49528224	0:ALIVE OR DEAD TUMOR FREE	Not Hispanic Or Latino	3/29/11	0.0338	EUR	No	C50.9	8500/3	C50.9	Yes	Yes	0.324	0.13	39	No	IDC	55.49528224	0:LIVING	dd96a9c7-899c-47cd-a0f9-b149ed07a5d6	M0	N1A	T2	Tumor Free	55.49528224	0:CENSORED	Yes	No	White	Yes	-14	1	Primary	Female	Matched	BRCA_LumA	68	Yes	No	Greater Poland Cancer Center	D8	1.3	Breast	Infiltrating Ductal Carcinoma	-38	0	Low	High
TCGA-D8-A1JC-01	0.0876309419445779	0.0429135956286955	TCGA-D8-A1JC	59	STAGE IIIA	7TH	14	-13	Breast Cancer	BRCA	Breast Invasive Ductal Carcinoma	480	-21898	0	15.78064898	0:DiseaseFree	15.78064898	0:ALIVE OR DEAD TUMOR FREE	Not Hispanic Or Latino	3/29/11	0.3667	EUR	No	C50.9	8500/3	C50.9	Yes	Yes	0.2977	0.2	76	No	IDC	15.78064898	0:LIVING	02e6f999-24f2-4ad2-9b92-df3ee2b082e5	M0	N2A	T2	Tumor Free	15.78064898	0:CENSORED	Yes	No	White	Yes	20	1	Primary	Female	Matched	BRCA_LumB	109	Yes	No	Greater Poland Cancer Center	D8	2.533333333	Breast	Infiltrating Ductal Carcinoma	-2	0	High	High
TCGA-D8-A1JD-01	-0.0101373166799126	-0.0294606033180194	TCGA-D8-A1JD	41	STAGE IIB	7TH	18	-1	Breast Cancer	BRCA	Breast Invasive Ductal Carcinoma	552	-15166	0	18.14774633	0:DiseaseFree	18.14774633	0:ALIVE OR DEAD TUMOR FREE	Not Hispanic Or Latino	3/29/11	0.4688	EUR	No	C50.9	8500/3	C50.9	Yes	Yes	0.3017	0.08	98	No	IDC	18.14774633	0:LIVING	530ad151-703d-4638-851f-0b5111ff318b	M0	N1A	T2	Tumor Free	18.14774633	0:CENSORED	No	No	White	Yes	14	1	Primary	Female	Matched	BRCA_LumB	154	Yes	No	Greater Poland Cancer Center	D8	3.3	Breast	Infiltrating Ductal Carcinoma	16	0	High	Low
TCGA-D8-A1JE-01	0.0486882181403828	0.0625950814566685	TCGA-D8-A1JE	62	STAGE IIA	7TH	24	-23	Breast Cancer	BRCA	Breast Invasive Ductal Carcinoma	575	-22683	0	18.90390242	0:DiseaseFree	18.90390242	0:ALIVE OR DEAD TUMOR FREE	Not Hispanic Or Latino	3/28/11	0.6207	EUR	No	C50.9	8500/3	C50.9	Yes	Yes	0.3658	0.8	28	No	IDC	18.90390242	0:LIVING	115bc72c-116f-40c1-be9b-e3dd7650efae	M0	N1A	T1C	Tumor Free	18.90390242	0:CENSORED	Yes	No	White	No	6	1	Primary	Female	Matched	BRCA_LumB	16	Yes	No	Greater Poland Cancer Center	D8	0.933333333	Breast	Infiltrating Ductal Carcinoma	-24	0	High	High
TCGA-D8-A1JF-01	0.0915989700079994	0.0894776420131661	TCGA-D8-A1JF	79	STAGE IIIA	7TH	24	-13	Breast Cancer	BRCA	Breast Invasive Ductal Carcinoma	366	-29199	0	12.03274485	0:DiseaseFree	12.03274485	0:ALIVE OR DEAD TUMOR FREE	Not Hispanic Or Latino	3/28/11	0.414	EUR	No	C50.9	8500/3	C50.9	Yes	Yes	0.3033	0.19	41	No	IDC	12.03274485	0:LIVING	dcd5e079-813a-4c1a-b320-0931468d2bbc	M0	N2A	T1C	Tumor Free	12.03274485	0:CENSORED	Yes	No	White	No	2	1	Primary	Female	Matched	BRCA_Her2	90	Yes	No	Greater Poland Cancer Center	D8	1.366666667	Breast	Infiltrating Ductal Carcinoma	-24	0	High	High
TCGA-D8-A1JG-01	0.0274801402852374	0.0566994770317429	TCGA-D8-A1JG	62	STAGE IIA	7TH	25	17	Breast Cancer	BRCA	Breast Invasive Ductal Carcinoma	1612	-22878	0	52.99667949	0:DiseaseFree	52.99667949	0:ALIVE OR DEAD TUMOR FREE	Not Hispanic Or Latino	3/28/11	0.2687	EUR	No	C50.9	8500/3	C50.9	Yes	Yes	0.348	0.33	132	No	IDC	52.99667949	0:LIVING	7f2a63e6-64d5-4be1-9814-e8416fc9e688	M0	N0	T2	Tumor Free	52.99667949	0:CENSORED	Yes	No	White	Yes	16	1	Primary	Female	Matched	BRCA_Her2	218	Yes	No	Greater Poland Cancer Center	D8	4.466666667	Breast	Infiltrating Ductal Carcinoma	-4	0	High	High
TCGA-D8-A1JH-01	0.090896405914257	0.105594962846969	TCGA-D8-A1JH	56	STAGE IA	7TH	0	-45	Breast Cancer	BRCA	Breast Invasive Ductal Carcinoma	426	-20497	0	14.00532597	0:DiseaseFree	14.00532597	0:ALIVE OR DEAD TUMOR FREE	Not Hispanic Or Latino	3/28/11	1e-04	EUR	No	C50.9	8500/3	C50.9	Yes	Yes	0.3268	0.66	21	No	IDC	14.00532597	0:LIVING	4d1bf9e6-5837-4aed-b568-92f014ed5a4b	M0	N0	T1C	Tumor Free	14.00532597	0:CENSORED	Yes	No	White	Yes	-12	1	Primary	Female	Matched	BRCA_LumA	2	Yes	No	Greater Poland Cancer Center	D8	0.7	Breast	Infiltrating Ductal Carcinoma	-32	0	High	High
TCGA-D8-A1JI-01	0.0749911736403832	0.0238063750533123	TCGA-D8-A1JI	54	STAGE IIA	7TH	9	-33	Breast Cancer	BRCA	Breast Invasive Ductal Carcinoma	577	-20072	0	18.96965513	0:DiseaseFree	18.96965513	0:ALIVE OR DEAD TUMOR FREE	Not Hispanic Or Latino	3/30/11	0.39	EUR	No	C50.9	8500/3	C50.9	Yes	Yes	0.3136	0.29	25	No	IDC	18.96965513	0:LIVING	baf2afc8-f16c-488f-947c-efc9083c6bef	MX	N1A	T1C	Tumor Free	18.96965513	0:CENSORED	Yes	No	White	Yes	-16	1	Primary	Female	Matched	BRCA_LumB	69	Yes	No	Greater Poland Cancer Center	D8	0.8	Breast	Infiltrating Ductal Carcinoma	-26	0	High	High
TCGA-D8-A1JJ-01	-0.043543919190411	-0.0110902550550051	TCGA-D8-A1JJ	54	STAGE IIA	7TH	22	11	Breast Cancer	BRCA	Breast Invasive Ductal Carcinoma	611	-19966	0	20.0874511	0:DiseaseFree	20.0874511	0:ALIVE OR DEAD TUMOR FREE	Not Hispanic Or Latino	3/29/11	0.4374	EUR	No	C50.9	8500/3	C50.9	Yes	Yes	0.2922	0.05	64	No	IDC	20.0874511	0:LIVING	f7ab565c-83b5-4988-b9be-8a46f65dca8c	M0	N0	T2	Tumor Free	20.0874511	0:CENSORED	Yes	No	White	Yes	16	1	Primary	Female	Matched	BRCA_LumB	161	Yes	No	Greater Poland Cancer Center	D8	2.166666667	Breast	Infiltrating Ductal Carcinoma	22	0	Low	High
TCGA-D8-A1JK-01	-0.0764261508163643	-0.0498940418053685	TCGA-D8-A1JK	90	STAGE IIA	7TH	21	43	Breast Cancer	BRCA	Breast Invasive Ductal Carcinoma	612	-32872	0	20.12032745	0:DiseaseFree	20.12032745	0:ALIVE OR DEAD TUMOR FREE	Not Hispanic Or Latino	3/29/11	0.4906	EUR	No	C50.9	8500/3	C50.9	Yes	Yes	0.3022	0.33	192	No	IDC	20.12032745	0:LIVING	56203436-8634-4fd0-96b5-ba6be9d87857	M0	N0	T2	NA	20.12032745	0:CENSORED	Yes	No	White	No	24	1	Primary	Female	Matched	BRCA_Basal	422	Yes	No	Greater Poland Cancer Center	D8	6.5	Breast	Infiltrating Ductal Carcinoma	40	0	Low	Low
TCGA-D8-A1JL-01	0.120547550614909	0.109158614706731	TCGA-D8-A1JL	72	STAGE IIA	7TH	23	19	Breast Cancer	BRCA	Breast Invasive Ductal Carcinoma	611	-26484	0	20.0874511	0:DiseaseFree	20.0874511	0:ALIVE OR DEAD TUMOR FREE	Not Hispanic Or Latino	3/29/11	0.3656	EUR	No	C50.9	8500/3	C50.9	Yes	Yes	0.3016	0.27	88	No	IDC	20.0874511	0:LIVING	aa4244a8-0454-4247-a1c3-357fd51746fa	M0	N0	T2	Tumor Free	20.0874511	0:CENSORED	Yes	No	White	No	10	1	Primary	Female	Matched	BRCA_Basal	282	Yes	No	Greater Poland Cancer Center	D8	2.933333333	Breast	Infiltrating Ductal Carcinoma	2	0	High	High
TCGA-D8-A1JM-01	-0.0615546386666684	0.0337900146375948	TCGA-D8-A1JM	59	STAGE IIB	7TH	14	31	Breast Cancer	BRCA	Breast Invasive Ductal Carcinoma	590	-21602	0	19.3970477	0:DiseaseFree	19.3970477	0:ALIVE OR DEAD TUMOR FREE	Not Hispanic Or Latino	3/29/11	0.6736	EUR	No	C50.9	8500/3	C50.9	Yes	Yes	0.3527	1.09	39	No	IDC	19.3970477	0:LIVING	3e775c99-ceda-4246-8d6f-0f58ca5097c8	M0	N1A	T2	Tumor Free	19.3970477	0:CENSORED	Yes	No	White	Yes	20	1	Primary	Female	Matched	BRCA_Basal	197	Yes	No	Greater Poland Cancer Center	D8	1.3	Breast	Infiltrating Ductal Carcinoma	20	0	Low	High
TCGA-D8-A1JN-01	-0.0692819318994766	-0.0376403847111814	TCGA-D8-A1JN	80	STAGE IIIC	7TH	7	-27	Breast Cancer	BRCA	Breast Invasive Lobular Carcinoma	620	-29331	0	20.38333827	0:DiseaseFree	20.38333827	0:ALIVE OR DEAD TUMOR FREE	Not Hispanic Or Latino	3/29/11	0.1263	EUR	No	C50.9	8520/3	C50.9	Yes	Yes	0.3103	0.28	124	No	ILC	20.38333827	0:LIVING	28911b97-42bf-4189-9961-522fc0aeebc6	MX	N3A	T3	Tumor Free	20.38333827	0:CENSORED	Yes	No	White	No	-20	1	Primary	Female	Matched	BRCA_LumA	24	Yes	No	Greater Poland Cancer Center	D8	4.1	Breast	Infiltrating Lobular Carcinoma	-30	0	Low	Low
TCGA-D8-A1JP-01	0.00302873713263417	0.0408622881487576	TCGA-D8-A1JP	73	STAGE IA	7TH	4	-3	Breast Cancer	BRCA	Breast Invasive Ductal Carcinoma	639	-26862	0	21.00798895	0:DiseaseFree	21.00798895	0:ALIVE OR DEAD TUMOR FREE	Not Hispanic Or Latino	3/29/11	0.4267	EUR	No	C50.9	8500/3	C50.9	Yes	Yes	0.3315	0.26	98	No	IDC	21.00798895	0:LIVING	752f4773-5a12-4485-a1f6-896e148ddf4d	M0	N0	T1C	NA	21.00798895	0:CENSORED	Yes	No	White	No	8	1	Primary	Female	Matched	BRCA_LumA	168	Yes	No	Greater Poland Cancer Center	D8	3.366666667	Breast	Infiltrating Ductal Carcinoma	-4	0	High	High
TCGA-D8-A1JS-01	-0.125824696499533	-0.165194712297117	TCGA-D8-A1JS	77	STAGE IA	7TH	2	-11	Breast Cancer	BRCA	Breast Invasive Carcinoma (NOS)	371	-28178	0	12.19712661	0:DiseaseFree	12.19712661	0:ALIVE OR DEAD TUMOR FREE	Not Hispanic Or Latino	3/28/11	0.0619	EUR	No	C50.9	8503/3	C50.9	Yes	Yes	0.2879	0.02	19	No	BRCNOS	12.19712661	0:LIVING	0d03055c-186b-418a-b614-e2035757bc3b	M0	N0	T1C	Tumor Free	12.19712661	0:CENSORED	Yes	No	White	No	-12	1	Primary	Female	Matched	BRCA_LumA	3	Yes	No	Greater Poland Cancer Center	D8	0.633333333	Breast	Other	-18	0	Low	Low
TCGA-D8-A1JT-01	0.0538374545026442	-0.0618468560139932	TCGA-D8-A1JT	70	STAGE IIA	7TH	18	-1	Breast Cancer	BRCA	Breast Invasive Carcinoma (NOS)	405	-25677	0	13.31492258	0:DiseaseFree	13.31492258	0:ALIVE OR DEAD TUMOR FREE	Not Hispanic Or Latino	3/28/11	0.4147	EUR	No	C50.9	8523/3	C50.9	Yes	Yes	0.3311	0.52	27	No	BRCNOS	13.31492258	0:LIVING	cd781589-3820-45a2-906b-8d60cd02f3ef	M0	N0	T2	Tumor Free	13.31492258	0:CENSORED	Yes	No	White	No	10	1	Primary	Female	Matched	BRCA_LumB	34	Yes	No	Greater Poland Cancer Center	D8	0.933333333	Breast	Other	-18	0	High	Low
TCGA-D8-A1JU-01	0.0121084856582246	0.0906224891100683	TCGA-D8-A1JU	51	STAGE IA	7TH	4	-35	Breast Cancer	BRCA	Breast Invasive Ductal Carcinoma	447	-18733	0	14.69572936	0:DiseaseFree	14.69572936	0:ALIVE OR DEAD TUMOR FREE	Not Hispanic Or Latino	3/28/11	0.1035	EUR	No	C50.9	8500/3	C50.9	Yes	Yes	0.4299	0.88	13	No	IDC	14.69572936	0:LIVING	af2a8e2f-2ae1-48bc-bba5-0e2c077c4e48	M0	N0	T1C	Tumor Free	14.69572936	0:CENSORED	Yes	No	White	No	-20	1	Primary	Female	Matched	BRCA_LumA	10	Yes	No	Greater Poland Cancer Center	D8	0.433333333	Breast	Infiltrating Ductal Carcinoma	-36	0	High	High
TCGA-D8-A1X5-01	-0.0393712338405115	-0.0151824727553548	TCGA-D8-A1X5	81	STAGE IIIC	7TH	20	-25	Breast Cancer	BRCA	Breast Invasive Ductal Carcinoma	565	-29734	0	18.5751389	0:DiseaseFree	18.5751389	0:ALIVE OR DEAD TUMOR FREE	Not Hispanic Or Latino	6/9/11	0.631	EUR	No	C50.9	8500/3	C50.9	Yes	Yes	0.3194	0.4	47	No	IDC	18.5751389	0:LIVING	eb93df3d-9e25-4e4c-9a5d-350f296e5acf	MX	N3A	T2	Tumor Free	18.5751389	0:CENSORED	Yes	No	White	Yes	0	1	Primary	Female	Matched	BRCA_LumB	256	Yes	No	Greater Poland Cancer Center	D8	1.566666667	Breast	Infiltrating Ductal Carcinoma	-10	0	Low	High
TCGA-D8-A1X6-01	0.0413131014312625	-0.056424423704277	TCGA-D8-A1X6	80	STAGE IIIA	7TH	13	-9	Breast Cancer	BRCA	Breast Invasive Ductal Carcinoma	541	-29256	0	17.78610645	0:DiseaseFree	17.78610645	0:ALIVE OR DEAD TUMOR FREE	Not Hispanic Or Latino	6/9/11	0.3619	EUR	No	C50.9	8500/3	C50.9	Yes	Yes	0.2839	0.03	37	No	IDC	17.78610645	0:LIVING	42e47f3a-dff7-41e4-8f84-146d97e8ab72	MX	N2A	T3	Tumor Free	17.78610645	0:CENSORED	Yes	No	White	No	-4	1	Primary	Female	Matched	BRCA_LumB	17	Yes	No	Greater Poland Cancer Center	D8	1.233333333	Breast	Infiltrating Ductal Carcinoma	-16	0	High	Low
TCGA-D8-A1X7-01	0.0515887433008037	0.0330668888040179	TCGA-D8-A1X7	40	STAGE IIA	7TH	4	-31	Breast Cancer	BRCA	Breast Invasive Carcinoma (NOS)	509	-14858	0	16.73406319	0:DiseaseFree	16.73406319	0:ALIVE OR DEAD TUMOR FREE	Not Hispanic Or Latino	6/9/11	0.0853	EUR	No	C50.9	8503/3	C50.9	Yes	Yes	0.3339	0.26	20	No	BRCNOS	16.73406319	0:LIVING	cdab777e-62de-4d51-92af-b6eb089c111f	MX	N0	T2	NA	16.73406319	0:CENSORED	Yes	No	White	No	0	1	Primary	Female	Matched	BRCA_LumB	5	Yes	No	Greater Poland Cancer Center	D8	0.666666667	Breast	Other	-38	0	High	High
TCGA-D8-A1X8-01	0.0188492710377188	0.0189779205628196	TCGA-D8-A1X8	62	STAGE IIIA	7TH	3	-29	Breast Cancer	BRCA	Breast Invasive Lobular Carcinoma	783	-22995	0	25.74218365	0:DiseaseFree	25.74218365	0:ALIVE OR DEAD TUMOR FREE	Not Hispanic Or Latino	5/16/11	0.1153	EUR	No	C50.9	8520/3	C50.9	Yes	Yes	0.4478	1.18	22	No	ILC	25.74218365	0:LIVING	8624354c-af25-423c-9c71-48a5dd821097	M0	N2A	T1C	Tumor Free	25.74218365	0:CENSORED	Yes	No	White	Yes	-8	1	Primary	Female	Matched	BRCA_LumA	23	Yes	No	Greater Poland Cancer Center	D8	0.766666667	Breast	Infiltrating Lobular Carcinoma	-36	0	High	High
TCGA-D8-A1X9-01	-0.0261967622100259	-0.0523292609053077	TCGA-D8-A1X9	66	STAGE IIB	7TH	4	-9	Breast Cancer	BRCA	Breast Invasive Ductal Carcinoma	727	-24417	0	NA	NA	23.90110793	0:ALIVE OR DEAD TUMOR FREE	Not Hispanic Or Latino	5/16/11	0.2815	EUR	No	C50.9	8500/3	C50.9	Yes	Yes	0.3887	0.41	83	No	IDC	23.90110793	0:LIVING	34a74805-300c-4773-ab59-2085fcc2e6cc	M0	N1A	T2	Tumor Free	23.90110793	0:CENSORED	Yes	No	White	Yes	10	1	Primary	Female	Matched	BRCA_LumA	137	Yes	No	Greater Poland Cancer Center	D8	2.8	Breast	Infiltrating Ductal Carcinoma	-10	0	Low	Low
TCGA-D8-A1XA-01	0.157471575053699	0.013609167021796	TCGA-D8-A1XA	64	STAGE IA	7TH	17	-23	Breast Cancer	BRCA	Breast Invasive Ductal Carcinoma	839	-23387	0	27.58325936	0:DiseaseFree	27.58325936	0:ALIVE OR DEAD TUMOR FREE	Not Hispanic Or Latino	5/18/11	0.8612	EUR	No	C50.9	8500/3	C50.9	Yes	Yes	0.3223	1.02	24	No	IDC	27.58325936	0:LIVING	739cb132-51e9-41be-8064-311a13da0d74	M0	N0	T1C	Tumor Free	27.58325936	0:CENSORED	Yes	No	White	Yes	2	1	Primary	Female	Matched	BRCA_LumA	39	Yes	No	Greater Poland Cancer Center	D8	0.8	Breast	Infiltrating Ductal Carcinoma	-26	0	High	High
TCGA-D8-A1XB-01	0.021544775784475	0.0350471552109555	TCGA-D8-A1XB	62	STAGE IIB	7TH	3	-37	Breast Cancer	BRCA	Breast Invasive Ductal Carcinoma	552	-22976	0	18.14774633	0:DiseaseFree	18.14774633	0:ALIVE OR DEAD TUMOR FREE	Not Hispanic Or Latino	5/16/11	0.217	EUR	No	C50.9	8500/3	C50.9	Yes	Yes	0.305	0.18	35	No	IDC	18.14774633	0:LIVING	d2694b09-7844-4496-865c-5d3d8cd03330	M0	N1A	T2	Tumor Free	18.14774633	0:CENSORED	Yes	No	White	Yes	-6	1	Primary	Female	Matched	BRCA_LumA	31	Yes	No	Greater Poland Cancer Center	D8	1.2	Breast	Infiltrating Ductal Carcinoma	-26	0	High	High
TCGA-D8-A1XC-01	-0.0105809425900593	0.0181556743826245	TCGA-D8-A1XC	85	STAGE IIIB	7TH	2	-21	Breast Cancer	BRCA	Breast Invasive Mixed Mucinous Carcinoma	81	-31220	0	NA	NA	12.39438472	1:DEAD WITH TUMOR	Not Hispanic Or Latino	5/16/11	0.0566	EUR	No	C50.9	8480/3	C50.9	Yes	Yes	0.3219	0.29	25	Yes	IMMC	12.39438472	1:DECEASED	ee14e049-b891-4dda-a730-8ce99bd93baf	M0	N1A	T4B	Tumor Free	12.39438472	1:PROGRESSION	Yes	No	White	No	-14	1	Primary	Female	Matched	BRCA_LumA	2	Yes	No	Greater Poland Cancer Center	D8	0.866666667	Breast	Mucinous Carcinoma	-40	1	High	High
TCGA-D8-A1XD-01	0.19864674685436	0.111261384206534	TCGA-D8-A1XD	36	STAGE IIIA	7TH	6	-19	Breast Cancer	BRCA	Breast Invasive Ductal Carcinoma	522	-13510	0	17.16145577	0:DiseaseFree	17.16145577	0:ALIVE OR DEAD TUMOR FREE	Not Hispanic Or Latino	5/16/11	0.148	EUR	No	C50.9	8500/3	C50.9	Yes	No	NA	NA	0	No	IDC	17.16145577	0:LIVING	c4699748-f01d-4b30-9c74-1ca77fb84ac1	M0	N2A	T1C	Tumor Free	17.16145577	0:CENSORED	Yes	No	White	Yes	12	1	Primary	Female	Matched	NA	161	Yes	No	Greater Poland Cancer Center	D8	0	Breast	Infiltrating Ductal Carcinoma	-8	0	High	High
TCGA-D8-A1XF-01	0.0495628646597069	-0.0236642274598049	TCGA-D8-A1XF	45	STAGE IIA	7TH	25	-9	Breast Cancer	BRCA	Breast Invasive Ductal Carcinoma	463	-16787	0	NA	NA	15.221751	0:ALIVE OR DEAD TUMOR FREE	Not Hispanic Or Latino	5/16/11	0.6723	EUR	No	C50.9	8500/3	C50.9	Yes	Yes	0.3394	1.82	29	No	IDC	15.221751	0:LIVING	6f6afd31-b5dd-48ab-b18f-6390ba18a5f0	M0	N0	T2	Tumor Free	15.221751	0:CENSORED	Yes	No	White	No	14	1	Primary	Female	Matched	BRCA_LumB	77	Yes	No	Greater Poland Cancer Center	D8	0.933333333	Breast	Infiltrating Ductal Carcinoma	-16	0	High	Low
TCGA-D8-A1XG-01	0.0240533837068925	0.0346691518651143	TCGA-D8-A1XG	86	STAGE IIIB	7TH	4	-37	Breast Cancer	BRCA	Breast Invasive Ductal Carcinoma	448	-31748	0	14.72860571	0:DiseaseFree	14.72860571	0:ALIVE OR DEAD TUMOR FREE	Not Hispanic Or Latino	5/16/11	0.1533	EUR	No	C50.9	8500/3	C50.9	Yes	Yes	0.327	0.83	21	No	IDC	14.72860571	0:LIVING	de531604-bd1a-49df-96c2-6de3ae703f1d	M0	N1A	T4B	Tumor Free	14.72860571	0:CENSORED	Yes	No	White	No	-10	1	Primary	Female	Matched	BRCA_LumA	21	Yes	No	Greater Poland Cancer Center	D8	0.7	Breast	Infiltrating Ductal Carcinoma	-38	0	High	High
TCGA-D8-A1XJ-01	-0.0671016187705425	-0.0522063735830001	TCGA-D8-A1XJ	76	STAGE IIIA	7TH	14	33	Breast Cancer	BRCA	Breast Invasive Carcinoma (NOS)	663	-27967	0	21.82989776	0:DiseaseFree	21.82989776	0:ALIVE OR DEAD TUMOR FREE	Not Hispanic Or Latino	6/9/11	0.3525	EUR	No	C50.9	8523/3	C50.9	Yes	Yes	0.3111	0.28	80	No	BRCNOS	21.82989776	0:LIVING	cc510968-fe52-4109-a79f-74f216b48c78	MX	N1A	T3	Tumor Free	21.82989776	0:CENSORED	Yes	No	White	No	18	1	Primary	Female	Matched	BRCA_Her2	194	Yes	No	Greater Poland Cancer Center	D8	2.7	Breast	Other	22	0	Low	Low
TCGA-D8-A1XK-01	-0.108468457167503	-0.127036684757637	TCGA-D8-A1XK	55	STAGE IIB	7TH	15	33	Breast Cancer	BRCA	Breast Invasive Ductal Carcinoma	441	-20092	0	14.49847125	0:DiseaseFree	14.49847125	0:ALIVE OR DEAD TUMOR FREE	Not Hispanic Or Latino	6/9/11	0.6388	EUR	No	C50.9	8500/3	C50.9	Yes	Yes	0.6238	13.12	971	No	IDC	14.49847125	0:LIVING	97943d87-fed7-4f14-a0a7-c5bfee64c392	MX	N1A	T2	Tumor Free	14.49847125	0:CENSORED	Yes	No	White	Yes	16	1	Primary	Female	Matched	BRCA_Basal	162	Yes	No	Greater Poland Cancer Center	D8	32.36666667	Breast	Infiltrating Ductal Carcinoma	22	0	Low	Low
TCGA-D8-A1XL-01	-0.168318070767926	-0.188763534743139	TCGA-D8-A1XL	34	STAGE IIB	7TH	17	21	Breast Cancer	BRCA	Breast Invasive Ductal Carcinoma	606	-12668	0	19.92306934	0:DiseaseFree	19.92306934	0:ALIVE OR DEAD TUMOR FREE	Not Hispanic Or Latino	6/9/11	0.5466	EUR	No	C50.9	8500/3	C50.9	Yes	Yes	0.3143	0.33	92	No	IDC	19.92306934	0:LIVING	2b19a6b4-7a17-4452-b4aa-6fc18adc0c3c	MX	N1A	T2	Tumor Free	19.92306934	0:CENSORED	Yes	No	White	Yes	18	1	Primary	Female	Matched	BRCA_LumB	181	Yes	No	Greater Poland Cancer Center	D8	3.1	Breast	Infiltrating Ductal Carcinoma	20	0	Low	Low
TCGA-D8-A1XM-01	0.065386835824985	0.0558079912342758	TCGA-D8-A1XM	57	STAGE IA	7TH	5	-31	Breast Cancer	BRCA	Breast Invasive Ductal Carcinoma	538	-21056	0	17.6874774	0:DiseaseFree	17.6874774	0:ALIVE OR DEAD TUMOR FREE	Not Hispanic Or Latino	5/16/11	0.1667	EUR	No	C50.9	8500/3	C50.9	Yes	Yes	0.2918	0	44	No	IDC	17.6874774	0:LIVING	92529232-8504-4541-b7e2-4df8f497c413	M0	N0	T1C	Tumor Free	17.6874774	0:CENSORED	Yes	No	White	Yes	2	1	Primary	Female	Matched	BRCA_LumA	17	Yes	No	Greater Poland Cancer Center	D8	1.466666667	Breast	Infiltrating Ductal Carcinoma	-20	0	High	High
TCGA-D8-A1XO-01	0.0355965173980961	0.0586056848792947	TCGA-D8-A1XO	56	STAGE IIB	7TH	7	-43	Breast Cancer	BRCA	Breast Invasive Lobular Carcinoma	1682	-20606	0	55.29802413	0:DiseaseFree	55.29802413	0:ALIVE OR DEAD TUMOR FREE	Not Hispanic Or Latino	5/16/11	0.2323	EUR	No	C50.9	8520/3	C50.9	Yes	Yes	0.3015	0.02	14	No	ILC	55.29802413	0:LIVING	6a186809-3422-41d0-83d2-867145830936	M0	N1A	T2	Tumor Free	55.29802413	0:CENSORED	Yes	No	White	Yes	-14	1	Primary	Female	Matched	BRCA_LumA	22	Yes	No	Greater Poland Cancer Center	D8	0.466666667	Breast	Infiltrating Lobular Carcinoma	-44	0	High	High
TCGA-D8-A1XQ-01	-0.042075642983839	-0.0768894495214031	TCGA-D8-A1XQ	69	STAGE IIA	7TH	10	9	Breast Cancer	BRCA	Breast Invasive Ductal Carcinoma	499	-25345	0	16.40529967	0:DiseaseFree	16.40529967	0:ALIVE OR DEAD TUMOR FREE	Not Hispanic Or Latino	5/16/11	0.3387	EUR	No	C50.9	8500/3	C50.9	Yes	Yes	0.6331	16.36	797	No	IDC	16.40529967	0:LIVING	3886b4fb-ba22-4a50-b11a-a6893951f170	M0	N0	T2	Tumor Free	16.40529967	0:CENSORED	Yes	No	White	No	18	1	Primary	Female	Matched	BRCA_Basal	405	Yes	No	Greater Poland Cancer Center	D8	26.63333333	Breast	Infiltrating Ductal Carcinoma	14	0	Low	Low
TCGA-D8-A1XR-01	1.88977288589951e-05	-0.0233619670736633	TCGA-D8-A1XR	56	STAGE IIB	7TH	6	-21	Breast Cancer	BRCA	Breast Invasive Ductal Carcinoma	482	-20488	0	15.84640168	0:DiseaseFree	15.84640168	0:ALIVE OR DEAD TUMOR FREE	Not Hispanic Or Latino	5/16/11	0.2173	EUR	No	C50.9	8500/3	C50.9	Yes	Yes	0.3401	0.28	27	No	IDC	15.84640168	0:LIVING	70f34c5c-3671-44c8-9469-99f9786efec1	M0	N1A	T2	Tumor Free	15.84640168	0:CENSORED	Yes	No	White	No	2	1	Primary	Female	Matched	BRCA_LumB	21	Yes	No	Greater Poland Cancer Center	D8	0.9	Breast	Infiltrating Ductal Carcinoma	-26	0	High	Low
TCGA-D8-A1XS-01	0.0421448290135456	-0.0185275212935554	TCGA-D8-A1XS	48	STAGE IIIC	7TH	8	-21	Breast Cancer	BRCA	Breast Invasive Carcinoma (NOS)	496	-17708	0	16.30667061	0:DiseaseFree	16.30667061	0:ALIVE OR DEAD TUMOR FREE	Not Hispanic Or Latino	5/16/11	0.2212	EUR	No	C50.9	8507/3	C50.9	Yes	No	0.3248	0.33	21	No	BRCNOS	16.30667061	0:LIVING	1026e0bf-5640-4fa5-b65f-4f11e8e76b18	M0	N3A	T2	Tumor Free	16.30667061	0:CENSORED	Yes	No	White	Yes	18	1	Primary	Male	Matched	NA	54	Yes	No	Greater Poland Cancer Center	D8	0.733333333	Breast	Other	-14	0	High	Low
TCGA-D8-A1XT-01	-0.0429236668033155	-0.00748661392777578	TCGA-D8-A1XT	61	STAGE IIA	7TH	12	15	Breast Cancer	BRCA	Breast Invasive Ductal Carcinoma	506	-22448	0	16.63543413	0:DiseaseFree	16.63543413	0:ALIVE OR DEAD TUMOR FREE	Not Hispanic Or Latino	5/16/11	0.3942	EUR	No	C50.9	8500/3	C50.9	Yes	Yes	0.2853	0.57	35	No	IDC	16.63543413	0:LIVING	64975923-d032-4182-8565-59fc37127d8d	M0	N1A	T1C	Tumor Free	16.63543413	0:CENSORED	Yes	No	White	No	14	1	Primary	Female	Matched	BRCA_Her2	243	Yes	No	Greater Poland Cancer Center	D8	1.166666667	Breast	Infiltrating Ductal Carcinoma	8	0	Low	High
TCGA-D8-A1XU-01	0.0592801396621473	0.0870858358272706	TCGA-D8-A1XU	56	STAGE IA	7TH	19	-25	Breast Cancer	BRCA	Breast Invasive Ductal Carcinoma	395	-20715	0	12.98615906	0:DiseaseFree	12.98615906	0:ALIVE OR DEAD TUMOR FREE	Not Hispanic Or Latino	5/16/11	0.9465	EUR	No	C50.9	8500/3	C50.9	Yes	Yes	0.302	0.03	22	No	IDC	12.98615906	0:LIVING	332148f5-f070-4c20-8eb1-4d8c0673aa52	M0	N0	T1C	Tumor Free	12.98615906	0:CENSORED	Yes	No	White	No	-14	1	Primary	Female	Matched	BRCA_LumA	67	Yes	No	Greater Poland Cancer Center	D8	0.8	Breast	Infiltrating Ductal Carcinoma	-8	0	High	High
TCGA-D8-A1XV-01	-0.0838873719711139	-0.0545917056659543	TCGA-D8-A1XV	84	STAGE IIA	7TH	1	-25	Breast Cancer	BRCA	Breast Invasive Mixed Mucinous Carcinoma	461	-30830	0	15.15599829	0:DiseaseFree	15.15599829	0:ALIVE OR DEAD TUMOR FREE	Not Hispanic Or Latino	5/16/11	0.0342	EUR	No	C50.9	8480/3	C50.9	Yes	Yes	0.2846	0	25	No	IMMC	15.15599829	0:LIVING	87b85935-a058-44ad-8fb6-8511130eaffe	M0	N0	T2	Tumor Free	15.15599829	0:CENSORED	Yes	No	White	No	-6	1	Primary	Female	Matched	BRCA_LumA	4	Yes	No	Greater Poland Cancer Center	D8	0.9	Breast	Mucinous Carcinoma	-30	0	Low	Low
TCGA-D8-A1XW-01	0.0481623468697012	0.153294071175085	TCGA-D8-A1XW	53	STAGE IIA	7TH	18	-13	Breast Cancer	BRCA	Breast Invasive Ductal Carcinoma	1309	-19478	0	43.03514482	0:DiseaseFree	43.03514482	0:ALIVE OR DEAD TUMOR FREE	Not Hispanic Or Latino	5/16/11	0.3797	EUR	No	C50.9	8500/3	C50.9	Yes	Yes	0.3111	0.62	82	No	IDC	43.03514482	0:LIVING	887b9e5b-99db-44ac-9c30-c0dc6877b41c	M0	N0	T2	Tumor Free	43.03514482	0:CENSORED	Yes	No	White	No	-4	1	Primary	Female	Matched	BRCA_Normal	63	Yes	No	Greater Poland Cancer Center	D8	2.866666667	Breast	Infiltrating Ductal Carcinoma	-28	0	High	High
TCGA-D8-A1XY-01	-0.0165465039228844	-0.044427546496178	TCGA-D8-A1XY	74	STAGE IIA	7TH	25	-29	Breast Cancer	BRCA	Breast Invasive Ductal Carcinoma	503	-27106	0	NA	NA	16.53680508	0:ALIVE OR DEAD TUMOR FREE	Not Hispanic Or Latino	6/9/11	0.3139	EUR	No	C50.9	8500/3	C50.9	Yes	Yes	0.295	0.21	43	No	IDC	16.53680508	0:LIVING	0130d616-885e-4a6c-9d03-2f17dd692a05	MX	N0	T2	Tumor Free	16.53680508	0:CENSORED	Yes	No	White	No	-12	1	Primary	Female	Matched	BRCA_LumA	84	Yes	No	Greater Poland Cancer Center	D8	1.433333333	Breast	Infiltrating Ductal Carcinoma	-8	0	Low	Low
TCGA-D8-A1XZ-01	-0.0594375660032031	-0.0777510077418841	TCGA-D8-A1XZ	81	STAGE IIIA	7TH	18	3	Breast Cancer	BRCA	Breast Invasive Ductal Carcinoma	466	-29916	0	15.32038005	0:DiseaseFree	15.32038005	0:ALIVE OR DEAD TUMOR FREE	Not Hispanic Or Latino	6/9/11	0.356	EUR	No	C50.9	8500/3	C50.9	Yes	Yes	0.2954	0.2	72	No	IDC	15.32038005	0:LIVING	2c90d5e3-ac8c-4c86-a06f-42ccc064eb49	MX	N2A	T1C	Tumor Free	15.32038005	0:CENSORED	Yes	No	White	Yes	8	1	Primary	Female	Matched	BRCA_LumB	336	Yes	No	Greater Poland Cancer Center	D8	2.4	Breast	Infiltrating Ductal Carcinoma	-2	0	Low	Low
TCGA-D8-A1Y0-01	0.134824433611377	0.124685676140392	TCGA-D8-A1Y0	65	STAGE IIIA	7TH	10	-17	Breast Cancer	BRCA	Breast Invasive Ductal Carcinoma	472	-24083	0	NA	NA	15.51763816	0:ALIVE OR DEAD TUMOR FREE	Not Hispanic Or Latino	6/9/11	0.3854	EUR	No	C50.9	8500/3	C50.9	Yes	Yes	0.312	1.12	55	No	IDC	15.51763816	0:LIVING	ced2c048-b047-43ff-b0e7-cd7ad480850c	MX	N2A	T1C	Tumor Free	15.51763816	0:CENSORED	Yes	No	White	Yes	6	1	Primary	Female	Matched	BRCA_LumA	120	Yes	No	Greater Poland Cancer Center	D8	1.866666667	Breast	Infiltrating Ductal Carcinoma	-26	0	High	High
TCGA-D8-A1Y1-01	-0.0572101597781868	-0.0465341486247182	TCGA-D8-A1Y1	80	STAGE IIIA	7TH	21	3	Breast Cancer	BRCA	Breast Invasive Ductal Carcinoma	116	-29474	0	NA	NA	9.928658316	1:DEAD WITH TUMOR	Not Hispanic Or Latino	6/9/11	0.5329	EUR	No	C50.9	8500/3	C50.9	Yes	Yes	0.4692	6.24	203	No	IDC	9.928658316	1:DECEASED	38a631a1-6875-4216-a335-ee93c90a86d6	MX	N1A	T3	Tumor Free	9.928658316	1:PROGRESSION	Yes	No	White	No	8	1	Primary	Female	Matched	BRCA_LumB	8	Yes	No	Greater Poland Cancer Center	D8	6.8	Breast	Infiltrating Ductal Carcinoma	0	1	Low	Low
TCGA-D8-A1Y2-01	-0.0882216536939685	-0.0541123014146649	TCGA-D8-A1Y2	71	STAGE IIA	7TH	12	9	Breast Cancer	BRCA	Breast Invasive Ductal Carcinoma	433	-26021	0	14.23546043	0:DiseaseFree	14.23546043	0:ALIVE OR DEAD TUMOR FREE	Not Hispanic Or Latino	6/9/11	0.3094	EUR	No	C50.9	8500/3	C50.9	Yes	Yes	0.3604	0.37	18	No	IDC	14.23546043	0:LIVING	c7d7a770-23c0-4310-ab48-1f6152dc2849	MX	N0	T2	Tumor Free	14.23546043	0:CENSORED	Yes	No	White	No	2	1	Primary	Female	Matched	BRCA_LumB	56	Yes	No	Greater Poland Cancer Center	D8	0.6	Breast	Infiltrating Ductal Carcinoma	4	0	Low	Low
TCGA-D8-A1Y3-01	-0.249607157958009	-0.249393238645076	TCGA-D8-A1Y3	61	STAGE IIIA	7TH	22	19	Breast Cancer	BRCA	Breast Invasive Ductal Carcinoma	430	-22317	0	14.13683138	0:DiseaseFree	14.13683138	0:ALIVE OR DEAD TUMOR FREE	Not Hispanic Or Latino	6/9/11	0.612	EUR	No	C50.9	8500/3	C50.9	Yes	Yes	0.3234	1.46	49	No	IDC	14.13683138	0:LIVING	632984bd-dc81-42b6-b024-476cfd0bb2ae	MX	N2A	T2	Tumor Free	14.13683138	0:CENSORED	Yes	No	White	Yes	14	1	Primary	Female	Matched	BRCA_LumB	108	Yes	No	Greater Poland Cancer Center	D8	1.666666667	Breast	Infiltrating Ductal Carcinoma	2	0	Low	Low
TCGA-D8-A27E-01	0.0109869783782526	0.0426124970591303	TCGA-D8-A27E	66	STAGE IA	7TH	0	-33	Breast Cancer	BRCA	Breast Invasive Carcinoma (NOS)	530	-24315	0	17.42446658	0:DiseaseFree	17.42446658	0:ALIVE OR DEAD TUMOR FREE	Not Hispanic Or Latino	7/21/11	1e-04	EUR	No	C50.9	8523/3	C50.9	Yes	Yes	0.3095	0.01	10	No	BRCNOS	17.42446658	0:LIVING	680f23a9-fcce-493e-b908-27c1ad202e4c	M0	N0	T1C	Tumor Free	17.42446658	0:CENSORED	Yes	No	White	Yes	-18	1	Primary	Female	Matched	BRCA_LumA	2	Yes	No	Greater Poland Cancer Center	D8	0.333333333	Breast	Other	-40	0	High	High
TCGA-D8-A27F-01	0.0892600013627187	0.0514600227607457	TCGA-D8-A27F	40	STAGE IIA	7TH	7	27	Breast Cancer	BRCA	Breast Invasive Ductal Carcinoma	488	-14731	0	16.0436598	0:DiseaseFree	16.0436598	0:ALIVE OR DEAD TUMOR FREE	Not Hispanic Or Latino	7/18/11	0.6698	EUR	No	C50.9	8500/3	C50.9	Yes	Yes	0.3123	0.94	61	No	IDC	16.0436598	0:LIVING	1549dc64-3dab-43fc-96e9-b07d520957e1	M0	N0	T2	Tumor Free	16.0436598	0:CENSORED	Yes	No	White	Yes	22	1	Primary	Female	Matched	BRCA_Basal	129	Yes	No	Greater Poland Cancer Center	D8	2.033333333	Breast	Infiltrating Ductal Carcinoma	22	0	High	High
TCGA-D8-A27G-01	-0.0416896625216496	0.0261000701612793	TCGA-D8-A27G	75	STAGE IIA	7TH	4	-3	Breast Cancer	BRCA	Breast Invasive Lobular Carcinoma	409	-27521	0	13.44642798	0:DiseaseFree	13.44642798	0:ALIVE OR DEAD TUMOR FREE	Not Hispanic Or Latino	7/18/11	0.1084	EUR	No	C50.9	8520/3	C50.9	Yes	Yes	0.3223	0.08	813	No	ILC	13.44642798	0:LIVING	6f6e7356-3521-4674-8eec-ad01340d4b8e	M0	N0	T2	Tumor Free	13.44642798	0:CENSORED	Yes	No	White	No	8	1	Primary	Female	Matched	BRCA_LumA	119	Yes	No	Greater Poland Cancer Center	D8	27.13333333	Breast	Infiltrating Lobular Carcinoma	-4	0	Low	High
TCGA-D8-A27H-01	0.151348054729915	0.194211942149201	TCGA-D8-A27H	72	STAGE IIA	7TH	5	-1	Breast Cancer	BRCA	Breast Invasive Ductal Carcinoma	397	-26588	0	13.05191176	0:DiseaseFree	13.05191176	0:ALIVE OR DEAD TUMOR FREE	Not Hispanic Or Latino	7/18/11	0.4824	EUR	No	C50.9	8500/3	C50.9	Yes	Yes	NA	1.08	121	No	IDC	13.05191176	0:LIVING	0dca98b0-f43e-45b6-9a02-00092c78678c	M0	N0	T2	Tumor Free	13.05191176	0:CENSORED	Yes	No	White	No	12	1	Primary	Female	Matched	BRCA_Basal	302	Yes	No	Greater Poland Cancer Center	D8	4.1	Breast	Infiltrating Ductal Carcinoma	-8	0	High	High
TCGA-D8-A27I-01	0.0463769000876747	0.0853528979089418	TCGA-D8-A27I	58	STAGE IIIA	7TH	12	-39	Breast Cancer	BRCA	Breast Invasive Lobular Carcinoma	439	-21327	0	14.43271855	0:DiseaseFree	14.43271855	0:ALIVE OR DEAD TUMOR FREE	Not Hispanic Or Latino	7/18/11	0.0458	EUR	No	C50.9	8520/3	C50.9	Yes	Yes	0.3554	0.09	29	No	ILC	14.43271855	0:LIVING	9c55032f-4db7-4026-ae83-8d060dd8e3fe	M0	N2A	T1C	Tumor Free	14.43271855	0:CENSORED	Yes	No	White	Yes	-12	1	Primary	Female	Matched	BRCA_LumA	24	Yes	No	Greater Poland Cancer Center	D8	0.966666667	Breast	Infiltrating Lobular Carcinoma	-36	0	High	High
TCGA-D8-A27K-01	0.127853781943028	0.0988585983504918	TCGA-D8-A27K	47	STAGE IIB	7TH	5	-41	Breast Cancer	BRCA	Breast Invasive Ductal Carcinoma	1461	-17426	0	48.03235033	0:DiseaseFree	48.03235033	0:ALIVE OR DEAD TUMOR FREE	Not Hispanic Or Latino	7/18/11	0.1153	EUR	No	C50.9	8500/3	C50.9	Yes	Yes	0.2936	0.05	21	No	IDC	48.03235033	0:LIVING	7f97971b-2818-4e4b-9c9e-7c0246f9484c	M0	N1A	T2	Tumor Free	48.03235033	0:CENSORED	Yes	No	White	No	-14	1	Primary	Female	Matched	BRCA_LumA	1	Yes	No	Greater Poland Cancer Center	D8	0.7	Breast	Infiltrating Ductal Carcinoma	-26	0	High	High
TCGA-D8-A27L-01	0.190198688007864	0.193988886092777	TCGA-D8-A27L	49	STAGE IIIA	7TH	7	-35	Breast Cancer	BRCA	Breast Invasive Ductal Carcinoma	499	-18025	0	16.40529967	0:DiseaseFree	16.40529967	0:ALIVE OR DEAD TUMOR FREE	Not Hispanic Or Latino	7/18/11	0.1113	EUR	No	C50.9	8500/3	C50.9	Yes	Yes	0.2929	0.01	39	No	IDC	16.40529967	0:LIVING	6020d1b4-ee20-4cc9-82a3-340b5e3122f1	M0	N2A	T1C	Tumor Free	16.40529967	0:CENSORED	Yes	No	White	No	-12	1	Primary	Female	Matched	BRCA_LumA	10	Yes	No	Greater Poland Cancer Center	D8	1.3	Breast	Infiltrating Ductal Carcinoma	-14	0	High	High
TCGA-D8-A27M-01	0.0620763732395283	0.150081230143934	TCGA-D8-A27M	59	STAGE IA	7TH	8	13	Breast Cancer	BRCA	Breast Invasive Ductal Carcinoma	410	-21910	0	13.47930434	0:DiseaseFree	13.47930434	0:ALIVE OR DEAD TUMOR FREE	Not Hispanic Or Latino	7/17/11	0.2982	EUR	No	C50.9	8500/3	C50.9	Yes	Yes	0.3232	0.06	71	No	IDC	13.47930434	0:LIVING	ae65baeb-6b78-492a-8c63-bb7e93e83dc2	M0	N0	T1C	Tumor Free	13.47930434	0:CENSORED	Yes	No	White	No	10	1	Primary	Female	Matched	BRCA_Basal	140	Yes	No	Greater Poland Cancer Center	D8	2.366666667	Breast	Infiltrating Ductal Carcinoma	0	0	High	High
TCGA-D8-A27N-01	-0.0550541256965981	-0.0682270847666797	TCGA-D8-A27N	36	STAGE IIIA	7TH	8	13	Breast Cancer	BRCA	Breast Invasive Ductal Carcinoma	519	-13243	0	17.06282671	0:DiseaseFree	17.06282671	0:ALIVE OR DEAD TUMOR FREE	Not Hispanic Or Latino	7/18/11	0.2527	EUR	No	C50.9	8500/3	C50.9	Yes	Yes	0.3201	0.25	41	No	IDC	17.06282671	0:LIVING	d5be2ab3-f748-480d-954b-385cf01b4c81	M0	N2A	T2	Tumor Free	17.06282671	0:CENSORED	Yes	No	White	No	14	1	Primary	Female	Matched	BRCA_LumB	267	Yes	No	Greater Poland Cancer Center	D8	1.366666667	Breast	Infiltrating Ductal Carcinoma	0	0	Low	Low
TCGA-D8-A27P-01	0.0723382071615282	0.0508203203980719	TCGA-D8-A27P	64	STAGE IA	7TH	2	-33	Breast Cancer	BRCA	Breast Invasive Ductal Carcinoma	49	-23576	0	1.61094125	0:DiseaseFree	1.61094125	0:ALIVE OR DEAD TUMOR FREE	Not Hispanic Or Latino	7/18/11	0.0485	EUR	No	C50.9	8500/3	C50.9	Yes	Yes	0.3071	0.06	23	No	IDC	1.61094125	0:LIVING	c54d5507-bba5-4a1e-8885-3c3b1eed13c1	M0	N0	T1C	Tumor Free	1.61094125	0:CENSORED	Yes	No	White	No	-10	1	Primary	Female	Matched	BRCA_LumA	3	Yes	No	Greater Poland Cancer Center	D8	0.766666667	Breast	Infiltrating Ductal Carcinoma	-18	0	High	High
TCGA-D8-A27R-01	-0.0168002120273612	-0.068975151507757	TCGA-D8-A27R	41	STAGE IIIC	7TH	21	11	Breast Cancer	BRCA	Breast Invasive Ductal Carcinoma	307	-15122	0	10.09304008	0:DiseaseFree	10.09304008	0:ALIVE OR DEAD TUMOR FREE	Not Hispanic Or Latino	7/18/11	0.3549	EUR	No	C50.9	8500/3	C50.9	Yes	Yes	0.3162	0.28	34	No	IDC	10.09304008	0:LIVING	0b23b5fe-6c7e-4297-bc55-f93fcb830ac4	M0	N3A	T2	Tumor Free	10.09304008	0:CENSORED	Yes	No	White	Yes	20	1	Primary	Female	Matched	BRCA_LumB	213	Yes	No	Greater Poland Cancer Center	D8	1.133333333	Breast	Infiltrating Ductal Carcinoma	18	0	Low	Low
TCGA-D8-A27T-01	0.00988992108734698	0.0165425263104332	TCGA-D8-A27T	53	STAGE IIIC	7TH	29	-37	Breast Cancer	BRCA	Breast Invasive Lobular Carcinoma	398	-19591	0	13.08478811	0:DiseaseFree	13.08478811	0:ALIVE OR DEAD TUMOR FREE	Not Hispanic Or Latino	7/21/11	0.1924	EUR	No	C50.9	8520/3	C50.9	Yes	Yes	0.3234	0.02	21	No	ILC	13.08478811	0:LIVING	27c1c094-690b-4973-8900-a797ad88f98c	M0	N3A	T2	Tumor Free	13.08478811	0:CENSORED	Yes	No	White	Yes	-2	1	Primary	Female	Matched	BRCA_LumA	34	Yes	No	Greater Poland Cancer Center	D8	0.7	Breast	Infiltrating Lobular Carcinoma	-38	0	High	High
TCGA-D8-A27V-01	0.0696516068898532	0.0729146558386101	TCGA-D8-A27V	62	STAGE IIA	7TH	13	-31	Breast Cancer	BRCA	Breast Invasive Lobular Carcinoma	381	-22958	0	12.52589013	0:DiseaseFree	12.52589013	0:ALIVE OR DEAD TUMOR FREE	Not Hispanic Or Latino	7/21/11	0.3774	EUR	No	C50.9	8520/3	C50.9	Yes	Yes	0.3265	0.97	3080	No	ILC	12.52589013	0:LIVING	AD6D26AB-6568-40DB-BFB0-394D40E801CF	M0	N0	T2	Tumor Free	12.52589013	0:CENSORED	Yes	No	White	No	-16	1	Primary	Female	Matched	BRCA_LumA	106	Yes	No	Greater Poland Cancer Center	D8	103.0666667	Breast	Infiltrating Lobular Carcinoma	-12	0	High	High
TCGA-D8-A27W-01	0.0462718889289479	-0.0194885073928624	TCGA-D8-A27W	55	STAGE IIIB	7TH	34	13	Breast Cancer	BRCA	Breast Invasive Mixed Mucinous Carcinoma	373	-20173	0	12.26287931	0:DiseaseFree	12.26287931	0:ALIVE OR DEAD TUMOR FREE	Not Hispanic Or Latino	7/21/11	0.4452	EUR	No	C50.9	8480/3	C50.9	Yes	Yes	0.3101	0.06	43	No	IMMC	12.26287931	0:LIVING	bfa3dbc0-361c-400e-8c10-0aca7049fce9	M0	N0	T4B	Tumor Free	12.26287931	0:CENSORED	Yes	No	White	Yes	12	1	Primary	Female	Matched	BRCA_LumB	103	Yes	No	Greater Poland Cancer Center	D8	1.433333333	Breast	Mucinous Carcinoma	12	0	High	Low
TCGA-D8-A3Z5-01	0.0652276083496487	0.0157164128622383	TCGA-D8-A3Z5	54	STAGE IIIC	7TH	6	-35	Breast Cancer	BRCA	Breast Invasive Lobular Carcinoma	1015	-19846	0	33.36949732	0:DiseaseFree	33.36949732	0:ALIVE OR DEAD TUMOR FREE	Not Hispanic Or Latino	7/3/12	0.1265	EUR	No	C50.9	8520/3	C50.9	Yes	No	0.3186	0	0	No	ILC	33.36949732	0:LIVING	77E25AE8-82EC-4DEA-8E62-1176F27E47BA	M0	N3A	T2	Tumor Free	33.36949732	0:CENSORED	Yes	No	White	No	-24	1	Primary	Female	Matched	NA	3	Yes	No	Greater Poland Cancer Center	D8	0	Breast	Infiltrating Lobular Carcinoma	-46	0	High	High
TCGA-D8-A3Z6-01	-0.0353616518410144	-0.0425619771287916	TCGA-D8-A3Z6	56	STAGE IIIC	7TH	10	-27	Breast Cancer	BRCA	Breast Invasive Lobular Carcinoma	563	-20629	0	18.5093862	0:DiseaseFree	18.5093862	0:ALIVE OR DEAD TUMOR FREE	Not Hispanic Or Latino	7/3/12	0.2634	EUR	No	C50.9	8520/3	C50.9	Yes	Yes	0.2925	0	25	No	ILC	18.5093862	0:LIVING	A6E5F869-1182-4F81-B4BB-CF55261C8F3F	M0	N3A	T3	Tumor Free	18.5093862	0:CENSORED	Yes	No	White	Yes	-10	1	Primary	Female	Matched	BRCA_LumA	46	Yes	No	Greater Poland Cancer Center	D8	0.833333333	Breast	Infiltrating Lobular Carcinoma	-6	0	Low	Low
TCGA-D8-A4Z1-01	0.00863144743915169	0.044035013939991	TCGA-D8-A4Z1	68	STAGE IA	7TH	1	-41	Breast Cancer	BRCA	Breast Invasive Lobular Carcinoma	659	-25097	0	21.66551599	0:DiseaseFree	21.66551599	0:ALIVE OR DEAD TUMOR FREE	Not Hispanic Or Latino	2/1/13	0.0031	EUR	No	C50.9	8520/3	C50.9	Yes	Yes	0.2876	0	29	No	ILC	21.66551599	0:LIVING	80419545-4E5D-4BAF-8948-F84589B5EF3E	M0	N0	T1C	Tumor Free	21.66551599	0:CENSORED	Yes	No	White	No	-20	1	Primary	Female	Matched	BRCA_LumA	7	Yes	No	Greater Poland Cancer Center	D8	1	Breast	Infiltrating Lobular Carcinoma	-42	0	High	High
TCGA-D8-A73U-01	0.0630812564492669	0.112039258473915	TCGA-D8-A73U	88	STAGE IIA	7TH	12	-47	Breast Cancer	BRCA	Breast Invasive Lobular Carcinoma	492	-32208	0	16.1751652	0:DiseaseFree	16.1751652	0:ALIVE OR DEAD TUMOR FREE	Not Hispanic Or Latino	3/28/14	0.0535	EUR	No	C50.9	8520/3	C50.9	Yes	Yes	0.3289	0	123	No	ILC	16.1751652	0:LIVING	96F02BE7-F2DF-483C-8968-A5BD2D887206	M0	N0	T2	With Tumor	16.1751652	0:CENSORED	No	No	White	No	-16	1	Primary	Female	Matched	BRCA_LumA	22	Yes	No	Greater Poland Cancer Center	D8	4.133333333	Breast	Infiltrating Lobular Carcinoma	-52	0	High	High
TCGA-D8-A73W-01	-0.0112982238489965	-0.0214290539411651	TCGA-D8-A73W	79	STAGE IIIA	7TH	5	-33	Breast Cancer	BRCA	Breast Invasive Mixed Mucinous Carcinoma	244	-29125	0	0.690403393	1:Recurred/Progressed	12.65739554	1:DEAD WITH TUMOR	Not Hispanic Or Latino	3/28/14	0.1276	EUR	No	C50.9	8480/3	C50.9	Yes	Yes	0.332	0	39	Yes	IMMC	12.65739554	1:DECEASED	EA8DBC7A-54C6-469C-865E-F49D00B0223D	MX	N1A	T3	NA	0.690403393	1:PROGRESSION	Yes	No	White	Yes	-10	1	Primary	Female	Matched	BRCA_LumA	19	Yes	No	Greater Poland Cancer Center	D8	1.3	Breast	Mucinous Carcinoma	-24	1	Low	Low
TCGA-D8-A73X-01	-0.0204422621967996	-0.0240335512711184	TCGA-D8-A73X	53	STAGE IIA	7TH	5	-41	Breast Cancer	BRCA	Breast Invasive Carcinoma (NOS)	767	-19607	0	25.21616202	0:DiseaseFree	25.21616202	0:ALIVE OR DEAD TUMOR FREE	Not Hispanic Or Latino	3/28/14	0.0989	EUR	No	C50.9	8211/3	C50.9	Yes	Yes	0.3195	0.01	31	No	BRCNOS	25.21616202	0:LIVING	1BE375FE-5AE5-4E75-A729-69F86A661D9A	M0	N0	T2	Tumor Free	25.21616202	0:CENSORED	No	No	White	Yes	-14	1	Primary	Female	Matched	BRCA_LumA	2	Yes	No	Greater Poland Cancer Center	D8	1.033333333	Breast	Other	-32	0	Low	Low
TCGA-E2-A105-01	0.0446047142873882	-0.0181451729870248	TCGA-E2-A105	79	STAGE IIA	6TH	6	-21	Breast Cancer	BRCA	Breast Invasive Ductal Carcinoma	1308	-28855	0	43.00226847	0:DiseaseFree	43.00226847	0:ALIVE OR DEAD TUMOR FREE	Not Hispanic Or Latino	2/11/11	0.1353	EUR	No	C50.9	8500/3	C50.9	Yes	Yes	NA	0.21	54	No	IDC	43.00226847	0:LIVING	b0bcb829-cee0-4247-bb75-093a5bea89ee	M0	N0 (I-)	T2	Tumor Free	43.00226847	0:CENSORED	NA	No	White	Yes	10	1	Primary	Female	Matched	BRCA_LumA	191	No	Yes	Roswell Park	E2	1.8	Breast	Infiltrating Ductal Carcinoma	-10	0	High	Low
TCGA-E2-A107-01	-0.0787714652766167	-0.135100369750802	TCGA-E2-A107	54	STAGE IIIA	6TH	22	-9	Breast Cancer	BRCA	Breast Invasive Lobular Carcinoma	1047	-20065	0	34.42154059	0:DiseaseFree	34.42154059	0:ALIVE OR DEAD TUMOR FREE	Not Hispanic Or Latino	2/11/11	0.3303	EUR	No	C50.9	8520/3	C50.9	Yes	Yes	NA	0.03	27	No	ILC	34.42154059	0:LIVING	eff2360e-399a-4167-ab2b-798e27bef739	M0	N2A	T3	With Tumor	34.42154059	0:CENSORED	NA	No	White	Yes	10	1	Primary	Female	Matched	BRCA_LumA	25	No	Yes	Roswell Park	E2	0.9	Breast	Infiltrating Lobular Carcinoma	-12	0	Low	Low
TCGA-E2-A108-01	-0.0417276508678473	0.0515760230809317	TCGA-E2-A108	64	STAGE IIIA	6TH	9	-17	Breast Cancer	BRCA	Breast Invasive Ductal Carcinoma	837	-23530	0	27.51750666	0:DiseaseFree	27.51750666	0:ALIVE OR DEAD TUMOR FREE	Not Hispanic Or Latino	2/11/11	0.0338	EUR	No	C50.9	8500/3	C50.9	Yes	Yes	NA	0.01	134	No	IDC	27.51750666	0:LIVING	4f04bd10-9902-4a23-b15d-4f4409d79499	M0	N2A	T2	NA	27.51750666	0:CENSORED	NA	No	White	Yes	-6	1	Primary	Female	Matched	BRCA_Normal	30	No	Yes	Roswell Park	E2	4.533333333	Breast	Infiltrating Ductal Carcinoma	-40	0	Low	High
TCGA-E2-A109-01	-0.013962947131497	-0.0437174454909619	TCGA-E2-A109	64	STAGE IIA	6TH	16	1	Breast Cancer	BRCA	Breast Invasive Ductal Carcinoma	1417	-23521	0	46.58579084	0:DiseaseFree	46.58579084	0:ALIVE OR DEAD TUMOR FREE	Not Hispanic Or Latino	2/11/11	0.4427	EUR	No	C50.9	8500/3	C50.9	Yes	Yes	NA	0.77	62	No	IDC	46.58579084	0:LIVING	f0787165-6f58-4d67-b510-928eea2c4882	M0	N0 (I-)	T2	NA	46.58579084	0:CENSORED	NA	No	White	No	20	1	Primary	Female	Matched	BRCA_LumB	347	No	Yes	Roswell Park	E2	2.1	Breast	Infiltrating Ductal Carcinoma	2	0	Low	Low
TCGA-E2-A10A-01	0.0019718637996412	-0.0212432559334017	TCGA-E2-A10A	41	STAGE IIB	6TH	6	-29	Breast Cancer	BRCA	Breast Invasive Ductal Carcinoma	1229	-15085	0	2.465726403	1:Recurred/Progressed	40.40503666	0:ALIVE OR DEAD TUMOR FREE	Not Hispanic Or Latino	2/11/11	0.2109	NA	No	C50.9	8500/3	C50.9	Yes	Yes	0.2721	0.26	22	Yes	IDC	40.40503666	0:LIVING	4da7abaf-ac7a-41c0-8033-5780a398545c	M0	N0 (I-)	T3	With Tumor	2.465726403	1:PROGRESSION	NA	No	White	Yes	2	1	Primary	Female	Matched	BRCA_LumA	239	No	Yes	Roswell Park	E2	0.733333333	Breast	Infiltrating Ductal Carcinoma	-32	0	High	Low
TCGA-E2-A10B-01	0.106063905083446	0.0561087849928025	TCGA-E2-A10B	67	STAGE IIB	6TH	35	-29	Breast Cancer	BRCA	Breast Invasive Ductal Carcinoma	1141	-24577	0	NA	NA	37.51191768	0:ALIVE OR DEAD TUMOR FREE	Not Hispanic Or Latino	2/22/11	0.2365	EUR	No	C50.9	8500/3	C50.9	Yes	Yes	NA	0.98	46	Yes	IDC	37.51191768	0:LIVING	f801aeed-dc43-49d7-a319-84c8851979d9	M0	N1A	T2	Tumor Free	6.410888648	1:PROGRESSION	NA	No	White	Yes	2	1	Primary	Female	Matched	BRCA_LumA	10	No	Yes	Roswell Park	E2	1.533333333	Breast	Infiltrating Ductal Carcinoma	-32	0	High	High
TCGA-E2-A10C-01	0.00566783305225169	-0.0808465165762324	TCGA-E2-A10C	54	STAGE IIB	6TH	21	1	Breast Cancer	BRCA	Breast Invasive Ductal Carcinoma	1220	-19849	0	40.10914949	0:DiseaseFree	40.10914949	0:ALIVE OR DEAD TUMOR FREE	Not Hispanic Or Latino	2/11/11	0.5337	EUR	No	C50.9	8500/3	C50.9	Yes	Yes	0.2886	0.08	334	No	IDC	40.10914949	0:LIVING	9ac44381-5d43-4f63-aa3f-7703bfc923c9	M0	N1A	T2	Tumor Free	40.10914949	0:CENSORED	NA	No	White	Yes	4	1	Primary	Female	Matched	BRCA_LumB	135	No	Yes	Roswell Park	E2	11.23333333	Breast	Infiltrating Ductal Carcinoma	-8	0	High	Low
TCGA-E2-A10E-01	0.0521970557781433	0.0464293765007524	TCGA-E2-A10E	64	STAGE IIA	6TH	5	-29	Breast Cancer	BRCA	Breast Invasive Ductal Carcinoma	865	-23684	0	28.43804452	0:DiseaseFree	28.43804452	0:ALIVE OR DEAD TUMOR FREE	Not Hispanic Or Latino	2/11/11	0.1522	EUR	No	C50.9	8500/3	C50.9	Yes	No	NA	0.02	0	No	IDC	28.43804452	0:LIVING	dc15a8ae-991e-421c-bc70-70e94f79dd17	M0	N1A	T1C	Tumor Free	28.43804452	0:CENSORED	NA	No	White	Yes	2	1	Primary	Female	Matched	NA	36	No	Yes	Roswell Park	E2	0	Breast	Infiltrating Ductal Carcinoma	-24	0	High	High
TCGA-E2-A10F-01	0.00974295239334314	0.0341801395514887	TCGA-E2-A10F	47	STAGE IIA	6TH	6	-39	Breast Cancer	BRCA	Breast Invasive Lobular Carcinoma	878	-17257	0	28.86543709	0:DiseaseFree	28.86543709	0:ALIVE OR DEAD TUMOR FREE	Not Hispanic Or Latino	2/11/11	0.1319	EUR	No	C50.9	8520/3	C50.9	Yes	Yes	NA	0.04	21	No	ILC	28.86543709	0:LIVING	8e159b50-8136-42d4-b9c7-d579a74e4931	M0	N0 (I-)	T2	Tumor Free	28.86543709	0:CENSORED	NA	No	White	Yes	-8	1	Primary	Female	Matched	BRCA_LumA	16	No	Yes	Roswell Park	E2	0.7	Breast	Infiltrating Lobular Carcinoma	-28	0	High	High
TCGA-E2-A14N-01	-0.179413268134305	-0.152384806271987	TCGA-E2-A14N	37	STAGE IIB	6TH	19	27	Breast Cancer	BRCA	Breast Invasive Ductal Carcinoma	1434	-13743	0	47.14468883	0:DiseaseFree	47.14468883	0:ALIVE OR DEAD TUMOR FREE	Not Hispanic Or Latino	5/31/11	0.0848	EUR	No	C50.9	8500/3	C50.9	Yes	Yes	0.2559	0.05	77	No	IDC	47.14468883	0:LIVING	752ad011-79e0-494f-9868-98bf6feb28f8	M0	N1	T2	Tumor Free	47.14468883	0:CENSORED	Yes	No	White	Yes	16	1	Primary	Female	Matched	BRCA_Basal	127	No	Yes	Roswell Park	E2	2.566666667	Breast	Infiltrating Ductal Carcinoma	26	0	Low	Low
TCGA-E2-A14O-01	-0.0969032909589651	-0.169509656754083	TCGA-E2-A14O	76	STAGE IIIA	6TH	32	11	Breast Cancer	BRCA	Breast Invasive Ductal Carcinoma	1359	-27837	0	44.67896242	0:DiseaseFree	44.67896242	0:ALIVE OR DEAD TUMOR FREE	Not Hispanic Or Latino	3/31/11	0.7348	EUR	No	C50.9	8500/3	C50.9	Yes	Yes	0.2735	0.97	32	No	IDC	44.67896242	0:LIVING	fb356957-f620-4d99-b675-1355a1d9f932	M0	N1A	T3	Tumor Free	44.67896242	0:CENSORED	Yes	No	White	Yes	20	1	Primary	Female	Matched	BRCA_LumB	28	No	Yes	Roswell Park	E2	1.066666667	Breast	Infiltrating Ductal Carcinoma	16	0	Low	Low
TCGA-E2-A14P-01	-0.0537675133704647	-0.0572113186178142	TCGA-E2-A14P	79	STAGE IIIC	6TH	14	17	Breast Cancer	BRCA	Breast Invasive Ductal Carcinoma	1246	-28923	0	40.96393464	0:DiseaseFree	40.96393464	0:ALIVE OR DEAD TUMOR FREE	Not Hispanic Or Latino	3/31/11	0.2736	EUR	No	C50.9	8500/3	C50.9	Yes	Yes	0.2906	0.72	62	No	IDC	40.96393464	0:LIVING	e4fc0909-f284-4471-866d-d8967b6adcbc	M0	N3	T2	Tumor Free	40.96393464	0:CENSORED	Yes	No	White	Yes	22	1	Primary	Female	Matched	BRCA_Her2	788	No	Yes	Roswell Park	E2	2.1	Breast	Infiltrating Ductal Carcinoma	26	0	Low	Low
TCGA-E2-A14Q-01	0.0170813620902283	-0.0224746440202193	TCGA-E2-A14Q	50	STAGE IIB	6TH	8	-31	Breast Cancer	BRCA	Breast Invasive Ductal Carcinoma	1163	-18507	0	38.23519742	0:DiseaseFree	38.23519742	0:ALIVE OR DEAD TUMOR FREE	Not Hispanic Or Latino	3/31/11	0.1835	EUR	No	C50.9	8500/3	C50.9	Yes	Yes	0.305	0.07	25	No	IDC	38.23519742	0:LIVING	303a1d77-a37a-4966-a4a4-9981d99ba1b4	M0	N1MI	T2	Tumor Free	38.23519742	0:CENSORED	Yes	No	White	No	0	1	Primary	Female	Matched	BRCA_LumA	72	No	Yes	Roswell Park	E2	0.866666667	Breast	Infiltrating Ductal Carcinoma	-24	0	High	Low
TCGA-E2-A14R-01	-0.149138366075829	-0.123720028307723	TCGA-E2-A14R	62	STAGE IIA	6TH	11	27	Breast Cancer	BRCA	Breast Invasive Ductal Carcinoma	1174	-22686	0	38.5968373	0:DiseaseFree	38.5968373	0:ALIVE OR DEAD TUMOR FREE	Not Hispanic Or Latino	4/6/11	0.7127	EUR	No	C50.9	8500/3	C50.9	Yes	Yes	0.2927	1.89	111	Yes	IDC	38.5968373	0:LIVING	4fba3deb-db94-44b5-a0f2-a575d270779e	M0	N0	T2	Tumor Free	31.92293783	1:PROGRESSION	Yes	No	White	Yes	20	1	Primary	Female	Matched	BRCA_Basal	440	No	Yes	Roswell Park	E2	3.7	Breast	Infiltrating Ductal Carcinoma	12	0	Low	Low
TCGA-E2-A14S-01	0.0108410586772054	-0.0109968414999657	TCGA-E2-A14S	65	STAGE I	6TH	8	-11	Breast Cancer	BRCA	Breast Invasive Ductal Carcinoma	1009	-23878	0	33.17223921	0:DiseaseFree	33.17223921	0:ALIVE OR DEAD TUMOR FREE	Not Hispanic Or Latino	4/6/11	0.2502	EUR	No	C50.9	8500/3	C50.9	Yes	No	0.2912	0.19	0	No	IDC	33.17223921	0:LIVING	c2b104ee-f914-4e79-9e1b-56bf88157472	M0	N0	T1C	Tumor Free	33.17223921	0:CENSORED	Yes	No	White	Yes	6	1	Primary	Female	Matched	NA	83	No	Yes	Roswell Park	E2	0	Breast	Infiltrating Ductal Carcinoma	-30	0	High	High
TCGA-E2-A14T-01	0.104389724261705	0.0268387850149004	TCGA-E2-A14T	52	STAGE IIA	6TH	16	-7	Breast Cancer	BRCA	Breast Invasive Ductal Carcinoma	2311	-19237	0	75.97724956	0:DiseaseFree	75.97724956	0:ALIVE OR DEAD TUMOR FREE	Not Hispanic Or Latino	4/6/11	0.4914	EUR	No	C50.9	8500/3	C50.9	Yes	Yes	0.2796	0.19	35	No	IDC	75.97724956	0:LIVING	e0929c47-cff3-4518-a188-8764af01073a	M0	N0	T2	Tumor Free	75.97724956	0:CENSORED	Yes	No	White	No	4	1	Primary	Female	Matched	BRCA_LumA	235	No	Yes	Roswell Park	E2	1.2	Breast	Infiltrating Ductal Carcinoma	-28	0	High	High
TCGA-E2-A14U-01	0.0364556273490965	0.0109931047170363	TCGA-E2-A14U	74	STAGE I	6TH	3	-37	Breast Cancer	BRCA	Breast Invasive Lobular Carcinoma	1318	-27389	0	43.33103199	0:DiseaseFree	43.33103199	0:ALIVE OR DEAD TUMOR FREE	Not Hispanic Or Latino	4/6/11	0	EUR_ADMIX	No	C50.9	8520/3	C50.9	Yes	No	0.2891	0	NA	No	ILC	43.33103199	0:LIVING	23B7AAEA-1119-4B10-AA1A-0AE255D2F2A6	M0	N0	T1C	Tumor Free	43.33103199	0:CENSORED	Yes	No	White	No	-20	1	Primary	Female	Matched	NA	2	No	Yes	Roswell Park	E2	NA	Breast	Infiltrating Lobular Carcinoma	-34	0	High	High
TCGA-E2-A14V-01	-0.0748049504525889	-0.0905796456545436	TCGA-E2-A14V	53	STAGE IIB	6TH	17	19	Breast Cancer	BRCA	Breast Invasive Ductal Carcinoma	1042	-19643	0	34.25715883	0:DiseaseFree	34.25715883	0:ALIVE OR DEAD TUMOR FREE	Not Hispanic Or Latino	4/6/11	0.38	EUR	No	C50.9	8500/3	C50.9	Yes	Yes	0.2924	0.26	109	No	IDC	34.25715883	0:LIVING	3144f1fb-4342-4079-bfe8-940da4bfd88e	M0	N1	T2	Tumor Free	34.25715883	0:CENSORED	Yes	No	White	Yes	22	1	Primary	Female	Matched	BRCA_Her2	293	No	Yes	Roswell Park	E2	3.666666667	Breast	Infiltrating Ductal Carcinoma	24	0	Low	Low
TCGA-E2-A14W-01	-0.156605622588017	-0.16227927421504	TCGA-E2-A14W	78	STAGE IIA	6TH	5	21	Breast Cancer	BRCA	Breast Invasive Ductal Carcinoma	974	-28664	0	32.02156689	0:DiseaseFree	32.02156689	0:ALIVE OR DEAD TUMOR FREE	Not Hispanic Or Latino	4/25/11	0.3133	NA	No	C50.9	8500/3	C50.9	Yes	No	0.2597	0.38	97	No	IDC	32.02156689	0:LIVING	eadb0562-2165-4adb-ad58-018e73f82780	M0	N0	T2	Tumor Free	32.02156689	0:CENSORED	Yes	No	White	No	10	1	Primary	Male	Matched	NA	95	No	Yes	Roswell Park	E2	3.2	Breast	Infiltrating Ductal Carcinoma	12	0	Low	Low
TCGA-E2-A14X-01	0.0202103306185656	0.0772711170458816	TCGA-E2-A14X	55	STAGE IIIA	6TH	27	7	Breast Cancer	BRCA	Breast Invasive Ductal Carcinoma	972	-20105	0	31.95581418	0:DiseaseFree	31.95581418	0:ALIVE OR DEAD TUMOR FREE	Not Hispanic Or Latino	4/6/11	0.332	NA	No	C50.9	8500/3	C50.9	Yes	Yes	0.2726	0.34	25	No	IDC	31.95581418	0:LIVING	60df7543-6da5-4c75-943b-5800c1e08234	M0	N2	T2	Tumor Free	31.95581418	0:CENSORED	Yes	No	Black or African American	Yes	10	1	Primary	Female	Matched	BRCA_Basal	87	No	Yes	Roswell Park	E2	0.866666667	Breast	Infiltrating Ductal Carcinoma	-14	0	High	High
TCGA-E2-A14Y-01	-0.159242313620005	-0.134692725235604	TCGA-E2-A14Y	35	STAGE IIA	6TH	6	37	Breast Cancer	BRCA	Breast Invasive Ductal Carcinoma	2109	-13004	0	69.33622645	0:DiseaseFree	69.33622645	0:ALIVE OR DEAD TUMOR FREE	Not Hispanic Or Latino	4/6/11	0.2263	EUR	No	C50.9	8500/3	C50.9	Yes	Yes	0.2568	0.29	39	No	IDC	69.33622645	0:LIVING	a0576d44-9add-429b-9eeb-f7b234b7385f	M0	N0	T2	Tumor Free	69.33622645	0:CENSORED	Yes	No	White	No	20	1	Primary	Female	Matched	BRCA_Basal	111	No	Yes	Roswell Park	E2	2.533333333	Breast	Infiltrating Ductal Carcinoma	46	0	Low	Low
TCGA-E2-A14Z-01	-0.0721857460330485	-0.0783958186196569	TCGA-E2-A14Z	64	STAGE I	6TH	22	-11	Breast Cancer	BRCA	Breast Invasive Ductal Carcinoma	518	-23682	0	6.180754184	1:Recurred/Progressed	18.5093862	1:DEAD WITH TUMOR	Not Hispanic Or Latino	4/6/11	0.4779	EUR	No	C50.9	8500/3	C50.9	Yes	Yes	0.2884	0.13	60	Yes	IDC	18.5093862	1:DECEASED	d7ce6b79-f7c0-481e-9dbd-6273f01c9786	M0	N0	T1C	With Tumor	6.180754184	1:PROGRESSION	Yes	No	White	Yes	8	1	Primary	Female	Matched	BRCA_LumA	228	No	Yes	Roswell Park	E2	2.033333333	Breast	Infiltrating Ductal Carcinoma	-18	1	Low	Low
TCGA-E2-A150-01	-0.0379731920606286	-0.00528694958662253	TCGA-E2-A150	48	STAGE IIA	6TH	16	25	Breast Cancer	BRCA	Breast Invasive Ductal Carcinoma	1935	-17580	0	63.6157412	0:DiseaseFree	63.6157412	0:ALIVE OR DEAD TUMOR FREE	Not Hispanic Or Latino	4/6/11	0.671	EUR	No	C50.9	8500/3	C50.9	Yes	Yes	0.2718	0.51	68	No	IDC	63.6157412	0:LIVING	4ac693e9-10f3-46b3-9d46-df3af7b0d259	M0	N0	T2	Tumor Free	63.6157412	0:CENSORED	Yes	No	White	Yes	4	1	Primary	Female	Matched	BRCA_Basal	277	No	Yes	Roswell Park	E2	2.3	Breast	Infiltrating Ductal Carcinoma	2	0	Low	High
TCGA-E2-A152-01	-0.00164652548169242	0.0214635226292058	TCGA-E2-A152	56	STAGE I	6TH	25	17	Breast Cancer	BRCA	Breast Invasive Ductal Carcinoma	2128	-20705	0	1.77532301	1:Recurred/Progressed	69.96087714	0:ALIVE OR DEAD TUMOR FREE	Not Hispanic Or Latino	4/6/11	0.6421	EUR	No	C50.9	8500/3	C50.9	Yes	Yes	0.2603	0.43	122	Yes	IDC	69.96087714	0:LIVING	a8015490-9740-45c9-8bd2-eb6d1beefc2e	M0	N0	T1C	With Tumor	1.77532301	1:PROGRESSION	Yes	No	White	No	8	1	Primary	Female	Matched	BRCA_Her2	78	No	Yes	Roswell Park	E2	4.133333333	Breast	Infiltrating Ductal Carcinoma	12	0	High	High
TCGA-E2-A153-01	-0.063652152377653	-0.0159317508153791	TCGA-E2-A153	51	STAGE IIB	6TH	28	-7	Breast Cancer	BRCA	Breast Invasive Ductal Carcinoma	707	-18875	0	23.24358089	0:DiseaseFree	23.24358089	0:ALIVE OR DEAD TUMOR FREE	Not Hispanic Or Latino	4/7/11	0.1942	EUR	No	C50.9	8500/3	C50.9	Yes	Yes	0.2534	0.08	21	No	IDC	23.24358089	0:LIVING	be9bf36a-12e1-4386-addf-1686dc8b49de	M0	N1A	T2	Tumor Free	23.24358089	0:CENSORED	Yes	No	White	Yes	-8	1	Primary	Female	Matched	BRCA_LumA	3	No	Yes	Roswell Park	E2	1.466666667	Breast	Infiltrating Ductal Carcinoma	6	0	Low	High
TCGA-E2-A154-01	0.0118042130779379	-0.0544682101789275	TCGA-E2-A154	68	STAGE I	6TH	29	-13	Breast Cancer	BRCA	Breast Invasive Ductal Carcinoma	591	-24999	0	19.42992406	0:DiseaseFree	19.42992406	0:ALIVE OR DEAD TUMOR FREE	Not Hispanic Or Latino	4/7/11	0.3826	EUR	No	C50.9	8500/3	C50.9	Yes	Yes	0.2793	0.22	43	No	IDC	19.42992406	0:LIVING	24e39609-9645-43e5-960b-db5446eaea65	M0	N0	T1C	Tumor Free	19.42992406	0:CENSORED	Yes	No	White	Yes	10	1	Primary	Female	Matched	BRCA_LumA	24	No	Yes	Roswell Park	E2	1.4	Breast	Infiltrating Ductal Carcinoma	-8	0	High	Low
TCGA-E2-A155-01	0.128809813027131	0.0714116464938397	TCGA-E2-A155	58	STAGE IIB	6TH	8	-9	Breast Cancer	BRCA	Breast Invasive Ductal Carcinoma	640	-21348	0	21.04086531	0:DiseaseFree	21.04086531	0:ALIVE OR DEAD TUMOR FREE	Not Hispanic Or Latino	4/7/11	0.2209	EUR	No	C50.9	8500/3	C50.9	Yes	Yes	0.2774	0.92	59	No	IDC	21.04086531	0:LIVING	01f50abf-fc15-446e-9d07-edeecc545a32	M0	N1A	T2	Tumor Free	21.04086531	0:CENSORED	Yes	No	White	No	10	1	Primary	Female	Matched	BRCA_LumB	146	No	Yes	Roswell Park	E2	1.966666667	Breast	Infiltrating Ductal Carcinoma	-30	0	High	High
TCGA-E2-A156-01	0.0916379266750016	-0.0149882514552131	TCGA-E2-A156	61	STAGE I	6TH	2	-29	Breast Cancer	BRCA	Breast Invasive Ductal Carcinoma	726	-22422	0	23.86823158	0:DiseaseFree	23.86823158	0:ALIVE OR DEAD TUMOR FREE	Not Hispanic Or Latino	4/7/11	0.0482	EUR	No	C50.9	8500/3	C50.9	Yes	Yes	0.253	0.17	26	No	IDC	23.86823158	0:LIVING	f05d314c-5ec5-4e2a-b785-9a702716f111	M0	N0	T1C	Tumor Free	23.86823158	0:CENSORED	Yes	No	White	Yes	-6	1	Primary	Female	Matched	BRCA_LumA	27	No	Yes	Roswell Park	E2	0.866666667	Breast	Infiltrating Ductal Carcinoma	-22	0	High	High
TCGA-E2-A158-01	0.190415484643609	0.0724770335219562	TCGA-E2-A158	43	STAGE IIA	6TH	7	7	Breast Cancer	BRCA	Breast Invasive Ductal Carcinoma	450	-15903	0	14.79435842	0:DiseaseFree	14.79435842	0:ALIVE OR DEAD TUMOR FREE	Not Hispanic Or Latino	4/7/11	0.4764	EUR	No	C50.9	8500/3	C50.9	Yes	Yes	0.2697	1.53	78	No	IDC	14.79435842	0:LIVING	a6edb6ca-ae9f-4da7-8ebe-92d83d2987fb	M0	N1MI	T1C	Tumor Free	14.79435842	0:CENSORED	Yes	Yes	White	No	2	1	Primary	Female	Matched	BRCA_Basal	209	No	Yes	Roswell Park	E2	3.2	Breast	Infiltrating Ductal Carcinoma	-16	0	High	High
TCGA-E2-A159-01	-0.0584615962033011	0.00743928678793216	TCGA-E2-A159	50	STAGE IIA	6TH	18	31	Breast Cancer	BRCA	Breast Invasive Ductal Carcinoma	762	-18621	0	25.05178025	0:DiseaseFree	25.05178025	0:ALIVE OR DEAD TUMOR FREE	Not Hispanic Or Latino	4/7/11	0.3468	NA	No	C50.9	8500/3	C50.9	Yes	Yes	0.2551	0.17	133	No	IDC	25.05178025	0:LIVING	d7308344-5bab-4073-bb4f-4d8cd8d7bd17	M0	N0	T2	Tumor Free	25.05178025	0:CENSORED	Yes	No	White	Yes	16	1	Primary	Female	Matched	BRCA_Basal	124	No	Yes	Roswell Park	E2	4.366666667	Breast	Infiltrating Ductal Carcinoma	12	0	Low	High
TCGA-E2-A15A-01	-0.00362769366287634	-0.0459214471191951	TCGA-E2-A15A	45	STAGE IIIC	6TH	20	-15	Breast Cancer	BRCA	Breast Invasive Ductal Carcinoma	710	-16750	0	23.34220995	0:DiseaseFree	23.34220995	0:ALIVE OR DEAD TUMOR FREE	Not Hispanic Or Latino	4/7/11	0.4767	EUR	No	C50.9	8500/3	C50.9	Yes	Yes	0.2705	0.29	57	No	IDC	23.34220995	0:LIVING	73ccc949-01b7-48d3-a7c4-c4bcd261672a	M0	N3A	T2	Tumor Free	23.34220995	0:CENSORED	Yes	No	White	Yes	14	1	Primary	Female	Matched	BRCA_LumB	316	No	Yes	Roswell Park	E2	1.933333333	Breast	Infiltrating Ductal Carcinoma	-34	0	High	Low
TCGA-E2-A15C-01	0.101294985271049	0.0562549056652978	TCGA-E2-A15C	61	STAGE I	6TH	9	-25	Breast Cancer	BRCA	Breast Invasive Ductal Carcinoma	694	-22583	0	22.81618832	0:DiseaseFree	22.81618832	0:ALIVE OR DEAD TUMOR FREE	Not Hispanic Or Latino	4/13/11	0.1347	EUR	No	C50.9	8500/3	C50.9	Yes	Yes	0.2691	0.12	35	No	IDC	22.81618832	0:LIVING	da840a22-8d30-4682-bbd0-8fa87bd40528	M0	N0	T1C	Tumor Free	22.81618832	0:CENSORED	Yes	No	White	Yes	-14	1	Primary	Female	Matched	BRCA_LumA	2	No	Yes	Roswell Park	E2	1.166666667	Breast	Infiltrating Ductal Carcinoma	-20	0	High	High
TCGA-E2-A15D-01	0.0175900206734647	0.0366386601316674	TCGA-E2-A15D	47	STAGE IIA	6TH	10	-37	Breast Cancer	BRCA	Breast Invasive Ductal Carcinoma	526	-17224	0	17.29296117	0:DiseaseFree	17.29296117	0:ALIVE OR DEAD TUMOR FREE	Not Hispanic Or Latino	4/13/11	0.2234	EUR	No	C50.9	8500/3	C50.9	Yes	Yes	0.2677	0.11	33	No	IDC	17.29296117	0:LIVING	c85f080a-1075-41df-959f-1b514a11b3c4	M0	N0	T2	Tumor Free	17.29296117	0:CENSORED	Yes	No	White	Yes	-12	1	Primary	Female	Matched	BRCA_LumA	9	No	Yes	Roswell Park	E2	1.1	Breast	Infiltrating Ductal Carcinoma	-28	0	High	High
TCGA-E2-A15E-01	0.0337226722750006	0.01382733301736	TCGA-E2-A15E	40	STAGE IIA	6TH	23	-27	Breast Cancer	BRCA	Breast Invasive Ductal Carcinoma	630	-14894	0	20.71210179	0:DiseaseFree	20.71210179	0:ALIVE OR DEAD TUMOR FREE	Not Hispanic Or Latino	4/25/11	0.2998	EUR	No	C50.9	8500/3	C50.9	Yes	Yes	0.2752	0.09	34	No	IDC	20.71210179	0:LIVING	0a2a3529-f645-4967-9a58-89ee20b8bb62	M0	N1A	T1C	Tumor Free	20.71210179	0:CENSORED	Yes	No	White	Yes	-16	1	Primary	Female	Matched	BRCA_LumA	286	No	Yes	Roswell Park	E2	1.133333333	Breast	Infiltrating Ductal Carcinoma	-20	0	High	High
TCGA-E2-A15F-01	0.076044891883308	0.0199668205361541	TCGA-E2-A15F	64	STAGE I	6TH	9	-17	Breast Cancer	BRCA	Breast Invasive Ductal Carcinoma	658	-23660	0	21.63263964	0:DiseaseFree	21.63263964	0:ALIVE OR DEAD TUMOR FREE	Not Hispanic Or Latino	4/13/11	0.2419	EUR	No	C50.9	8500/3	C50.9	Yes	Yes	NA	0.12	23	No	IDC	21.63263964	0:LIVING	ec77a23d-84f5-47e4-bf2a-fa1c03baf3db	M0	N0	T1C	Tumor Free	21.63263964	0:CENSORED	Yes	No	White	Yes	10	1	Primary	Female	Matched	BRCA_LumA	83	No	Yes	Roswell Park	E2	0.766666667	Breast	Infiltrating Ductal Carcinoma	-32	0	High	High
TCGA-E2-A15G-01	0.0855773245623499	0.002887069882408	TCGA-E2-A15G	76	STAGE IIA	6TH	16	-41	Breast Cancer	BRCA	Breast Invasive Carcinoma (NOS)	554	-28013	0	18.21349903	0:DiseaseFree	18.21349903	0:ALIVE OR DEAD TUMOR FREE	Not Hispanic Or Latino	4/13/11	0.0763	EUR	No	C50.9	8522/3	C50.9	Yes	Yes	0.2697	0.04	50	No	BRCNOS	18.21349903	0:LIVING	271e8024-a008-4bf0-9f6e-177f60096b1b	M0	N0	T2	Tumor Free	18.21349903	0:CENSORED	Yes	No	White	Yes	-24	1	Primary	Female	Matched	BRCA_LumA	11	No	Yes	Roswell Park	E2	1.7	Breast	Mixed Histology (NOS)	-34	0	High	High
TCGA-E2-A15H-01	-0.053659919120119	-0.0826631157620192	TCGA-E2-A15H	38	STAGE IIA	6TH	17	-11	Breast Cancer	BRCA	Breast Invasive Ductal Carcinoma	393	-13985	0	12.92040635	0:DiseaseFree	12.92040635	0:ALIVE OR DEAD TUMOR FREE	Not Hispanic Or Latino	4/13/11	0.1888	EUR	No	C50.9	8500/3	C50.9	Yes	Yes	0.2652	0.14	28	No	IDC	12.92040635	0:LIVING	5580b21a-2cdb-4777-ad79-6e06654144f5	M0	N1MI	T1C	Tumor Free	12.92040635	0:CENSORED	Yes	No	White	No	14	1	Primary	Female	Matched	BRCA_LumA	231	No	Yes	Roswell Park	E2	0.933333333	Breast	Infiltrating Ductal Carcinoma	2	0	Low	Low
TCGA-E2-A15I-01	0.184424308498805	0.152136728296636	TCGA-E2-A15I	44	STAGE IIA	6TH	7	-37	Breast Cancer	BRCA	Breast Invasive Ductal Carcinoma	1692	-16163	0	55.62678765	0:DiseaseFree	55.62678765	0:ALIVE OR DEAD TUMOR FREE	Not Hispanic Or Latino	4/13/11	0.1498	EUR	No	C50.9	8500/3	C50.9	Yes	Yes	0.2653	0.48	29	No	IDC	55.62678765	0:LIVING	64089c20-939f-48b4-ae8b-904ad0597145	M0	N0	T2	Tumor Free	55.62678765	0:CENSORED	Yes	No	White	No	-16	1	Primary	Female	Matched	BRCA_LumA	13	No	Yes	Roswell Park	E2	1.9	Breast	Infiltrating Ductal Carcinoma	-34	0	High	High
TCGA-E2-A15J-01	-0.0671692924131393	-0.0939361419936982	TCGA-E2-A15J	51	STAGE I	6TH	5	-29	Breast Cancer	BRCA	Breast Invasive Ductal Carcinoma	1640	-18771	0	53.91721735	0:DiseaseFree	53.91721735	0:ALIVE OR DEAD TUMOR FREE	Not Hispanic Or Latino	4/13/11	0.1094	EUR	No	C50.9	8500/3	C50.9	Yes	Yes	0.2733	0.19	19	No	IDC	53.91721735	0:LIVING	1fef9454-b3e8-4d9d-a9aa-aa1f1a32b80c	M0	N0	T1C	Tumor Free	53.91721735	0:CENSORED	Yes	No	White	No	-10	1	Primary	Female	Matched	BRCA_LumA	19	No	Yes	Roswell Park	E2	0.666666667	Breast	Infiltrating Ductal Carcinoma	-18	0	Low	Low
TCGA-E2-A15K-01	-0.0812976396499306	-0.0932908524854957	TCGA-E2-A15K	58	STAGE IIB	7TH	6	-41	Breast Cancer	BRCA	Breast Invasive Ductal Carcinoma	275	-21514	0	9.040996811	0:DiseaseFree	9.040996811	0:ALIVE OR DEAD TUMOR FREE	Not Hispanic Or Latino	4/13/11	0.1946	EUR	No	C50.9	8500/3	C50.9	Yes	Yes	0.2863	0.24	38	No	IDC	9.040996811	0:LIVING	17c1d42c-cb84-4655-a4cd-b54bae17ecaf	M0	N1A	T2	Tumor Free	9.040996811	0:CENSORED	Yes	No	White	Yes	-2	1	Primary	Female	Matched	BRCA_LumB	81	No	Yes	Roswell Park	E2	2.233333333	Breast	Infiltrating Ductal Carcinoma	-36	0	Low	Low
TCGA-E2-A15L-01	0.049084081933734	0.0276739174939969	TCGA-E2-A15L	65	STAGE IIA	7TH	3	-29	Breast Cancer	BRCA	Breast Invasive Lobular Carcinoma	626	-23845	0	20.58059638	0:DiseaseFree	20.58059638	0:ALIVE OR DEAD TUMOR FREE	Not Hispanic Or Latino	4/13/11	0.1145	NA	No	C50.9	8520/3	C50.9	Yes	Yes	0.2725	0.03	30	No	ILC	20.58059638	0:LIVING	37242f5a-25ae-4b1f-9ce6-09ce1dc92539	M0	N0	T2	Tumor Free	20.58059638	0:CENSORED	Yes	No	Black or African American	No	4	1	Primary	Female	Matched	BRCA_LumA	9	No	Yes	Roswell Park	E2	1.266666667	Breast	Infiltrating Lobular Carcinoma	-32	0	High	High
TCGA-E2-A15M-01	-0.010970095674801	0.0762367745371099	TCGA-E2-A15M	66	STAGE IIA	7TH	16	-9	Breast Cancer	BRCA	Breast Invasive Lobular Carcinoma	235	-24266	0	11.04645429	0:DiseaseFree	11.04645429	0:ALIVE OR DEAD TUMOR FREE	Not Hispanic Or Latino	4/14/11	0.2774	EUR	No	C50.9	8520/3	C50.9	Yes	Yes	0.2772	0.3	81	No	ILC	11.04645429	1:DECEASED	59be60a3-e0f6-4d63-b98c-574ef92428c4	M0	N0	T2	Tumor Free	11.04645429	0:CENSORED	Yes	No	White	Yes	8	1	Primary	Female	Matched	BRCA_LumA	182	No	Yes	Roswell Park	E2	5.033333333	Breast	Infiltrating Lobular Carcinoma	-26	1	Low	High
TCGA-E2-A15O-01	0.114769013588911	-0.0128493570835383	TCGA-E2-A15O	89	STAGE I	7TH	11	-21	Breast Cancer	BRCA	Breast Invasive Ductal Carcinoma	1545	-32583	0	39.78038597	1:Recurred/Progressed	50.7939639	0:ALIVE OR DEAD TUMOR FREE	Not Hispanic Or Latino	4/14/11	0.2935	NA	No	C50.9	8500/3	C50.9	Yes	Yes	0.2816	0.19	27	Yes	IDC	50.7939639	0:LIVING	eafa45a4-2fd1-4fa3-860c-9d52ed382b7d	M0	NX	T1C	Tumor Free	39.78038597	1:PROGRESSION	No	Yes	Black or African American	No	10	1	Primary	Female	Matched	BRCA_LumA	60	No	Yes	Roswell Park	E2	0.9	Breast	Infiltrating Ductal Carcinoma	-18	0	High	High
TCGA-E2-A15P-01	0.0319812559942412	0.00884721947321356	TCGA-E2-A15P	61	STAGE IA	7TH	6	-37	Breast Cancer	BRCA	Breast Invasive Ductal Carcinoma	595	-22524	0	19.56142946	0:DiseaseFree	19.56142946	0:ALIVE OR DEAD TUMOR FREE	Not Hispanic Or Latino	4/14/11	0.1936	EUR	No	C50.9	8500/3	C50.9	Yes	Yes	0.2833	0.06	42	No	IDC	19.56142946	0:LIVING	a1674d7b-787a-45c4-bf16-1b7d0efce207	M0	N0	T1C	Tumor Free	19.56142946	0:CENSORED	Yes	No	White	Yes	-14	1	Primary	Female	Matched	BRCA_LumA	96	No	Yes	Roswell Park	E2	1.4	Breast	Infiltrating Ductal Carcinoma	-30	0	High	High
TCGA-E2-A15R-01	0.158767867218203	0.0946550531617133	TCGA-E2-A15R	64	STAGE IIA	7TH	9	-15	Breast Cancer	BRCA	Breast Invasive Ductal Carcinoma	1732	-23570	0	56.94184173	0:DiseaseFree	56.94184173	0:ALIVE OR DEAD TUMOR FREE	Not Hispanic Or Latino	4/14/11	0.3571	EUR	No	C50.9	8500/3	C50.9	Yes	Yes	0.2856	0.35	33	No	IDC	56.94184173	0:LIVING	33b7bf50-53f4-4839-aa83-9665f85671d8	M0	N1A	T1C	Tumor Free	56.94184173	0:CENSORED	Yes	No	White	Yes	12	1	Primary	Female	Matched	BRCA_LumA	63	No	Yes	Roswell Park	E2	1.133333333	Breast	Infiltrating Ductal Carcinoma	-22	0	High	High
TCGA-E2-A15S-01	0.152430902484059	0.0254749435897294	TCGA-E2-A15S	34	STAGE IIB	7TH	10	-11	Breast Cancer	BRCA	Breast Invasive Ductal Carcinoma	428	-12671	0	14.07107867	0:DiseaseFree	14.07107867	0:ALIVE OR DEAD TUMOR FREE	Not Hispanic Or Latino	4/14/11	0.4632	EUR	No	C50.9	8500/3	C50.9	Yes	Yes	0.2644	0.53	53	No	IDC	14.07107867	0:LIVING	0f7ab21b-1fd0-45e0-9a47-17c4691eb84f	M0	N1	T2	Tumor Free	14.07107867	0:CENSORED	Yes	No	White	Yes	16	1	Primary	Female	Matched	BRCA_LumB	75	No	Yes	Roswell Park	E2	1.8	Breast	Infiltrating Ductal Carcinoma	-20	0	High	High
TCGA-E2-A15T-01	0.147478284834097	0.0363623029670569	TCGA-E2-A15T	65	STAGE IIA	7TH	5	-19	Breast Cancer	BRCA	Breast Invasive Ductal Carcinoma	1563	-24054	0	51.38573824	0:DiseaseFree	51.38573824	0:ALIVE OR DEAD TUMOR FREE	Not Hispanic Or Latino	4/14/11	0.1639	EUR	No	C50.9	8500/3	C50.9	Yes	Yes	0.283	0.15	24	No	IDC	51.38573824	0:LIVING	e68ebfd4-3688-4caa-9e38-7764f9258c30	M0	N0	T2	Tumor Free	51.38573824	0:CENSORED	Yes	No	White	No	12	1	Primary	Female	Matched	BRCA_LumB	72	No	Yes	Roswell Park	E2	0.8	Breast	Infiltrating Ductal Carcinoma	-18	0	High	High
TCGA-E2-A1AZ-01	-0.0589578468753716	-0.0110075955186677	TCGA-E2-A1AZ	63	STAGE IIB	6TH	22	9	Breast Cancer	BRCA	Breast Invasive Ductal Carcinoma	2329	-23230	0	76.5690239	0:DiseaseFree	76.5690239	0:ALIVE OR DEAD TUMOR FREE	Hispanic Or Latino	4/25/11	0.2665	NA	No	C50.9	8500/3	C50.9	Yes	Yes	0.2761	0.41	51	No	IDC	76.5690239	0:LIVING	89128dba-403f-4a96-bb3b-23ed0d5e2147	M0	N1A	T2	Tumor Free	76.5690239	0:CENSORED	Yes	No	White	Yes	14	1	Primary	Female	Matched	BRCA_Basal	221	No	Yes	Roswell Park	E2	1.666666667	Breast	Infiltrating Ductal Carcinoma	-8	0	Low	High
TCGA-E2-A1B0-01	0.0253441777182934	0.00699444757068947	TCGA-E2-A1B0	50	STAGE IIIA	6TH	27	9	Breast Cancer	BRCA	Breast Invasive Ductal Carcinoma	1631	-18346	0	53.62133018	0:DiseaseFree	53.62133018	0:ALIVE OR DEAD TUMOR FREE	Not Hispanic Or Latino	4/25/11	0.2357	EUR	No	C50.9	8500/3	C50.9	Yes	Yes	0.2831	0.58	41	No	IDC	53.62133018	0:LIVING	996bd3f0-d767-4eff-9c82-99fcb5a3006a	M0	N2	T2	Tumor Free	53.62133018	0:CENSORED	Yes	No	White	Yes	22	1	Primary	Female	Matched	BRCA_Her2	272	No	Yes	Roswell Park	E2	1.4	Breast	Infiltrating Ductal Carcinoma	-2	0	High	High
TCGA-E2-A1B1-01	0.0982185345590959	0.130736247848519	TCGA-E2-A1B1	45	STAGE IIB	6TH	2	-19	Breast Cancer	BRCA	Breast Invasive Ductal Carcinoma	2653	-16603	0	87.22096196	0:DiseaseFree	87.22096196	0:ALIVE OR DEAD TUMOR FREE	Not Hispanic Or Latino	4/25/11	0.0269	EUR	No	C50.9	8500/3	C50.9	Yes	Yes	0.2713	0.01	54	No	IDC	87.22096196	0:LIVING	8a0ef221-8070-43fc-9d98-def90abe4871	M0	N1	T2	Tumor Free	87.22096196	0:CENSORED	Yes	No	White	Yes	2	1	Primary	Female	Matched	BRCA_LumA	70	No	Yes	Roswell Park	E2	1.766666667	Breast	Infiltrating Ductal Carcinoma	-24	0	High	High
TCGA-E2-A1B4-01	-0.0738928723325716	-0.0936370653318984	TCGA-E2-A1B4	74	STAGE IIIA	6TH	2	-29	Breast Cancer	BRCA	Breast Invasive Ductal Carcinoma	911	-27241	0	33.00785745	0:DiseaseFree	33.00785745	0:ALIVE OR DEAD TUMOR FREE	Not Hispanic Or Latino	4/25/11	0.0302	EUR	No	C50.9	8500/3	C50.9	Yes	Yes	0.2568	0.01	30	No	IDC	33.00785745	1:DECEASED	dbb2da92-99dd-400c-bc05-e87d7273656c	M0	N2A	T1C	Tumor Free	33.00785745	0:CENSORED	Yes	No	White	Yes	-18	1	Primary	Female	Matched	BRCA_LumA	1	No	Yes	Roswell Park	E2	1.033333333	Breast	Infiltrating Ductal Carcinoma	-38	1	Low	Low
TCGA-E2-A1B5-01	-0.1114342001911	-0.0408982314069179	TCGA-E2-A1B5	46	STAGE IIA	6TH	5	-27	Breast Cancer	BRCA	Breast Invasive Lobular Carcinoma	984	-17039	0	32.35033041	0:DiseaseFree	32.35033041	0:ALIVE OR DEAD TUMOR FREE	Not Hispanic Or Latino	4/25/11	0.0291	EUR	No	C50.9	8520/3	C50.9	Yes	Yes	0.2663	0.88	32	No	ILC	32.35033041	0:LIVING	7241b3d4-31ee-4fd2-a4a5-35a9d5f37d6a	M0	N0	T2	Tumor Free	32.35033041	0:CENSORED	Yes	No	White	Yes	-16	1	Primary	Female	Matched	BRCA_LumA	70	No	Yes	Roswell Park	E2	2.133333333	Breast	Infiltrating Lobular Carcinoma	-42	0	Low	Low
TCGA-E2-A1B6-01	-0.0945355572968206	-0.0553684822414153	TCGA-E2-A1B6	44	STAGE IIA	6TH	NA	5	Breast Cancer	BRCA	Breast Invasive Ductal Carcinoma	867	-16370	0	28.50379722	0:DiseaseFree	28.50379722	0:ALIVE OR DEAD TUMOR FREE	Not Hispanic Or Latino	4/25/11	2e-04	EUR	No	C50.9	8500/3	C50.9	Yes	Yes	0.2514	0	42	No	IDC	28.50379722	0:LIVING	e0b1bcd2-1139-44b9-98b3-67bcf92bcc39	M0	N0	T2	Tumor Free	28.50379722	0:CENSORED	Yes	No	White	No	12	1	Primary	Female	Matched	BRCA_Basal	2	No	Yes	Roswell Park	E2	1.433333333	Breast	Infiltrating Ductal Carcinoma	-26	0	Low	Low
TCGA-E2-A1BC-01	0.0539563437345717	0.0228240095417417	TCGA-E2-A1BC	63	STAGE IA	7TH	7	-33	Breast Cancer	BRCA	Breast Invasive Ductal Carcinoma	501	-23168	0	NA	NA	16.47105237	0:ALIVE OR DEAD TUMOR FREE	NA	4/25/11	0.1381	EUR	No	C50.9	8524/3	C50.9	Yes	Yes	0.2645	1.19	32	No	IDC	16.47105237	0:LIVING	d8492ebd-3d94-4a4b-8de7-386526691cc2	M0	N0	T1C	Tumor Free	16.47105237	0:CENSORED	Yes	Yes	NA	No	-12	1	Primary	Female	Matched	BRCA_LumA	22	No	Yes	Roswell Park	E2	2.2	Breast	Infiltrating Ductal Carcinoma	-32	0	High	High
TCGA-E2-A1BD-01	-0.017312469723071	-0.0691617149508479	TCGA-E2-A1BD	53	STAGE IIA	7TH	20	-23	Breast Cancer	BRCA	Breast Invasive Ductal Carcinoma	1133	-19627	0	37.24890686	0:DiseaseFree	37.24890686	0:ALIVE OR DEAD TUMOR FREE	Not Hispanic Or Latino	4/25/11	0.4632	EUR	No	C50.9	8500/3	C50.9	Yes	Yes	0.2838	0.24	38	No	IDC	37.24890686	0:LIVING	0e1d0d46-7a7b-4538-95dd-b9fc20a15aec	M0	N0	T2	Tumor Free	37.24890686	0:CENSORED	Yes	No	White	Yes	-2	1	Primary	Female	Matched	BRCA_LumA	15	No	Yes	Roswell Park	E2	1.266666667	Breast	Infiltrating Ductal Carcinoma	-22	0	Low	Low
TCGA-E2-A1IE-01	0.0228986849121918	-0.0171662039790696	TCGA-E2-A1IE	61	STAGE IIB	6TH	5	-29	Breast Cancer	BRCA	Breast Invasive Ductal Carcinoma	2362	-22510	0	59.50619719	1:Recurred/Progressed	77.65394352	0:ALIVE OR DEAD TUMOR FREE	Not Hispanic Or Latino	4/26/11	0.2631	EUR	No	C50.9	8500/3	C50.9	Yes	Yes	0.3239	0.38	18	Yes	IDC	77.65394352	0:LIVING	2d0d7ff4-7866-4ae1-9cf1-a3c7f4cbe48d	M0	N1	T2	Tumor Free	59.50619719	1:PROGRESSION	Yes	No	White	Yes	12	1	Primary	Female	Matched	BRCA_LumA	111	No	Yes	Roswell Park	E2	0.6	Breast	Infiltrating Ductal Carcinoma	-26	0	High	Low
TCGA-E2-A1IF-01	-0.120775114621523	-0.0940357446624192	TCGA-E2-A1IF	74	STAGE I	6TH	6	-11	Breast Cancer	BRCA	Breast Invasive Ductal Carcinoma	1138	-27341	0	37.41328862	0:DiseaseFree	37.41328862	0:ALIVE OR DEAD TUMOR FREE	Not Hispanic Or Latino	4/28/11	0.118	EUR	No	C50.9	8500/3	C50.9	Yes	Yes	0.3328	0.11	19	No	IDC	37.41328862	0:LIVING	718db047-9f32-48c4-98c9-515218441bca	M0	N0	T1C	Tumor Free	37.41328862	0:CENSORED	Yes	No	White	No	-6	1	Primary	Female	Matched	BRCA_LumA	4	No	Yes	Roswell Park	E2	0.633333333	Breast	Infiltrating Ductal Carcinoma	-8	0	Low	Low
TCGA-E2-A1IG-01	0.00892315157718766	-0.0267821238573921	TCGA-E2-A1IG	45	STAGE IIB	6TH	4	-41	Breast Cancer	BRCA	Breast Invasive Ductal Carcinoma	2140	-16757	0	70.35539337	0:DiseaseFree	70.35539337	0:ALIVE OR DEAD TUMOR FREE	Not Hispanic Or Latino	4/28/11	0.1263	EUR	No	C50.9	8500/3	C50.9	Yes	Yes	0.3128	0.15	43	No	IDC	70.35539337	0:LIVING	bc0bc70f-c6cf-4dbc-9dc3-8b7bc5f381a4	M0	N1MI	T2	Tumor Free	70.35539337	0:CENSORED	Yes	No	White	Yes	-10	1	Primary	Female	Matched	BRCA_LumA	87	No	Yes	Roswell Park	E2	1.433333333	Breast	Infiltrating Ductal Carcinoma	-32	0	High	Low
TCGA-E2-A1IH-01	-0.0841973479003466	-0.00186242697371841	TCGA-E2-A1IH	80	STAGE I	6TH	22	-21	Breast Cancer	BRCA	Breast Invasive Lobular Carcinoma	1026	-29444	0	33.73113719	0:DiseaseFree	33.73113719	0:ALIVE OR DEAD TUMOR FREE	Not Hispanic Or Latino	4/28/11	0.3813	EUR	No	C50.9	8520/3	C50.9	Yes	Yes	0.3225	0.28	65	No	ILC	33.73113719	0:LIVING	ec0155ab-1b14-498d-8fa9-9f63e3ccb990	M0	N0	T1C	Tumor Free	33.73113719	0:CENSORED	Yes	No	White	No	6	1	Primary	Female	Matched	BRCA_LumA	130	No	Yes	Roswell Park	E2	2.166666667	Breast	Infiltrating Lobular Carcinoma	-16	0	Low	High
TCGA-E2-A1II-01	-0.192366720838814	-0.152110259293591	TCGA-E2-A1II	51	STAGE I	6TH	18	9	Breast Cancer	BRCA	Breast Invasive Ductal Carcinoma	1025	-18788	0	33.69826084	0:DiseaseFree	33.69826084	0:ALIVE OR DEAD TUMOR FREE	Not Hispanic Or Latino	4/28/11	0.5139	EUR	No	C50.9	8500/3	C50.9	Yes	Yes	0.4355	0.84	28	No	IDC	33.69826084	0:LIVING	0fe1419e-a005-407c-8ae7-15c4c1579539	M0	N0	T1C	Tumor Free	33.69826084	0:CENSORED	Yes	No	White	Yes	14	1	Primary	Female	Matched	BRCA_Basal	121	No	Yes	Roswell Park	E2	0.933333333	Breast	Infiltrating Ductal Carcinoma	-18	0	Low	Low
TCGA-E2-A1IJ-01	-0.0530268872494217	0.0219684942490857	TCGA-E2-A1IJ	57	STAGE I	6TH	6	-45	Breast Cancer	BRCA	Breast Invasive Lobular Carcinoma	865	-20956	0	28.43804452	0:DiseaseFree	28.43804452	0:ALIVE OR DEAD TUMOR FREE	Not Hispanic Or Latino	4/29/11	0.1163	EUR	No	C50.9	8520/3	C50.9	Yes	Yes	0.3479	0.54	15	No	ILC	28.43804452	0:LIVING	b09643c2-ded5-4346-b3c5-90a48f88a02e	M0	N0	T1C	Tumor Free	28.43804452	0:CENSORED	Yes	No	White	Yes	-18	1	Primary	Female	Matched	BRCA_LumA	35	No	Yes	Roswell Park	E2	0.5	Breast	Infiltrating Lobular Carcinoma	-36	0	Low	High
TCGA-E2-A1IK-01	-0.108021178230952	-0.0881541802455173	TCGA-E2-A1IK	71	STAGE IIA	6TH	0	-19	Breast Cancer	BRCA	Breast Invasive Ductal Carcinoma	1800	-26052	0	59.17743367	0:DiseaseFree	59.17743367	0:ALIVE OR DEAD TUMOR FREE	Not Hispanic Or Latino	5/17/11	0	EUR	No	C50.9	8500/3	C50.9	Yes	Yes	0.2987	0	16	No	IDC	59.17743367	0:LIVING	becedbfd-b2aa-4dde-b7f4-29e6f59ec32c	M0	N1MI	T1C	Tumor Free	59.17743367	0:CENSORED	Yes	No	White	No	-12	1	Primary	Female	Matched	BRCA_LumA	0	No	Yes	Roswell Park	E2	0.5	Breast	Infiltrating Ductal Carcinoma	-42	0	Low	Low
TCGA-E2-A1IL-01	0.071994569383112	0.0687911333525461	TCGA-E2-A1IL	78	STAGE IIA	6TH	6	-45	Breast Cancer	BRCA	Breast Invasive Lobular Carcinoma	118	-28495	0	3.879409541	0:DiseaseFree	3.879409541	0:ALIVE OR DEAD TUMOR FREE	Not Hispanic Or Latino	4/29/11	0.1685	EUR	No	C50.9	8520/3	C50.9	Yes	Yes	0.2965	0.14	23	No	ILC	3.879409541	0:LIVING	b63391a0-73f8-4544-9e94-f6529245ca2a	M0	N1A	T1C	NA	3.879409541	0:CENSORED	Yes	No	White	Yes	-16	1	Primary	Female	Matched	BRCA_LumA	41	No	Yes	Roswell Park	E2	0.766666667	Breast	Infiltrating Lobular Carcinoma	-36	0	High	High
TCGA-E2-A1IN-01	-0.0784001256521692	-0.0542933921595259	TCGA-E2-A1IN	60	STAGE I	7TH	20	-19	Breast Cancer	BRCA	Breast Invasive Ductal Carcinoma	675	-22199	0	22.19153763	0:DiseaseFree	22.19153763	0:ALIVE OR DEAD TUMOR FREE	Not Hispanic Or Latino	4/29/11	0.449	EUR	No	C50.9	8500/3	C50.9	Yes	Yes	0.3233	1.27	162	No	IDC	22.19153763	0:LIVING	f43d622f-eed5-4933-adc6-ae9ad1e33028	M0	N0	T1C	Tumor Free	22.19153763	0:CENSORED	Yes	No	White	Yes	-6	1	Primary	Female	Matched	BRCA_LumA	56	No	Yes	Roswell Park	E2	5.4	Breast	Infiltrating Ductal Carcinoma	4	0	Low	Low
TCGA-E2-A1IO-01	0.156101515088547	0.144703707021915	TCGA-E2-A1IO	37	STAGE I	6TH	10	-31	Breast Cancer	BRCA	Breast Invasive Ductal Carcinoma	1855	-13671	0	60.98563303	0:DiseaseFree	60.98563303	0:ALIVE OR DEAD TUMOR FREE	Not Hispanic Or Latino	4/29/11	0.4112	EUR	No	C50.9	8500/3	C50.9	Yes	Yes	0.3354	0.52	13	No	IDC	60.98563303	0:LIVING	71fc8941-4cfb-47ea-a533-873d38f8c95c	M0	N0	T1C	Tumor Free	60.98563303	0:CENSORED	Yes	No	White	Yes	-14	1	Primary	Female	Matched	BRCA_LumA	205	No	Yes	Roswell Park	E2	0.433333333	Breast	Infiltrating Ductal Carcinoma	-26	0	High	High
TCGA-E2-A1IU-01	0.0583157542211075	-0.015233204383408	TCGA-E2-A1IU	60	STAGE IA	7TH	3	-31	Breast Cancer	BRCA	Breast Invasive Ductal Carcinoma	337	-22279	0	11.07933064	0:DiseaseFree	11.07933064	0:ALIVE OR DEAD TUMOR FREE	Not Hispanic Or Latino	4/29/11	0.0515	EUR	No	C50.9	8500/3	C50.9	Yes	Yes	0.3121	0.99	21	No	IDC	11.07933064	0:LIVING	001cef41-ff86-4d3f-a140-a647ac4b10a1	M0	N0 (MOL+)	T1C	Tumor Free	11.07933064	0:CENSORED	Yes	No	White	No	-12	1	Primary	Female	Matched	BRCA_LumA	44	No	Yes	Roswell Park	E2	0.733333333	Breast	Infiltrating Ductal Carcinoma	-26	0	High	High
TCGA-E2-A1L6-01	0.0480635140039789	0.0309472469010534	TCGA-E2-A1L6	44	STAGE IIA	6TH	5	-37	Breast Cancer	BRCA	Breast Invasive Ductal Carcinoma	1648	-16403	0	54.18022816	0:DiseaseFree	54.18022816	0:ALIVE OR DEAD TUMOR FREE	Not Hispanic Or Latino	6/7/11	0.1288	EUR	No	C50.9	8500/3	C50.9	Yes	Yes	0.3113	0.3	19	No	IDC	54.18022816	0:LIVING	2e32f31f-9817-4935-b259-96c59936ee33	M0	N1MI	T1C	Tumor Free	54.18022816	0:CENSORED	Yes	No	White	No	-10	1	Primary	Female	Matched	BRCA_LumA	16	No	Yes	Roswell Park	E2	0.666666667	Breast	Infiltrating Ductal Carcinoma	-34	0	High	High
TCGA-E2-A1L7-01	0.00353111349642226	0.0229447138917826	TCGA-E2-A1L7	40	STAGE IIIA	6TH	6	3	Breast Cancer	BRCA	Breast Invasive Ductal Carcinoma	1836	-14854	0	53.22681395	1:Recurred/Progressed	60.36098235	0:ALIVE OR DEAD TUMOR FREE	Not Hispanic Or Latino	6/1/11	0.4586	EUR	No	C50.9	8500/3	C50.9	Yes	Yes	0.3365	0.93	61	Yes	IDC	60.36098235	0:LIVING	791c5768-f0f5-4ab6-86eb-998e5c4b49e3	M0	N2	T2	Tumor Free	53.22681395	1:PROGRESSION	Yes	No	White	Yes	16	1	Primary	Female	Matched	BRCA_LumB	192	No	Yes	Roswell Park	E2	2.066666667	Breast	Infiltrating Ductal Carcinoma	2	0	High	High
TCGA-E2-A1L8-01	0.044980001673032	0.0159235943899565	TCGA-E2-A1L8	52	STAGE IIB	6TH	20	-33	Breast Cancer	BRCA	Breast Invasive Lobular Carcinoma	2240	-19187	0	73.64302857	0:DiseaseFree	73.64302857	0:ALIVE OR DEAD TUMOR FREE	Not Hispanic Or Latino	6/7/11	0.1645	AFR	No	C50.9	8520/3	C50.9	Yes	Yes	0.329	0.53	27	No	ILC	73.64302857	0:LIVING	eebad74f-5961-4e91-b0eb-157a2f6f952b	M0	N1A	T2	Tumor Free	73.64302857	0:CENSORED	Yes	Yes	Black or African American	Yes	-10	1	Primary	Female	Matched	BRCA_LumA	64	No	Yes	Roswell Park	E2	0.9	Breast	Infiltrating Lobular Carcinoma	-22	0	High	High
TCGA-E2-A1L9-01	-0.0223733448251832	-0.0034432389265551	TCGA-E2-A1L9	40	STAGE IIA	6TH	4	-21	Breast Cancer	BRCA	Breast Invasive Ductal Carcinoma	598	-14868	0	19.66005852	0:DiseaseFree	19.66005852	0:ALIVE OR DEAD TUMOR FREE	Not Hispanic Or Latino	6/7/11	0.0944	EUR	No	C50.9	8500/3	C50.9	Yes	Yes	0.3394	0.38	24	No	IDC	19.66005852	0:LIVING	5ea18514-51ad-4844-abea-15e82f0b10c9	M0	N1MI	T1C	Tumor Free	19.66005852	0:CENSORED	Yes	No	White	Yes	-6	1	Primary	Female	Matched	BRCA_LumA	4	No	Yes	Roswell Park	E2	0.8	Breast	Infiltrating Ductal Carcinoma	0	0	Low	High
TCGA-E2-A1LA-01	-0.110782696031722	-0.113294714449914	TCGA-E2-A1LA	59	STAGE IIA	6TH	3	-11	Breast Cancer	BRCA	Breast Invasive Ductal Carcinoma	748	-21773	0	24.59151133	0:DiseaseFree	24.59151133	0:ALIVE OR DEAD TUMOR FREE	Not Hispanic Or Latino	6/1/11	0.3391	NA	No	C50.9	8500/3	C50.9	Yes	Yes	0.33	0.24	78	No	IDC	24.59151133	0:LIVING	ce9e0309-9756-42d2-ae94-d91264a79498	M0	N1A	T1C	Tumor Free	24.59151133	0:CENSORED	Yes	No	NA	No	10	1	Primary	Female	Matched	BRCA_LumA	72	No	Yes	Roswell Park	E2	2.566666667	Breast	Infiltrating Ductal Carcinoma	-14	0	Low	Low
TCGA-E2-A1LB-01	-0.0310031872492105	-0.00743594791525234	TCGA-E2-A1LB	41	STAGE IIB	6TH	1	-7	Breast Cancer	BRCA	Breast Invasive Ductal Carcinoma	2306	-15283	0	75.8128678	0:DiseaseFree	75.8128678	0:ALIVE OR DEAD TUMOR FREE	Not Hispanic Or Latino	6/7/11	0.1072	NA	No	C50.9	8500/3	C50.9	Yes	Yes	0.3296	0.45	43	No	IDC	75.8128678	0:LIVING	fa176764-a76f-44c7-b97a-cd6d21e052be	M0	N1	T2	Tumor Free	75.8128678	0:CENSORED	Yes	No	Black or African American	Yes	2	1	Primary	Female	Matched	BRCA_Her2	60	No	Yes	Roswell Park	E2	1.433333333	Breast	Infiltrating Ductal Carcinoma	-16	0	Low	High
TCGA-E2-A1LE-01	-0.112930395693657	-0.0255072095149344	TCGA-E2-A1LE	71	STAGE IIIC	6TH	13	-7	Breast Cancer	BRCA	Breast Invasive Ductal Carcinoma	NA	-26239	0	11.86836309	1:Recurred/Progressed	28.89831344	1:DEAD WITH TUMOR	Not Hispanic Or Latino	6/7/11	0.4304	EUR	No	C50.9	8500/3	C50.9	Yes	No	0.2998	0.02	0	Yes	IDC	28.89831344	1:DECEASED	7317E605-93BA-49A9-8743-20613B02767A	M0	N3A	T2	With Tumor	11.86836309	1:PROGRESSION	Yes	No	White	Yes	4	1	Primary	Female	Matched	NA	581	No	Yes	Roswell Park	E2	0	Breast	Infiltrating Ductal Carcinoma	-12	1	Low	Low
TCGA-E2-A1LG-01	-0.0159614715490146	0.0474474196124829	TCGA-E2-A1LG	50	STAGE IIA	7TH	19	-5	Breast Cancer	BRCA	Breast Invasive Lobular Carcinoma	1523	-18492	0	50.07068416	0:DiseaseFree	50.07068416	0:ALIVE OR DEAD TUMOR FREE	Not Hispanic Or Latino	6/3/11	0.5605	NA	No	C50.9	8520/3	C50.9	Yes	Yes	0.3061	0.8	140	No	ILC	50.07068416	0:LIVING	ef4cbd38-bc79-4d60-a715-647edd2ebe9e	M0	N0	T2	Tumor Free	50.07068416	0:CENSORED	Yes	Yes	Black or African American	No	14	1	Primary	Female	Matched	BRCA_Basal	113	No	Yes	Roswell Park	E2	4.8	Breast	Infiltrating Lobular Carcinoma	-6	0	Low	High
TCGA-E2-A1LH-01	-0.171213595709714	-0.0891628054916156	TCGA-E2-A1LH	59	STAGE I	5TH	18	5	Breast Cancer	BRCA	Breast Invasive Ductal Carcinoma	3247	-21628	0	106.7495151	0:DiseaseFree	106.7495151	0:ALIVE OR DEAD TUMOR FREE	Not Hispanic Or Latino	6/3/11	0.1889	EUR	No	C50.9	8500/3	C50.9	Yes	Yes	0.3031	0.18	177	No	IDC	106.7495151	0:LIVING	d8ecba6a-9fff-4993-a799-9a8d2aea524e	M0	N0	T1C	Tumor Free	106.7495151	0:CENSORED	Yes	No	White	Yes	8	1	Primary	Female	Matched	BRCA_Basal	234	No	Yes	Roswell Park	E2	6.066666667	Breast	Infiltrating Ductal Carcinoma	4	0	Low	Low
TCGA-E2-A1LI-01	-0.0554984385615322	-0.0717036615933872	TCGA-E2-A1LI	57	STAGE IIB	6TH	26	9	Breast Cancer	BRCA	Breast Invasive Ductal Carcinoma	3121	-21064	0	NA	NA	102.6070947	0:ALIVE OR DEAD TUMOR FREE	Not Hispanic Or Latino	6/3/11	0.4015	EUR	No	C50.9	8500/3	C50.9	Yes	Yes	0.3573	0.45	25	No	IDC	102.6070947	0:LIVING	3558dec7-eae3-4a41-a217-266c6a4535fb	M0	N1	T2	Tumor Free	102.6070947	0:CENSORED	Yes	No	White	Yes	8	1	Primary	Female	Matched	BRCA_Basal	93	No	Yes	Roswell Park	E2	0.9	Breast	Infiltrating Ductal Carcinoma	-20	0	Low	Low
TCGA-E2-A1LK-01	-0.101413187278681	-0.108635730788167	TCGA-E2-A1LK	84	STAGE IIIC	6TH	16	29	Breast Cancer	BRCA	Breast Invasive Ductal Carcinoma	NA	-30757	0	5.095834566	1:Recurred/Progressed	8.745109643	1:DEAD WITH TUMOR	Not Hispanic Or Latino	6/3/11	0.3805	NA	No	C50.9	8500/3	C50.9	Yes	Yes	0.3073	2.89	36	Yes	IDC	8.745109643	1:DECEASED	1d27253f-b036-44e7-a04d-8da5bbf57419	M0	N3A	T4B	With Tumor	5.095834566	1:PROGRESSION	Yes	No	Black or African American	No	16	1	Primary	Female	Matched	BRCA_Basal	168	No	Yes	Roswell Park	E2	1.2	Breast	Infiltrating Ductal Carcinoma	18	1	Low	Low
TCGA-E2-A1LL-01	-0.0702803052599329	-0.0247915113460107	TCGA-E2-A1LL	73	STAGE IIIA	6TH	13	39	Breast Cancer	BRCA	Breast Invasive Ductal Carcinoma	1309	-27028	0	42.83788671	1:Recurred/Progressed	43.03514482	0:ALIVE OR DEAD TUMOR FREE	Not Hispanic Or Latino	6/3/11	0.3672	NA	No	C50.9	8500/3	C50.9	Yes	Yes	0.4091	2.8	43	Yes	IDC	43.03514482	0:LIVING	2a84997d-ccee-4f46-bea2-752534f26416	MX	N2A	T3	Tumor Free	42.83788671	1:PROGRESSION	Yes	No	Black or African American	Yes	18	1	Primary	Female	Matched	BRCA_Basal	713	No	Yes	Roswell Park	E2	1.433333333	Breast	Infiltrating Ductal Carcinoma	64	0	Low	Low
TCGA-E2-A1LS-01	-0.0186011745255846	0.0374188980571531	TCGA-E2-A1LS	46	STAGE IA	7TH	NA	-23	Breast Cancer	BRCA	Breast Invasive Ductal Carcinoma	1604	-16887	0	52.73366867	0:DiseaseFree	52.73366867	0:ALIVE OR DEAD TUMOR FREE	NA	6/3/11	NA	EUR	No	C50.9	8500/3	C50.9	Yes	No	0.3313	2.68	63	No	IDC	52.73366867	0:LIVING	91a2f2af-e4b1-4a0b-ab20-6a36ce63c533	M0	N0	T1C	Tumor Free	52.73366867	0:CENSORED	Yes	No	White	No	-6	1	Primary	Female	Matched	NA	NA	No	Yes	Roswell Park	E2	2.1	Breast	Infiltrating Ductal Carcinoma	-44	0	Low	High
TCGA-E2-A2P5-01	-0.107542711564461	-0.137310405922579	TCGA-E2-A2P5	78	STAGE IIIC	7TH	26	-1	Breast Cancer	BRCA	Breast Invasive Lobular Carcinoma	515	-28621	0	19.62718217	1:Recurred/Progressed	26.99148503	1:DEAD WITH TUMOR	Not Hispanic Or Latino	12/19/11	0.6636	ADMIX	No	C50.9	8520/3	C50.9	Yes	No	0.2955	0.01	0	Yes	ILC	26.99148503	1:DECEASED	F0DE67FF-8967-4FCE-9C12-0E07193285CD	M0	N3	T2	Tumor Free	19.62718217	1:PROGRESSION	Yes	Yes	Black or African American	Yes	8	1	Primary	Female	Matched	NA	99	No	Yes	Roswell Park	E2	0	Breast	Infiltrating Lobular Carcinoma	8	1	Low	Low
TCGA-E2-A2P6-01	0.101740812075564	0.0236304226451185	TCGA-E2-A2P6	77	STAGE IIB	7TH	6	-23	Breast Cancer	BRCA	Breast Invasive Lobular Carcinoma	1051	-28411	0	34.55304599	0:DiseaseFree	34.55304599	0:ALIVE OR DEAD TUMOR FREE	Hispanic Or Latino	12/19/11	0.1405	AMR	No	C50.9	8520/3	C50.9	Yes	Yes	0.2847	0	104	No	ILC	34.55304599	0:LIVING	F83B866B-0B2E-4BBA-9367-BE6DCCF56232	M0	N1	T2	Tumor Free	34.55304599	0:CENSORED	Yes	No	NA	No	6	1	Primary	Female	Matched	BRCA_LumA	72	No	Yes	Roswell Park	E2	3.5	Breast	Infiltrating Lobular Carcinoma	-16	0	High	High
TCGA-E2-A3DX-01	0.187325193848742	0.221252669702756	TCGA-E2-A3DX	43	STAGE IIIC	7TH	2	-43	Breast Cancer	BRCA	Breast Invasive Lobular Carcinoma	1325	-15969	0	NA	NA	43.56116645	0:ALIVE OR DEAD TUMOR FREE	Not Hispanic Or Latino	1/17/12	0.0199	EUR	No	C50.9	8520/3	C50.9	Yes	No	0.3153	0.01	0	No	ILC	43.56116645	0:LIVING	31427699-E27A-4035-8925-6D8D6900D097	M0	N3	T2	Tumor Free	43.56116645	0:CENSORED	Yes	No	White	Yes	-18	1	Primary	Female	Matched	NA	4	No	Yes	Roswell Park	E2	0	Breast	Infiltrating Lobular Carcinoma	-46	0	High	High
TCGA-E2-A56Z-01	-0.192076733380465	-0.158541930604085	TCGA-E2-A56Z	69	STAGE IIB	7TH	17	-13	Breast Cancer	BRCA	Breast Invasive Ductal Carcinoma	252	-25282	0	8.284840714	0:DiseaseFree	8.284840714	0:ALIVE OR DEAD TUMOR FREE	Not Hispanic Or Latino	6/20/13	0.4799	NA	No	C50.9	8500/3	C50.9	Yes	Yes	0.3253	0.18	43	NA	IDC	8.284840714	0:LIVING	45C3975C-D333-4237-93F7-E12DC2451C38	M0	N1A	T2	Tumor Free	8.284840714	0:CENSORED	Yes	No	Black or African American	Yes	-2	1	Primary	Female	Matched	BRCA_LumB	152	No	Yes	Roswell Park	E2	1.5	Breast	Infiltrating Ductal Carcinoma	-20	0	Low	Low
TCGA-E2-A570-01	-0.0721010854449443	-0.037421063227713	TCGA-E2-A570	47	STAGE IB	7TH	7	-9	Breast Cancer	BRCA	Breast Invasive Ductal Carcinoma	931	-17456	0	30.60788375	0:DiseaseFree	30.60788375	0:ALIVE OR DEAD TUMOR FREE	Not Hispanic Or Latino	6/21/13	0.1371	NA	No	C50.9	8500/3	C50.9	Yes	Yes	0.3341	0.04	20	No	IDC	30.60788375	0:LIVING	CDD8C046-FD97-482A-A11F-2217B321C4D1	M0	N1MI	T1C	Tumor Free	30.60788375	0:CENSORED	Yes	No	Black or African American	No	-10	1	Primary	Female	Matched	BRCA_LumA	7	No	Yes	Roswell Park	E2	0.7	Breast	Infiltrating Ductal Carcinoma	0	0	Low	Low
TCGA-E2-A573-01	-0.154273349624878	-0.13224769186474	TCGA-E2-A573	48	STAGE IA	7TH	27	39	Breast Cancer	BRCA	Breast Invasive Ductal Carcinoma	1062	-17689	0	34.91468587	0:DiseaseFree	34.91468587	0:ALIVE OR DEAD TUMOR FREE	Not Hispanic Or Latino	6/20/13	0.3	NA	No	C50.9	8500/3	C50.9	Yes	Yes	0.3234	0.05	46	No	IDC	34.91468587	0:LIVING	6429C443-8AC3-407F-BB9C-66420B904BBF	M0	N0	T1C	Tumor Free	34.91468587	0:CENSORED	Yes	No	Black or African American	Yes	18	1	Primary	Female	Matched	BRCA_Basal	54	No	Yes	Roswell Park	E2	1.566666667	Breast	Infiltrating Ductal Carcinoma	22	0	Low	Low
TCGA-E2-A574-01	-0.252834102614277	-0.161254697770706	TCGA-E2-A574	44	STAGE IIA	7TH	27	35	Breast Cancer	BRCA	Breast Invasive Ductal Carcinoma	1179	-16195	0	38.76121906	0:DiseaseFree	38.76121906	0:ALIVE OR DEAD TUMOR FREE	Not Hispanic Or Latino	6/20/13	0.6276	NA	No	C50.9	8500/3	C50.9	Yes	Yes	0.3525	1.55	90	No	IDC	38.76121906	0:LIVING	029CE650-5E5A-4100-8596-CD94300E7EF5	M0	N0	T2	Tumor Free	38.76121906	0:CENSORED	Yes	No	Black or African American	Yes	2	1	Primary	Female	Matched	BRCA_Basal	199	No	Yes	Roswell Park	E2	3.033333333	Breast	Infiltrating Ductal Carcinoma	28	0	Low	Low
TCGA-E2-A576-01	-0.0354684963677684	-0.0731295983753489	TCGA-E2-A576	69	STAGE IA	7TH	10	-5	Breast Cancer	BRCA	Breast Invasive Lobular Carcinoma	1043	-25350	0	34.29003518	0:DiseaseFree	34.29003518	0:ALIVE OR DEAD TUMOR FREE	Not Hispanic Or Latino	9/10/13	0.3103	NA	No	C50.9	8520/3	C50.9	Yes	Yes	0.3386	0.16	44	No	ILC	34.29003518	0:LIVING	F04DCA9E-409B-4300-B11D-12243E5D361D	MX	N0	T1C	Tumor Free	34.29003518	0:CENSORED	Yes	No	Black or African American	Yes	6	1	Primary	Female	Matched	BRCA_LumA	72	No	Yes	Roswell Park	E2	1.466666667	Breast	Infiltrating Lobular Carcinoma	4	0	Low	Low
TCGA-E2-A9RU-01	-0.244703800596384	-0.215391800371426	TCGA-E2-A9RU	90	STAGE IIIC	7TH	27	39	Breast Cancer	BRCA	Breast Invasive Ductal Carcinoma	538	-32873	0	17.6874774	0:DiseaseFree	17.6874774	0:ALIVE OR DEAD TUMOR FREE	Not Hispanic Or Latino	6/16/14	0.4619	NA	No	C50.9	8500/3	C50.9	Yes	Yes	0.3405	0.78	64	No	IDC	17.6874774	0:LIVING	6F18F96E-C0C9-4CC4-9FB2-CBA8949D5402	MX	N3A	T2	Tumor Free	17.6874774	0:CENSORED	Yes	No	Black or African American	Yes	22	1	Primary	Female	Matched	BRCA_LumB	587	No	Yes	Roswell Park	E2	2.2	Breast	Infiltrating Ductal Carcinoma	24	0	Low	Low
TCGA-E9-A1N3-01	0.110172901483624	0.119554609635359	TCGA-E9-A1N3	70	STAGE IIIA	7TH	1	-23	Breast Cancer	BRCA	Breast Invasive Carcinoma (NOS)	1059	-25714	0	34.81605681	0:DiseaseFree	34.81605681	0:ALIVE OR DEAD TUMOR FREE	Not Hispanic Or Latino	5/26/11	0.0779	EUR	No	C50.9	8522/3	C50.9	Yes	Yes	0.3674	0.03	24	No	BRCNOS	34.81605681	0:LIVING	03c143e0-d8a1-4d60-a4a3-df0501fc6b6e	M0	N2	T1C	Tumor Free	34.81605681	0:CENSORED	Yes	No	White	No	-10	1	Primary	Female	Matched	BRCA_LumA	22	Yes	No	Asterand	E9	0.766666667	Breast	Mixed Histology (NOS)	-38	0	High	High
TCGA-E9-A1N4-01	0.0543485877933857	0.0438204912104858	TCGA-E9-A1N4	41	STAGE IIIA	7TH	6	-19	Breast Cancer	BRCA	Breast Invasive Carcinoma (NOS)	1000	-15055	0	32.87635204	0:DiseaseFree	32.87635204	0:ALIVE OR DEAD TUMOR FREE	Not Hispanic Or Latino	5/26/11	0.1888	EUR	No	C50.9	8520/3	C50.9	Yes	Yes	0.2834	0.03	20	No	BRCNOS	32.87635204	0:LIVING	69a68fbc-e43d-4652-85ee-693211bded47	M0	N2	T2	Tumor Free	32.87635204	0:CENSORED	Yes	No	White	Yes	0	1	Primary	Female	Matched	BRCA_LumA	51	Yes	No	Asterand	E9	0.666666667	Breast	Mixed Histology (NOS)	-32	0	High	High
TCGA-E9-A1N5-01	0.05112276629764	0.0255576054860093	TCGA-E9-A1N5	45	STAGE IIB	7TH	7	-21	Breast Cancer	BRCA	Breast Invasive Carcinoma (NOS)	1120	-16736	0	36.82151429	0:DiseaseFree	36.82151429	0:ALIVE OR DEAD TUMOR FREE	Not Hispanic Or Latino	6/23/11	0.1846	EUR	No	C50.9	8522/3	C50.9	Yes	Yes	0.3403	1.19	30	No	BRCNOS	36.82151429	0:LIVING	f954de05-1b44-4087-8933-6cc72d81028d	M0	N1	T2	Tumor Free	36.82151429	0:CENSORED	Yes	No	White	No	12	1	Primary	Female	Matched	BRCA_LumA	51	Yes	No	Asterand	E9	1.033333333	Breast	Mixed Histology (NOS)	-30	0	High	High
TCGA-E9-A1N6-01	-0.0599386507103703	-0.0565027289095412	TCGA-E9-A1N6	52	STAGE IIB	7TH	15	9	Breast Cancer	BRCA	Breast Invasive Ductal Carcinoma	410	-19327	0	14.56422395	1:Recurred/Progressed	22.29016668	1:DEAD WITH TUMOR	Not Hispanic Or Latino	6/23/11	0.2459	EUR	No	C50.9	8500/3	C50.9	Yes	No	NA	NA	0	Yes	IDC	22.29016668	1:DECEASED	955d4263-61f7-42e8-8a6e-772a0d6c209d	M0	N1	T2	Tumor Free	14.56422395	1:PROGRESSION	Yes	No	White	Yes	22	1	Primary	Female	Matched	NA	241	Yes	No	Asterand	E9	0	Breast	Infiltrating Ductal Carcinoma	4	1	Low	Low
TCGA-E9-A1N8-01	0.0653224703750899	0.0537708094109081	TCGA-E9-A1N8	48	STAGE IIA	7TH	10	9	Breast Cancer	BRCA	Breast Invasive Ductal Carcinoma	1039	-17652	0	34.15852977	0:DiseaseFree	34.15852977	0:ALIVE OR DEAD TUMOR FREE	Not Hispanic Or Latino	6/23/11	0.7276	EUR	No	C50.9	8500/3	C50.9	Yes	Yes	0.361	2.08	32	No	IDC	34.15852977	0:LIVING	ac075bc0-1b59-4557-beea-541694faee03	M0	N0	T2	Tumor Free	34.15852977	0:CENSORED	Yes	No	White	No	14	1	Primary	Female	Matched	BRCA_Basal	133	Yes	No	Asterand	E9	1.066666667	Breast	Infiltrating Ductal Carcinoma	-4	0	High	High
TCGA-E9-A1N9-01	0.107064328784179	0.03410449117338	TCGA-E9-A1N9	58	STAGE IIA	7TH	17	-7	Breast Cancer	BRCA	Breast Invasive Carcinoma (NOS)	1101	-21228	0	36.1968636	0:DiseaseFree	36.1968636	0:ALIVE OR DEAD TUMOR FREE	Not Hispanic Or Latino	6/23/11	0.4243	EUR	No	C50.9	8522/3	C50.9	Yes	Yes	0.3531	1.1	48	No	BRCNOS	36.1968636	0:LIVING	994ca1f5-ad10-44ec-aa21-71fc2940653b	M0	N0	T2	Tumor Free	36.1968636	0:CENSORED	Yes	No	White	No	12	1	Primary	Female	Matched	BRCA_Basal	456	Yes	No	Asterand	E9	1.6	Breast	Mixed Histology (NOS)	-20	0	High	High
TCGA-E9-A1NA-01	0.00719389105147206	0.00602429743619081	TCGA-E9-A1NA	58	STAGE IIA	7TH	11	-1	Breast Cancer	BRCA	Breast Invasive Carcinoma (NOS)	1112	-21397	0	36.55850347	0:DiseaseFree	36.55850347	0:ALIVE OR DEAD TUMOR FREE	Not Hispanic Or Latino	6/23/11	0.3875	EUR	No	C50.9	8522/3	C50.9	Yes	Yes	0.3642	2.28	90	No	BRCNOS	36.55850347	0:LIVING	af577366-0258-49e7-b6af-e70056c081a4	M0	N0	T2	Tumor Free	36.55850347	0:CENSORED	Yes	No	White	Yes	6	1	Primary	Female	Matched	BRCA_LumB	1215	Yes	No	Asterand	E9	3	Breast	Mixed Histology (NOS)	-10	0	High	High
TCGA-E9-A1NC-01	-0.114423650113881	-0.0457188971248467	TCGA-E9-A1NC	61	STAGE IIB	7TH	5	43	Breast Cancer	BRCA	Breast Invasive Carcinoma (NOS)	1203	-22355	0	39.5502515	0:DiseaseFree	39.5502515	0:ALIVE OR DEAD TUMOR FREE	Not Hispanic Or Latino	6/23/11	0.423	EUR	No	C50.9	8522/3	C50.9	Yes	Yes	0.3228	0.17	65	No	BRCNOS	39.5502515	0:LIVING	e74aea7c-ca14-49df-b5cf-dacb839ac27a	M0	N1	T2	Tumor Free	39.5502515	0:CENSORED	Yes	No	White	No	14	1	Primary	Female	Matched	BRCA_Basal	172	Yes	No	Asterand	E9	2.2	Breast	Mixed Histology (NOS)	48	0	Low	Low
TCGA-E9-A1ND-01	-0.153373340917496	-0.0744949924417148	TCGA-E9-A1ND	75	STAGE IIB	7TH	16	23	Breast Cancer	BRCA	Breast Invasive Ductal Carcinoma	1266	-27400	0	41.62146168	0:DiseaseFree	41.62146168	0:ALIVE OR DEAD TUMOR FREE	Not Hispanic Or Latino	6/23/11	0.1313	EUR	No	C50.9	8500/3	C50.9	Yes	Yes	0.3721	1.26	84	No	IDC	41.62146168	0:LIVING	f06f09f3-8133-4a92-ac86-fbe64295e0d8	M0	N1	T2	Tumor Free	41.62146168	0:CENSORED	Yes	No	White	No	16	1	Primary	Female	Matched	BRCA_Basal	231	Yes	No	Asterand	E9	2.833333333	Breast	Infiltrating Ductal Carcinoma	26	0	Low	Low
TCGA-E9-A1NE-01	0.0436747089344693	0.0474541595748907	TCGA-E9-A1NE	28	STAGE IIB	7TH	4	-27	Breast Cancer	BRCA	Breast Invasive Ductal Carcinoma	1088	-10564	0	35.76947102	0:DiseaseFree	35.76947102	0:ALIVE OR DEAD TUMOR FREE	Not Hispanic Or Latino	6/23/11	0.0132	EUR	No	C50.9	8522/3	C50.9	Yes	Yes	0.2816	0	50	No	IDC	35.76947102	0:LIVING	3d676bba-154b-4d22-ab59-d4d4da051b94	M0	N1	T2	Tumor Free	35.76947102	0:CENSORED	Yes	No	White	Yes	2	1	Primary	Female	Matched	BRCA_LumA	49	Yes	No	Asterand	E9	1.666666667	Breast	Infiltrating Ductal Carcinoma	-32	0	High	High
TCGA-E9-A1NF-01	0.00127730982978895	0.08268445071116	TCGA-E9-A1NF	60	STAGE IIA	7TH	21	15	Breast Cancer	BRCA	Breast Invasive Carcinoma (NOS)	610	-21981	0	2.958871684	1:Recurred/Progressed	35.24344939	1:DEAD WITH TUMOR	Not Hispanic Or Latino	6/23/11	0.4963	EUR	No	C50.9	8522/3	C50.9	Yes	Yes	0.3237	0.77	51	No	BRCNOS	35.24344939	1:DECEASED	a8b1f6e7-2bcf-460d-b1c6-1792a9801119	M0	N0	T2	Tumor Free	2.958871684	1:PROGRESSION	Yes	No	White	No	-2	1	Primary	Female	Matched	BRCA_LumB	368	Yes	No	Asterand	E9	1.7	Breast	Mixed Histology (NOS)	18	1	High	High
TCGA-E9-A1NG-01	-0.0748028083571314	0.0517368516792934	TCGA-E9-A1NG	62	STAGE IIA	7TH	5	-7	Breast Cancer	BRCA	Breast Invasive Ductal Carcinoma	656	-22896	0	25.8408127	0:DiseaseFree	25.8408127	0:ALIVE OR DEAD TUMOR FREE	Not Hispanic Or Latino	6/23/11	0.0874	EUR	No	C50.9	8500/3	C50.9	Yes	Yes	0.3399	0.05	16	No	IDC	25.8408127	1:DECEASED	659b0170-e914-45ff-aa55-fcb8d3dc7b8a	M0	N0	T2	Tumor Free	25.8408127	0:CENSORED	Yes	No	White	No	-6	1	Primary	Female	Matched	BRCA_LumA	57	Yes	No	Asterand	E9	0.566666667	Breast	Infiltrating Ductal Carcinoma	-4	1	Low	High
TCGA-E9-A1NH-01	-0.0448662069975758	0.0135016824217229	TCGA-E9-A1NH	71	STAGE IIB	7TH	19	-37	Breast Cancer	BRCA	Breast Invasive Ductal Carcinoma	576	-26221	0	18.93677878	0:DiseaseFree	18.93677878	0:ALIVE OR DEAD TUMOR FREE	Not Hispanic Or Latino	6/23/11	0.123	EUR	No	C50.9	8500/3	C50.9	Yes	Yes	0.3135	0.38	25	No	IDC	18.93677878	0:LIVING	b2aac45b-2073-4c7a-adb9-769a4fdcc111	M0	N1	T2	Tumor Free	18.93677878	0:CENSORED	Yes	No	White	No	-16	1	Primary	Female	Matched	BRCA_LumA	12	Yes	No	Asterand	E9	0.833333333	Breast	Infiltrating Ductal Carcinoma	-10	0	Low	High
TCGA-E9-A1NI-01	-0.0765082844929757	-0.0883827468264237	TCGA-E9-A1NI	51	STAGE IIA	7TH	22	9	Breast Cancer	BRCA	Breast Invasive Carcinoma (NOS)	300	-18985	0	9.862905612	0:DiseaseFree	9.862905612	0:ALIVE OR DEAD TUMOR FREE	Not Hispanic Or Latino	6/23/11	0.3954	EUR	No	C50.9	8522/3	C50.9	Yes	Yes	0.3235	0.65	32	No	BRCNOS	9.862905612	0:LIVING	c65b835a-2d38-4250-a173-0780d2c2cf58	M0	N0	T2	Tumor Free	9.862905612	0:CENSORED	Yes	No	White	No	20	1	Primary	Female	Matched	BRCA_LumB	59	Yes	No	Asterand	E9	1.066666667	Breast	Mixed Histology (NOS)	10	0	Low	Low
TCGA-E9-A1QZ-01	-0.0190596825198666	-0.0124732205409627	TCGA-E9-A1QZ	61	STAGE IIA	7TH	11	-19	Breast Cancer	BRCA	Breast Invasive Ductal Carcinoma	755	-22397	0	24.82164579	0:DiseaseFree	24.82164579	0:ALIVE OR DEAD TUMOR FREE	Not Hispanic Or Latino	7/28/11	0.104	EUR	No	C50.9	8500/3	C50.9	Yes	Yes	0.3184	0.12	21	No	IDC	24.82164579	0:LIVING	b6b932ce-6856-4d94-9e6c-16dfbe51906f	M0	N0	T2	Tumor Free	24.82164579	0:CENSORED	Yes	No	White	No	8	1	Primary	Female	Matched	BRCA_LumA	26	Yes	No	Asterand	E9	0.7	Breast	Infiltrating Ductal Carcinoma	-14	0	Low	High
TCGA-E9-A1R0-01	0.118486392999538	0.115474030167955	TCGA-E9-A1R0	58	STAGE IIA	7TH	5	-23	Breast Cancer	BRCA	Breast Invasive Ductal Carcinoma	860	-21394	0	NA	NA	28.27366275	0:ALIVE OR DEAD TUMOR FREE	Not Hispanic Or Latino	7/28/11	0.097	EUR	No	C50.9	8500/3	C50.9	Yes	Yes	0.2805	0	24	No	IDC	28.27366275	0:LIVING	f2da1d3f-f226-4c99-a97e-9b26f67d7a5d	M0	N1	T1C	Tumor Free	28.27366275	0:CENSORED	Yes	No	White	No	-6	1	Primary	Female	Matched	BRCA_LumA	21	Yes	No	Asterand	E9	0.8	Breast	Infiltrating Ductal Carcinoma	-22	0	High	High
TCGA-E9-A1R2-01	-0.032885143253748	-0.0512432731183546	TCGA-E9-A1R2	51	STAGE IIIC	7TH	7	-17	Breast Cancer	BRCA	Breast Invasive Ductal Carcinoma	1063	-18936	0	NA	NA	34.94756222	0:ALIVE OR DEAD TUMOR FREE	Not Hispanic Or Latino	7/28/11	0.3226	EUR	No	C50.9	8500/3	C50.9	Yes	Yes	0.3169	0.31	54	No	IDC	34.94756222	0:LIVING	8631969d-4ac6-4fe1-9db3-d47db604494a	MX	N3	T2	Tumor Free	34.94756222	0:CENSORED	Yes	No	White	Yes	-4	1	Primary	Female	Matched	BRCA_LumA	66	Yes	No	Asterand	E9	1.833333333	Breast	Infiltrating Ductal Carcinoma	-26	0	Low	Low
TCGA-E9-A1R3-01	-0.0309704593519978	0.00046993074400328	TCGA-E9-A1R3	70	STAGE IIIC	7TH	23	-29	Breast Cancer	BRCA	Breast Invasive Ductal Carcinoma	78	-25693	0	2.564355459	0:DiseaseFree	2.564355459	0:ALIVE OR DEAD TUMOR FREE	Not Hispanic Or Latino	7/28/11	0.3326	EUR	No	C50.9	8500/3	C50.9	Yes	Yes	0.2873	0	21	No	IDC	2.564355459	0:LIVING	4922cddc-575c-4b8a-8245-ce5f6876760c	M0	N3	T2	Tumor Free	2.564355459	0:CENSORED	Yes	No	White	Yes	-18	1	Primary	Female	Matched	BRCA_LumA	17	Yes	No	Asterand	E9	0.7	Breast	Infiltrating Ductal Carcinoma	-14	0	Low	High
TCGA-E9-A1R4-01	0.11058000709091	0.0694532580061543	TCGA-E9-A1R4	66	STAGE IA	7TH	17	-19	Breast Cancer	BRCA	Breast Invasive Ductal Carcinoma	186	-24181	0	6.115001479	0:DiseaseFree	6.115001479	0:ALIVE OR DEAD TUMOR FREE	Not Hispanic Or Latino	7/28/11	0.3172	EUR	No	C50.9	8500/3	C50.9	Yes	Yes	0.3146	0.37	110	No	IDC	6.115001479	0:LIVING	b7a4df9a-4e25-4550-9c10-338ca1921c2f	M0	N0	T1C	Tumor Free	6.115001479	0:CENSORED	Yes	No	White	Yes	-2	1	Primary	Female	Matched	BRCA_LumB	135	Yes	No	Asterand	E9	3.7	Breast	Infiltrating Ductal Carcinoma	-32	0	High	High
TCGA-E9-A1R5-01	-0.00121699048649228	0.0060596817748483	TCGA-E9-A1R5	63	STAGE IA	7TH	10	-29	Breast Cancer	BRCA	Breast Invasive Ductal Carcinoma	92	-23116	0	3.024624388	0:DiseaseFree	3.024624388	0:ALIVE OR DEAD TUMOR FREE	Not Hispanic Or Latino	7/28/11	0.2577	EUR	No	C50.9	8500/3	C50.9	Yes	Yes	0.2892	0.22	42	No	IDC	3.024624388	0:LIVING	23c21dea-3713-408f-ba56-f7c586e9f206	M0	N0	T1C	Tumor Free	3.024624388	0:CENSORED	Yes	No	White	Yes	0	1	Primary	Female	Matched	BRCA_LumA	91	Yes	No	Asterand	E9	1.4	Breast	Infiltrating Ductal Carcinoma	-24	0	High	High
TCGA-E9-A1R6-01	0.0342222689774645	-0.0753064850421064	TCGA-E9-A1R6	63	STAGE IIA	7TH	21	-3	Breast Cancer	BRCA	Breast Invasive Ductal Carcinoma	339	-23347	0	11.14508334	0:DiseaseFree	11.14508334	0:ALIVE OR DEAD TUMOR FREE	Not Hispanic Or Latino	7/28/11	0.4507	EUR	No	C50.9	8500/3	C50.9	Yes	Yes	0.3151	0.43	28	No	IDC	11.14508334	0:LIVING	4842bac3-abaa-4900-871f-f2c3ba6457f5	M0	N0	T2	Tumor Free	11.14508334	0:CENSORED	Yes	No	White	Yes	10	1	Primary	Female	Matched	BRCA_LumA	161	Yes	No	Asterand	E9	0.933333333	Breast	Infiltrating Ductal Carcinoma	-20	0	High	Low
TCGA-E9-A1R7-01	0.235146166294447	0.0912748577374967	TCGA-E9-A1R7	64	STAGE IIA	7TH	13	-21	Breast Cancer	BRCA	Breast Invasive Ductal Carcinoma	1467	-23397	0	48.22960844	0:DiseaseFree	48.22960844	0:ALIVE OR DEAD TUMOR FREE	Not Hispanic Or Latino	7/28/11	0.3827	EUR	No	C50.9	8500/3	C50.9	Yes	Yes	0.3563	0.96	45	No	IDC	48.22960844	0:LIVING	2680da86-c977-4611-b75f-df015283c023	M0	N0	T2	Tumor Free	48.22960844	0:CENSORED	Yes	No	White	Yes	0	1	Primary	Female	Matched	BRCA_LumB	269	Yes	No	Asterand	E9	1.566666667	Breast	Infiltrating Ductal Carcinoma	-36	0	High	High
TCGA-E9-A1RA-01	-0.0305050867737237	-0.0510450379532408	TCGA-E9-A1RA	48	STAGE IA	7TH	25	-27	Breast Cancer	BRCA	Breast Invasive Ductal Carcinoma	1369	-17699	0	45.00772594	0:DiseaseFree	45.00772594	0:ALIVE OR DEAD TUMOR FREE	Not Hispanic Or Latino	7/28/11	0.0886	EUR	No	C50.9	8500/3	C50.9	Yes	Yes	0.3227	0.28	16	No	IDC	45.00772594	0:LIVING	4b4e4ea8-6eb9-49ad-b880-c5065fe6517f	M0	N0	T1C	Tumor Free	45.00772594	0:CENSORED	Yes	No	White	Yes	-4	1	Primary	Female	Matched	BRCA_LumA	1	Yes	No	Asterand	E9	0.5	Breast	Infiltrating Ductal Carcinoma	-4	0	Low	Low
TCGA-E9-A1RB-01	-0.0155823081577017	-0.0650628936205865	TCGA-E9-A1RB	40	STAGE IIA	7TH	27	25	Breast Cancer	BRCA	Breast Invasive Ductal Carcinoma	633	-14755	0	32.08731959	0:DiseaseFree	32.08731959	0:ALIVE OR DEAD TUMOR FREE	Not Hispanic Or Latino	7/28/11	0.6044	EUR	No	C50.9	8500/3	C50.9	Yes	Yes	0.315	0.76	26	No	IDC	32.08731959	1:DECEASED	94b95984-b2fb-4e42-8887-45e7086c3179	M0	N0	T2	Tumor Free	32.08731959	0:CENSORED	Yes	No	White	No	26	1	Primary	Female	Matched	BRCA_LumB	131	Yes	No	Asterand	E9	0.866666667	Breast	Infiltrating Ductal Carcinoma	20	1	Low	Low
TCGA-E9-A1RC-01	0.138608513491997	0.0588843443977888	TCGA-E9-A1RC	56	STAGE IIIC	7TH	28	11	Breast Cancer	BRCA	Breast Invasive Carcinoma (NOS)	1224	-20795	0	40.2406549	0:DiseaseFree	40.2406549	0:ALIVE OR DEAD TUMOR FREE	Not Hispanic Or Latino	7/28/11	0.2996	EUR	No	C50.9	8522/3	C50.9	Yes	Yes	0.3181	0.86	40	No	BRCNOS	40.2406549	0:LIVING	5cdae21d-eee5-478f-932a-0f51fcf5f031	M0	N3	T4B	Tumor Free	40.2406549	0:CENSORED	Yes	No	White	No	16	1	Primary	Female	Matched	BRCA_LumA	92	Yes	No	Asterand	E9	1.266666667	Breast	Mixed Histology (NOS)	16	0	High	High
TCGA-E9-A1RD-01	0.0840797845624084	0.0380837104255238	TCGA-E9-A1RD	67	STAGE IIA	7TH	12	-33	Breast Cancer	BRCA	Breast Invasive Ductal Carcinoma	34	-24719	0	1.117795969	0:DiseaseFree	1.117795969	0:ALIVE OR DEAD TUMOR FREE	Not Hispanic Or Latino	7/28/11	0.2262	EUR	No	C50.9	8500/3	C50.9	Yes	Yes	0.3053	0.05	21	No	IDC	1.117795969	0:LIVING	5fe3c51f-65e2-4da6-8924-a6fae17c022d	M0	N0	T2	Tumor Free	1.117795969	0:CENSORED	Yes	No	White	No	-12	1	Primary	Female	Matched	BRCA_LumA	1	Yes	No	Asterand	E9	0.7	Breast	Infiltrating Ductal Carcinoma	-38	0	High	High
TCGA-E9-A1RE-01	0.193089344379984	0.0862939982261166	TCGA-E9-A1RE	74	STAGE IIIA	7TH	18	-7	Breast Cancer	BRCA	Breast Invasive Ductal Carcinoma	1419	-27392	0	46.65154355	0:DiseaseFree	46.65154355	0:ALIVE OR DEAD TUMOR FREE	Not Hispanic Or Latino	7/28/11	0.5125	EUR	No	C50.9	8500/3	C50.9	Yes	Yes	0.3168	1.16	48	No	IDC	46.65154355	0:LIVING	24046547-d038-4616-b190-52ac93f4965f	M0	N2	T2	Tumor Free	46.65154355	0:CENSORED	Yes	No	White	Yes	4	1	Primary	Female	Matched	BRCA_LumB	205	Yes	No	Asterand	E9	1.633333333	Breast	Infiltrating Ductal Carcinoma	-4	0	High	High
TCGA-E9-A1RF-01	-0.0805525010753795	-0.0705599417051807	TCGA-E9-A1RF	68	STAGE IIIA	7TH	16	-1	Breast Cancer	BRCA	Breast Invasive Ductal Carcinoma	200	-25119	0	6.575270408	0:DiseaseFree	6.575270408	0:ALIVE OR DEAD TUMOR FREE	Not Hispanic Or Latino	8/2/11	0.4068	EUR	No	C50.9	8500/3	C50.9	Yes	Yes	0.2913	0.41	127	NA	IDC	6.575270408	0:LIVING	c694615c-b1c6-499c-8058-995633ebf948	M0	N2	T2	Tumor Free	6.575270408	0:CENSORED	Yes	No	White	Yes	14	1	Primary	Female	Matched	BRCA_LumA	337	Yes	No	Asterand	E9	4.266666667	Breast	Infiltrating Ductal Carcinoma	8	0	Low	Low
TCGA-E9-A1RG-01	-0.0374202083738729	-0.0838674099454925	TCGA-E9-A1RG	62	STAGE IIIA	7TH	20	21	Breast Cancer	BRCA	Breast Invasive Ductal Carcinoma	647	-22788	0	21.27099977	0:DiseaseFree	21.27099977	0:ALIVE OR DEAD TUMOR FREE	Not Hispanic Or Latino	8/2/11	0.6107	EUR	No	C50.9	8500/3	C50.9	Yes	Yes	0.3466	2.11	33	No	IDC	21.27099977	0:LIVING	8744733a-7b46-43aa-bdef-64876816adbb	M0	N2	T1C	Tumor Free	21.27099977	0:CENSORED	Yes	No	White	Yes	16	1	Primary	Female	Matched	BRCA_LumB	252	Yes	No	Asterand	E9	1.1	Breast	Infiltrating Ductal Carcinoma	32	0	Low	Low
TCGA-E9-A1RH-01	0.18837022210947	0.0836522750608025	TCGA-E9-A1RH	63	STAGE IIA	7TH	23	31	Breast Cancer	BRCA	Breast Invasive Ductal Carcinoma	1417	-23224	0	46.58579084	0:DiseaseFree	46.58579084	0:ALIVE OR DEAD TUMOR FREE	Not Hispanic Or Latino	8/2/11	0.4291	EUR	No	C50.9	8500/3	C50.9	Yes	Yes	0.3174	0.33	87	No	IDC	46.58579084	0:LIVING	408cb583-6dc3-4698-8bd2-e284042bd5ef	M0	N0	T2	Tumor Free	46.58579084	0:CENSORED	Yes	No	White	Yes	22	1	Primary	Female	Matched	BRCA_Her2	342	Yes	No	Asterand	E9	2.933333333	Breast	Infiltrating Ductal Carcinoma	22	0	High	High
TCGA-E9-A1RI-01	0.0544768836181585	0.0528041334213099	TCGA-E9-A1RI	43	STAGE IIIA	7TH	6	-35	Breast Cancer	BRCA	Breast Invasive Carcinoma (NOS)	1449	-15942	0	47.63783411	0:DiseaseFree	47.63783411	0:ALIVE OR DEAD TUMOR FREE	Not Hispanic Or Latino	7/28/11	0.1189	EUR	No	C50.9	8522/3	C50.9	Yes	Yes	0.3058	0.08	14	No	BRCNOS	47.63783411	0:LIVING	dd3bfb26-b534-4917-9c4d-9fe7b6477762	M0	N2	T1C	Tumor Free	47.63783411	0:CENSORED	Yes	No	White	Yes	-8	1	Primary	Female	Matched	BRCA_LumA	25	Yes	No	Asterand	E9	0.466666667	Breast	Mixed Histology (NOS)	-20	0	High	High
TCGA-E9-A226-01	-0.0492292300360911	-0.0720862022947114	TCGA-E9-A226	45	STAGE IIIA	7TH	7	-25	Breast Cancer	BRCA	Breast Invasive Ductal Carcinoma	1038	-16511	0	25.97231811	1:Recurred/Progressed	34.45441694	1:DEAD WITH TUMOR	Not Hispanic Or Latino	8/3/11	0.2557	EUR	No	C50.9	8500/3	C50.9	Yes	Yes	0.3205	0.31	61	No	IDC	34.45441694	1:DECEASED	dd67408e-46ba-4573-9415-d4814e9f84de	M0	N2	T2	Tumor Free	25.97231811	1:PROGRESSION	Yes	No	White	Yes	10	1	Primary	Female	Matched	BRCA_LumB	146	Yes	No	Asterand	E9	2.033333333	Breast	Infiltrating Ductal Carcinoma	-28	1	Low	Low
TCGA-E9-A227-01	-0.0414193724531635	0.00429301536759356	TCGA-E9-A227	42	STAGE IIB	7TH	2	-33	Breast Cancer	BRCA	Breast Invasive Ductal Carcinoma	975	-15602	0	32.05444324	0:DiseaseFree	32.05444324	0:ALIVE OR DEAD TUMOR FREE	Not Hispanic Or Latino	7/28/11	0.0506	EUR	No	C50.9	8500/3	C50.9	Yes	Yes	0.2776	0.07	16	No	IDC	32.05444324	0:LIVING	89a8da07-4487-47c6-8d3c-442a87e4f632	M0	N1	T2	With Tumor	32.05444324	0:CENSORED	Yes	No	White	Yes	-6	1	Primary	Female	Matched	BRCA_LumA	9	Yes	No	Asterand	E9	0.533333333	Breast	Infiltrating Ductal Carcinoma	-26	0	Low	High
TCGA-E9-A228-01	0.0356613160814639	0.0012046627490477	TCGA-E9-A228	58	STAGE IIB	7TH	3	-17	Breast Cancer	BRCA	Breast Invasive Ductal Carcinoma	1285	-21294	0	42.24611237	0:DiseaseFree	42.24611237	0:ALIVE OR DEAD TUMOR FREE	Not Hispanic Or Latino	8/2/11	0.1701	EUR	No	C50.9	8500/3	C50.9	Yes	Yes	0.3505	0.39	39	No	IDC	42.24611237	0:LIVING	b95eef8a-205f-4cf8-9d3c-ae51d406e1e0	M0	N1	T2	Tumor Free	42.24611237	0:CENSORED	Yes	No	White	No	10	1	Primary	Female	Matched	BRCA_LumB	165	Yes	No	Asterand	E9	1.3	Breast	Infiltrating Ductal Carcinoma	-18	0	High	High
TCGA-E9-A229-01	0.0607842972375766	0.0802448553801391	TCGA-E9-A229	37	STAGE IA	7TH	4	-31	Breast Cancer	BRCA	Breast Invasive Ductal Carcinoma	1148	-13817	0	37.74205214	0:DiseaseFree	37.74205214	0:ALIVE OR DEAD TUMOR FREE	Not Hispanic Or Latino	8/2/11	0.1635	EUR	No	C50.9	8500/3	C50.9	Yes	Yes	0.3246	0.02	21	No	IDC	37.74205214	0:LIVING	cea9d8f9-e18c-4947-a461-5f712e3c1e6d	M0	N0	T1C	Tumor Free	37.74205214	0:CENSORED	Yes	No	White	Yes	6	1	Primary	Female	Matched	BRCA_LumA	130	Yes	No	Asterand	E9	0.7	Breast	Infiltrating Ductal Carcinoma	-20	0	High	High
TCGA-E9-A22A-01	-0.124078777541324	-0.0652714318780455	TCGA-E9-A22A	74	STAGE IIA	7TH	9	11	Breast Cancer	BRCA	Breast Invasive Ductal Carcinoma	1189	-27288	0	39.08998258	0:DiseaseFree	39.08998258	0:ALIVE OR DEAD TUMOR FREE	Not Hispanic Or Latino	8/2/11	0.3124	EUR	No	C50.9	8500/3	C50.9	Yes	Yes	0.3325	0.15	27	No	IDC	39.08998258	0:LIVING	4aacbc42-5ac5-4339-b9fa-c6e812084837	M0	N0	T2	Tumor Free	39.08998258	0:CENSORED	Yes	No	White	No	16	1	Primary	Female	Matched	BRCA_LumB	122	Yes	No	Asterand	E9	0.9	Breast	Infiltrating Ductal Carcinoma	6	0	Low	Low
TCGA-E9-A22B-01	-0.168129264389749	-0.115431573025932	TCGA-E9-A22B	71	STAGE IA	7TH	9	5	Breast Cancer	BRCA	Breast Invasive Carcinoma (NOS)	1167	-26278	0	38.36670283	0:DiseaseFree	38.36670283	0:ALIVE OR DEAD TUMOR FREE	Not Hispanic Or Latino	8/2/11	0.2412	EUR	No	C50.9	8522/3	C50.9	Yes	Yes	0.3157	0.1	51	No	BRCNOS	38.36670283	0:LIVING	b956df1b-bc77-4bdb-a5bd-5dda7b4c8da7	M0	N0	T1C	Tumor Free	38.36670283	0:CENSORED	Yes	No	White	No	2	1	Primary	Female	Matched	BRCA_LumA	91	Yes	No	Asterand	E9	1.766666667	Breast	Mixed Histology (NOS)	-12	0	Low	Low
TCGA-E9-A22D-01	-0.119067294347619	-0.119437699383937	TCGA-E9-A22D	38	STAGE IIA	7TH	16	3	Breast Cancer	BRCA	Breast Invasive Ductal Carcinoma	1248	-14115	0	41.02968735	0:DiseaseFree	41.02968735	0:ALIVE OR DEAD TUMOR FREE	Not Hispanic Or Latino	8/2/11	0.2295	EUR	No	C50.9	8500/3	C50.9	Yes	Yes	0.3096	0.18	28	No	IDC	41.02968735	0:LIVING	cf0a3f38-5850-44e1-8574-808bd37d84a3	M0	N0	T2	Tumor Free	41.02968735	0:CENSORED	Yes	No	White	No	18	1	Primary	Female	Matched	BRCA_LumB	402	Yes	No	Asterand	E9	0.966666667	Breast	Infiltrating Ductal Carcinoma	8	0	Low	Low
TCGA-E9-A22E-01	-0.0878501316596416	0.0403998349191766	TCGA-E9-A22E	56	STAGE IIIA	7TH	16	5	Breast Cancer	BRCA	Breast Invasive Ductal Carcinoma	1269	-20574	0	41.72009074	0:DiseaseFree	41.72009074	0:ALIVE OR DEAD TUMOR FREE	Not Hispanic Or Latino	8/2/11	0.4323	EUR	No	C50.9	8500/3	C50.9	Yes	Yes	0.4072	0.98	115	No	IDC	41.72009074	0:LIVING	64d4dfae-8d91-464b-adc3-80ba7caf54ae	M0	N2	T2	Tumor Free	41.72009074	0:CENSORED	Yes	No	White	Yes	-8	1	Primary	Female	Matched	BRCA_LumB	188	Yes	No	Asterand	E9	3.9	Breast	Infiltrating Ductal Carcinoma	2	0	Low	High
TCGA-E9-A22G-01	-0.0358352854604855	-0.030005679417092	TCGA-E9-A22G	47	STAGE IIA	7TH	11	19	Breast Cancer	BRCA	Breast Invasive Ductal Carcinoma	1239	-17300	0	40.73380018	0:DiseaseFree	40.73380018	0:ALIVE OR DEAD TUMOR FREE	Not Hispanic Or Latino	8/2/11	0.8768	EUR	No	C50.9	8500/3	C50.9	Yes	Yes	0.3397	1.64	80	No	IDC	40.73380018	0:LIVING	56033839-35d5-4d72-8b8c-400cb345263d	M0	N0	T2	Tumor Free	40.73380018	0:CENSORED	Yes	No	White	No	10	1	Primary	Female	Matched	BRCA_Basal	235	Yes	No	Asterand	E9	2.7	Breast	Infiltrating Ductal Carcinoma	-8	0	Low	Low
TCGA-E9-A22H-01	0.133645884116313	0.053828484041133	TCGA-E9-A22H	42	STAGE IIB	7TH	4	-19	Breast Cancer	BRCA	Breast Invasive Ductal Carcinoma	1232	-15504	0	40.50366571	0:DiseaseFree	40.50366571	0:ALIVE OR DEAD TUMOR FREE	Not Hispanic Or Latino	8/2/11	0.1039	EUR_ADMIX	No	C50.9	8500/3	C50.9	Yes	Yes	0.3074	0.5	25	No	IDC	40.50366571	0:LIVING	161917b8-88ad-407b-ade6-d6b98478b359	M0	N1	T2	Tumor Free	40.50366571	0:CENSORED	Yes	No	White	Yes	8	1	Primary	Female	Matched	BRCA_LumB	21	Yes	No	Asterand	E9	0.866666667	Breast	Infiltrating Ductal Carcinoma	-18	0	High	High
TCGA-E9-A243-01	0.0104675299287568	0.0799280055599128	TCGA-E9-A243	52	STAGE IIA	7TH	21	-11	Breast Cancer	BRCA	Breast Invasive Ductal Carcinoma	612	-19035	0	10.02728737	1:Recurred/Progressed	20.12032745	0:ALIVE OR DEAD TUMOR FREE	Not Hispanic Or Latino	8/17/11	0.1011	EUR	No	C50.9	8500/3	C50.9	Yes	Yes	0.3063	0.01	65	Yes	IDC	20.12032745	0:LIVING	d4a1ecdc-399c-4f82-aa7a-68a0c82ded3f	M0	N0 (I-)	T2	Tumor Free	10.02728737	1:PROGRESSION	Yes	No	White	Yes	12	1	Primary	Female	Matched	BRCA_Basal	87	Yes	No	Asterand	E9	2.3	Breast	Infiltrating Ductal Carcinoma	-22	0	High	High
TCGA-E9-A244-01	-0.0316750242921575	-0.0702423936473215	TCGA-E9-A244	54	STAGE IIA	7TH	13	23	Breast Cancer	BRCA	Breast Invasive Ductal Carcinoma	21	-19778	0	0.690403393	0:DiseaseFree	0.690403393	0:ALIVE OR DEAD TUMOR FREE	Not Hispanic Or Latino	3/15/11	0.3765	EUR	No	C50.9	8500/3	C50.9	Yes	Yes	0.3557	1.22	81	No	IDC	0.690403393	0:LIVING	a4c59287-1ad5-46a5-8040-e591e6ce064f	M0	N0 (I-)	T2	Tumor Free	0.690403393	0:CENSORED	Yes	No	White	No	14	1	Primary	Female	Matched	BRCA_Basal	346	Yes	No	Asterand	E9	2.7	Breast	Infiltrating Ductal Carcinoma	24	0	Low	Low
TCGA-E9-A245-01	0.280377696086167	0.258696504198365	TCGA-E9-A245	47	STAGE IIB	7TH	1	-19	Breast Cancer	BRCA	Breast Invasive Ductal Carcinoma	26	-17363	0	0.854785153	0:DiseaseFree	0.854785153	0:ALIVE OR DEAD TUMOR FREE	Not Hispanic Or Latino	3/16/11	0.0345	EUR	No	C50.9	8500/3	C50.9	Yes	Yes	0.3505	0.01	19	No	IDC	0.854785153	0:LIVING	8218119a-f68b-4ea7-9ee4-5e2edc2ae342	M0	N1	T2	Tumor Free	0.854785153	0:CENSORED	Yes	No	White	No	-8	1	Primary	Female	Matched	BRCA_LumA	5	Yes	No	Asterand	E9	0.633333333	Breast	Infiltrating Ductal Carcinoma	-6	0	High	High
TCGA-E9-A247-01	-0.0298934690129716	-0.055838468451355	TCGA-E9-A247	59	STAGE IA	7TH	22	1	Breast Cancer	BRCA	Breast Invasive Ductal Carcinoma	1186	-21562	0	38.99135352	0:DiseaseFree	38.99135352	0:ALIVE OR DEAD TUMOR FREE	Not Hispanic Or Latino	8/18/11	0.7006	EUR	No	C50.9	8500/3	C50.9	Yes	Yes	0.3905	3.51	39	No	IDC	38.99135352	0:LIVING	636b0a90-c8c2-4ad6-a77d-6cd428a826d1	M0	N0 (I-)	T1C	Tumor Free	38.99135352	0:CENSORED	Yes	No	White	Yes	12	1	Primary	Female	Matched	BRCA_LumA	132	Yes	No	Asterand	E9	1.3	Breast	Infiltrating Ductal Carcinoma	4	0	Low	Low
TCGA-E9-A248-01	0.092138656149046	0.0937850525746607	TCGA-E9-A248	51	STAGE IIA	7TH	15	-11	Breast Cancer	BRCA	Breast Invasive Ductal Carcinoma	59	-18684	0	1.93970477	0:DiseaseFree	1.93970477	0:ALIVE OR DEAD TUMOR FREE	Not Hispanic Or Latino	3/22/11	0.079	EUR	No	C50.9	8500/3	C50.9	Yes	Yes	0.31	0.31	29	No	IDC	1.93970477	0:LIVING	539bbbed-43fb-4fef-9c67-6406f58b186a	M0	N0 (I-)	T2	Tumor Free	1.93970477	0:CENSORED	Yes	No	White	No	18	1	Primary	Female	Matched	BRCA_Her2	263	Yes	No	Asterand	E9	0.966666667	Breast	Infiltrating Ductal Carcinoma	-20	0	High	High
TCGA-E9-A249-01	-0.00569778386022016	-0.0748163090538927	TCGA-E9-A249	45	STAGE IIA	7TH	23	-27	Breast Cancer	BRCA	Breast Invasive Ductal Carcinoma	217	-16689	0	7.134168393	0:DiseaseFree	7.134168393	0:ALIVE OR DEAD TUMOR FREE	Not Hispanic Or Latino	3/22/11	0.4018	EUR	No	C50.9	8500/3	C50.9	Yes	Yes	0.339	0.6	18	No	IDC	7.134168393	0:LIVING	fb3607eb-858e-4ecd-8477-95140658c6d2	M0	N0 (I-)	T2	Tumor Free	7.134168393	0:CENSORED	Yes	No	White	Yes	2	1	Primary	Female	Matched	BRCA_LumB	3	Yes	No	Asterand	E9	0.6	Breast	Infiltrating Ductal Carcinoma	-12	0	High	Low
TCGA-E9-A24A-01	0.0369258714309474	0.0446042962780255	TCGA-E9-A24A	69	STAGE IIA	7TH	6	-29	Breast Cancer	BRCA	Breast Invasive Ductal Carcinoma	747	-25370	0	24.55863497	0:DiseaseFree	24.55863497	0:ALIVE OR DEAD TUMOR FREE	Not Hispanic Or Latino	3/22/11	0.1266	EUR	No	C50.9	8500/3	C50.9	Yes	Yes	0.3188	0.27	22	No	IDC	24.55863497	0:LIVING	9f3cc92b-fa22-478e-a2e4-6b4c8afb93d6	M0	N1	T1C	Tumor Free	24.55863497	0:CENSORED	Yes	No	White	Yes	-12	1	Primary	Female	Matched	BRCA_LumA	4	Yes	No	Asterand	E9	0.733333333	Breast	Infiltrating Ductal Carcinoma	-34	0	High	High
TCGA-E9-A295-01	0.00735559004435211	-0.0230487331344404	TCGA-E9-A295	71	STAGE IIA	7TH	23	-19	Breast Cancer	BRCA	Breast Invasive Lobular Carcinoma	375	-25957	0	12.32863202	0:DiseaseFree	12.32863202	0:ALIVE OR DEAD TUMOR FREE	Not Hispanic Or Latino	9/12/11	0.4456	EUR	No	C50.9	8520/3	C50.9	Yes	Yes	0.3216	0.32	87	No	ILC	12.32863202	0:LIVING	fec0da58-1047-44d2-b6d1-c18cceed43dc	M0	N0 (I-)	T2	Tumor Free	12.32863202	0:CENSORED	Yes	No	White	Yes	-4	1	Primary	Female	Matched	BRCA_LumA	69	Yes	No	Asterand	E9	2.933333333	Breast	Infiltrating Lobular Carcinoma	0	0	High	Low
TCGA-E9-A2JS-01	0.00267669825580033	-0.0488958394686484	TCGA-E9-A2JS	72	STAGE IIB	7TH	15	7	Breast Cancer	BRCA	Breast Invasive Lobular Carcinoma	540	-26407	0	17.22720847	1:Recurred/Progressed	29.72022224	1:DEAD WITH TUMOR	Not Hispanic Or Latino	12/20/11	0.6188	EUR	No	C50.9	8520/3	C50.9	Yes	Yes	0.3135	0.81	56	Yes	ILC	29.72022224	1:DECEASED	4A831893-F4CA-4357-A756-B5E954E35DD7	M0	N1	T2	Tumor Free	17.22720847	1:PROGRESSION	Yes	No	White	Yes	16	1	Primary	Female	Matched	BRCA_LumB	149	Yes	No	Asterand	E9	1.933333333	Breast	Infiltrating Lobular Carcinoma	0	1	High	Low
TCGA-E9-A2JT-01	0.033273099562302	0.119556960933246	TCGA-E9-A2JT	63	STAGE IIA	7TH	0	-43	Breast Cancer	BRCA	Breast Invasive Lobular Carcinoma	288	-23318	0	9.468389388	0:DiseaseFree	9.468389388	0:ALIVE OR DEAD TUMOR FREE	Not Hispanic Or Latino	12/20/11	0.0019	EUR	No	C50.9	8520/3	C50.9	Yes	Yes	0.3161	0.08	21	No	ILC	9.468389388	0:LIVING	B35FBE19-0E6D-427E-B9BE-EE3527B5FCA6	M0	N0 (I-)	T2	Tumor Free	9.468389388	0:CENSORED	Yes	No	White	Yes	-4	1	Primary	Female	Matched	BRCA_LumA	2	Yes	No	Asterand	E9	0.7	Breast	Infiltrating Lobular Carcinoma	-72	0	High	High
TCGA-E9-A3HO-01	-0.0148357808324949	-0.0761038002300593	TCGA-E9-A3HO	49	STAGE IIA	7TH	11	-19	Breast Cancer	BRCA	Breast Invasive Lobular Carcinoma	1158	-18046	0	38.07081566	0:DiseaseFree	38.07081566	0:ALIVE OR DEAD TUMOR FREE	Not Hispanic Or Latino	2/20/12	0.4019	EUR	No	C50.9	8520/3	C50.9	Yes	Yes	0.2903	0.04	53	No	ILC	38.07081566	0:LIVING	807B62ED-D3F7-4211-83BE-754386FF2C96	M0	N0 (I-)	T2	Tumor Free	38.07081566	0:CENSORED	Yes	No	White	No	6	1	Primary	Female	Matched	BRCA_LumB	105	Yes	No	Asterand	E9	1.833333333	Breast	Infiltrating Lobular Carcinoma	-24	0	Low	Low
TCGA-E9-A3Q9-01	0.00439704625510855	0.0473808655364989	TCGA-E9-A3Q9	78	STAGE IIIC	7TH	0	-39	Breast Cancer	BRCA	Breast Invasive Lobular Carcinoma	1001	-28715	0	32.90922839	0:DiseaseFree	32.90922839	0:ALIVE OR DEAD TUMOR FREE	Not Hispanic Or Latino	4/30/12	0.0275	EUR	No	C50.9	8520/3	C50.9	Yes	No	0.3186	0.01	0	No	ILC	32.90922839	0:LIVING	E36E985D-2C44-4E14-854A-7DBCA4BB0304	M0	N3	T3	Tumor Free	32.90922839	0:CENSORED	Yes	No	White	No	-18	1	Primary	Female	Matched	NA	12	Yes	No	Asterand	E9	0	Breast	Infiltrating Lobular Carcinoma	-42	0	High	High
TCGA-E9-A3QA-01	-0.0961639289274123	-0.0848236586446152	TCGA-E9-A3QA	33	STAGE IIA	7TH	6	17	Breast Cancer	BRCA	Breast Invasive Ductal Carcinoma	918	-12142	0	30.18049117	0:DiseaseFree	30.18049117	0:ALIVE OR DEAD TUMOR FREE	Not Hispanic Or Latino	4/30/12	0.0908	EUR	No	C50.9	8510/3	C50.9	Yes	Yes	0.2997	0	40	No	IDC	30.18049117	0:LIVING	F3CB557D-23E4-4FD1-81CA-DB1A3F56D56E	M0	N0 (I-)	T2	Tumor Free	30.18049117	0:CENSORED	Yes	No	White	No	12	1	Primary	Female	Matched	BRCA_Basal	108	Yes	No	Asterand	E9	1.333333333	Breast	Medullary Carcinoma	-2	0	Low	Low
TCGA-E9-A3X8-01	-0.12876076047336	-0.0868564033518342	TCGA-E9-A3X8	48	STAGE IIB	7TH	22	-3	Breast Cancer	BRCA	Breast Invasive Lobular Carcinoma	926	-17588	0	30.44350199	0:DiseaseFree	30.44350199	0:ALIVE OR DEAD TUMOR FREE	Not Hispanic Or Latino	8/24/12	0.0767	EUR	No	C50.9	8520/3	C50.9	Yes	Yes	0.2965	0	26	No	ILC	30.44350199	0:LIVING	95873E61-AFDB-496C-9F77-3F9BEB008CDA	M0	N1	T2	Tumor Free	30.44350199	0:CENSORED	Yes	No	White	Yes	-14	1	Primary	Female	Matched	BRCA_LumA	5	Yes	No	Asterand	E9	0.866666667	Breast	Infiltrating Lobular Carcinoma	-2	0	Low	Low
TCGA-E9-A54X-01	-0.160249400182155	-0.148446641928181	TCGA-E9-A54X	85	STAGE IA	7TH	9	23	Breast Cancer	BRCA	Breast Invasive Mixed Mucinous Carcinoma	727	-31173	0	23.90110793	0:DiseaseFree	23.90110793	0:ALIVE OR DEAD TUMOR FREE	Not Hispanic Or Latino	6/21/13	0.2207	EUR	No	C50.9	8480/3	C50.9	Yes	No	0.2851	0.02	0	No	IMMC	23.90110793	0:LIVING	3DBC8D60-3A97-47B2-91D0-C18FB46B4365	M0	N0 (I-)	T1B	Tumor Free	23.90110793	0:CENSORED	Yes	No	White	No	4	1	Primary	Female	Matched	NA	29	Yes	No	Asterand	E9	0	Breast	Mucinous Carcinoma	0	0	Low	Low
TCGA-E9-A54Y-01	-0.168078059742456	-0.227567758529291	TCGA-E9-A54Y	63	STAGE IIIA	7TH	9	-13	Breast Cancer	BRCA	Breast Invasive Lobular Carcinoma	725	-23057	0	23.83535523	0:DiseaseFree	23.83535523	0:ALIVE OR DEAD TUMOR FREE	Not Hispanic Or Latino	6/21/13	0.5066	EUR	No	C50.9	8520/3	C50.9	Yes	Yes	0.3073	0.71	35	No	ILC	23.83535523	0:LIVING	182C4BDF-2C58-4303-B034-459DA86B9D90	M0	N2	T2	Tumor Free	23.83535523	0:CENSORED	Yes	No	White	No	8	1	Primary	Female	Matched	BRCA_LumB	93	Yes	No	Asterand	E9	1.2	Breast	Infiltrating Lobular Carcinoma	-2	0	Low	Low
TCGA-E9-A5FK-01	-0.176552289079756	-0.118701625808769	TCGA-E9-A5FK	60	STAGE IIIC	7TH	NA	-15	Breast Cancer	BRCA	Breast Invasive Lobular Carcinoma	812	-22199	0	26.69559786	0:DiseaseFree	26.69559786	0:ALIVE OR DEAD TUMOR FREE	Not Hispanic Or Latino	5/22/13	0.0837	EUR	No	C50.9	8520/3	C50.9	Yes	Yes	0.2958	0	22	No	ILC	26.69559786	0:LIVING	B304302A-F2B9-4CD7-AB14-C21EDF7778EA	M0	N3	T2	Tumor Free	26.69559786	0:CENSORED	Yes	No	White	Yes	-18	1	Primary	Female	Matched	BRCA_LumA	29	Yes	No	Asterand	E9	0.733333333	Breast	Infiltrating Lobular Carcinoma	-16	0	Low	Low
TCGA-E9-A5FL-01	-0.0491846018062371	0.0343788671869741	TCGA-E9-A5FL	65	STAGE IIB	7TH	20	31	Breast Cancer	BRCA	Metaplastic Breast Cancer	24	-24053	0	0.789032449	0:DiseaseFree	0.789032449	0:ALIVE OR DEAD TUMOR FREE	Not Hispanic Or Latino	5/22/13	0.3713	EUR	No	C50.9	8575/3	C50.9	Yes	Yes	0.3043	0.01	81	No	MBC	0.789032449	0:LIVING	E3935CE4-64D3-4A66-BA11-D308B844B410	M0	N0	T3	Tumor Free	0.789032449	0:CENSORED	Yes	No	White	No	16	1	Primary	Female	Matched	BRCA_Basal	193	Yes	No	Asterand	E9	2.766666667	Breast	Metaplastic Carcinoma	52	0	Low	High
TCGA-E9-A5UO-01	-0.0303296045033026	-0.077574582930799	TCGA-E9-A5UO	41	STAGE IIA	7TH	9	-39	Breast Cancer	BRCA	Breast Invasive Mixed Mucinous Carcinoma	785	-15050	0	25.80793635	0:DiseaseFree	25.80793635	0:ALIVE OR DEAD TUMOR FREE	Not Hispanic Or Latino	5/23/13	0.2246	EUR	No	C50.9	8480/3	C50.9	Yes	Yes	0.2921	0.19	24	No	IMMC	25.80793635	0:LIVING	ED2617C3-5D3B-4688-9283-0F8A10E0B10D	M0	N0	T2	Tumor Free	25.80793635	0:CENSORED	Yes	No	White	No	4	1	Primary	Female	Matched	BRCA_LumB	174	Yes	No	Asterand	E9	0.8	Breast	Mucinous Carcinoma	-42	0	Low	Low
TCGA-E9-A5UP-01	-0.0383904023446242	-0.105523262529513	TCGA-E9-A5UP	63	STAGE IIA	7TH	23	-25	Breast Cancer	BRCA	Breast Invasive Carcinoma (NOS)	803	-23371	0	26.39971069	0:DiseaseFree	26.39971069	0:ALIVE OR DEAD TUMOR FREE	Not Hispanic Or Latino	5/23/13	0.5951	EUR	No	C50.9	8503/3	C50.9	Yes	No	0.2997	0.24	0	No	BRCNOS	26.39971069	0:LIVING	A412B374-4D25-491F-B76F-DDAA989ACF59	M0	N0	T2	Tumor Free	26.39971069	0:CENSORED	Yes	No	White	Yes	-14	1	Primary	Female	Matched	NA	43	Yes	No	Asterand	E9	0	Breast	Other	-26	0	Low	Low
TCGA-E9-A6HE-01	-0.220231284630804	-0.146029902339894	TCGA-E9-A6HE	45	STAGE IIIC	7TH	8	11	Breast Cancer	BRCA	Breast Invasive Lobular Carcinoma	847	-16697	0	27.84627018	0:DiseaseFree	27.84627018	0:ALIVE OR DEAD TUMOR FREE	Not Hispanic Or Latino	10/16/13	0.1661	EUR	No	C50.9	8520/3	C50.9	Yes	Yes	0.3408	0	19	No	ILC	27.84627018	0:LIVING	7E9C8D3C-790C-46AD-8F31-B557B7C26F69	MX	N3	T3	NA	27.84627018	0:CENSORED	Yes	No	White	Yes	8	1	Primary	Female	Matched	BRCA_LumA	17	Yes	No	Asterand	E9	0.633333333	Breast	Infiltrating Lobular Carcinoma	20	0	Low	Low
TCGA-EW-A1IW-01	0.0537004172029653	0.0329786350056677	TCGA-EW-A1IW	80	STAGE IIB	7TH	6	-11	Breast Cancer	BRCA	Breast Invasive Lobular Carcinoma	371	-29529	0	12.19712661	0:DiseaseFree	12.19712661	0:ALIVE OR DEAD TUMOR FREE	Hispanic Or Latino	5/27/11	0.1756	EUR	No	C50.9	8520/3	C50.9	Yes	Yes	0.2984	0.17	79	No	ILC	12.19712661	0:LIVING	5e2cbc56-97f9-4b94-ade2-a3f739bcc7be	MX	N1A	T2	Tumor Free	12.19712661	0:CENSORED	Yes	No	White	No	20	1	Primary	Female	Matched	BRCA_LumA	83	No	Yes	University of Miami	EW	2.666666667	Breast	Infiltrating Lobular Carcinoma	-8	0	High	High
TCGA-EW-A1IX-01	0.168062400813506	0.12001518156532	TCGA-EW-A1IX	48	STAGE IIA	6TH	3	-43	Breast Cancer	BRCA	Breast Invasive Carcinoma (NOS)	1208	-17597	0	39.71463326	0:DiseaseFree	39.71463326	0:ALIVE OR DEAD TUMOR FREE	Hispanic Or Latino	6/10/11	0.0676	NA	No	C50.9	8524/3	C50.9	Yes	Yes	0.3778	0.24	32	No	BRCNOS	39.71463326	0:LIVING	e8614b7d-132e-4b4e-b1ae-df8bb4f2d4d4	MX	N1A	T1B	Tumor Free	39.71463326	0:CENSORED	Yes	No	Asian	No	-18	1	Primary	Female	Matched	BRCA_LumA	36	No	Yes	University of Miami	EW	1.066666667	Breast	Other	-30	0	High	High
TCGA-EW-A1IY-01	0.129794959793179	0.128635934817337	TCGA-EW-A1IY	38	STAGE I	6TH	2	-15	Breast Cancer	BRCA	Breast Invasive Ductal Carcinoma	258	-14122	0	8.482098826	0:DiseaseFree	8.482098826	0:ALIVE OR DEAD TUMOR FREE	Not Hispanic Or Latino	5/10/11	0.0644	NA	No	C50.9	8500/3	C50.9	Yes	Yes	0.333	0.36	28	No	IDC	8.482098826	0:LIVING	5ff12cbe-a3e0-4ce6-8452-12b984a1baaf	MX	N0	T1C	Tumor Free	8.482098826	0:CENSORED	Yes	No	Asian	No	2	1	Primary	Female	Matched	BRCA_LumB	12	No	Yes	University of Miami	EW	0.933333333	Breast	Infiltrating Ductal Carcinoma	-18	0	High	High
TCGA-EW-A1IZ-01	-0.0991074343578389	-0.0997361340062113	TCGA-EW-A1IZ	53	STAGE IIIA	7TH	2	-13	Breast Cancer	BRCA	Breast Invasive Ductal Carcinoma	554	-19706	0	18.21349903	0:DiseaseFree	18.21349903	0:ALIVE OR DEAD TUMOR FREE	Not Hispanic Or Latino	5/11/11	0.0078	NA	No	C50.9	8500/3	C50.9	Yes	Yes	0.5417	8.42	366	No	IDC	18.21349903	0:LIVING	c0f88fc5-56b0-4255-bbd1-9a21ced8b37b	MX	N2A	T2	Tumor Free	18.21349903	0:CENSORED	Yes	No	White	Yes	6	1	Primary	Female	Matched	BRCA_LumA	47	No	Yes	University of Miami	EW	12.3	Breast	Infiltrating Ductal Carcinoma	-34	0	Low	Low
TCGA-EW-A1J1-01	0.120572503215765	0.0507418365755105	TCGA-EW-A1J1	38	STAGE IIB	7TH	13	-23	Breast Cancer	BRCA	Breast Invasive Ductal Carcinoma	575	-14122	0	18.90390242	0:DiseaseFree	18.90390242	0:ALIVE OR DEAD TUMOR FREE	Hispanic Or Latino	5/11/11	0.2787	NA	No	C50.9	8500/3	C50.9	Yes	Yes	0.3332	0.91	15	No	IDC	18.90390242	0:LIVING	ed6cef77-1bd9-4e3b-b576-550a91e4253a	M0	N1A	T2	Tumor Free	18.90390242	0:CENSORED	Yes	No	White	Yes	-14	1	Primary	Female	Matched	BRCA_LumA	76	No	Yes	University of Miami	EW	0.5	Breast	Infiltrating Ductal Carcinoma	-16	0	High	High
TCGA-EW-A1J2-01	0.0858501456829828	0.100451682085505	TCGA-EW-A1J2	50	STAGE IIB	7TH	4	-43	Breast Cancer	BRCA	Breast Invasive Lobular Carcinoma	403	-18558	0	13.24916987	0:DiseaseFree	13.24916987	0:ALIVE OR DEAD TUMOR FREE	Not Hispanic Or Latino	5/27/11	0.1378	SAS	No	C50.9	8520/3	C50.9	Yes	Yes	0.3199	0.13	33	No	ILC	13.24916987	0:LIVING	a381275f-8858-4793-a8a2-0ca9db7274c8	MX	N1MI	T1C	Tumor Free	13.24916987	0:CENSORED	Yes	No	Black or African American	No	-16	1	Primary	Female	Matched	BRCA_LumA	14	No	Yes	University of Miami	EW	1.1	Breast	Infiltrating Lobular Carcinoma	-32	0	High	High
TCGA-EW-A1J3-01	0.0647512563605074	0.0457383538279365	TCGA-EW-A1J3	61	STAGE IA	7TH	9	-11	Breast Cancer	BRCA	Breast Invasive Lobular Carcinoma	504	-22332	0	16.56968143	0:DiseaseFree	16.56968143	0:ALIVE OR DEAD TUMOR FREE	Hispanic Or Latino	5/18/11	0.1817	EUR	No	C50.9	8520/3	C50.9	Yes	Yes	0.294	0.18	22	No	ILC	16.56968143	0:LIVING	bb1de798-0c02-437e-b539-33cb556d3993	M0	N0	T1C	Tumor Free	16.56968143	0:CENSORED	Yes	No	White	No	8	1	Primary	Female	Matched	BRCA_LumA	54	No	Yes	University of Miami	EW	0.733333333	Breast	Infiltrating Lobular Carcinoma	-6	0	High	High
TCGA-EW-A1J5-01	0.127890315449729	0.0698164172954143	TCGA-EW-A1J5	59	STAGE IIB	7TH	8	-33	Breast Cancer	BRCA	Breast Invasive Lobular Carcinoma	477	-21559	0	15.68201992	0:DiseaseFree	15.68201992	0:ALIVE OR DEAD TUMOR FREE	Not Hispanic Or Latino	6/10/11	0.1777	EUR	No	C50.9	8520/3	C50.9	Yes	Yes	0.312	0.24	365	No	ILC	15.68201992	0:LIVING	5d8ed961-a012-4b6b-bffb-9468d3953646	M0	N0 (I-)	T3	Tumor Free	15.68201992	0:CENSORED	Yes	No	White	No	10	1	Primary	Female	Matched	BRCA_LumA	34	No	Yes	University of Miami	EW	12.26666667	Breast	Infiltrating Lobular Carcinoma	-32	0	High	High
TCGA-EW-A1J6-01	0.0734068362476833	0.00206470013378194	TCGA-EW-A1J6	70	STAGE I	6TH	16	-7	Breast Cancer	BRCA	Breast Invasive Ductal Carcinoma	875	-25830	0	28.76680804	0:DiseaseFree	28.76680804	0:ALIVE OR DEAD TUMOR FREE	Hispanic Or Latino	5/11/11	0.9022	NA	No	C50.9	8500/3	C50.9	Yes	Yes	0.3472	1.86	31	No	IDC	28.76680804	0:LIVING	87281a89-91d2-44f7-9f80-668567ad5c72	M0	N0 (I-)	T1C	Tumor Free	28.76680804	0:CENSORED	Yes	No	White	No	2	1	Primary	Female	Matched	BRCA_LumB	172	No	Yes	University of Miami	EW	1.033333333	Breast	Infiltrating Ductal Carcinoma	-8	0	High	High
TCGA-EW-A1OV-01	-0.153891294883676	-0.0996060899833148	TCGA-EW-A1OV	56	STAGE IIB	6TH	18	-9	Breast Cancer	BRCA	Breast Invasive Ductal Carcinoma	789	-20764	0	25.93944176	0:DiseaseFree	25.93944176	0:ALIVE OR DEAD TUMOR FREE	Hispanic Or Latino	5/27/11	0.3884	EUR	No	C50.9	8500/3	C50.9	Yes	Yes	0.3521	0.96	97	No	IDC	25.93944176	0:LIVING	ac68d219-5670-4ddd-8df6-8aa7ad59e5c7	MX	N1MI	T2	Tumor Free	25.93944176	0:CENSORED	Yes	No	White	No	18	1	Primary	Female	Matched	BRCA_Her2	51	No	Yes	University of Miami	EW	3.3	Breast	Infiltrating Ductal Carcinoma	-24	0	Low	Low
TCGA-EW-A1OW-01	-0.146654031130415	-0.102426498857797	TCGA-EW-A1OW	58	STAGE IIA	6TH	19	21	Breast Cancer	BRCA	Breast Invasive Ductal Carcinoma	694	-21465	0	22.81618832	0:DiseaseFree	22.81618832	0:ALIVE OR DEAD TUMOR FREE	Not Hispanic Or Latino	5/18/11	0.4637	AFR	No	C50.9	8090/3	C50.9	Yes	No	NA	NA	0	No	IDC	22.81618832	0:LIVING	f55dd73d-8c36-440b-84e5-9aae53107775	MX	N0	T2	Tumor Free	22.81618832	0:CENSORED	Yes	No	Black or African American	Yes	14	1	Primary	Female	Matched	NA	82	No	Yes	University of Miami	EW	0	Breast	Infiltrating Ductal Carcinoma	20	0	Low	Low
TCGA-EW-A1OX-01	0.0266956150122602	-0.0330250159987617	TCGA-EW-A1OX	43	STAGE IIA	6TH	1	-33	Breast Cancer	BRCA	Breast Invasive Mixed Mucinous Carcinoma	911	-15837	0	29.95035671	0:DiseaseFree	29.95035671	0:ALIVE OR DEAD TUMOR FREE	Hispanic Or Latino	5/18/11	0.0924	AFR_ADMIX	No	C50.9	8523/3	C50.9	Yes	Yes	0.3465	1.98	11	No	IMMC	29.95035671	0:LIVING	5fc7ff35-d3f7-4687-8759-3542bd58e988	MX	N0	T2	Tumor Free	29.95035671	0:CENSORED	Yes	No	White	Yes	-10	1	Primary	Female	Matched	BRCA_LumB	84	No	Yes	University of Miami	EW	0.4	Breast	Mucinous Carcinoma	-48	0	High	Low
TCGA-EW-A1OY-01	-0.0741826691043005	-0.143650256265393	TCGA-EW-A1OY	63	STAGE IIA	6TH	18	15	Breast Cancer	BRCA	Breast Invasive Ductal Carcinoma	908	-23266	0	29.85172765	0:DiseaseFree	29.85172765	0:ALIVE OR DEAD TUMOR FREE	Hispanic Or Latino	6/10/11	0.593	NA	No	C50.9	8500/3	C50.9	Yes	Yes	0.3431	1.39	57	No	IDC	29.85172765	0:LIVING	53ff5893-7d5e-4bcb-be9c-665fa34b7824	MX	N0	T2	Tumor Free	29.85172765	0:CENSORED	Yes	No	White	Yes	10	1	Primary	Female	Matched	BRCA_LumB	195	No	Yes	University of Miami	EW	1.9	Breast	Infiltrating Ductal Carcinoma	10	0	Low	Low
TCGA-EW-A1OZ-01	-0.0412771320504919	-0.0747180881651248	TCGA-EW-A1OZ	56	STAGE IIA	6TH	16	7	Breast Cancer	BRCA	Breast Invasive Ductal Carcinoma	1229	-20664	0	40.40503666	0:DiseaseFree	40.40503666	0:ALIVE OR DEAD TUMOR FREE	Not Hispanic Or Latino	5/11/11	0.6261	NA	No	C50.9	8500/3	C50.9	Yes	Yes	0.3658	3.86	53	No	IDC	40.40503666	0:LIVING	8f912a40-3251-4e1f-ae65-1f93d71f9881	M0	N0 (I-)	T2	Tumor Free	40.40503666	0:CENSORED	Yes	No	Black or African American	No	22	1	Primary	Female	Matched	BRCA_LumB	312	No	Yes	University of Miami	EW	1.766666667	Breast	Infiltrating Ductal Carcinoma	24	0	Low	Low
TCGA-EW-A1P0-01	0.0120284121695277	-0.042378039039477	TCGA-EW-A1P0	55	STAGE IIB	6TH	5	-27	Breast Cancer	BRCA	Breast Invasive Carcinoma (NOS)	1251	-20107	0	35.96672913	1:Recurred/Progressed	41.1283164	0:ALIVE OR DEAD TUMOR FREE	Not Hispanic Or Latino	5/10/11	0.2439	EUR	No	C50.9	8523/3	C50.9	Yes	Yes	0.3252	0.37	20	Yes	BRCNOS	41.1283164	0:LIVING	81e32f39-3aa0-468b-87ed-dd2eb6165ddf	MX	N1B	T2	With Tumor	35.96672913	1:PROGRESSION	Yes	No	White	Yes	2	1	Primary	Female	Matched	BRCA_LumB	90	No	Yes	University of Miami	EW	0.666666667	Breast	Other	-36	0	High	Low
TCGA-EW-A1P1-01	0.0464105851040307	0.124121299886784	TCGA-EW-A1P1	68	STAGE IIIC	6TH	0	-15	Breast Cancer	BRCA	Breast Invasive Ductal Carcinoma	1210	-24923	0	33.33662097	1:Recurred/Progressed	39.78038597	0:ALIVE OR DEAD TUMOR FREE	Hispanic Or Latino	5/27/11	8e-04	EUR	No	C50.9	8500/3	C50.9	Yes	Yes	0.3277	1.16	2	Yes	IDC	39.78038597	0:LIVING	f2e28af9-c40e-41c4-9e82-205cca38f26a	MX	N3B	T2	With Tumor	33.33662097	1:PROGRESSION	Yes	No	White	Yes	-10	1	Primary	Female	Matched	BRCA_Normal	2	No	Yes	University of Miami	EW	0.066666667	Breast	Infiltrating Ductal Carcinoma	-8	0	High	High
TCGA-EW-A1P3-01	-0.028106379534813	-0.054064932739909	TCGA-EW-A1P3	48	STAGE IIA	6TH	11	-9	Breast Cancer	BRCA	Breast Invasive Ductal Carcinoma	1611	-17637	0	52.96380314	0:DiseaseFree	52.96380314	0:ALIVE OR DEAD TUMOR FREE	Not Hispanic Or Latino	6/10/11	0.2396	EUR	No	C50.9	8500/3	C50.9	Yes	Yes	0.3187	0.04	22	No	IDC	52.96380314	0:LIVING	1ff85ada-3cdd-4afb-b311-2c7befb52702	MX	N0	T2	Tumor Free	52.96380314	0:CENSORED	Yes	Yes	White	No	8	1	Primary	Female	Matched	BRCA_LumA	16	No	Yes	University of Miami	EW	0.733333333	Breast	Infiltrating Ductal Carcinoma	-6	0	Low	Low
TCGA-EW-A1P4-01	-0.00962187333099794	0.0188611059878919	TCGA-EW-A1P4	43	STAGE IIA	6TH	17	39	Breast Cancer	BRCA	Breast Invasive Ductal Carcinoma	907	-15989	0	29.8188513	0:DiseaseFree	29.8188513	0:ALIVE OR DEAD TUMOR FREE	Hispanic Or Latino	5/11/11	0.4697	NA	No	C50.9	8510/3	C50.9	Yes	Yes	0.3721	0.97	60	No	IDC	29.8188513	0:LIVING	521e2140-ae5b-456f-8699-97398d009687	M0	N0 (I-)	T2	Tumor Free	29.8188513	0:CENSORED	Yes	No	White	Yes	20	1	Primary	Female	Matched	BRCA_Basal	234	No	Yes	University of Miami	EW	1.966666667	Breast	Medullary Carcinoma	30	0	High	High
TCGA-EW-A1P5-01	-0.008715487271391	-0.047964977814334	TCGA-EW-A1P5	77	STAGE IIB	7TH	19	-25	Breast Cancer	BRCA	Breast Invasive Ductal Carcinoma	703	-28177	0	23.11207548	0:DiseaseFree	23.11207548	0:ALIVE OR DEAD TUMOR FREE	Not Hispanic Or Latino	5/11/11	0.2559	NA	No	C50.9	8500/3	C50.9	Yes	Yes	0.335	0.28	17	No	IDC	23.11207548	0:LIVING	53d0af48-d7ea-42c9-8695-c614b89b415b	M0	N1A	T2	Tumor Free	23.11207548	0:CENSORED	Yes	No	White	Yes	-10	1	Primary	Female	Matched	BRCA_LumA	22	No	Yes	University of Miami	EW	0.566666667	Breast	Infiltrating Ductal Carcinoma	-24	0	High	Low
TCGA-EW-A1P6-01	0.0574790431760717	-0.00487293027900667	TCGA-EW-A1P6	64	STAGE IIB	7TH	5	-21	Breast Cancer	BRCA	Breast Invasive Ductal Carcinoma	562	-23485	0	NA	NA	18.47650985	0:ALIVE OR DEAD TUMOR FREE	Hispanic Or Latino	5/19/11	0.0919	EUR	No	C50.9	8500/3	C50.9	Yes	Yes	0.3383	0.35	20	No	IDC	18.47650985	0:LIVING	ee5744c0-a8dc-43f2-abdd-0b5529a3e9fb	M0	N1A	T2	Tumor Free	18.47650985	0:CENSORED	Yes	No	White	Yes	4	1	Primary	Female	Matched	BRCA_LumA	23	No	Yes	University of Miami	EW	0.666666667	Breast	Infiltrating Ductal Carcinoma	-10	0	High	High
TCGA-EW-A1P7-01	0.0208198546598729	0.107831263257106	TCGA-EW-A1P7	59	STAGE IIA	6TH	1	-33	Breast Cancer	BRCA	Breast Invasive Ductal Carcinoma	915	-21750	0	23.96686064	1:Recurred/Progressed	30.08186212	0:ALIVE OR DEAD TUMOR FREE	Hispanic Or Latino	5/18/11	0.0027	NA	No	C50.9	8500/3	C50.9	Yes	Yes	0.3686	1.05	19	Yes	IDC	30.08186212	0:LIVING	01674b2c-5cf2-478f-84a1-f69c39f47bd4	M0	N0 (I-)	T2	Tumor Free	23.96686064	1:PROGRESSION	Yes	No	White	No	-16	1	Primary	Female	Matched	BRCA_Normal	16	No	Yes	University of Miami	EW	0.666666667	Breast	Infiltrating Ductal Carcinoma	-30	0	High	High
TCGA-EW-A1P8-01	-0.12495338565865	-0.0692039692356805	TCGA-EW-A1P8	58	STAGE IIIC	7TH	18	23	Breast Cancer	BRCA	Breast Invasive Ductal Carcinoma	NA	-21501	0	6.805404872	1:Recurred/Progressed	7.857448138	1:DEAD WITH TUMOR	Not Hispanic Or Latino	5/27/11	0.9462	EUR	No	C50.9	8500/3	C50.9	Yes	Yes	0.3189	1.23	28	Yes	IDC	7.857448138	1:DECEASED	359f12f9-5c41-48a4-85bc-fd7e307bf7d8	M0	N3B	T2	With Tumor	6.805404872	1:PROGRESSION	Yes	No	White	No	12	1	Primary	Female	Matched	BRCA_Basal	95	No	Yes	University of Miami	EW	0.933333333	Breast	Infiltrating Ductal Carcinoma	-2	1	Low	Low
TCGA-EW-A1PA-01	0.0680677652889489	0.00472769812663159	TCGA-EW-A1PA	59	STAGE IIB	7TH	9	-5	Breast Cancer	BRCA	Breast Invasive Ductal Carcinoma	575	-21837	0	18.90390242	0:DiseaseFree	18.90390242	0:ALIVE OR DEAD TUMOR FREE	Hispanic Or Latino	5/11/11	0.3026	EUR	No	C50.9	8500/3	C50.9	Yes	Yes	0.3289	2.02	29	No	IDC	18.90390242	0:LIVING	4cfef7f9-f1ee-401c-a2a3-c225d4adc3b6	M0	N1A	T2	Tumor Free	18.90390242	0:CENSORED	Yes	No	White	Yes	10	1	Primary	Female	Matched	BRCA_LumA	185	No	Yes	University of Miami	EW	0.966666667	Breast	Infiltrating Ductal Carcinoma	-8	0	High	High
TCGA-EW-A1PB-01	-0.12897479013527	-0.0569847887104624	TCGA-EW-A1PB	70	STAGE IIIA	6TH	14	21	Breast Cancer	BRCA	Breast Invasive Ductal Carcinoma	608	-25770	0	19.98882204	0:DiseaseFree	19.98882204	0:ALIVE OR DEAD TUMOR FREE	Not Hispanic Or Latino	5/18/11	0.1579	NA	No	C50.9	8500/3	C50.9	Yes	Yes	0.3663	1.08	130	No	IDC	19.98882204	0:LIVING	88db1340-e4bf-451a-87c0-6e9168296f5e	MX	N1A	T3	Tumor Free	19.98882204	0:CENSORED	Yes	No	Black or African American	No	4	1	Primary	Female	Matched	BRCA_Basal	195	No	Yes	University of Miami	EW	4.366666667	Breast	Infiltrating Ductal Carcinoma	2	0	Low	Low
TCGA-EW-A1PC-01	-0.0223901813300778	-0.0494324900025842	TCGA-EW-A1PC	66	STAGE IIB	7TH	25	1	Breast Cancer	BRCA	Breast Invasive Ductal Carcinoma	187	-24434	0	6.147877832	0:DiseaseFree	6.147877832	0:ALIVE OR DEAD TUMOR FREE	Not Hispanic Or Latino	9/28/11	0.59	NA	No	C50.9	8500/3	C50.9	Yes	No	0.3364	0.87	0	No	IDC	6.147877832	0:LIVING	F45210D3-9E66-4F5E-BEF1-5EE5547CC893	MX	N0 (I-)	T3	Tumor Free	6.147877832	0:CENSORED	Yes	No	Black or African American	No	16	1	Primary	Female	Matched	NA	166	No	Yes	University of Miami	EW	0	Breast	Infiltrating Ductal Carcinoma	8	0	Low	Low
TCGA-EW-A1PD-01	0.0756049739091276	0.0411517774095369	TCGA-EW-A1PD	61	STAGE IIA	7TH	9	-17	Breast Cancer	BRCA	Breast Invasive Ductal Carcinoma	424	-22536	0	13.93957327	0:DiseaseFree	13.93957327	0:ALIVE OR DEAD TUMOR FREE	Hispanic Or Latino	5/18/11	0.3329	EUR	No	C50.9	8500/3	C50.9	Yes	No	0.3721	4.09	71	No	IDC	13.93957327	0:LIVING	4dfc233b-ed03-4825-8089-e04cdee99996	M0	N1A	T1C	Tumor Free	13.93957327	0:CENSORED	Yes	No	White	No	10	1	Primary	Male	Matched	NA	66	No	Yes	University of Miami	EW	2.366666667	Breast	Infiltrating Ductal Carcinoma	-14	0	High	High
TCGA-EW-A1PE-01	0.0892039918936872	0.0810751426219483	TCGA-EW-A1PE	56	STAGE IIA	7TH	6	-35	Breast Cancer	BRCA	Breast Invasive Ductal Carcinoma	320	-20694	0	10.52043265	0:DiseaseFree	10.52043265	0:ALIVE OR DEAD TUMOR FREE	Hispanic Or Latino	5/27/11	0.1758	NA	No	C50.9	8507/3	C50.9	Yes	Yes	0.3418	0.44	28	No	IDC	10.52043265	0:LIVING	f3b86c02-09a5-4e97-aa7a-86f13f7cda4b	M0	N1A	T1C	Tumor Free	10.52043265	0:CENSORED	Yes	No	White	Yes	-6	1	Primary	Female	Matched	BRCA_LumA	11	No	Yes	University of Miami	EW	0.933333333	Breast	Infiltrating Ductal Carcinoma	-40	0	High	High
TCGA-EW-A1PF-01	0.071558567874246	0.0753542211479311	TCGA-EW-A1PF	50	STAGE IA	7TH	8	-37	Breast Cancer	BRCA	Breast Invasive Ductal Carcinoma	439	-18384	0	14.43271855	0:DiseaseFree	14.43271855	0:ALIVE OR DEAD TUMOR FREE	Hispanic Or Latino	5/27/11	0.2254	NA	No	C50.9	8500/3	C50.9	Yes	No	NA	NA	0	No	IDC	14.43271855	0:LIVING	848773a3-2f4a-4186-ab3f-de667129accf	M0	N0	T1C	Tumor Free	14.43271855	0:CENSORED	Yes	No	White	No	-6	1	Primary	Female	Matched	NA	41	No	Yes	University of Miami	EW	0	Breast	Infiltrating Ductal Carcinoma	-24	0	High	High
TCGA-EW-A1PG-01	0.024885932628948	0.0201873715647266	TCGA-EW-A1PG	53	STAGE IIB	6TH	0	-11	Breast Cancer	BRCA	Breast Invasive Lobular Carcinoma	1051	-19464	0	34.55304599	0:DiseaseFree	34.55304599	0:ALIVE OR DEAD TUMOR FREE	Hispanic Or Latino	5/18/11	4e-04	EUR	No	C50.9	8520/3	C50.9	Yes	Yes	0.3521	0.21	9	No	ILC	34.55304599	0:LIVING	da286247-e8bb-4941-a2af-2453fe61cd02	MX	N1A	T2	Tumor Free	34.55304599	0:CENSORED	Yes	No	White	No	-10	1	Primary	Female	Matched	BRCA_Normal	17	No	Yes	University of Miami	EW	0.3	Breast	Infiltrating Lobular Carcinoma	14	0	High	High
TCGA-EW-A1PH-01	0.062342186322158	0.00534249559893104	TCGA-EW-A1PH	52	STAGE IIA	7TH	11	25	Breast Cancer	BRCA	Breast Invasive Ductal Carcinoma	607	-19073	0	19.95594569	0:DiseaseFree	19.95594569	0:ALIVE OR DEAD TUMOR FREE	Hispanic Or Latino	5/27/11	0.4664	EUR	No	C50.9	8500/3	C50.9	Yes	Yes	0.2948	0.74	47	No	IDC	19.95594569	0:LIVING	4da999a0-ef41-4a0b-b1d1-446b39cc855a	M0	N1A	T1C	Tumor Free	19.95594569	0:CENSORED	Yes	No	White	Yes	14	1	Primary	Female	Matched	BRCA_Basal	288	No	Yes	University of Miami	EW	1.566666667	Breast	Infiltrating Ductal Carcinoma	18	0	High	High
TCGA-EW-A2FR-01	0.00551559277516272	0.111256832052506	TCGA-EW-A2FR	59	STAGE IIIC	6TH	22	5	Breast Cancer	BRCA	Breast Invasive Ductal Carcinoma	1673	-21628	0	55.00213696	0:DiseaseFree	55.00213696	0:ALIVE OR DEAD TUMOR FREE	Not Hispanic Or Latino	10/12/11	0.0742	SAS	No	C50.9	8500/3	C50.9	Yes	Yes	0.2905	0.02	39	No	IDC	55.00213696	0:LIVING	AF97E043-88CB-4F99-8F8B-9BCBCCCDF842	MX	N3A	T1B	Tumor Free	55.00213696	0:CENSORED	Yes	No	Black or African American	Yes	14	1	Primary	Female	Matched	BRCA_Her2	182	No	Yes	University of Miami	EW	1.266666667	Breast	Infiltrating Ductal Carcinoma	16	0	High	High
TCGA-EW-A2FS-01	0.132633629452303	0.0132777653718617	TCGA-EW-A2FS	41	STAGE IIB	6TH	4	-11	Breast Cancer	BRCA	Breast Invasive Ductal Carcinoma	1604	-15302	0	52.73366867	0:DiseaseFree	52.73366867	0:ALIVE OR DEAD TUMOR FREE	Not Hispanic Or Latino	10/12/11	0.1908	NA	No	C50.9	8500/3	C50.9	Yes	Yes	0.3517	0.97	27	No	IDC	52.73366867	0:LIVING	D34471A1-B367-4F8A-B35A-C5901C4F5503	MX	N1MI	T2	Tumor Free	52.73366867	0:CENSORED	Yes	No	Black or African American	Yes	2	1	Primary	Female	Matched	BRCA_LumA	155	No	Yes	University of Miami	EW	0.9	Breast	Infiltrating Ductal Carcinoma	-10	0	High	High
TCGA-EW-A2FV-01	-0.0339120712559152	-0.0409553213970909	TCGA-EW-A2FV	39	STAGE IIIC	7TH	21	1	Breast Cancer	BRCA	Breast Invasive Carcinoma (NOS)	788	-14316	0	25.90656541	0:DiseaseFree	25.90656541	0:ALIVE OR DEAD TUMOR FREE	Hispanic Or Latino	10/5/11	0.1508	EUR	No	C50.9	8507/3	C50.9	Yes	Yes	0.3338	1.49	3879	No	BRCNOS	25.90656541	0:LIVING	F45AA0B2-F3DE-4DB5-9730-E5C6C4E2ED3A	MX	N3A	T3	Tumor Free	25.90656541	0:CENSORED	No	No	White	Yes	16	1	Primary	Female	Matched	BRCA_LumA	105	No	Yes	University of Miami	EW	130.3	Breast	Other	-4	0	Low	Low
TCGA-EW-A2FW-01	-0.100371914197287	-0.146534499298221	TCGA-EW-A2FW	52	STAGE IIA	7TH	5	-9	Breast Cancer	BRCA	Breast Invasive Carcinoma (NOS)	672	-19085	0	22.09290857	0:DiseaseFree	22.09290857	0:ALIVE OR DEAD TUMOR FREE	Hispanic Or Latino	10/5/11	0.2122	NA	No	C50.9	8503/3	C50.9	Yes	Yes	0.3328	0.25	23	No	BRCNOS	22.09290857	0:LIVING	E6F527A2-38EB-457E-BB39-3C5B9C0BCBEC	MX	N0 (I-)	T2	Tumor Free	22.09290857	0:CENSORED	Yes	No	White	Yes	8	1	Primary	Female	Matched	BRCA_LumB	158	No	Yes	University of Miami	EW	0.766666667	Breast	Other	0	0	Low	Low
TCGA-EW-A3E8-01	-0.0826318026002154	-0.0682594033042217	TCGA-EW-A3E8	60	STAGE IIB	7TH	4	-29	Breast Cancer	BRCA	Breast Invasive Lobular Carcinoma	1035	-21922	0	34.02702436	0:DiseaseFree	34.02702436	0:ALIVE OR DEAD TUMOR FREE	Hispanic Or Latino	2/8/13	0.0997	EUR	No	C50.9	8520/3	C50.9	Yes	No	0.2998	0	0	No	ILC	34.02702436	0:LIVING	C0B7B798-3383-4A45-A455-9ECA5810739E	MX	N0	T3	Tumor Free	34.02702436	0:CENSORED	Yes	No	White	Yes	-4	1	Primary	Female	Matched	NA	72	Yes	No	University of Miami	EW	0	Breast	Infiltrating Lobular Carcinoma	-32	0	Low	Low
TCGA-EW-A3U0-01	0.00800037947708392	0.101426313837735	TCGA-EW-A3U0	61	STAGE IIIA	7TH	12	-17	Breast Cancer	BRCA	Breast Invasive Ductal Carcinoma	532	-22520	0	17.49021929	0:DiseaseFree	17.49021929	0:ALIVE OR DEAD TUMOR FREE	Not Hispanic Or Latino	5/24/12	0.4676	NA	No	C50.9	8500/3	C50.9	Yes	No	0.3219	0.07	0	No	IDC	17.49021929	0:LIVING	D9DC3B59-613D-469E-8B4F-6C5A557EB26A	M0	N1A	T3	Tumor Free	17.49021929	0:CENSORED	Yes	No	Black or African American	Yes	6	1	Primary	Female	Matched	NA	610	Yes	No	University of Miami	EW	0	Breast	Infiltrating Ductal Carcinoma	-26	0	High	High
TCGA-EW-A423-01	-0.0800234047647762	-0.0808998873475708	TCGA-EW-A423	75	STAGE IIA	7TH	28	-27	Breast Cancer	BRCA	Breast Invasive Lobular Carcinoma	533	-27627	0	17.52309564	0:DiseaseFree	17.52309564	0:ALIVE OR DEAD TUMOR FREE	Hispanic Or Latino	1/4/13	0.6939	NA	No	C50.9	8520/3	C50.9	Yes	Yes	0.3097	0.45	43	No	ILC	17.52309564	0:LIVING	BDD08EC8-8892-4273-8F21-6FDE0F23C52D	MX	N0	T2	Tumor Free	17.52309564	0:CENSORED	Yes	No	White	NA	-6	1	Primary	Female	Matched	BRCA_LumA	87	Yes	No	University of Miami	EW	1.466666667	Breast	Infiltrating Lobular Carcinoma	-26	0	Low	Low
TCGA-EW-A424-01	-0.0893555444923493	-0.0678763234956463	TCGA-EW-A424	51	STAGE IIIA	7TH	4	-25	Breast Cancer	BRCA	Breast Invasive Lobular Carcinoma	715	-18850	0	23.50659171	0:DiseaseFree	23.50659171	0:ALIVE OR DEAD TUMOR FREE	Hispanic Or Latino	3/26/13	0.1872	NA	No	C50.9	8520/3	C50.9	Yes	No	NA	0	0	No	ILC	23.50659171	0:LIVING	A6502F17-6BEE-4D5A-8520-06364593D39C	MX	N1	T3	Tumor Free	23.50659171	0:CENSORED	Yes	No	White	Yes	0	1	Primary	Female	Matched	NA	45	Yes	No	University of Miami	EW	0	Breast	Infiltrating Lobular Carcinoma	-40	0	Low	Low
TCGA-EW-A6S9-01	-0.0387424433949016	-0.0111911034850135	TCGA-EW-A6S9	34	STAGE IIA	7TH	4	-7	Breast Cancer	BRCA	Breast Invasive Ductal Carcinoma	463	-12755	0	NA	NA	15.221751	0:ALIVE OR DEAD TUMOR FREE	Not Hispanic Or Latino	3/13/15	0.1839	AFR_ADMIX	No	C50.9	8500/3	C50.9	Yes	Yes	0.3458	0.54	25	No	IDC	15.221751	0:LIVING	9676E46B-8F29-43CD-AB65-EB6A535CCED4	M0	N1	T1C	Tumor Free	15.221751	0:CENSORED	Yes	No	Black or African American	No	12	1	Primary	Female	Matched	BRCA_LumA	218	NA	NA	University of Miami	EW	0.833333333	Breast	Infiltrating Ductal Carcinoma	22	0	Low	High
TCGA-EW-A6SA-01	0.130794896165731	-0.050984267788037	TCGA-EW-A6SA	59	STAGE II	7TH	16	-3	Breast Cancer	BRCA	Breast Invasive Ductal Carcinoma	510	-21623	0	16.76693954	0:DiseaseFree	16.76693954	0:ALIVE OR DEAD TUMOR FREE	Not Hispanic Or Latino	2/27/15	0.5613	AFR	No	C50.9	8500/3	C50.9	Yes	No	0.3435	0.78	65	No	IDC	16.76693954	0:LIVING	ABA5F46A-E67A-4CD2-9C52-C0686968FF04	MX	N0 (I+)	T2	Tumor Free	16.76693954	0:CENSORED	Yes	No	Black or African American	No	8	1	Primary	Male	Matched	NA	172	Yes	No	University of Miami	EW	2.233333333	Breast	Infiltrating Ductal Carcinoma	-14	0	High	Low
TCGA-EW-A6SB-01	-0.338875837653068	-0.243436367649061	TCGA-EW-A6SB	62	STAGE II	7TH	23	11	Breast Cancer	BRCA	Breast Invasive Ductal Carcinoma	760	-22844	0	24.98602755	0:DiseaseFree	24.98602755	0:ALIVE OR DEAD TUMOR FREE	Not Hispanic Or Latino	3/12/15	0.2153	AFR	No	C50.9	8500/3	C50.9	Yes	Yes	0.3424	0.01	65	No	IDC	24.98602755	0:LIVING	5C59028F-B8FA-4811-8314-BE3EAED5F364	M0	N0	T2	Tumor Free	24.98602755	0:CENSORED	Yes	No	Black or African American	Yes	12	1	Primary	Female	Matched	BRCA_Basal	104	NA	NA	University of Miami	EW	2.2	Breast	Infiltrating Ductal Carcinoma	-18	0	Low	Low
TCGA-EW-A6SC-01	-0.0328737186224341	-0.0186405963876422	TCGA-EW-A6SC	60	STAGE IIA	7TH	5	-23	Breast Cancer	BRCA	Breast Invasive Lobular Carcinoma	952	-21918	0	31.29828714	0:DiseaseFree	31.29828714	0:ALIVE OR DEAD TUMOR FREE	Not Hispanic Or Latino	3/12/15	0.1298	AFR	No	C50.9	8520/3	C50.9	Yes	Yes	0.3447	0	27	No	ILC	31.29828714	0:LIVING	97862B8E-9F76-4B19-A865-156A9C00FB1E	M0	N0	T2	Tumor Free	31.29828714	0:CENSORED	Yes	No	Black or African American	Yes	6	1	Primary	Female	Matched	BRCA_LumA	91	NA	NA	University of Miami	EW	0.866666667	Breast	Infiltrating Lobular Carcinoma	-22	0	Low	Low
TCGA-EW-A6SD-01	-0.00399928989503273	-0.0141895531206099	TCGA-EW-A6SD	32	STAGE IIB	7TH	24	9	Breast Cancer	BRCA	Breast Invasive Ductal Carcinoma	1010	-12006	0	33.20511556	0:DiseaseFree	33.20511556	0:ALIVE OR DEAD TUMOR FREE	Hispanic Or Latino	3/14/15	0.4194	NA	No	C50.9	8500/3	C50.9	Yes	Yes	0.3517	0.34	43	No	IDC	33.20511556	0:LIVING	42378DBC-A123-4CF9-8502-165E89FDA271	M0	N1A	T2	Tumor Free	33.20511556	0:CENSORED	Yes	No	Black or African American	Yes	18	1	Primary	Female	Matched	BRCA_Her2	315	Yes	No	University of Miami	EW	1.5	Breast	Infiltrating Ductal Carcinoma	-4	0	High	High
TCGA-GI-A2C8-01	0.128997646650352	0.130342641021573	TCGA-GI-A2C8	63	STAGE IIIB	6TH	13	-29	Breast Cancer	BRCA	Breast Invasive Ductal Carcinoma	225	-23103	0	7.397179209	0:DiseaseFree	7.397179209	0:ALIVE OR DEAD TUMOR FREE	Not Hispanic Or Latino	10/21/11	0.5576	EUR	Yes	C50.9	8500/3	C50.9	Yes	Yes	0.3289	0.19	105	No	IDC	7.397179209	0:LIVING	33fe5833-d7a0-43d7-a03d-56985ea448a6	MX	N0	T4B	NA	7.397179209	0:CENSORED	Yes	No	White	Yes	-18	1	Primary	Female	Matched	BRCA_LumA	328	No	Yes	ABS - IUPUI	GI	3.533333333	Breast	Infiltrating Ductal Carcinoma	-20	0	High	High
TCGA-GI-A2C9-01	0.0136040567123023	0.0383184357809335	TCGA-GI-A2C9	58	STAGE IIB	6TH	8	3	Breast Cancer	BRCA	Breast Invasive Ductal Carcinoma	3342	-21534	0	109.8727685	0:DiseaseFree	109.8727685	0:ALIVE OR DEAD TUMOR FREE	Not Hispanic Or Latino	10/21/11	0.5638	NA	No	C50.9	8500/3	C50.9	Yes	No	0.3253	0.13	0	No	IDC	109.8727685	0:LIVING	9F6BE944-83DE-42AB-8738-F0022F475E61	MX	N0	T3	Tumor Free	109.8727685	0:CENSORED	Yes	No	Black or African American	Yes	-4	1	Primary	Female	Matched	NA	228	No	Yes	ABS - IUPUI	GI	0	Breast	Infiltrating Ductal Carcinoma	-2	0	High	High
TCGA-GM-A2D9-01	-0.105949101556027	-0.0818476398319158	TCGA-GM-A2D9	69	STAGE I	6TH	5	-23	Breast Cancer	BRCA	Breast Invasive Ductal Carcinoma	NA	-25490	0	17.62172469	1:Recurred/Progressed	59.5719499	1:DEAD WITH TUMOR	Not Hispanic Or Latino	9/28/11	0.1545	EUR	No	C50.9	8500/3	C50.9	Yes	Yes	0.3107	0.07	436	Yes	IDC	59.5719499	1:DECEASED	1133B8A9-6B11-4511-B70A-F200E3B8B5DB	M0	N0 (I-)	T1C	With Tumor	17.62172469	1:PROGRESSION	Yes	No	White	Yes	-18	1	Primary	Female	Matched	BRCA_LumA	57	No	Yes	MD Anderson	GM	14.56666667	Breast	Infiltrating Ductal Carcinoma	-22	1	Low	Low
TCGA-GM-A2DA-01	-0.122286129533112	-0.0202975424576324	TCGA-GM-A2DA	46	STAGE IIB	4TH	5	-25	Breast Cancer	BRCA	Breast Invasive Ductal Carcinoma	5909	-16854	0	99.08932505	1:Recurred/Progressed	216.753789	1:DEAD WITH TUMOR	Not Hispanic Or Latino	9/28/11	0.1413	EUR	No	C50.9	8500/3	C50.9	Yes	Yes	0.2922	0.08	32	Yes	IDC	216.753789	1:DECEASED	C07B122E-AC50-4DB2-ADD2-5617A5D0E976	M0	N1B	T2	With Tumor	99.08932505	1:PROGRESSION	Yes	No	White	Yes	-6	1	Primary	Female	Matched	BRCA_LumA	66	No	Yes	MD Anderson	GM	1.066666667	Breast	Infiltrating Ductal Carcinoma	-18	1	Low	Low
TCGA-GM-A2DB-01	-0.0310855866775181	-0.00320875816768429	TCGA-GM-A2DB	62	STAGE IIA	6TH	20	31	Breast Cancer	BRCA	Breast Invasive Ductal Carcinoma	2406	-22883	0	79.10050301	0:DiseaseFree	79.10050301	0:ALIVE OR DEAD TUMOR FREE	Not Hispanic Or Latino	9/28/11	0.2286	EUR	No	C50.9	8500/3	C50.9	Yes	Yes	0.3153	0.08	125	No	IDC	79.10050301	0:LIVING	6E6B7742-A562-490B-BB72-04A5653852E4	M0	N0 (I-)	T2	Tumor Free	79.10050301	0:CENSORED	Yes	No	White	Yes	18	1	Primary	Female	Matched	BRCA_Her2	261	No	Yes	MD Anderson	GM	4.166666667	Breast	Infiltrating Ductal Carcinoma	50	0	Low	High
TCGA-GM-A2DC-01	-0.0854596719562409	-0.0836588830424883	TCGA-GM-A2DC	57	STAGE IIA	6TH	18	-19	Breast Cancer	BRCA	Breast Invasive Ductal Carcinoma	2535	-21122	0	83.34155242	0:DiseaseFree	83.34155242	0:ALIVE OR DEAD TUMOR FREE	Not Hispanic Or Latino	9/29/11	0.413	EUR	No	C50.9	8500/3	C50.9	Yes	Yes	0.3191	0.34	15	No	IDC	83.34155242	0:LIVING	DD43FFD9-DA18-4AD3-ABE7-6F443C76A717	M0	N1A	T1C	Tumor Free	83.34155242	0:CENSORED	Yes	No	White	Yes	-20	1	Primary	Female	Matched	BRCA_LumA	79	No	Yes	MD Anderson	GM	0.5	Breast	Infiltrating Ductal Carcinoma	-38	0	Low	Low
TCGA-GM-A2DD-01	-0.0865449769091487	-0.0388812948231636	TCGA-GM-A2DD	53	STAGE I	6TH	20	27	Breast Cancer	BRCA	Breast Invasive Ductal Carcinoma	2282	-19415	0	75.02383536	0:DiseaseFree	75.02383536	0:ALIVE OR DEAD TUMOR FREE	Not Hispanic Or Latino	9/29/11	0.117	EUR	No	C50.9	8500/3	C50.9	Yes	Yes	0.3056	0.18	51	No	IDC	75.02383536	0:LIVING	B343BFE0-7C23-4C6A-8C84-9EE39DB2ECDA	M0	N0 (I-)	T1C	Tumor Free	75.02383536	0:CENSORED	Yes	Yes	White	No	10	1	Primary	Female	Matched	BRCA_Normal	453	No	Yes	MD Anderson	GM	1.7	Breast	Infiltrating Ductal Carcinoma	12	0	Low	Low
TCGA-GM-A2DF-01	-0.0746729761149713	-0.0995982160082165	TCGA-GM-A2DF	53	STAGE IIA	6TH	12	21	Breast Cancer	BRCA	Breast Invasive Ductal Carcinoma	2155	-19614	0	70.84853865	0:DiseaseFree	70.84853865	0:ALIVE OR DEAD TUMOR FREE	Not Hispanic Or Latino	9/29/11	0.1934	NA	No	C50.9	8500/3	C50.9	Yes	Yes	0.299	0.04	37	No	IDC	70.84853865	0:LIVING	D6F7AFC0-1558-43AD-ACB1-2B5311ED2264	M0	N1A	T1C	Tumor Free	70.84853865	0:CENSORED	Yes	No	Black or African American	Yes	16	1	Primary	Female	Matched	BRCA_Basal	205	No	Yes	MD Anderson	GM	1.233333333	Breast	Infiltrating Ductal Carcinoma	6	0	Low	Low
TCGA-GM-A2DH-01	0.0628478473810242	0.0326373046880455	TCGA-GM-A2DH	58	STAGE I	6TH	16	-1	Breast Cancer	BRCA	Breast Invasive Ductal Carcinoma	2193	-21344	0	72.09784002	0:DiseaseFree	72.09784002	0:ALIVE OR DEAD TUMOR FREE	Not Hispanic Or Latino	9/29/11	0.2932	EUR	No	C50.9	8500/3	C50.9	Yes	Yes	0.2942	0.05	173	No	IDC	72.09784002	0:LIVING	5700C1B3-922A-4401-8AB8-89028908D696	M0	N0 (I+)	T1C	Tumor Free	72.09784002	0:CENSORED	Yes	No	White	No	10	1	Primary	Female	Matched	BRCA_Her2	234	No	Yes	MD Anderson	GM	5.766666667	Breast	Infiltrating Ductal Carcinoma	-22	0	High	High
TCGA-GM-A2DI-01	0.0837743454720822	0.0702652464929182	TCGA-GM-A2DI	52	STAGE I	6TH	9	-33	Breast Cancer	BRCA	Breast Invasive Ductal Carcinoma	2590	-19030	0	85.14975178	0:DiseaseFree	85.14975178	0:ALIVE OR DEAD TUMOR FREE	Not Hispanic Or Latino	9/29/11	0.0143	EUR	No	C50.9	8500/3	C50.9	Yes	Yes	0.3132	0.14	67	No	IDC	85.14975178	0:LIVING	66FA504C-4AE4-49AC-9355-1E063776DC0D	M0	N0 (I+)	T1C	Tumor Free	85.14975178	0:CENSORED	Yes	No	White	No	-14	1	Primary	Female	Matched	BRCA_LumA	44	No	Yes	MD Anderson	GM	2.266666667	Breast	Infiltrating Ductal Carcinoma	-46	0	High	High
TCGA-GM-A2DK-01	-0.00309228683048289	-0.0233998034481971	TCGA-GM-A2DK	58	STAGE I	6TH	6	-17	Breast Cancer	BRCA	Breast Invasive Ductal Carcinoma	2645	-21198	0	86.95795115	0:DiseaseFree	86.95795115	0:ALIVE OR DEAD TUMOR FREE	Not Hispanic Or Latino	9/29/11	0.1815	EUR	No	C50.9	8500/3	C50.9	Yes	Yes	0.2912	0	19	No	IDC	86.95795115	0:LIVING	3A0775A0-61AE-43F2-B5F6-629A44355C2F	M0	N0 (I-)	T1C	Tumor Free	86.95795115	0:CENSORED	Yes	No	White	Yes	-2	1	Primary	Female	Matched	BRCA_LumA	104	No	Yes	MD Anderson	GM	0.666666667	Breast	Infiltrating Ductal Carcinoma	-2	0	High	Low
TCGA-GM-A2DL-01	-0.137567624194991	-0.0710122097882231	TCGA-GM-A2DL	50	STAGE I	6TH	8	9	Breast Cancer	BRCA	Breast Invasive Ductal Carcinoma	3519	-18475	0	115.6918828	0:DiseaseFree	115.6918828	0:ALIVE OR DEAD TUMOR FREE	Not Hispanic Or Latino	9/29/11	0.1835	EUR	No	C50.9	8500/3	C50.9	Yes	Yes	0.3306	0.23	44	No	IDC	115.6918828	0:LIVING	A76774FE-7298-4D68-A2B2-C1BAD93F0C31	M0	N0 (I-)	T1C	Tumor Free	115.6918828	0:CENSORED	Yes	No	White	Yes	20	1	Primary	Female	Matched	BRCA_LumA	157	No	Yes	MD Anderson	GM	1.466666667	Breast	Infiltrating Ductal Carcinoma	6	0	Low	Low
TCGA-GM-A2DM-01	-0.0451818322542724	-0.0287890153130526	TCGA-GM-A2DM	57	STAGE IIA	6TH	0	-23	Breast Cancer	BRCA	Breast Invasive Ductal Carcinoma	3226	-21160	0	106.0591117	0:DiseaseFree	106.0591117	0:ALIVE OR DEAD TUMOR FREE	Hispanic Or Latino	9/30/11	0.0055	NA	No	C50.9	8500/3	C50.9	Yes	Yes	0.2914	0.05	24	No	IDC	106.0591117	0:LIVING	753D5D49-3B40-4737-9D4C-B1EC29CC2692	M0	N0 (I-)	T2	Tumor Free	106.0591117	0:CENSORED	Yes	No	White	Yes	-14	1	Primary	Female	Matched	BRCA_LumA	2	No	Yes	MD Anderson	GM	0.8	Breast	Infiltrating Ductal Carcinoma	-28	0	Low	Low
TCGA-GM-A2DN-01	-0.0942387848320683	-0.0444253112823247	TCGA-GM-A2DN	58	STAGE IIA	6TH	3	-35	Breast Cancer	BRCA	Breast Invasive Ductal Carcinoma	3091	-21288	0	101.6208042	0:DiseaseFree	101.6208042	0:ALIVE OR DEAD TUMOR FREE	Not Hispanic Or Latino	9/30/11	0.0649	EUR	No	C50.9	8500/3	C50.9	Yes	Yes	0.2965	0.07	24	No	IDC	101.6208042	0:LIVING	56BBD282-B88D-4730-9242-AB97D08DC83A	M0	N0 (I-)	T2	Tumor Free	101.6208042	0:CENSORED	Yes	No	White	No	6	1	Primary	Female	Matched	BRCA_LumA	3	No	Yes	MD Anderson	GM	0.8	Breast	Infiltrating Ductal Carcinoma	-30	0	Low	Low
TCGA-GM-A2DO-01	-0.103828842353283	-0.0576921486379187	TCGA-GM-A2DO	54	STAGE I	6TH	1	-23	Breast Cancer	BRCA	Breast Invasive Lobular Carcinoma	2596	-19842	0	85.3470099	0:DiseaseFree	85.3470099	0:ALIVE OR DEAD TUMOR FREE	Not Hispanic Or Latino	9/30/11	0.0343	NA	No	C50.9	8520/3	C50.9	Yes	Yes	0.3191	0.02	141	No	ILC	85.3470099	0:LIVING	5FD37868-4762-4109-9DCF-6FDBAB5B645D	M0	N0 (I-)	T1C	Tumor Free	85.3470099	0:CENSORED	Yes	No	Black or African American	Yes	4	1	Primary	Female	Matched	BRCA_LumB	35	No	Yes	MD Anderson	GM	4.666666667	Breast	Infiltrating Lobular Carcinoma	-40	0	Low	Low
TCGA-GM-A3NW-01	-0.0674087731866247	-0.0920764731618963	TCGA-GM-A3NW	63	STAGE IIA	6TH	7	-35	Breast Cancer	BRCA	Breast Invasive Lobular Carcinoma	3361	-23041	0	110.4974192	0:DiseaseFree	110.4974192	0:ALIVE OR DEAD TUMOR FREE	Not Hispanic Or Latino	1/3/12	0.2472	EUR	No	C50.9	8520/3	C50.9	Yes	Yes	0.3265	0.06	52	No	ILC	110.4974192	0:LIVING	6DDAEE34-46EB-490C-BD13-F0AB963C4322	M0	N0 (I-)	T2	Tumor Free	110.4974192	0:CENSORED	Yes	No	White	No	-14	1	Primary	Female	Matched	BRCA_LumA	62	No	Yes	MD Anderson	GM	1.7	Breast	Infiltrating Lobular Carcinoma	-30	0	Low	Low
TCGA-GM-A3NY-01	0.0209681922478518	0.00249546009513815	TCGA-GM-A3NY	72	STAGE IIB	6TH	4	-29	Breast Cancer	BRCA	Breast Invasive Lobular Carcinoma	1162	-26642	0	38.20232107	0:DiseaseFree	38.20232107	0:ALIVE OR DEAD TUMOR FREE	Not Hispanic Or Latino	1/3/12	0.1117	EUR	No	C50.9	8520/3	C50.9	Yes	No	0.3311	0.01	0	No	ILC	38.20232107	0:LIVING	BD5374C9-7F36-457F-B66B-7CC7FF64224E	M0	N1A	T2	Tumor Free	38.20232107	0:CENSORED	Yes	No	White	Yes	-6	1	Primary	Female	Matched	NA	21	No	Yes	MD Anderson	GM	0	Breast	Infiltrating Lobular Carcinoma	-8	0	High	High
TCGA-GM-A3XG-01	-0.0898635091630185	-0.039300361304864	TCGA-GM-A3XG	46	STAGE IIIA	6TH	NA	-17	Breast Cancer	BRCA	Breast Invasive Lobular Carcinoma	1330	-16948	0	43.72554821	0:DiseaseFree	43.72554821	0:ALIVE OR DEAD TUMOR FREE	Not Hispanic Or Latino	10/1/12	0	EUR	No	C50.9	8520/3	C50.9	Yes	No	0.2829	0	NA	No	ILC	43.72554821	0:LIVING	6F0FD68F-ED6A-4C9E-BE02-C97BA4950F76	M0	N1A	T3	Tumor Free	43.72554821	0:CENSORED	Yes	No	White	Yes	-16	1	Primary	Female	Matched	NA	0	No	Yes	MD Anderson	GM	NA	Breast	Infiltrating Lobular Carcinoma	-22	0	Low	Low
TCGA-GM-A3XL-01	-0.190913736371124	-0.169590787076652	TCGA-GM-A3XL	49	STAGE IIA	6TH	4	31	Breast Cancer	BRCA	Breast Invasive Ductal Carcinoma	2108	-18171	0	69.3033501	0:DiseaseFree	69.3033501	0:ALIVE OR DEAD TUMOR FREE	Not Hispanic Or Latino	10/1/12	0.4806	NA	No	C50.9	8500/3	C50.9	Yes	Yes	0.296	0.06	87	No	IDC	69.3033501	0:LIVING	65CAC997-4D39-4501-85EC-4FCB328A8EB5	M0	N0 (I-)	T2	Tumor Free	69.3033501	0:CENSORED	Yes	No	Black or African American	Yes	20	1	Primary	Female	Matched	BRCA_Basal	172	No	Yes	MD Anderson	GM	2.933333333	Breast	Infiltrating Ductal Carcinoma	26	0	Low	Low
TCGA-GM-A3XN-01	0.0111652901226275	0.0303733724479538	TCGA-GM-A3XN	44	STAGE IIIA	6TH	9	-29	Breast Cancer	BRCA	Breast Invasive Lobular Carcinoma	2019	-16109	0	66.37735477	0:DiseaseFree	66.37735477	0:ALIVE OR DEAD TUMOR FREE	Not Hispanic Or Latino	10/1/12	0.1675	EUR	No	C50.9	8520/3	C50.9	Yes	No	0.3013	0.01	NA	No	ILC	66.37735477	0:LIVING	0930E97A-72EA-4BD5-B2F0-50C76AF695F3	M0	N2A	T1C	Tumor Free	66.37735477	0:CENSORED	Yes	No	White	Yes	-16	1	Primary	Female	Matched	NA	15	No	Yes	MD Anderson	GM	NA	Breast	Infiltrating Lobular Carcinoma	-18	0	High	High
TCGA-GM-A4E0-01	-0.0408848731896221	0.0511773159143821	TCGA-GM-A4E0	67	STAGE IIIC	6TH	7	-33	Breast Cancer	BRCA	Breast Invasive Lobular Carcinoma	2191	-24788	0	72.03208732	0:DiseaseFree	72.03208732	0:ALIVE OR DEAD TUMOR FREE	Not Hispanic Or Latino	11/26/12	0.0133	EUR	No	C50.9	8520/3	C50.9	Yes	Yes	0.2859	0	21	No	ILC	72.03208732	0:LIVING	6397D7BC-9CB1-4A84-81AD-76954E0A8CEE	M0	N3A	T3	Tumor Free	72.03208732	0:CENSORED	Yes	No	White	Yes	-14	1	Primary	Female	Matched	BRCA_LumA	13	No	Yes	MD Anderson	GM	0.7	Breast	Infiltrating Lobular Carcinoma	-52	0	Low	High
TCGA-GM-A5PV-01	-0.100176530740895	-0.110511278712167	TCGA-GM-A5PV	63	STAGE IIB	7TH	2	-19	Breast Cancer	BRCA	Breast Invasive Lobular Carcinoma	412	-23215	0	13.54505704	0:DiseaseFree	13.54505704	0:ALIVE OR DEAD TUMOR FREE	Not Hispanic Or Latino	4/12/13	0.0368	EUR	No	C50.9	8520/3	C50.9	Yes	Yes	0.2809	0	28	No	ILC	13.54505704	0:LIVING	67C8DC41-EDCB-4563-96B3-3F93F9EDCBE9	M0	N1A	T2	Tumor Free	13.54505704	0:CENSORED	Yes	No	White	No	-16	1	Primary	Female	Matched	BRCA_LumA	20	No	Yes	MD Anderson	GM	0.933333333	Breast	Infiltrating Lobular Carcinoma	-22	0	Low	Low
TCGA-GM-A5PX-01	-0.186137794668928	-0.122758980958219	TCGA-GM-A5PX	65	STAGE IIB	7TH	3	-27	Breast Cancer	BRCA	Breast Invasive Lobular Carcinoma	551	-23753	0	18.11486997	0:DiseaseFree	18.11486997	0:ALIVE OR DEAD TUMOR FREE	Not Hispanic Or Latino	4/12/13	0.1005	EUR	No	C50.9	8520/3	C50.9	Yes	Yes	0.2788	0	24	No	ILC	18.11486997	0:LIVING	F7064D01-29D8-49A2-AD60-1E0C5F148F3E	M0	N1MI	T2	Tumor Free	18.11486997	0:CENSORED	Yes	No	White	No	-22	1	Primary	Female	Matched	BRCA_LumA	9	No	Yes	MD Anderson	GM	0.8	Breast	Infiltrating Lobular Carcinoma	-32	0	Low	Low
TCGA-HN-A2NL-01	-0.0153365186246069	0.0221783710574589	TCGA-HN-A2NL	56	STAGE IIA	6TH	11	-5	Breast Cancer	BRCA	Breast Invasive Lobular Carcinoma	79	-20483	0	2.597231811	0:DiseaseFree	2.597231811	0:ALIVE OR DEAD TUMOR FREE	NA	5/30/14	0.9228	EUR	No	C50.9	8520/3	C50.9	Yes	Yes	0.3496	2.05	70	No	ILC	2.597231811	0:LIVING	124B693C-77DC-4FA8-B703-54E8B5054A92	M0	N0	T2	Tumor Free	2.597231811	0:CENSORED	Yes	No	NA	NA	12	1	Primary	Female	Matched	BRCA_Basal	68	No	Yes	Ontario Institute for Cancer Research (OICR)	HN	2.433333333	Breast	Infiltrating Lobular Carcinoma	-12	0	Low	High
TCGA-HN-A2OB-01	-0.0124209936821318	0.0420045669435166	TCGA-HN-A2OB	45	STAGE IIB	6TH	2	-39	Breast Cancer	BRCA	Breast Invasive Lobular Carcinoma	1883	-16672	0	50.7282112	1:Recurred/Progressed	62.46506888	1:DEAD WITH TUMOR	NA	9/26/13	0.0273	EUR	No	C50.9	8520/3	C50.9	Yes	Yes	0.2932	0	18	Yes	ILC	62.46506888	1:DECEASED	61204CDF-3B1C-44A1-BDA6-0FEF1AC4A333	M0	N1	T2	With Tumor	50.7282112	1:PROGRESSION	Yes	No	NA	Yes	-18	1	Primary	Female	Matched	BRCA_LumA	30	No	Yes	Ontario Institute for Cancer Research (OICR)	HN	0.633333333	Breast	Infiltrating Lobular Carcinoma	-36	1	Low	High
TCGA-JL-A3YW-01	-0.0905506603341433	-0.0105164143899411	TCGA-JL-A3YW	49	STAGE IIB	7TH	15	43	Breast Cancer	BRCA	Breast Invasive Lobular Carcinoma	360	NA	0	11.83548673	0:DiseaseFree	11.83548673	0:ALIVE OR DEAD TUMOR FREE	Not Hispanic Or Latino	11/8/12	0.1167	SAS	No	C50.9	8520/3	C50.9	Yes	No	0.3065	0.02	0	No	ILC	11.83548673	0:LIVING	A2434F47-2168-47D0-9BBB-981071597843	M0	N1	T2	NA	11.83548673	0:CENSORED	Yes	No	Asian	No	10	1	Primary	Female	Matched	NA	273	Yes	No	ABS - Research Metrics Pakistan	JL	0	Breast	Infiltrating Lobular Carcinoma	44	0	Low	High
TCGA-JL-A3YX-01	-0.0841083914935027	-0.104306131308941	TCGA-JL-A3YX	46	STAGE IIA	7TH	15	17	Breast Cancer	BRCA	Breast Invasive Lobular Carcinoma	352	NA	0	11.57247592	0:DiseaseFree	11.57247592	0:ALIVE OR DEAD TUMOR FREE	Not Hispanic Or Latino	11/8/12	0.2097	SAS_ADMIX	No	C50.9	8520/3	C50.9	Yes	Yes	0.3019	0.04	29	No	ILC	11.57247592	0:LIVING	75F6E476-233A-409C-A3EF-0240BE569813	M0	N0	T2	NA	11.57247592	0:CENSORED	Yes	No	Asian	No	16	1	Primary	Female	Matched	BRCA_LumA	20	Yes	No	ABS - Research Metrics Pakistan	JL	0.966666667	Breast	Infiltrating Lobular Carcinoma	16	0	Low	Low
TCGA-LD-A66U-01	-0.0585465363241655	-0.0590197334864198	TCGA-LD-A66U	44	STAGE IIB	7TH	10	-15	Breast Cancer	BRCA	Breast Invasive Lobular Carcinoma	646	-16101	0	21.23812342	0:DiseaseFree	21.23812342	0:ALIVE OR DEAD TUMOR FREE	Not Hispanic Or Latino	6/27/13	0.2001	EUR	No	C50.9	8520/3	C50.9	Yes	Yes	0.3459	0	31	No	ILC	21.23812342	0:LIVING	38DC3E09-0B0E-4A29-B318-CC0352013DAE	MX	N1MI	T2	Tumor Free	21.23812342	0:CENSORED	Yes	No	White	Yes	-14	1	Primary	Female	Matched	BRCA_LumA	12	Yes	No	Hartford Hospital	LD	1.066666667	Breast	Infiltrating Lobular Carcinoma	-4	0	Low	Low
TCGA-LD-A74U-01	0.0176824574157487	0.0492761454740468	TCGA-LD-A74U	79	STAGE IIIC	7TH	7	-21	Breast Cancer	BRCA	Breast Invasive Carcinoma (NOS)	402	-28981	0	13.21629352	0:DiseaseFree	13.21629352	0:ALIVE OR DEAD TUMOR FREE	Not Hispanic Or Latino	12/30/13	0.0661	EUR	No	C50.9	8524/3	C50.9	Yes	Yes	0.3334	0	193	No	BRCNOS	13.21629352	0:LIVING	38A4E9BD-93E9-432D-A756-3B1055B823BD	M0	N3A	T3	With Tumor	13.21629352	0:CENSORED	Yes	Yes	White	No	-6	1	Primary	Female	Matched	BRCA_LumA	10	Yes	No	Hartford Hospital	LD	6.533333333	Breast	Other	-18	0	High	High
TCGA-LD-A7W5-01	0.102144491005362	0.0732003957468879	TCGA-LD-A7W5	52	STAGE IIIC	7TH	23	-31	Breast Cancer	BRCA	Breast Invasive Ductal Carcinoma	216	-19169	0	NA	NA	7.101292041	0:ALIVE OR DEAD TUMOR FREE	Not Hispanic Or Latino	2/3/14	0.217	AFR	No	C50.9	8500/3	C50.9	Yes	Yes	0.3317	0.01	41	No	IDC	7.101292041	0:LIVING	A06FF6AE-B0DD-4516-A75C-0DB71694B46B	M0	N3A	T2	With Tumor	7.101292041	0:CENSORED	Yes	No	Black or African American	No	-18	1	Primary	Female	Matched	BRCA_LumA	259	Yes	No	Hartford Hospital	LD	1.4	Breast	Infiltrating Ductal Carcinoma	-20	0	High	High
TCGA-LD-A7W6-01	0.058524064799636	0.0197416358220896	TCGA-LD-A7W6	54	STAGE IIB	7TH	4	-39	Breast Cancer	BRCA	Breast Invasive Carcinoma (NOS)	404	-20077	0	13.28204622	0:DiseaseFree	13.28204622	0:ALIVE OR DEAD TUMOR FREE	Not Hispanic Or Latino	2/3/14	0.127	EUR	No	C50.2	8524/3	C50.2	Yes	Yes	0.329	0.01	29	No	BRCNOS	13.28204622	0:LIVING	0B0F9938-CE1E-4814-8821-0132D137EB9E	M0	N1A	T2	Tumor Free	13.28204622	0:CENSORED	Yes	No	White	No	-6	1	Primary	Female	Matched	BRCA_LumA	50	Yes	No	Hartford Hospital	LD	0.966666667	Breast	Other	-50	0	High	High
TCGA-LD-A9QF-01	-0.109968696851433	0.013668530138172	TCGA-LD-A9QF	73	STAGE IA	7TH	NA	-11	Breast Cancer	BRCA	Breast Invasive Ductal Carcinoma	323	-26869	0	10.61906171	0:DiseaseFree	10.61906171	0:ALIVE OR DEAD TUMOR FREE	Not Hispanic Or Latino	5/7/14	0.0045	AFR_ADMIX	No	C50.9	8500/3	C50.9	Yes	Yes	0.3232	0	19	No	IDC	10.61906171	0:LIVING	95C53ECF-D8F1-4BCB-9B1A-C9A0542939F0	M0	N0	T1C	Tumor Free	10.61906171	0:CENSORED	Yes	No	Black or African American	No	-2	1	Primary	Female	Matched	BRCA_Normal	68	Yes	No	Hartford Hospital	LD	0.633333333	Breast	Infiltrating Ductal Carcinoma	-16	0	Low	High
TCGA-LL-A440-01	0.0880101554998999	0.175119430460542	TCGA-LL-A440	61	STAGE IA	7TH	0	-35	Breast Cancer	BRCA	Breast Invasive Lobular Carcinoma	759	-22497	0	24.9531512	0:DiseaseFree	24.9531512	0:ALIVE OR DEAD TUMOR FREE	Not Hispanic Or Latino	10/26/12	0.0068	EUR	No	C50.9	8520/3	C50.9	Yes	Yes	0.304	0	3	No	ILC	24.9531512	0:LIVING	00B11CA8-8540-4A3D-B602-EC754B00230B	MX	N0 (I-)	T1C	Tumor Free	24.9531512	0:CENSORED	Yes	Yes	White	No	-12	1	Primary	Female	Matched	BRCA_LumA	59	Yes	No	Candler	LL	0.1	Breast	Infiltrating Lobular Carcinoma	-34	0	High	High
TCGA-LL-A441-01	0.0021866033226146	0.0464480227650256	TCGA-LL-A441	62	STAGE IA	7TH	11	-25	Breast Cancer	BRCA	Breast Invasive Ductal Carcinoma	996	-22772	0	32.74484663	0:DiseaseFree	32.74484663	0:ALIVE OR DEAD TUMOR FREE	Not Hispanic Or Latino	11/5/12	0.1771	NA	No	C50.9	8500/3	C50.9	Yes	No	0.2995	0	0	No	IDC	32.74484663	0:LIVING	69FC24FC-CFE2-487A-935F-1A954B30B709	MX	N0	T1C	Tumor Free	32.74484663	0:CENSORED	Yes	No	Black or African American	Yes	4	1	Primary	Female	Matched	NA	102	Yes	No	Candler	LL	0	Breast	Infiltrating Ductal Carcinoma	-42	0	High	High
TCGA-LL-A442-01	0.224983114590817	0.153747580368784	TCGA-LL-A442	56	STAGE IIA	7TH	0	-37	Breast Cancer	BRCA	Breast Invasive Ductal Carcinoma	889	-20495	0	29.22707696	0:DiseaseFree	29.22707696	0:ALIVE OR DEAD TUMOR FREE	Not Hispanic Or Latino	10/26/12	0.0052	AFR	No	C50.9	8500/3	C50.9	Yes	No	NA	0	NA	No	IDC	29.22707696	0:LIVING	3F56D67F-5A9C-4353-9408-E7F60EB6477B	MX	N0 (I-)	T2	Tumor Free	29.22707696	0:CENSORED	Yes	Yes	Black or African American	No	-12	1	Primary	Female	Matched	NA	2	Yes	No	Candler	LL	NA	Breast	Infiltrating Ductal Carcinoma	-36	0	High	High
TCGA-LL-A50Y-01	-0.237935967144189	-0.218770739875941	TCGA-LL-A50Y	84	STAGE IIA	7TH	4	-21	Breast Cancer	BRCA	Breast Invasive Lobular Carcinoma	762	-30934	0	25.05178025	0:DiseaseFree	25.05178025	0:ALIVE OR DEAD TUMOR FREE	Not Hispanic Or Latino	3/8/13	0.0849	EUR	No	C50.9	8520/3	C50.9	Yes	Yes	0.2801	0	24	No	ILC	25.05178025	0:LIVING	91DA548B-5C64-49C3-A44A-1EF115F53311	MX	N0	T2	Tumor Free	25.05178025	0:CENSORED	Yes	Yes	White	No	-18	1	Primary	Female	Matched	BRCA_LumA	7	Yes	No	Candler	LL	0.8	Breast	Infiltrating Lobular Carcinoma	-12	0	Low	Low
TCGA-LL-A5YL-01	-0.181400952327976	-0.135748351313213	TCGA-LL-A5YL	64	STAGE IIB	7TH	5	-5	Breast Cancer	BRCA	Breast Invasive Lobular Carcinoma	519	-23395	0	17.06282671	0:DiseaseFree	17.06282671	0:ALIVE OR DEAD TUMOR FREE	Not Hispanic Or Latino	6/3/13	0.1994	EUR	No	C50.9	8520/3	C50.9	Yes	Yes	0.3113	0	56	No	ILC	17.06282671	0:LIVING	1D75E89D-4B01-443C-BE54-749C7A667BF4	MX	N1A	T2	NA	17.06282671	0:CENSORED	Yes	No	White	Yes	2	1	Primary	Female	Matched	BRCA_LumA	14	Yes	No	Candler	LL	1.866666667	Breast	Infiltrating Lobular Carcinoma	6	0	Low	Low
TCGA-LL-A5YM-01	-0.174295354988042	-0.20228310075063	TCGA-LL-A5YM	88	STAGE IIIB	7TH	16	1	Breast Cancer	BRCA	Breast Invasive Ductal Carcinoma	466	-32478	0	8.482098826	1:Recurred/Progressed	15.32038005	0:ALIVE OR DEAD TUMOR FREE	Not Hispanic Or Latino	6/3/13	0.4424	NA	No	C50.9	8541/3	C50.9	Yes	Yes	0.3208	0.2	23	Yes	IDC	15.32038005	0:LIVING	E9A12DF9-024E-4CBC-B6BF-E4E87485FA90	M0	NX	T4B	With Tumor	8.482098826	1:PROGRESSION	No	No	Black or African American	No	-4	1	Primary	Female	Matched	BRCA_LumB	114	Yes	No	Candler	LL	0.766666667	Breast	Infiltrating Ductal Carcinoma	-8	0	Low	Low
TCGA-LL-A5YN-01	-0.189001157591825	-0.146163660787027	TCGA-LL-A5YN	46	STAGE IIA	7TH	5	-5	Breast Cancer	BRCA	Breast Invasive Ductal Carcinoma	447	-16884	0	14.69572936	0:DiseaseFree	14.69572936	0:ALIVE OR DEAD TUMOR FREE	Not Hispanic Or Latino	5/20/13	0.1778	NA	No	C50.9	8500/3	C50.9	Yes	Yes	0.3071	0	28	No	IDC	14.69572936	0:LIVING	EF1B3332-CD7F-41BB-A2D3-2538E7BECC5C	M0	N0 (I-)	T2	NA	14.69572936	0:CENSORED	Yes	No	Black or African American	Yes	-8	1	Primary	Female	Matched	BRCA_LumA	160	Yes	No	Candler	LL	0.933333333	Breast	Infiltrating Ductal Carcinoma	-12	0	Low	Low
TCGA-LL-A5YO-01	-0.151424709177558	-0.083399415885144	TCGA-LL-A5YO	50	STAGE IA	7TH	NA	11	Breast Cancer	BRCA	Breast Invasive Ductal Carcinoma	440	-18354	0	14.4655949	0:DiseaseFree	14.4655949	0:ALIVE OR DEAD TUMOR FREE	Not Hispanic Or Latino	5/8/13	0.057	NA	No	C50.9	8500/3	C50.9	Yes	Yes	0.2957	0	40	No	IDC	14.4655949	0:LIVING	B8AEFC48-4A6E-4254-A57F-5F688399B582	MX	N0	T1B	Tumor Free	14.4655949	0:CENSORED	Yes	No	Black or African American	Yes	12	1	Primary	Female	Matched	BRCA_Her2	50	Yes	No	Candler	LL	1.366666667	Breast	Infiltrating Ductal Carcinoma	-12	0	Low	Low
TCGA-LL-A5YP-01	-0.109346049150963	-0.070080704992697	TCGA-LL-A5YP	49	STAGE IIB	7TH	16	9	Breast Cancer	BRCA	Breast Invasive Ductal Carcinoma	450	-18041	0	14.79435842	0:DiseaseFree	14.79435842	0:ALIVE OR DEAD TUMOR FREE	Not Hispanic Or Latino	5/20/13	0.553	NA	No	C50.9	8500/3	C50.9	Yes	Yes	0.2939	0.1	64	No	IDC	14.79435842	0:LIVING	6D24E675-2FA4-4102-861F-7516650B3049	M0	N1A	T2	NA	14.79435842	0:CENSORED	Yes	Yes	Black or African American	Yes	12	1	Primary	Female	Matched	BRCA_Basal	250	Yes	No	Candler	LL	2.133333333	Breast	Infiltrating Ductal Carcinoma	4	0	Low	Low
TCGA-LL-A6FP-01	-0.17346967698025	-0.203996485014532	TCGA-LL-A6FP	90	STAGE IIA	7TH	17	-17	Breast Cancer	BRCA	Breast Invasive Lobular Carcinoma	677	-32873	0	22.25729033	0:DiseaseFree	22.25729033	0:ALIVE OR DEAD TUMOR FREE	Not Hispanic Or Latino	9/3/13	0.4119	EUR	Yes	C50.9	8520/3	C50.9	Yes	Yes	0.3564	0.9	50	No	ILC	22.25729033	0:LIVING	5C9D8163-A68E-43CE-9CBA-EFFB7405761E	MX	NX	T2	Tumor Free	22.25729033	0:CENSORED	No	No	White	No	-16	1	Primary	Female	Matched	BRCA_LumA	32	Yes	No	Candler	LL	1.7	Breast	Infiltrating Lobular Carcinoma	-6	0	Low	Low
TCGA-LL-A6FQ-01	-0.19244849725918	-0.131319229553517	TCGA-LL-A6FQ	77	STAGE IIIA	7TH	21	1	Breast Cancer	BRCA	Breast Invasive Ductal Carcinoma	80	-28375	0	2.630108163	0:DiseaseFree	2.630108163	0:ALIVE OR DEAD TUMOR FREE	Not Hispanic Or Latino	8/30/13	0.4664	NA	No	C50.9	8500/3	C50.9	Yes	Yes	0.3469	0.06	39	NA	IDC	2.630108163	0:LIVING	92B842C5-F71B-4EF7-BA86-358D28E0966F	MX	N2A	T2	NA	2.630108163	0:CENSORED	Yes	No	Black or African American	NA	-4	1	Primary	Female	Matched	BRCA_LumA	180	Yes	No	Candler	LL	1.266666667	Breast	Infiltrating Ductal Carcinoma	2	0	Low	Low
TCGA-LL-A6FR-01	-0.193669265051774	-0.103959611855565	TCGA-LL-A6FR	50	STAGE IIA	7TH	15	37	Breast Cancer	BRCA	Breast Invasive Ductal Carcinoma	489	-18520	0	16.07653615	0:DiseaseFree	16.07653615	0:ALIVE OR DEAD TUMOR FREE	Not Hispanic Or Latino	8/30/13	0.5897	NA	No	C50.9	8500/3	C50.9	Yes	Yes	0.3539	0.28	36	No	IDC	16.07653615	0:LIVING	1347C23D-8D6E-4C15-9461-640249838C96	MX	N0 (I-)	T2	Tumor Free	16.07653615	0:CENSORED	Yes	No	Black or African American	Yes	8	1	Primary	Female	Matched	BRCA_Basal	195	Yes	No	Candler	LL	1.233333333	Breast	Infiltrating Ductal Carcinoma	36	0	Low	Low
TCGA-LL-A73Y-01	0.0733422194181088	0.15306265116654	TCGA-LL-A73Y	67	STAGE IA	7TH	24	-19	Breast Cancer	BRCA	Breast Invasive Ductal Carcinoma	477	-24647	0	15.68201992	0:DiseaseFree	15.68201992	0:ALIVE OR DEAD TUMOR FREE	Not Hispanic Or Latino	11/12/13	0.2373	NA	No	C50.9	8500/3	C50.9	Yes	Yes	0.3583	0.99	99	No	IDC	15.68201992	0:LIVING	EA645243-DF49-4466-A255-9F3D4321E357	MX	N0	T1C	Tumor Free	15.68201992	0:CENSORED	Yes	No	Black or African American	No	-6	1	Primary	Female	Matched	BRCA_Basal	96	Yes	No	Candler	LL	3.433333333	Breast	Infiltrating Ductal Carcinoma	-26	0	High	High
TCGA-LL-A73Z-01	-0.165211101674064	-0.0653676560429384	TCGA-LL-A73Z	55	STAGE IV	7TH	11	5	Breast Cancer	BRCA	Breast Invasive Ductal Carcinoma	137	-20118	0	NA	NA	7.462931913	1:DEAD WITH TUMOR	Not Hispanic Or Latino	11/15/13	0.0598	AFR	No	C50.9	8500/3	C50.9	Yes	Yes	0.3448	0	40	Yes	IDC	7.462931913	1:DECEASED	3E637872-F5E5-49D3-BB0D-9C16B8713382	M1	NX	T1C	With Tumor	6.312259592	1:PROGRESSION	No	No	Black or African American	Yes	-10	1	Primary	Female	Matched	BRCA_Normal	85	Yes	No	Candler	LL	1.333333333	Breast	Infiltrating Ductal Carcinoma	-4	1	Low	Low
TCGA-LL-A740-01	-0.0319827614618062	-0.00724189338915538	TCGA-LL-A740	61	STAGE IA	7TH	6	-1	Breast Cancer	BRCA	Breast Invasive Ductal Carcinoma	441	-22416	0	14.49847125	0:DiseaseFree	14.49847125	0:ALIVE OR DEAD TUMOR FREE	Not Hispanic Or Latino	11/12/13	0.1924	AFR	No	C50.9	8500/3	C50.9	Yes	Yes	0.3365	0	43	No	IDC	14.49847125	0:LIVING	AA60FA8D-C374-40E0-AF2D-B007701E67E3	MX	N0 (I-)	T1C	Tumor Free	14.49847125	0:CENSORED	Yes	No	Black or African American	No	0	1	Primary	Female	Matched	BRCA_LumA	116	Yes	No	Candler	LL	1.433333333	Breast	Infiltrating Ductal Carcinoma	6	0	Low	High
TCGA-LL-A7SZ-01	-0.150992119342317	-0.152395318118914	TCGA-LL-A7SZ	49	STAGE IIB	7TH	15	25	Breast Cancer	BRCA	Breast Invasive Ductal Carcinoma	594	-18161	0	19.52855311	0:DiseaseFree	19.52855311	0:ALIVE OR DEAD TUMOR FREE	Not Hispanic Or Latino	1/7/14	0.2933	AFR	No	C50.9	8500/3	C50.9	Yes	Yes	0.3272	0	86	No	IDC	19.52855311	0:LIVING	09A5E9FD-D816-4F8C-BAA9-0E40BA607B16	MX	N1A	T2	Tumor Free	19.52855311	0:CENSORED	Yes	No	Black or African American	Yes	18	1	Primary	Female	Matched	BRCA_LumA	307	Yes	No	Candler	LL	2.866666667	Breast	Infiltrating Ductal Carcinoma	2	0	Low	Low
TCGA-LL-A7T0-01	-0.0486253942135228	-0.102926043074526	TCGA-LL-A7T0	70	STAGE IIB	7TH	24	5	Breast Cancer	BRCA	Breast Invasive Ductal Carcinoma	376	-25867	0	12.36150837	0:DiseaseFree	12.36150837	0:ALIVE OR DEAD TUMOR FREE	Not Hispanic Or Latino	1/3/14	0.3326	AFR	No	C50.9	8500/3	C50.9	Yes	Yes	0.3499	0.23	40	No	IDC	12.36150837	0:LIVING	D8F8064F-02EF-4FED-942B-714CBE5E8455	M0	N1A	T2	NA	12.36150837	0:CENSORED	Yes	No	Black or African American	No	12	1	Primary	Female	Matched	BRCA_LumB	163	Yes	No	Candler	LL	1.333333333	Breast	Infiltrating Ductal Carcinoma	6	0	Low	Low
TCGA-LL-A8F5-01	-0.0992072806523197	-0.070831551557985	TCGA-LL-A8F5	61	STAGE IIA	7TH	17	43	Breast Cancer	BRCA	Breast Invasive Ductal Carcinoma	596	-22544	0	19.59430582	0:DiseaseFree	19.59430582	0:ALIVE OR DEAD TUMOR FREE	Not Hispanic Or Latino	2/19/14	0.6392	AFR	No	C50.9	8500/3	C50.9	Yes	Yes	0.35	0.64	131	No	IDC	19.59430582	0:LIVING	E1786E78-AC46-46FD-8CE0-8F7456E46082	MX	N0 (I-)	T2	NA	19.59430582	0:CENSORED	Yes	No	Black or African American	Yes	18	1	Primary	Female	Matched	BRCA_Basal	378	Yes	No	Candler	LL	4.433333333	Breast	Infiltrating Ductal Carcinoma	36	0	Low	Low
TCGA-LL-A9Q3-01	-0.0359138786710283	-0.101916185242559	TCGA-LL-A9Q3	69	STAGE IIIC	7TH	13	-13	Breast Cancer	BRCA	Breast Invasive Lobular Carcinoma	532	-25477	0	17.49021929	0:DiseaseFree	17.49021929	0:ALIVE OR DEAD TUMOR FREE	Not Hispanic Or Latino	5/21/14	0.2749	EUR	No	C50.9	8520/3	C50.9	Yes	Yes	0.3216	0.07	47	No	ILC	17.49021929	0:LIVING	6AF6D256-A753-46D2-B611-E4094FF265AA	MX	N3A	T3	NA	17.49021929	0:CENSORED	Yes	No	White	Yes	-18	1	Primary	Female	Matched	BRCA_LumA	83	Yes	No	Candler	LL	1.566666667	Breast	Infiltrating Lobular Carcinoma	-8	0	Low	Low
TCGA-LQ-A4E4-01	0.0122037115387798	-0.00239318130052543	TCGA-LQ-A4E4	73	STAGE IIIA	7TH	7	-23	Breast Cancer	BRCA	Breast Invasive Lobular Carcinoma	849	-26883	0	NA	NA	27.91202288	0:ALIVE OR DEAD TUMOR FREE	Not Hispanic Or Latino	12/5/12	0.1878	EUR	No	C50.9	8520/3	C50.9	Yes	No	0.2937	0.06	NA	Yes	ILC	27.91202288	0:LIVING	4F321D41-3255-46A4-AE0D-1CF39699E624	MX	N1A	T3	Tumor Free	22.38879574	1:PROGRESSION	Yes	No	White	Yes	4	1	Primary	Female	Matched	NA	49	No	Yes	Gundersen Lutheran Health System	LQ	NA	Breast	Infiltrating Lobular Carcinoma	-10	0	High	High
TCGA-MS-A51U-01	0.113623180059183	0.0718715265980024	TCGA-MS-A51U	44	STAGE IIB	7TH	18	-41	Breast Cancer	BRCA	Breast Invasive Lobular Carcinoma	681	-16213	0	22.38879574	0:DiseaseFree	22.38879574	0:ALIVE OR DEAD TUMOR FREE	Not Hispanic Or Latino	9/12/12	0.1797	EUR	No	C50.9	8520/3	C50.9	Yes	No	0.284	0	0	No	ILC	22.38879574	0:LIVING	910655DA-2C12-4572-96B7-DED616E69B4B	M0	N1	T2	With Tumor	22.38879574	0:CENSORED	Yes	No	White	Yes	-20	1	Primary	Female	Matched	NA	48	Yes	No	University of Minnesota	MS	0	Breast	Infiltrating Lobular Carcinoma	-44	0	High	High
TCGA-OK-A5Q2-01	-0.121214802281503	-0.0649171509027996	TCGA-OK-A5Q2	59	STAGE II	7TH	3	-21	Breast Cancer	BRCA	Breast Invasive Lobular Carcinoma	64	-21555	0	2.104086531	0:DiseaseFree	2.104086531	0:ALIVE OR DEAD TUMOR FREE	NA	1/22/13	0.0911	NA	No	C50.9	8520/3	C50.9	Yes	Yes	0.2873	0	26	No	ILC	2.104086531	0:LIVING	CD7FB75E-1C2E-4201-86D3-B3BA21F476BF	MX	N1A	T2	NA	2.104086531	0:CENSORED	Yes	No	NA	NA	12	1	Primary	Female	Matched	BRCA_LumA	69	Yes	No	Mount Sinai School of Medicine	OK	0.866666667	Breast	Infiltrating Lobular Carcinoma	-16	0	Low	Low
TCGA-OL-A5D6-01	0.0485116405268754	0.0592561908568177	TCGA-OL-A5D6	71	STAGE IIA	6TH	4	-5	Breast Cancer	BRCA	Breast Invasive Ductal Carcinoma	385	-26052	0	36.29549265	0:DiseaseFree	36.29549265	0:ALIVE OR DEAD TUMOR FREE	Not Hispanic Or Latino	4/19/13	0.1517	NA	No	C50.9	8500/3	C50.9	Yes	Yes	0.2858	0.01	34	No	IDC	36.29549265	1:DECEASED	C3A981C7-F148-4252-BD50-AF8A49EC0DF8	MX	N0	T2	Tumor Free	36.29549265	0:CENSORED	Yes	No	Black or African American	No	-10	1	Primary	Female	Matched	BRCA_Normal	72	No	Yes	University of Chicago	OL	1.133333333	Breast	Infiltrating Ductal Carcinoma	-4	1	High	High
TCGA-OL-A5D7-01	-0.230805716910179	-0.144017888237171	TCGA-OL-A5D7	70	STAGE IIA	6TH	14	21	Breast Cancer	BRCA	Breast Invasive Ductal Carcinoma	1780	-25643	0	58.51990663	0:DiseaseFree	58.51990663	0:ALIVE OR DEAD TUMOR FREE	Not Hispanic Or Latino	4/19/13	0.3616	NA	No	C50.9	8500/3	C50.9	Yes	Yes	0.2907	0.15	52	No	IDC	58.51990663	0:LIVING	C8F39325-5382-447C-9291-A6915FC978B8	MX	N0	T2	Tumor Free	58.51990663	0:CENSORED	Yes	No	Black or African American	Yes	14	1	Primary	Female	Matched	BRCA_Basal	339	No	Yes	University of Chicago	OL	1.766666667	Breast	Infiltrating Ductal Carcinoma	-14	0	Low	Low
TCGA-OL-A5D8-01	0.139077250305655	0.0560526789877814	TCGA-OL-A5D8	40	STAGE IIB	6TH	5	-27	Breast Cancer	BRCA	Breast Invasive Ductal Carcinoma	973	-14853	0	NA	NA	31.98869054	0:ALIVE OR DEAD TUMOR FREE	Not Hispanic Or Latino	4/19/13	0.1753	NA	No	C50.9	8500/3	C50.9	Yes	Yes	0.3078	0.06	22	No	IDC	31.98869054	0:LIVING	6D4860B2-21C6-4B7B-9093-2F32700D0612	MX	N0	T3	Tumor Free	31.98869054	0:CENSORED	Yes	No	Black or African American	Yes	-4	1	Primary	Female	Matched	BRCA_LumA	159	No	Yes	University of Chicago	OL	0.8	Breast	Infiltrating Ductal Carcinoma	-32	0	High	High
TCGA-OL-A5DA-01	-0.0461617490674975	-0.0741494042080672	TCGA-OL-A5DA	61	STAGE IIA	6TH	6	-29	Breast Cancer	BRCA	Breast Invasive Lobular Carcinoma	1783	-22411	0	58.61853569	0:DiseaseFree	58.61853569	0:ALIVE OR DEAD TUMOR FREE	Not Hispanic Or Latino	4/23/13	0.2379	EUR	No	C50.9	8520/3	C50.9	Yes	Yes	0.3041	0	60	No	ILC	58.61853569	0:LIVING	4E509F73-99C7-48EB-A3A4-D34E3BFACE33	MX	N0	T2	Tumor Free	58.61853569	0:CENSORED	Yes	No	White	No	-14	1	Primary	Female	Matched	BRCA_LumA	102	No	Yes	University of Chicago	OL	2.033333333	Breast	Infiltrating Lobular Carcinoma	-26	0	Low	Low
TCGA-OL-A5RU-01	-0.0729360195143178	-0.0600852514967176	TCGA-OL-A5RU	63	STAGE IIA	7TH	1	-31	Breast Cancer	BRCA	Breast Invasive Ductal Carcinoma	1219	-23108	0	40.07627314	0:DiseaseFree	40.07627314	0:ALIVE OR DEAD TUMOR FREE	NA	5/16/13	0.0399	AFR	No	C50.9	8500/3	C50.9	Yes	Yes	0.3035	0.03	34	No	IDC	40.07627314	0:LIVING	B8A44FDF-9CB9-4123-9AB0-4BC198921FEE	MX	N1	T1C	Tumor Free	40.07627314	0:CENSORED	Yes	No	Black or African American	Yes	-16	1	Primary	Female	Matched	BRCA_LumA	13	No	Yes	University of Chicago	OL	1.133333333	Breast	Infiltrating Ductal Carcinoma	-46	0	Low	Low
TCGA-OL-A5RV-01	0.0591259459939048	0.0475078461089879	TCGA-OL-A5RV	43	STAGE IIIC	7TH	2	-39	Breast Cancer	BRCA	Breast Invasive Ductal Carcinoma	1062	-15820	0	34.91468587	0:DiseaseFree	34.91468587	0:ALIVE OR DEAD TUMOR FREE	NA	5/16/13	0.0644	NA	No	C50.9	8500/3	C50.9	Yes	Yes	0.2967	0.01	11	No	IDC	34.91468587	0:LIVING	1D38D356-D126-4476-94D0-26616B9375B1	MX	N3	T2	Tumor Free	34.91468587	0:CENSORED	Yes	No	Black or African American	Yes	-14	1	Primary	Female	Matched	BRCA_LumA	7	No	Yes	University of Chicago	OL	0.366666667	Breast	Infiltrating Ductal Carcinoma	-32	0	High	High
TCGA-OL-A5RW-01	-0.166273955495375	-0.0607488663397257	TCGA-OL-A5RW	40	STAGE IIA	7TH	17	35	Breast Cancer	BRCA	Breast Invasive Ductal Carcinoma	1106	-14638	0	36.36124536	0:DiseaseFree	36.36124536	0:ALIVE OR DEAD TUMOR FREE	NA	5/16/13	0.7465	NA	No	C50.9	8500/3	C50.9	Yes	Yes	0.3301	0.97	146	No	IDC	36.36124536	0:LIVING	A82D0A57-4383-473D-B334-D13B278404B1	MX	N1	T1C	Tumor Free	36.36124536	0:CENSORED	Yes	No	Black or African American	Yes	4	1	Primary	Female	Matched	BRCA_Basal	397	No	Yes	University of Chicago	OL	4.866666667	Breast	Infiltrating Ductal Carcinoma	32	0	Low	Low
TCGA-OL-A5RX-01	0.00739928113575977	-0.0083993145013168	TCGA-OL-A5RX	51	STAGE IA	7TH	5	-37	Breast Cancer	BRCA	Breast Invasive Ductal Carcinoma	878	-18942	0	28.86543709	0:DiseaseFree	28.86543709	0:ALIVE OR DEAD TUMOR FREE	NA	5/16/13	0.1288	NA	No	C50.9	8500/3	C50.9	Yes	Yes	0.2925	0	22	No	IDC	28.86543709	0:LIVING	43C0BEC6-6FAC-47B1-83CB-200A15A932BE	MX	N0	T1C	Tumor Free	28.86543709	0:CENSORED	Yes	No	Black or African American	No	-16	1	Primary	Female	Matched	BRCA_LumA	1	No	Yes	University of Chicago	OL	0.766666667	Breast	Infiltrating Ductal Carcinoma	-30	0	High	High
TCGA-OL-A5RY-01	-0.206565704807298	-0.0708236231444078	TCGA-OL-A5RY	52	STAGE IIA	7TH	0	11	Breast Cancer	BRCA	Breast Invasive Ductal Carcinoma	752	-19216	0	24.72301673	0:DiseaseFree	24.72301673	0:ALIVE OR DEAD TUMOR FREE	NA	5/16/13	0.0041	NA	No	C50.9	8500/3	C50.9	Yes	Yes	0.2856	0	10	No	IDC	24.72301673	0:LIVING	8360CEC6-DAF6-41C9-9A4F-7FC03C958DCC	MX	N1	T1C	With Tumor	24.72301673	0:CENSORED	Yes	No	Black or African American	Yes	18	1	Primary	Female	Matched	BRCA_Normal	19	No	Yes	University of Chicago	OL	0.333333333	Breast	Infiltrating Ductal Carcinoma	6	0	Low	Low
TCGA-OL-A5RZ-01	-0.0818589126786271	-0.105074769058452	TCGA-OL-A5RZ	57	STAGE IA	7TH	13	3	Breast Cancer	BRCA	Breast Invasive Ductal Carcinoma	679	-21038	0	22.32304304	0:DiseaseFree	22.32304304	0:ALIVE OR DEAD TUMOR FREE	NA	5/16/13	0.4698	NA	No	C50.9	8500/3	C50.9	Yes	Yes	0.328	0.31	96	No	IDC	22.32304304	0:LIVING	7E8713BD-0B17-4F09-9696-BC29707D862B	MX	N0	T1B	Tumor Free	22.32304304	0:CENSORED	Yes	No	Black or African American	No	14	1	Primary	Female	Matched	BRCA_Her2	356	No	Yes	University of Chicago	OL	3.233333333	Breast	Infiltrating Ductal Carcinoma	2	0	Low	Low
TCGA-OL-A5S0-01	-0.23783849204087	-0.183967779652495	TCGA-OL-A5S0	66	STAGE IIB	7TH	21	43	Breast Cancer	BRCA	Breast Invasive Ductal Carcinoma	620	-24139	0	20.38333827	0:DiseaseFree	20.38333827	0:ALIVE OR DEAD TUMOR FREE	NA	5/16/13	0.6208	NA	No	C50.9	8500/3	C50.9	Yes	Yes	0.3131	0.04	31	No	IDC	20.38333827	0:LIVING	43B3BF47-7313-4DFB-952A-EC0B9D48E16C	MX	N1A	T2	Tumor Free	20.38333827	0:CENSORED	Yes	No	Black or African American	Yes	24	1	Primary	Female	Matched	BRCA_Basal	141	No	Yes	University of Chicago	OL	1.033333333	Breast	Infiltrating Ductal Carcinoma	28	0	Low	Low
TCGA-OL-A66H-01	-0.131384650273329	-0.122613919956112	TCGA-OL-A66H	74	STAGE IB	7TH	2	-13	Breast Cancer	BRCA	Breast Invasive Mixed Mucinous Carcinoma	812	-27280	0	NA	0:DiseaseFree	NA	0:ALIVE OR DEAD TUMOR FREE	Not Hispanic Or Latino	6/11/13	0.0587	NA	No	C50.9	8480/3	C50.9	Yes	Yes	0.2986	0	18	No	IMMC	26.68419323	0:LIVING	76BD9BB9-9A8B-4A90-BB7C-EAFE76472EE4	MX	N1MI	T1C	Tumor Free	NA	0:CENSORED	Yes	No	Black or African American	Yes	-20	1	Primary	Female	Matched	BRCA_LumA	13	No	Yes	University of Chicago	OL	0.633333333	Breast	Mucinous Carcinoma	-28	0	Low	Low
TCGA-OL-A66I-01	-0.165379996297372	-0.0942591029016668	TCGA-OL-A66I	36	STAGE IIA	6TH	21	15	Breast Cancer	BRCA	Breast Invasive Ductal Carcinoma	714	-13458	0	23.47371536	0:DiseaseFree	23.47371536	0:ALIVE OR DEAD TUMOR FREE	Not Hispanic Or Latino	6/11/13	0.409	NA	No	C50.9	8500/3	C50.9	Yes	Yes	0.3071	0.01	39	No	IDC	23.47371536	0:LIVING	35BD694D-1DD2-466F-AB27-03320614B40E	MX	N1MI	T1C	Tumor Free	23.47371536	0:CENSORED	Yes	No	Black or African American	Yes	8	1	Primary	Female	Matched	BRCA_Basal	301	No	Yes	University of Chicago	OL	1.3	Breast	Infiltrating Ductal Carcinoma	-10	0	Low	Low
TCGA-OL-A66J-01	-0.080727750390658	-0.0596987124647743	TCGA-OL-A66J	80	STAGE I	6TH	3	-25	Breast Cancer	BRCA	Breast Invasive Lobular Carcinoma	1996	-29345	0	65.62119867	0:DiseaseFree	65.62119867	0:ALIVE OR DEAD TUMOR FREE	Not Hispanic Or Latino	6/11/13	0.0664	EUR	No	C50.9	8520/3	C50.9	Yes	Yes	0.3036	0.05	45	No	ILC	65.62119867	0:LIVING	96E1FC6D-693F-4F4F-B5F7-8D6E1C6C43F8	MX	N0	T1C	Tumor Free	65.62119867	0:CENSORED	Yes	No	White	Yes	-14	1	Primary	Female	Matched	BRCA_LumA	30	No	Yes	University of Chicago	OL	1.533333333	Breast	Infiltrating Lobular Carcinoma	-6	0	Low	Low
TCGA-OL-A66K-01	-0.0759668295307867	-0.0583718065309373	TCGA-OL-A66K	72	STAGE IIA	7TH	20	-25	Breast Cancer	BRCA	Breast Invasive Lobular Carcinoma	1021	-26299	0	41.91734885	0:DiseaseFree	41.91734885	0:ALIVE OR DEAD TUMOR FREE	Not Hispanic Or Latino	6/11/13	0.1883	EUR	No	C50.9	8520/3	C50.9	Yes	Yes	0.3357	0.08	28	No	ILC	41.91734885	1:DECEASED	2AB1B35B-9E56-475C-AC9B-15ED0A422683	MX	N0	T2	Tumor Free	41.91734885	0:CENSORED	Yes	No	White	No	-16	1	Primary	Female	Matched	BRCA_LumA	5	No	Yes	University of Chicago	OL	0.933333333	Breast	Infiltrating Lobular Carcinoma	-26	1	Low	Low
TCGA-OL-A66L-01	-0.0934571268182644	-0.0534954708606017	TCGA-OL-A66L	71	STAGE IA	7TH	5	-13	Breast Cancer	BRCA	Breast Invasive Ductal Carcinoma	1301	-26186	0	42.772134	0:DiseaseFree	42.772134	0:ALIVE OR DEAD TUMOR FREE	Not Hispanic Or Latino	6/11/13	0.111	NA	No	C50.9	8500/3	C50.9	Yes	Yes	0.3475	0	57	No	IDC	42.772134	0:LIVING	AF0ACAA9-A61C-4E57-BC0D-453AD5BF193A	MX	N0	T1C	Tumor Free	42.772134	0:CENSORED	Yes	No	Black or African American	Yes	-12	1	Primary	Female	Matched	BRCA_LumA	6	No	Yes	University of Chicago	OL	1.866666667	Breast	Infiltrating Ductal Carcinoma	0	0	Low	Low
TCGA-OL-A66N-01	-0.162944656867582	-0.0611133511513251	TCGA-OL-A66N	59	STAGE IIIC	7TH	21	-17	Breast Cancer	BRCA	Breast Invasive Lobular Carcinoma	792	-21608	0	26.03807082	0:DiseaseFree	26.03807082	0:ALIVE OR DEAD TUMOR FREE	Not Hispanic Or Latino	6/11/13	0.2094	EUR	No	C50.9	8520/3	C50.9	Yes	Yes	0.3342	0	35	No	ILC	26.03807082	0:LIVING	E9002F4E-BA0B-4738-9368-DD9614A5DA8A	MX	N3	T3	Tumor Free	26.03807082	0:CENSORED	Yes	No	White	Yes	-12	1	Primary	Female	Matched	BRCA_LumA	22	No	Yes	University of Chicago	OL	1.2	Breast	Infiltrating Lobular Carcinoma	-16	0	Low	Low
TCGA-OL-A66O-01	-0.0509122867926977	-0.0877490492331266	TCGA-OL-A66O	39	STAGE IIB	7TH	6	5	Breast Cancer	BRCA	Breast Invasive Ductal Carcinoma	528	-14272	0	17.35871388	0:DiseaseFree	17.35871388	0:ALIVE OR DEAD TUMOR FREE	Not Hispanic Or Latino	6/11/13	0.1667	NA	No	C50.9	8500/3	C50.9	Yes	Yes	0.3236	0	28	No	IDC	17.35871388	0:LIVING	A45833E1-7CC9-4273-B408-620F74679A12	MX	N1A	T2	Tumor Free	17.35871388	0:CENSORED	Yes	No	Black or African American	Yes	14	1	Primary	Female	Matched	BRCA_LumA	59	No	Yes	University of Chicago	OL	0.933333333	Breast	Infiltrating Ductal Carcinoma	-4	0	Low	Low
TCGA-OL-A66P-01	-0.159090499227168	-0.0745068440781854	TCGA-OL-A66P	75	STAGE IIA	7TH	3	15	Breast Cancer	BRCA	Breast Invasive Ductal Carcinoma	428	-27489	0	14.07107867	0:DiseaseFree	14.07107867	0:ALIVE OR DEAD TUMOR FREE	Not Hispanic Or Latino	6/11/13	0.1324	NA	No	C50.9	8500/3	C50.9	Yes	Yes	0.3535	0	91	No	IDC	14.07107867	0:LIVING	F81AC8A2-4CE6-439E-B027-1C0BFC88CEAA	MX	N0	T2	NA	14.07107867	0:CENSORED	Yes	No	Black or African American	No	2	1	Primary	Female	Matched	BRCA_Her2	314	No	Yes	University of Chicago	OL	3.166666667	Breast	Infiltrating Ductal Carcinoma	-6	0	Low	Low
TCGA-OL-A6VO-01	-0.0856614333469882	-0.0881625938421904	TCGA-OL-A6VO	43	STAGE IA	7TH	25	23	Breast Cancer	BRCA	Breast Invasive Ductal Carcinoma	858	-15780	0	28.20791005	0:DiseaseFree	28.20791005	0:ALIVE OR DEAD TUMOR FREE	Not Hispanic Or Latino	12/5/13	0.4348	AFR_ADMIX	No	C50.9	8500/3	C50.9	Yes	Yes	0.3793	1.89	33	No	IDC	28.20791005	0:LIVING	398FB71B-CA83-44E7-BF0D-B1CA464B0283	MX	N0	T1C	Tumor Free	28.20791005	0:CENSORED	Yes	No	Black or African American	Yes	14	1	Primary	Female	Matched	BRCA_Basal	227	No	Yes	University of Chicago	OL	1.1	Breast	Infiltrating Ductal Carcinoma	12	0	Low	Low
TCGA-OL-A6VQ-01	0.0270696859091294	0.0102553353434108	TCGA-OL-A6VQ	49	STAGE IIA	7TH	8	-35	Breast Cancer	BRCA	Breast Invasive Lobular Carcinoma	600	-18151	0	19.72581122	0:DiseaseFree	19.72581122	0:ALIVE OR DEAD TUMOR FREE	Not Hispanic Or Latino	2/20/14	0.1319	NA	No	C50.9	8520/3	C50.9	Yes	Yes	0.336	0	69	No	ILC	19.72581122	0:LIVING	34126CD5-CC38-4198-8582-C14FB5DB7ACB	MX	N0	T2	Tumor Free	19.72581122	0:CENSORED	Yes	No	White	No	-22	1	Primary	Female	Matched	BRCA_LumA	7	No	Yes	University of Chicago	OL	2.3	Breast	Infiltrating Lobular Carcinoma	-34	0	High	High
TCGA-OL-A6VR-01	0.0541867173460744	0.0118994872466559	TCGA-OL-A6VR	48	STAGE IA	7TH	2	-15	Breast Cancer	BRCA	Breast Invasive Ductal Carcinoma	1220	-17702	0	40.10914949	0:DiseaseFree	40.10914949	0:ALIVE OR DEAD TUMOR FREE	Not Hispanic Or Latino	12/5/13	0.1111	NA	No	C50.9	8500/3	C50.9	Yes	Yes	0.3456	0.12	22	No	IDC	40.10914949	0:LIVING	DB3E1CE8-4A05-4BFC-B5AE-13CF789369E1	MX	N0	T1B	Tumor Free	40.10914949	0:CENSORED	Yes	No	Black or African American	No	-12	1	Primary	Female	Matched	BRCA_LumA	12	No	Yes	University of Chicago	OL	0.766666667	Breast	Infiltrating Ductal Carcinoma	-18	0	High	High
TCGA-OL-A97C-01	0.0222483134453875	0.133605789702286	TCGA-OL-A97C	67	STAGE IIB	7TH	8	9	Breast Cancer	BRCA	Breast Invasive Carcinoma (NOS)	271	-24735	0	NA	NA	8.909491403	0:ALIVE OR DEAD TUMOR FREE	Not Hispanic Or Latino	3/18/14	0.2079	AFR	No	C50.9	9020/3	C50.9	Yes	Yes	0.3453	0.05	60	No	BRCNOS	8.909491403	0:LIVING	6FFD1B8C-6F0B-456A-9160-E0C8021E5897	M0	N0	T3	Tumor Free	9.040996811	1:PROGRESSION	Yes	No	Black or African American	No	4	1	Primary	Female	Matched	BRCA_Normal	29	No	Yes	University of Chicago	OL	2	Breast	Other	20	0	High	High
TCGA-PE-A5DC-01	-0.036845601437498	-0.0419047392072599	TCGA-PE-A5DC	72	STAGE IIIA	6TH	NA	-5	Breast Cancer	BRCA	Breast Invasive Lobular Carcinoma	NA	-26514	0	NA	NA	47.01318342	0:ALIVE OR DEAD TUMOR FREE	Not Hispanic Or Latino	4/30/13	0.3159	EUR	No	C50.9	8520/3	C50.9	Yes	Yes	0.3164	0.06	93	No	ILC	47.01318342	1:DECEASED	76099BEB-0ABE-4B56-8B4E-E4485E0402E6	M0	N2A	T2	Tumor Free	47.01318342	0:CENSORED	Yes	No	White	Yes	8	1	Primary	Female	Matched	BRCA_LumA	183	No	Yes	Fox Chase	PE	3.166666667	Breast	Infiltrating Lobular Carcinoma	-4	1	Low	Low
TCGA-PE-A5DD-01	0.0166731505433761	0.00179361322566576	TCGA-PE-A5DD	64	STAGE IIA	6TH	8	-23	Breast Cancer	BRCA	Breast Invasive Lobular Carcinoma	1953	-23686	0	64.20751553	0:DiseaseFree	64.20751553	0:ALIVE OR DEAD TUMOR FREE	Not Hispanic Or Latino	5/6/13	0.2365	EAS_ADMIX	No	C50.9	8520/3	C50.9	Yes	Yes	0.2898	0.05	54	No	ILC	64.20751553	0:LIVING	B0700958-5F90-4546-B35F-635CD506889B	M0	N0	T2	Tumor Free	64.20751553	0:CENSORED	Yes	No	Asian	Yes	0	1	Primary	Female	Matched	BRCA_LumA	35	No	Yes	Fox Chase	PE	1.8	Breast	Infiltrating Lobular Carcinoma	-10	0	High	High
TCGA-PE-A5DE-01	-0.15049132629566	-0.120236127738655	TCGA-PE-A5DE	41	STAGE IIA	6TH	23	-25	Breast Cancer	BRCA	Breast Invasive Lobular Carcinoma	2645	-15216	0	NA	NA	86.95795115	0:ALIVE OR DEAD TUMOR FREE	NA	4/24/13	0.5284	EUR	No	C50.9	8520/3	C50.9	Yes	Yes	0.2918	0.01	386	No	ILC	86.95795115	0:LIVING	89C128B9-1C6B-4C04-A4AF-7066772E783C	M0	N0	T2	Tumor Free	86.95795115	0:CENSORED	Yes	No	White	Yes	-2	1	Primary	Female	Matched	BRCA_LumA	16	No	Yes	Fox Chase	PE	13.06666667	Breast	Infiltrating Lobular Carcinoma	-34	0	Low	Low
TCGA-PL-A8LV-01	-0.0549999895243076	0.0140582905028175	TCGA-PL-A8LV	54	STAGE IIIB	7TH	24	13	Breast Cancer	BRCA	Breast Invasive Ductal Carcinoma	-7	-19746	0	NA	NA	0	0:ALIVE OR DEAD TUMOR FREE	Not Hispanic Or Latino	3/25/14	0.7412	AFR	No	C50.9	8510/3	C50.9	Yes	Yes	0.3512	0.21	97	NA	IDC	0	0:LIVING	389E5B18-8F89-41A9-9FA5-EFD4172836E2	M0	N0	T4	With Tumor	0	0:CENSORED	No	No	Black or African American	NA	14	1	Primary	Female	Matched	BRCA_Basal	85	Yes	No	Institute of Human Virology Nigeria	PL	3.233333333	Breast	Medullary Carcinoma	10	0	Low	High
TCGA-PL-A8LX-01	-0.0140895620011748	-0.015881543575798	TCGA-PL-A8LX	35	STAGE IV	7TH	19	-27	Breast Cancer	BRCA	Breast Invasive Ductal Carcinoma	5	-12840	0	NA	NA	0.16438176	0:ALIVE OR DEAD TUMOR FREE	Not Hispanic Or Latino	3/25/14	0.1356	AFR	No	C50.9	8500/3	C50.9	Yes	Yes	0.324	0.04	29	NA	IDC	0.16438176	0:LIVING	FE2CD610-AA52-4789-AC62-7683281BB22F	M1	N1A	T4	With Tumor	0.16438176	0:CENSORED	Yes	No	Black or African American	No	-20	1	Primary	Female	Matched	BRCA_LumA	51	Yes	No	Institute of Human Virology Nigeria	PL	0.966666667	Breast	Infiltrating Ductal Carcinoma	-22	0	Low	High
TCGA-PL-A8LY-01	-0.143255034925532	-0.0720523553111548	TCGA-PL-A8LY	30	STAGE IIB	7TH	0	-25	Breast Cancer	BRCA	Breast Invasive Ductal Carcinoma	8	-11199	0	NA	NA	0.263010816	0:ALIVE OR DEAD TUMOR FREE	Not Hispanic Or Latino	3/26/14	1e-04	AFR	No	C50.9	8500/3	C50.9	Yes	Yes	0.3461	0	4	NA	IDC	0.263010816	0:LIVING	9BA11EA8-97D3-464A-90A4-EC1151BE9088	M0	N0	T3	With Tumor	0.263010816	0:CENSORED	No	No	Black or African American	No	-14	1	Primary	Female	Matched	BRCA_Normal	0	Yes	No	Institute of Human Virology Nigeria	PL	0.133333333	Breast	Infiltrating Ductal Carcinoma	-14	0	Low	Low
TCGA-PL-A8LZ-01	-0.122119972833765	-0.0499005252976597	TCGA-PL-A8LZ	29	STAGE IIIB	7TH	21	-3	Breast Cancer	BRCA	Breast Invasive Ductal Carcinoma	302	-10869	0	NA	NA	9.928658316	0:ALIVE OR DEAD TUMOR FREE	Not Hispanic Or Latino	5/5/14	0.1729	AFR	No	C50.9	8500/3	C50.9	Yes	Yes	0.3284	0.03	78	No	IDC	9.928658316	0:LIVING	9087585F-E792-4F33-BAAA-56FFE0F745BE	M0	N2	T4B	Tumor Free	9.928658316	0:CENSORED	NA	No	Black or African American	No	4	1	Primary	Female	Matched	BRCA_Basal	136	Yes	No	Institute of Human Virology Nigeria	PL	2.7	Breast	Infiltrating Ductal Carcinoma	-28	0	Low	Low
TCGA-S3-A6ZF-01	-0.0143286193645652	-0.0333432063634198	TCGA-S3-A6ZF	64	STAGE IIA	7TH	19	-13	Breast Cancer	BRCA	Breast Invasive Ductal Carcinoma	572	-23650	0	18.80527337	0:DiseaseFree	18.80527337	0:ALIVE OR DEAD TUMOR FREE	Not Hispanic Or Latino	11/12/13	0.602	AFR	No	C50.9	8500/3	C50.9	Yes	Yes	0.3361	0.22	31	No	IDC	18.80527337	0:LIVING	FBEE40F1-D6D8-4156-8D42-36E09BB9F095	M0	N0	T2	Tumor Free	18.80527337	0:CENSORED	Yes	No	Black or African American	No	12	1	Primary	Female	Matched	BRCA_LumB	147	Yes	No	Albert Einstein Medical Center	S3	1.033333333	Breast	Infiltrating Ductal Carcinoma	-16	0	Low	Low
TCGA-S3-A6ZG-01	0.088812232370714	0.0291012839630559	TCGA-S3-A6ZG	71	STAGE IIB	7TH	17	-29	Breast Cancer	BRCA	Breast Invasive Carcinoma (NOS)	562	-26141	0	18.47650985	0:DiseaseFree	18.47650985	0:ALIVE OR DEAD TUMOR FREE	Not Hispanic Or Latino	11/12/13	0.1632	AFR_ADMIX	No	C50.9	8520/3	C50.9	Yes	Yes	0.3316	0.05	39	No	BRCNOS	18.47650985	0:LIVING	1A679332-30A3-4495-A2E5-39D299E14333	M0	N1	T2	Tumor Free	18.47650985	0:CENSORED	Yes	No	Black or African American	Yes	6	1	Primary	Female	Matched	BRCA_LumA	24	Yes	No	Albert Einstein Medical Center	S3	1.233333333	Breast	Mixed Histology (NOS)	-24	0	High	High
TCGA-S3-A6ZH-01	0.022617379757044	-0.115431449135844	TCGA-S3-A6ZH	29	STAGE IIIC	7TH	20	-13	Breast Cancer	BRCA	Breast Invasive Ductal Carcinoma	641	-10832	0	21.07374166	0:DiseaseFree	21.07374166	0:ALIVE OR DEAD TUMOR FREE	Not Hispanic Or Latino	11/12/13	0.3715	AFR	No	C50.9	8500/3	C50.9	Yes	Yes	0.3286	0.59	33	No	IDC	21.07374166	0:LIVING	EC461EAF-F5CB-4225-A9A0-59D8E6C17EA6	MX	N3A	T3	Tumor Free	21.07374166	0:CENSORED	Yes	No	Black or African American	Yes	12	1	Primary	Female	Matched	BRCA_LumA	42	Yes	No	Albert Einstein Medical Center	S3	1.1	Breast	Infiltrating Ductal Carcinoma	0	0	High	Low
TCGA-S3-AA0Z-01	0.0113985810893617	0.0545755445107862	TCGA-S3-AA0Z	63	STAGE IIB	7TH	12	-15	Breast Cancer	BRCA	Breast Invasive Ductal Carcinoma	629	-23314	0	20.67922543	0:DiseaseFree	20.67922543	0:ALIVE OR DEAD TUMOR FREE	Not Hispanic Or Latino	4/18/14	0.3953	AFR	No	C50.9	8500/3	C50.9	Yes	Yes	0.3531	1.27	46	No	IDC	20.67922543	0:LIVING	CFFE832C-8A81-4CDB-8B25-DF7F35AFAFDC	M0	N1A	T2	Tumor Free	20.67922543	0:CENSORED	Yes	No	Black or African American	No	4	1	Primary	Female	Matched	BRCA_Basal	83	Yes	No	Albert Einstein Medical Center	S3	1.566666667	Breast	Infiltrating Ductal Carcinoma	-22	0	High	High
TCGA-S3-AA10-01	-0.170416595242676	-0.100352569276874	TCGA-S3-AA10	65	STAGE IIA	7TH	22	15	Breast Cancer	BRCA	Breast Invasive Ductal Carcinoma	586	-24075	0	19.2655423	0:DiseaseFree	19.2655423	0:ALIVE OR DEAD TUMOR FREE	Not Hispanic Or Latino	4/18/14	0.5359	AFR	No	C50.9	8500/3	C50.9	Yes	Yes	0.3339	0.53	133	No	IDC	19.2655423	0:LIVING	23C31C2E-336C-4878-A476-CF8D811B4875	M0	N0	T2	Tumor Free	19.2655423	0:CENSORED	Yes	No	Black or African American	No	12	1	Primary	Female	Matched	BRCA_Basal	133	Yes	No	Albert Einstein Medical Center	S3	4.533333333	Breast	Infiltrating Ductal Carcinoma	10	0	Low	Low
TCGA-S3-AA11-01	-0.0439733974059692	-0.058012452417754	TCGA-S3-AA11	67	STAGE IIA	7TH	1	-29	Breast Cancer	BRCA	Breast Invasive Ductal Carcinoma	421	-24813	0	13.84094421	0:DiseaseFree	13.84094421	0:ALIVE OR DEAD TUMOR FREE	Not Hispanic Or Latino	4/18/14	0.056	AFR	No	C50.9	8500/3	C50.9	Yes	Yes	0.3311	0	59	No	IDC	13.84094421	0:LIVING	0DD8DBC1-C48B-4E7C-B401-57101F724967	M0	N0	T2	Tumor Free	13.84094421	0:CENSORED	Yes	No	Black or African American	Yes	-6	1	Primary	Female	Matched	BRCA_LumA	15	Yes	No	Albert Einstein Medical Center	S3	2	Breast	Infiltrating Ductal Carcinoma	-28	0	Low	Low
TCGA-S3-AA12-01	-0.0240677786905593	-0.0997557170720333	TCGA-S3-AA12	82	STAGE IIIA	7TH	4	-13	Breast Cancer	BRCA	Breast Invasive Ductal Carcinoma	574	-30101	0	18.87102607	0:DiseaseFree	18.87102607	0:ALIVE OR DEAD TUMOR FREE	Not Hispanic Or Latino	4/18/14	0.1373	AFR	No	C50.9	8500/3	C50.9	Yes	Yes	0.341	0.34	36	No	IDC	18.87102607	0:LIVING	2BCACFD1-6A45-4B96-9B80-2AD569B1AB45	MX	N1A	T3	Tumor Free	18.87102607	0:CENSORED	Yes	Yes	Black or African American	No	0	1	Primary	Female	Matched	BRCA_LumA	71	Yes	No	Albert Einstein Medical Center	S3	1.2	Breast	Infiltrating Ductal Carcinoma	-20	0	Low	Low
TCGA-S3-AA14-01	0.084259737663448	0.0668257709504919	TCGA-S3-AA14	47	STAGE I	7TH	2	-29	Breast Cancer	BRCA	Breast Invasive Ductal Carcinoma	529	-17352	0	17.39159023	0:DiseaseFree	17.39159023	0:ALIVE OR DEAD TUMOR FREE	Not Hispanic Or Latino	4/18/14	0.1821	AFR	No	C50.9	8500/3	C50.9	Yes	Yes	0.3335	0.22	16	No	IDC	17.39159023	0:LIVING	929ACC67-B8BF-4F65-9110-380E44AB66B7	CM0 (I+)	N0 (I+)	T1	Tumor Free	17.39159023	0:CENSORED	Yes	No	Black or African American	Yes	2	1	Primary	Female	Matched	BRCA_LumA	99	Yes	No	Albert Einstein Medical Center	S3	0.533333333	Breast	Infiltrating Ductal Carcinoma	-22	0	High	High
TCGA-S3-AA15-01	-0.0326456716908191	0.0328757827647352	TCGA-S3-AA15	51	STAGE IIB	7TH	NA	-9	Breast Cancer	BRCA	Breast Invasive Ductal Carcinoma	525	-18659	0	17.26008482	0:DiseaseFree	17.26008482	0:ALIVE OR DEAD TUMOR FREE	Not Hispanic Or Latino	4/18/14	0.0014	AFR	No	C50.9	8500/3	C50.9	Yes	Yes	0.3124	0	36	No	IDC	17.26008482	0:LIVING	E783E518-C1E5-4EAC-8EAF-E2D65CCD9692	CM0 (I+)	N1A	T2	Tumor Free	17.26008482	0:CENSORED	Yes	No	Black or African American	Yes	8	1	Primary	Female	Matched	BRCA_Basal	6	Yes	No	Albert Einstein Medical Center	S3	1.166666667	Breast	Infiltrating Ductal Carcinoma	-10	0	Low	High
TCGA-S3-AA17-01	0.0446918918124189	0.0178653374243012	TCGA-S3-AA17	64	STAGE IIB	7TH	9	-13	Breast Cancer	BRCA	Breast Invasive Ductal Carcinoma	424	-23642	0	13.93957327	0:DiseaseFree	13.93957327	0:ALIVE OR DEAD TUMOR FREE	Not Hispanic Or Latino	4/21/14	0.346	AFR_ADMIX	No	C50.9	8500/3	C50.9	Yes	Yes	0.3284	0.02	88	No	IDC	13.93957327	0:LIVING	49A2FD48-744D-4D88-B9B4-8C778D4F48FD	CM0 (I+)	N1MI	T2	Tumor Free	13.93957327	0:CENSORED	Yes	Yes	Black or African American	Yes	12	1	Primary	Female	Matched	BRCA_LumB	83	Yes	No	Albert Einstein Medical Center	S3	2.966666667	Breast	Infiltrating Ductal Carcinoma	-38	0	High	High
TCGA-UL-AAZ6-01	0.0268645045515544	-0.0434456022687773	TCGA-UL-AAZ6	73	STAGE IIA	7TH	19	21	Breast Cancer	BRCA	Breast Invasive Ductal Carcinoma	518	-26999	0	NA	NA	17.02995036	0:ALIVE OR DEAD TUMOR FREE	Not Hispanic Or Latino	8/28/14	0.5875	AFR	No	C50.9	8500/3	C50.9	Yes	Yes	0.3254	0.98	80	No	IDC	17.02995036	0:LIVING	4B54E06E-A280-4981-A4E1-9AEA154341B4	MX	N0	T2	Tumor Free	17.02995036	0:CENSORED	NA	No	Black or African American	No	18	1	Primary	Female	Matched	BRCA_LumA	406	Yes	No	Boston Medical Center	UL	2.7	Breast	Infiltrating Ductal Carcinoma	14	0	High	Low
TCGA-UU-A93S-01	-0.162494942101663	-0.170519769231925	TCGA-UU-A93S	63	STAGE IV	7TH	15	15	Breast Cancer	BRCA	Breast Invasive Ductal Carcinoma	NA	-23278	0	NA	NA	3.813656837	1:DEAD WITH TUMOR	Not Hispanic Or Latino	11/11/14	0.5014	AFR_ADMIX	No	C50.9	8500/3	C50.9	Yes	Yes	0.3562	0.48	139	No	IDC	3.813656837	1:DECEASED	45013972-2DFD-4F82-A076-E3E4AF1B43B8	M1	N3B	T4D	With Tumor	3.813656837	1:PROGRESSION	No	No	Black or African American	No	10	1	Primary	Female	Matched	BRCA_Her2	416	Yes	No	Mary Bird Perkins Cancer Center - Our Lady of the Lake	UU	4.633333333	Breast	Infiltrating Ductal Carcinoma	14	1	Low	Low
TCGA-V7-A7HQ-01	0.0458642231321218	-0.0204167301911659	TCGA-V7-A7HQ	75	STAGE IIIA	6TH	6	7	Breast Cancer	BRCA	Breast Invasive Ductal Carcinoma	2033	-27684	0	66.8376237	0:DiseaseFree	66.8376237	0:ALIVE OR DEAD TUMOR FREE	Not Hispanic Or Latino	3/31/15	0.1209	NA	No	C50.9	8500/3	C50.9	Yes	Yes	0.3439	0.01	23	No	IDC	66.8376237	0:LIVING	1285EB55-415C-494A-AA58-936F0427CDD0	M0	N2A	T1C	Tumor Free	66.8376237	0:CENSORED	Yes	No	Black or African American	Yes	-6	1	Primary	Female	Matched	BRCA_LumA	34	No	Yes	Medical College of Georgia	V7	0.733333333	Breast	Infiltrating Ductal Carcinoma	10	0	High	Low
TCGA-W8-A86G-01	-0.0169944880157869	-0.0130386067563306	TCGA-W8-A86G	66	STAGE IIA	7TH	14	-31	Breast Cancer	BRCA	Breast Invasive Lobular Carcinoma	347	-24125	0	11.40809416	0:DiseaseFree	11.40809416	0:ALIVE OR DEAD TUMOR FREE	Not Hispanic Or Latino	1/29/14	0.0915	EUR	No	C50.9	8520/3	C50.9	Yes	Yes	0.3056	0	15	No	ILC	11.40809416	0:LIVING	90FF48C3-B14B-4A8B-94A1-98C0BAB0D27B	MX	N0 (I-)	T2A	Tumor Free	11.40809416	0:CENSORED	Yes	Yes	White	No	-22	1	Primary	Female	Matched	BRCA_LumA	26	Yes	No	Greenville Health System	W8	0.5	Breast	Infiltrating Lobular Carcinoma	-24	0	Low	High
TCGA-WT-AB41-01	-0.0349977663969864	-0.0968988579882047	TCGA-WT-AB41	55	STAGE IIB	7TH	8	-19	Breast Cancer	BRCA	Breast Invasive Ductal Carcinoma	1611	NA	0	52.96380314	0:DiseaseFree	52.96380314	0:ALIVE OR DEAD TUMOR FREE	Not Hispanic Or Latino	7/16/14	0.3125	AFR	No	C50.9	8500/3	C50.9	Yes	Yes	0.3366	0.01	40	No	IDC	52.96380314	0:LIVING	E7DB08A7-B439-4230-8DC4-1B54AF4736C4	MX	N1MI	T2	Tumor Free	52.96380314	0:CENSORED	Yes	Yes	Black or African American	No	-12	1	Primary	Female	Matched	BRCA_LumA	77	No	Yes	University of Kansas	WT	1.3	Breast	Infiltrating Ductal Carcinoma	-24	0	Low	Low
TCGA-WT-AB44-01	-0.0935621318716184	-0.0926899341233892	TCGA-WT-AB44	77	STAGE IA	7TH	18	-21	Breast Cancer	BRCA	Breast Invasive Lobular Carcinoma	883	NA	0	29.02981885	0:DiseaseFree	29.02981885	0:ALIVE OR DEAD TUMOR FREE	Not Hispanic Or Latino	7/16/14	0.3436	EUR	No	C50.9	8520/3	C50.9	Yes	Yes	0.3186	0.24	31	No	ILC	29.02981885	0:LIVING	5CD79093-1571-4F71-8136-0D84CCABDCAC	MX	N0 (I-)	T1C	Tumor Free	29.02981885	0:CENSORED	Yes	No	White	Yes	-12	1	Primary	Female	Matched	BRCA_LumA	12	No	Yes	University of Kansas	WT	1.033333333	Breast	Infiltrating Lobular Carcinoma	-8	0	Low	Low
TCGA-XX-A899-01	-0.00434567880960652	0.0634132880041971	TCGA-XX-A899	46	STAGE IIIA	7TH	4	-37	Breast Cancer	BRCA	Breast Invasive Lobular Carcinoma	467	-17022	0	15.3532564	0:DiseaseFree	15.3532564	0:ALIVE OR DEAD TUMOR FREE	Not Hispanic Or Latino	2/21/14	0.0625	EUR	No	C50.9	8520/3	C50.9	Yes	Yes	0.31	0	37	No	ILC	15.3532564	0:LIVING	F89588E9-CA73-4465-A7FB-7246EDB45E3A	MX	N2A	T1C	Tumor Free	15.3532564	0:CENSORED	Yes	No	White	Yes	-8	1	Primary	Female	Matched	BRCA_LumA	59	No	Yes	Spectrum Health	XX	2.466666667	Breast	Infiltrating Lobular Carcinoma	-38	0	High	High
TCGA-XX-A89A-01	0.0500289601200198	0.131302363866175	TCGA-XX-A89A	68	STAGE IIB	7TH	32	-31	Breast Cancer	BRCA	Breast Invasive Lobular Carcinoma	488	-25000	0	16.0436598	0:DiseaseFree	16.0436598	0:ALIVE OR DEAD TUMOR FREE	Not Hispanic Or Latino	2/21/14	0.1764	EUR	No	C50.9	8520/3	C50.9	Yes	Yes	0.3036	0.01	151	No	ILC	16.0436598	0:LIVING	CA20249F-B7EA-4FD9-9ECB-34F74755AE35	MX	N0	T3	Tumor Free	16.0436598	0:CENSORED	Yes	No	White	Yes	-10	1	Primary	Female	Matched	BRCA_LumA	51	No	Yes	Spectrum Health	XX	5.033333333	Breast	Infiltrating Lobular Carcinoma	-28	0	High	High
TCGA-Z7-A8R5-01	-0.212706144601397	-0.111457136078663	TCGA-Z7-A8R5	61	STAGE IIIA	6TH	21	-13	Breast Cancer	BRCA	Breast Invasive Lobular Carcinoma	3287	-22280	0	NA	NA	108.0645692	0:ALIVE OR DEAD TUMOR FREE	Not Hispanic Or Latino	7/9/14	0.0452	EUR	No	C50.9	8520/3	C50.9	Yes	Yes	0.3056	0	23	Yes	ILC	108.0645692	0:LIVING	23F438BD-1DBB-4D46-972F-1E8E74DDBD37	MX	N1A	T3	Tumor Free	5.950619719	1:PROGRESSION	Yes	Yes	White	No	-16	1	Primary	Female	Matched	BRCA_LumA	7	No	Yes	John Wayne Cancer Center	Z7	0.766666667	Breast	Infiltrating Lobular Carcinoma	-12	0	Low	Low
TCGA-Z7-A8R6-01	-0.0639017789411092	-0.125467934085058	TCGA-Z7-A8R6	46	STAGE I	6TH	14	21	Breast Cancer	BRCA	Breast Invasive Lobular Carcinoma	3256	-16955	0	107.0454022	0:DiseaseFree	107.0454022	0:ALIVE OR DEAD TUMOR FREE	Not Hispanic Or Latino	7/9/14	0.3367	EUR	No	C50.8	8022/3	C50.8	Yes	Yes	0.3434	0.15	64	No	ILC	107.0454022	0:LIVING	B1D44C81-747D-471F-9093-AEB262A17975	M0	N0	T1C	Tumor Free	107.0454022	0:CENSORED	Yes	No	White	No	26	1	Primary	Female	Matched	BRCA_LumB	72	No	Yes	John Wayne Cancer Center	Z7	2.1	Breast	Infiltrating Lobular Carcinoma	34	0	Low	Low
