"peak_chrom","peak_start","peak_end","alu_chrom","alu_start","alu_end","subfamily","distance","set","dose","alu_key","has_motif"
"chr1",177448801,177449030,"chr1",177449964,177450277,"AluY",935,"SetA","10pM","chr1:177449964-177450277",FALSE
"chr10",29125001,29125280,"chr10",29125288,29125586,"AluY",9,"SetA","10pM","chr10:29125288-29125586",FALSE
"chr10",113678681,113679045,"chr10",113677808,113678119,"AluY",563,"SetA","10pM","chr10:113677808-113678119",FALSE
"chr11",79060002,79060511,"chr11",79058261,79058565,"AluY",1438,"SetA","10pM","chr11:79058261-79058565",FALSE
"chr2",138435815,138436026,"chr2",138437008,138437309,"AluY",983,"SetA","10pM","chr2:138437008-138437309",FALSE
"chr7",33832908,33833173,"chr7",33833365,33833681,"AluY",193,"SetA","10pM","chr7:33833365-33833681",FALSE
"chr7",35025320,35025540,"chr7",35023823,35024135,"AluY",1186,"SetA","10pM","chr7:35023823-35024135",FALSE
"chr10",29125001,29125280,"chr10",29125288,29125586,"AluY",9,"SetB","10pM","chr10:29125288-29125586",FALSE
"chr1",42992408,42992727,"chr1",42992969,42993270,"AluY",243,"SetA","100pM","chr1:42992969-42993270",FALSE
"chr1",71461536,71461747,"chr1",71457693,71458001,"AluY",3536,"SetA","100pM","chr1:71457693-71458001",FALSE
"chr1",177448787,177449083,"chr1",177449964,177450277,"AluY",882,"SetA","100pM","chr1:177449964-177450277",FALSE
"chr1",206847578,206847852,"chr1",206848499,206848813,"AluY",648,"SetA","100pM","chr1:206848499-206848813",FALSE
"chr10",29124903,29125331,"chr10",29125288,29125586,"AluY",0,"SetA","100pM","chr10:29125288-29125586",FALSE
"chr10",61669856,61670123,"chr10",61671044,61671337,"AluY",922,"SetA","100pM","chr10:61671044-61671337",FALSE
"chr10",102710669,102711018,"chr10",102711469,102711782,"AluY",452,"SetA","100pM","chr10:102711469-102711782",FALSE
"chr10",104480897,104481116,"chr10",104478926,104479226,"AluY",1672,"SetA","100pM","chr10:104478926-104479226",FALSE
"chr10",113678566,113679106,"chr10",113677808,113678119,"AluY",448,"SetA","100pM","chr10:113677808-113678119",FALSE
"chr10",126175939,126176185,"chr10",126174757,126175055,"AluY",885,"SetA","100pM","chr10:126174757-126175055",FALSE
"chr10",128541274,128541546,"chr10",128534032,128534328,"AluY",6947,"SetA","100pM","chr10:128534032-128534328",FALSE
"chr11",2169099,2169395,"chr11",2174987,2175292,"AluY",5593,"SetA","100pM","chr11:2174987-2175292",FALSE
"chr11",60757268,60757496,"chr11",60755234,60755532,"AluY",1737,"SetA","100pM","chr11:60755234-60755532",FALSE
"chr11",78268284,78268550,"chr11",78267576,78267881,"AluY",404,"SetA","100pM","chr11:78267576-78267881",FALSE
"chr11",79059848,79060546,"chr11",79058261,79058565,"AluY",1284,"SetA","100pM","chr11:79058261-79058565",FALSE
"chr11",84687513,84687814,"chr11",84685712,84685986,"AluY",1528,"SetA","100pM","chr11:84685712-84685986",FALSE
"chr11",101299190,101299893,"chr11",101302394,101302690,"AluY",2502,"SetA","100pM","chr11:101302394-101302690",FALSE
"chr11",101300508,101300784,"chr11",101302394,101302690,"AluY",1611,"SetA","100pM","chr11:101302394-101302690",FALSE
"chr11",101436612,101436855,"chr11",101431407,101431723,"AluY",4890,"SetA","100pM","chr11:101431407-101431723",FALSE
"chr11",101438198,101438433,"chr11",101431407,101431723,"AluY",6476,"SetA","100pM","chr11:101431407-101431723",FALSE
"chr11",101441743,101442115,"chr11",101431407,101431723,"AluY",10021,"SetA","100pM","chr11:101431407-101431723",FALSE
"chr11",101443739,101443998,"chr11",101431407,101431723,"AluY",12017,"SetA","100pM","chr11:101431407-101431723",FALSE
"chr11",117185212,117185449,"chr11",117185037,117185347,"AluY",0,"SetA","100pM","chr11:117185037-117185347",FALSE
"chr11",129694481,129694841,"chr11",129693756,129694065,"AluY",417,"SetA","100pM","chr11:129693756-129694065",FALSE
"chr11",131897303,131897609,"chr11",131896679,131896987,"AluY",317,"SetA","100pM","chr11:131896679-131896987",FALSE
"chr11",131900374,131900567,"chr11",131896679,131896987,"AluY",3388,"SetA","100pM","chr11:131896679-131896987",FALSE
"chr12",6363947,6364213,"chr12",6364473,6364776,"AluY",261,"SetA","100pM","chr12:6364473-6364776",FALSE
"chr12",23235456,23235740,"chr12",23231999,23232294,"AluY",3163,"SetA","100pM","chr12:23231999-23232294",FALSE
"chr12",100952462,100952977,"chr12",100947901,100948178,"AluY",4285,"SetA","100pM","chr12:100947901-100948178",FALSE
"chr12",119171226,119171561,"chr12",119170694,119170994,"AluY",233,"SetA","100pM","chr12:119170694-119170994",FALSE
"chr13",32068354,32068549,"chr13",32068908,32069214,"AluY",360,"SetA","100pM","chr13:32068908-32069214",FALSE
"chr13",46143262,46143472,"chr13",46143787,46144100,"AluY",316,"SetA","100pM","chr13:46143787-46144100",FALSE
"chr14",91418102,91418453,"chr14",91419944,91420221,"AluY",1492,"SetA","100pM","chr14:91419944-91420221",FALSE
"chr14",99964964,99965421,"chr14",99963956,99964276,"AluY",689,"SetA","100pM","chr14:99963956-99964276",FALSE
"chr14",105032374,105032598,"chr14",105031965,105032272,"AluY",103,"SetA","100pM","chr14:105031965-105032272",FALSE
"chr15",78135404,78135724,"chr15",78135684,78135952,"AluY",0,"SetA","100pM","chr15:78135684-78135952",FALSE
"chr15",82952222,82952420,"chr15",82953591,82953896,"AluY",1172,"SetA","100pM","chr15:82953591-82953896",FALSE
"chr15",95895616,95895914,"chr15",95896419,95896724,"AluY",506,"SetA","100pM","chr15:95896419-95896724",FALSE
"chr16",327181,327435,"chr16",326858,327154,"AluY",28,"SetA","100pM","chr16:326858-327154",FALSE
"chr16",2719318,2719527,"chr16",2718313,2718616,"AluY",703,"SetA","100pM","chr16:2718313-2718616",FALSE
"chr16",3166515,3166962,"chr16",3167517,3167828,"AluY",556,"SetA","100pM","chr16:3167517-3167828",FALSE
"chr17",57085681,57085891,"chr17",57083944,57084247,"AluY",1435,"SetA","100pM","chr17:57083944-57084247",FALSE
"chr17",57375796,57376110,"chr17",57376922,57377219,"AluY",813,"SetA","100pM","chr17:57376922-57377219",TRUE
"chr17",72617994,72618288,"chr17",72618975,72619278,"AluY",688,"SetA","100pM","chr17:72618975-72619278",FALSE
"chr17",82103782,82104202,"chr17",82104530,82104837,"AluY",329,"SetA","100pM","chr17:82104530-82104837",FALSE
"chr17",83180984,83181218,"chr17",83170304,83170603,"AluY",10382,"SetA","100pM","chr17:83170304-83170603",FALSE
"chr18",77054764,77055010,"chr18",77057824,77058117,"AluY",2815,"SetA","100pM","chr18:77057824-77058117",FALSE
"chr19",1181596,1182175,"chr19",1181113,1181394,"AluY",203,"SetA","100pM","chr19:1181113-1181394",FALSE
"chr19",16463919,16464260,"chr19",16464805,16465094,"AluY",546,"SetA","100pM","chr19:16464805-16465094",FALSE
"chr2",10021771,10022006,"chr2",10021265,10021553,"AluY",219,"SetA","100pM","chr2:10021265-10021553",FALSE
"chr2",42342516,42342822,"chr2",42344570,42344863,"AluY",1749,"SetA","100pM","chr2:42344570-42344863",FALSE
"chr2",45820733,45820919,"chr2",45817411,45817710,"AluY",3024,"SetA","100pM","chr2:45817411-45817710",FALSE
"chr2",72575001,72575239,"chr2",72573833,72574129,"AluY",873,"SetA","100pM","chr2:72573833-72574129",FALSE
"chr2",138435740,138436038,"chr2",138437008,138437309,"AluY",971,"SetA","100pM","chr2:138437008-138437309",FALSE
"chr2",139245259,139245660,"chr2",139246504,139246784,"AluY",845,"SetA","100pM","chr2:139246504-139246784",FALSE
"chr2",149991106,149991424,"chr2",149985609,149985910,"AluY",5197,"SetA","100pM","chr2:149985609-149985910",FALSE
"chr2",157125313,157125517,"chr2",157124177,157124477,"AluY",837,"SetA","100pM","chr2:157124177-157124477",FALSE
"chr2",217092642,217092905,"chr2",217088713,217089019,"AluY",3624,"SetA","100pM","chr2:217088713-217089019",FALSE
"chr2",224331788,224332149,"chr2",224332017,224332330,"AluY",0,"SetA","100pM","chr2:224332017-224332330",FALSE
"chr2",237235476,237235784,"chr2",237237582,237237894,"AluY",1799,"SetA","100pM","chr2:237237582-237237894",FALSE
"chr20",34350219,34350474,"chr20",34350510,34350818,"AluY",37,"SetA","100pM","chr20:34350510-34350818",FALSE
"chr20",48663826,48664050,"chr20",48664092,48664397,"AluY",43,"SetA","100pM","chr20:48664092-48664397",FALSE
"chr20",50284784,50285056,"chr20",50287209,50287511,"AluY",2154,"SetA","100pM","chr20:50287209-50287511",FALSE
"chr21",15005343,15005675,"chr21",15011198,15011486,"AluY",5524,"SetA","100pM","chr21:15011198-15011486",FALSE
"chr21",15199985,15200279,"chr21",15202156,15202452,"AluY",1878,"SetA","100pM","chr21:15202156-15202452",FALSE
"chr21",15203710,15204047,"chr21",15202156,15202452,"AluY",1259,"SetA","100pM","chr21:15202156-15202452",FALSE
"chr21",15204308,15204539,"chr21",15202156,15202452,"AluY",1857,"SetA","100pM","chr21:15202156-15202452",FALSE
"chr21",17746125,17746330,"chr21",17745476,17745782,"AluY",344,"SetA","100pM","chr21:17745476-17745782",FALSE
"chr21",31529438,31529723,"chr21",31528920,31529218,"AluY",221,"SetA","100pM","chr21:31528920-31529218",FALSE
"chr21",39524000,39524271,"chr21",39524885,39525183,"AluY",615,"SetA","100pM","chr21:39524885-39525183",FALSE
"chr21",44764830,44765016,"chr21",44769378,44769677,"AluY",4363,"SetA","100pM","chr21:44769378-44769677",FALSE
"chr22",24532053,24532531,"chr22",24531758,24532071,"AluY",0,"SetA","100pM","chr22:24531758-24532071",FALSE
"chr22",25400866,25401068,"chr22",25400262,25400562,"AluY",305,"SetA","100pM","chr22:25400262-25400562",FALSE
"chr22",46465836,46466066,"chr22",46467541,46467840,"AluY",1476,"SetA","100pM","chr22:46467541-46467840",FALSE
"chr3",42819957,42820271,"chr3",42820347,42820614,"AluY",77,"SetA","100pM","chr3:42820347-42820614",FALSE
"chr3",61708106,61708450,"chr3",61708443,61708755,"AluY",0,"SetA","100pM","chr3:61708443-61708755",FALSE
"chr3",100104189,100104447,"chr3",100094674,100094987,"AluY",9203,"SetA","100pM","chr3:100094674-100094987",FALSE
"chr3",154224482,154224700,"chr3",154227292,154227580,"AluY",2593,"SetA","100pM","chr3:154227292-154227580",FALSE
"chr3",164380276,164380543,"chr3",164379356,164379675,"AluY",602,"SetA","100pM","chr3:164379356-164379675",FALSE
"chr3",189772972,189773228,"chr3",189773915,189774221,"AluY",688,"SetA","100pM","chr3:189773915-189774221",FALSE
"chr4",997869,998083,"chr4",998963,999231,"AluY",881,"SetA","100pM","chr4:998963-999231",FALSE
"chr4",3463257,3463501,"chr4",3456213,3456523,"AluY",6735,"SetA","100pM","chr4:3456213-3456523",FALSE
"chr4",10656427,10656689,"chr4",10655637,10655948,"AluY",480,"SetA","100pM","chr4:10655637-10655948",FALSE
"chr4",48853081,48853421,"chr4",48852865,48853178,"AluY",0,"SetA","100pM","chr4:48852865-48853178",FALSE
"chr4",76569279,76569516,"chr4",76567369,76567656,"AluY",1624,"SetA","100pM","chr4:76567369-76567656",FALSE
"chr4",139875492,139875728,"chr4",139874800,139875101,"AluY",392,"SetA","100pM","chr4:139874800-139875101",FALSE
"chr4",168677197,168677415,"chr4",168676588,168676878,"AluY",320,"SetA","100pM","chr4:168676588-168676878",FALSE
"chr5",19734748,19735361,"chr5",19735396,19735694,"AluY",36,"SetA","100pM","chr5:19735396-19735694",FALSE
"chr5",58127074,58127302,"chr5",58128829,58129167,"AluY",1528,"SetA","100pM","chr5:58128829-58129167",FALSE
"chr5",59380387,59380715,"chr5",59377135,59377433,"AluY",2955,"SetA","100pM","chr5:59377135-59377433",FALSE
"chr5",119564813,119565037,"chr5",119568244,119568551,"AluY",3208,"SetA","100pM","chr5:119568244-119568551",FALSE
"chr5",160287651,160287842,"chr5",160288589,160288855,"AluY",748,"SetA","100pM","chr5:160288589-160288855",FALSE
"chr6",11067363,11067754,"chr6",11069433,11069743,"AluY",1680,"SetA","100pM","chr6:11069433-11069743",FALSE
"chr6",13747678,13747864,"chr6",13747490,13747747,"AluY",0,"SetA","100pM","chr6:13747490-13747747",FALSE
"chr6",74969334,74970282,"chr6",74977934,74978230,"AluY",7653,"SetA","100pM","chr6:74977934-74978230",FALSE
"chr6",74971639,74971941,"chr6",74977934,74978230,"AluY",5994,"SetA","100pM","chr6:74977934-74978230",FALSE
"chr6",121187783,121188095,"chr6",121198469,121198775,"AluY",10375,"SetA","100pM","chr6:121198469-121198775",FALSE
"chr6",125205119,125205429,"chr6",125204476,125204778,"AluY",342,"SetA","100pM","chr6:125204476-125204778",FALSE
"chr6",134529918,134530243,"chr6",134530387,134530687,"AluY",145,"SetA","100pM","chr6:134530387-134530687",FALSE
"chr6",139512570,139512813,"chr6",139511688,139511976,"AluY",595,"SetA","100pM","chr6:139511688-139511976",FALSE
"chr6",139588094,139588604,"chr6",139587262,139587574,"AluY",521,"SetA","100pM","chr6:139587262-139587574",FALSE
"chr7",10663383,10663594,"chr7",10664600,10664898,"AluY",1007,"SetA","100pM","chr7:10664600-10664898",FALSE
"chr7",33832891,33833204,"chr7",33833365,33833681,"AluY",162,"SetA","100pM","chr7:33833365-33833681",FALSE
"chr7",35025266,35025583,"chr7",35023823,35024135,"AluY",1132,"SetA","100pM","chr7:35023823-35024135",FALSE
"chr7",47406052,47406250,"chr7",47404604,47404913,"AluY",1140,"SetA","100pM","chr7:47404604-47404913",FALSE
"chr7",47477560,47477746,"chr7",47483171,47483468,"AluY",5426,"SetA","100pM","chr7:47483171-47483468",FALSE
"chr7",142356156,142356357,"chr7",142357248,142357538,"AluY",892,"SetA","100pM","chr7:142357248-142357538",FALSE
"chr7",151856593,151856883,"chr7",151853488,151853778,"AluY",2816,"SetA","100pM","chr7:151853488-151853778",FALSE
"chr8",1261000,1261498,"chr8",1266950,1267231,"AluY",5453,"SetA","100pM","chr8:1266950-1267231",FALSE
"chr8",115998243,115998597,"chr8",115994034,115994347,"AluY",3897,"SetA","100pM","chr8:115994034-115994347",FALSE
"chr8",127953099,127953437,"chr8",127952770,127953063,"AluY",37,"SetA","100pM","chr8:127952770-127953063",FALSE
"chr9",115326492,115326749,"chr9",115324427,115324735,"AluY",1758,"SetA","100pM","chr9:115324427-115324735",FALSE
"chr9",129488725,129488951,"chr9",129489329,129489625,"AluY",379,"SetA","100pM","chr9:129489329-129489625",FALSE
"chrX",7218540,7218739,"chrX",7220543,7220847,"AluY",1805,"SetA","100pM","chrX:7220543-7220847",FALSE
"chrX",7219139,7219404,"chrX",7220543,7220847,"AluY",1140,"SetA","100pM","chrX:7220543-7220847",FALSE
"chrX",54696258,54696579,"chrX",54702557,54702849,"AluY",5979,"SetA","100pM","chrX:54702557-54702849",FALSE
"chrX",54747709,54747999,"chrX",54743835,54744135,"AluY",3575,"SetA","100pM","chrX:54743835-54744135",FALSE
"chr1",42992408,42992727,"chr1",42992969,42993270,"AluY",243,"SetB","100pM","chr1:42992969-42993270",FALSE
"chr1",177448787,177449083,"chr1",177449964,177450277,"AluY",882,"SetB","100pM","chr1:177449964-177450277",FALSE
"chr1",206847578,206847852,"chr1",206848499,206848813,"AluY",648,"SetB","100pM","chr1:206848499-206848813",FALSE
"chr10",29124903,29125331,"chr10",29125288,29125586,"AluY",0,"SetB","100pM","chr10:29125288-29125586",FALSE
"chr10",102710669,102711018,"chr10",102711469,102711782,"AluY",452,"SetB","100pM","chr10:102711469-102711782",FALSE
"chr10",104480897,104481116,"chr10",104478926,104479226,"AluY",1672,"SetB","100pM","chr10:104478926-104479226",FALSE
"chr10",113678566,113679106,"chr10",113677808,113678119,"AluY",448,"SetB","100pM","chr10:113677808-113678119",FALSE
"chr10",126175939,126176185,"chr10",126174757,126175055,"AluY",885,"SetB","100pM","chr10:126174757-126175055",FALSE
"chr10",128541274,128541546,"chr10",128534032,128534328,"AluY",6947,"SetB","100pM","chr10:128534032-128534328",FALSE
"chr11",60757268,60757496,"chr11",60755234,60755532,"AluY",1737,"SetB","100pM","chr11:60755234-60755532",FALSE
"chr11",78268284,78268550,"chr11",78267576,78267881,"AluY",404,"SetB","100pM","chr11:78267576-78267881",FALSE
"chr11",79059848,79060546,"chr11",79058261,79058565,"AluY",1284,"SetB","100pM","chr11:79058261-79058565",FALSE
"chr11",101299190,101299893,"chr11",101302394,101302690,"AluY",2502,"SetB","100pM","chr11:101302394-101302690",FALSE
"chr11",101441743,101442115,"chr11",101431407,101431723,"AluY",10021,"SetB","100pM","chr11:101431407-101431723",FALSE
"chr11",101443739,101443998,"chr11",101431407,101431723,"AluY",12017,"SetB","100pM","chr11:101431407-101431723",FALSE
"chr11",117185212,117185449,"chr11",117185037,117185347,"AluY",0,"SetB","100pM","chr11:117185037-117185347",FALSE
"chr11",131897303,131897609,"chr11",131896679,131896987,"AluY",317,"SetB","100pM","chr11:131896679-131896987",FALSE
"chr11",131900374,131900567,"chr11",131896679,131896987,"AluY",3388,"SetB","100pM","chr11:131896679-131896987",FALSE
"chr12",6363947,6364213,"chr12",6364473,6364776,"AluY",261,"SetB","100pM","chr12:6364473-6364776",FALSE
"chr12",23235456,23235740,"chr12",23231999,23232294,"AluY",3163,"SetB","100pM","chr12:23231999-23232294",FALSE
"chr13",32068354,32068549,"chr13",32068908,32069214,"AluY",360,"SetB","100pM","chr13:32068908-32069214",FALSE
"chr13",46143262,46143472,"chr13",46143787,46144100,"AluY",316,"SetB","100pM","chr13:46143787-46144100",FALSE
"chr14",91418102,91418453,"chr14",91419944,91420221,"AluY",1492,"SetB","100pM","chr14:91419944-91420221",FALSE
"chr14",99964964,99965421,"chr14",99963956,99964276,"AluY",689,"SetB","100pM","chr14:99963956-99964276",FALSE
"chr14",105032374,105032598,"chr14",105031965,105032272,"AluY",103,"SetB","100pM","chr14:105031965-105032272",FALSE
"chr15",95895616,95895914,"chr15",95896419,95896724,"AluY",506,"SetB","100pM","chr15:95896419-95896724",FALSE
"chr16",3166515,3166962,"chr16",3167517,3167828,"AluY",556,"SetB","100pM","chr16:3167517-3167828",FALSE
"chr17",57085681,57085891,"chr17",57083944,57084247,"AluY",1435,"SetB","100pM","chr17:57083944-57084247",FALSE
"chr17",57375796,57376110,"chr17",57376922,57377219,"AluY",813,"SetB","100pM","chr17:57376922-57377219",TRUE
"chr17",72617994,72618288,"chr17",72618975,72619278,"AluY",688,"SetB","100pM","chr17:72618975-72619278",FALSE
"chr17",82103782,82104202,"chr17",82104530,82104837,"AluY",329,"SetB","100pM","chr17:82104530-82104837",FALSE
"chr18",77054764,77055010,"chr18",77057824,77058117,"AluY",2815,"SetB","100pM","chr18:77057824-77058117",FALSE
"chr19",1181596,1182175,"chr19",1181113,1181394,"AluY",203,"SetB","100pM","chr19:1181113-1181394",FALSE
"chr19",16463919,16464260,"chr19",16464805,16465094,"AluY",546,"SetB","100pM","chr19:16464805-16465094",FALSE
"chr2",10021771,10022006,"chr2",10021265,10021553,"AluY",219,"SetB","100pM","chr2:10021265-10021553",FALSE
"chr2",42342516,42342822,"chr2",42344570,42344863,"AluY",1749,"SetB","100pM","chr2:42344570-42344863",FALSE
"chr2",45820733,45820919,"chr2",45817411,45817710,"AluY",3024,"SetB","100pM","chr2:45817411-45817710",FALSE
"chr2",138435740,138436038,"chr2",138437008,138437309,"AluY",971,"SetB","100pM","chr2:138437008-138437309",FALSE
"chr2",217092642,217092905,"chr2",217088713,217089019,"AluY",3624,"SetB","100pM","chr2:217088713-217089019",FALSE
"chr2",224331788,224332149,"chr2",224332017,224332330,"AluY",0,"SetB","100pM","chr2:224332017-224332330",FALSE
"chr20",34350219,34350474,"chr20",34350510,34350818,"AluY",37,"SetB","100pM","chr20:34350510-34350818",FALSE
"chr20",50284784,50285056,"chr20",50287209,50287511,"AluY",2154,"SetB","100pM","chr20:50287209-50287511",FALSE
"chr21",15199985,15200279,"chr21",15202156,15202452,"AluY",1878,"SetB","100pM","chr21:15202156-15202452",FALSE
"chr21",15203710,15204047,"chr21",15202156,15202452,"AluY",1259,"SetB","100pM","chr21:15202156-15202452",FALSE
"chr21",15204308,15204539,"chr21",15202156,15202452,"AluY",1857,"SetB","100pM","chr21:15202156-15202452",FALSE
"chr21",31529438,31529723,"chr21",31528920,31529218,"AluY",221,"SetB","100pM","chr21:31528920-31529218",FALSE
"chr21",39524000,39524271,"chr21",39524885,39525183,"AluY",615,"SetB","100pM","chr21:39524885-39525183",FALSE
"chr22",24532053,24532531,"chr22",24531758,24532071,"AluY",0,"SetB","100pM","chr22:24531758-24532071",FALSE
"chr22",25400866,25401068,"chr22",25400262,25400562,"AluY",305,"SetB","100pM","chr22:25400262-25400562",FALSE
"chr22",46465836,46466066,"chr22",46467541,46467840,"AluY",1476,"SetB","100pM","chr22:46467541-46467840",FALSE
"chr3",189772972,189773228,"chr3",189773915,189774221,"AluY",688,"SetB","100pM","chr3:189773915-189774221",FALSE
"chr4",997869,998083,"chr4",998963,999231,"AluY",881,"SetB","100pM","chr4:998963-999231",FALSE
"chr4",139875492,139875728,"chr4",139874800,139875101,"AluY",392,"SetB","100pM","chr4:139874800-139875101",FALSE
"chr4",168677197,168677415,"chr4",168676588,168676878,"AluY",320,"SetB","100pM","chr4:168676588-168676878",FALSE
"chr5",19734748,19735361,"chr5",19735396,19735694,"AluY",36,"SetB","100pM","chr5:19735396-19735694",FALSE
"chr5",58127074,58127302,"chr5",58128829,58129167,"AluY",1528,"SetB","100pM","chr5:58128829-58129167",FALSE
"chr5",119564813,119565037,"chr5",119568244,119568551,"AluY",3208,"SetB","100pM","chr5:119568244-119568551",FALSE
"chr6",11067363,11067754,"chr6",11069433,11069743,"AluY",1680,"SetB","100pM","chr6:11069433-11069743",FALSE
"chr6",13747678,13747864,"chr6",13747490,13747747,"AluY",0,"SetB","100pM","chr6:13747490-13747747",FALSE
"chr6",74969334,74970282,"chr6",74977934,74978230,"AluY",7653,"SetB","100pM","chr6:74977934-74978230",FALSE
"chr6",74971639,74971941,"chr6",74977934,74978230,"AluY",5994,"SetB","100pM","chr6:74977934-74978230",FALSE
"chr6",125205119,125205429,"chr6",125204476,125204778,"AluY",342,"SetB","100pM","chr6:125204476-125204778",FALSE
"chr6",139588094,139588604,"chr6",139587262,139587574,"AluY",521,"SetB","100pM","chr6:139587262-139587574",FALSE
"chr7",33832891,33833204,"chr7",33833365,33833681,"AluY",162,"SetB","100pM","chr7:33833365-33833681",FALSE
"chr7",35025266,35025583,"chr7",35023823,35024135,"AluY",1132,"SetB","100pM","chr7:35023823-35024135",FALSE
"chr7",47406052,47406250,"chr7",47404604,47404913,"AluY",1140,"SetB","100pM","chr7:47404604-47404913",FALSE
"chr7",151856593,151856883,"chr7",151853488,151853778,"AluY",2816,"SetB","100pM","chr7:151853488-151853778",FALSE
"chr8",115998243,115998597,"chr8",115994034,115994347,"AluY",3897,"SetB","100pM","chr8:115994034-115994347",FALSE
"chr8",127953099,127953437,"chr8",127952770,127953063,"AluY",37,"SetB","100pM","chr8:127952770-127953063",FALSE
"chr9",129488725,129488951,"chr9",129489329,129489625,"AluY",379,"SetB","100pM","chr9:129489329-129489625",FALSE
"chrX",7219139,7219404,"chrX",7220543,7220847,"AluY",1140,"SetB","100pM","chrX:7220543-7220847",FALSE
"chrX",54696258,54696579,"chrX",54702557,54702849,"AluY",5979,"SetB","100pM","chrX:54702557-54702849",FALSE
"chrX",54747709,54747999,"chrX",54743835,54744135,"AluY",3575,"SetB","100pM","chrX:54743835-54744135",FALSE
"chr1",3338327,3338598,"chr1",3343621,3343940,"AluY",5024,"SetA","1nM","chr1:3343621-3343940",FALSE
"chr1",25568239,25568426,"chr1",25570577,25570878,"AluY",2152,"SetA","1nM","chr1:25570577-25570878",FALSE
"chr1",36204173,36204414,"chr1",36204933,36205230,"AluY",520,"SetA","1nM","chr1:36204933-36205230",FALSE
"chr1",39142863,39143169,"chr1",39143762,39144080,"AluY",594,"SetA","1nM","chr1:39143762-39144080",FALSE
"chr1",42992395,42992755,"chr1",42992969,42993270,"AluY",215,"SetA","1nM","chr1:42992969-42993270",FALSE
"chr1",42993651,42993854,"chr1",42992969,42993270,"AluY",382,"SetA","1nM","chr1:42992969-42993270",FALSE
"chr1",51558726,51558928,"chr1",51558014,51558295,"AluY",432,"SetA","1nM","chr1:51558014-51558295",FALSE
"chr1",71461542,71461768,"chr1",71457693,71458001,"AluY",3542,"SetA","1nM","chr1:71457693-71458001",FALSE
"chr1",79361272,79361541,"chr1",79360644,79360958,"AluY",315,"SetA","1nM","chr1:79360644-79360958",FALSE
"chr1",116858983,116859242,"chr1",116859463,116859763,"AluY",222,"SetA","1nM","chr1:116859463-116859763",FALSE
"chr1",147669743,147670037,"chr1",147671121,147671433,"AluY",1085,"SetA","1nM","chr1:147671121-147671433",FALSE
"chr1",171257451,171257746,"chr1",171255991,171256294,"AluY",1158,"SetA","1nM","chr1:171255991-171256294",FALSE
"chr1",177448719,177449099,"chr1",177449964,177450277,"AluY",866,"SetA","1nM","chr1:177449964-177450277",FALSE
"chr1",177620683,177620959,"chr1",177625199,177625505,"AluY",4241,"SetA","1nM","chr1:177625199-177625505",FALSE
"chr1",203059391,203059667,"chr1",203062195,203062506,"AluY",2529,"SetA","1nM","chr1:203062195-203062506",FALSE
"chr1",206847542,206847915,"chr1",206848499,206848813,"AluY",585,"SetA","1nM","chr1:206848499-206848813",FALSE
"chr1",207241616,207241810,"chr1",207242524,207242823,"AluY",715,"SetA","1nM","chr1:207242524-207242823",FALSE
"chr1",246219307,246219776,"chr1",246218341,246218634,"AluY",674,"SetA","1nM","chr1:246218341-246218634",FALSE
"chr10",6154798,6155069,"chr10",6155197,6155503,"AluY",129,"SetA","1nM","chr10:6155197-6155503",FALSE
"chr10",29124873,29125350,"chr10",29125288,29125586,"AluY",0,"SetA","1nM","chr10:29125288-29125586",FALSE
"chr10",29622497,29622754,"chr10",29621968,29622278,"AluY",220,"SetA","1nM","chr10:29621968-29622278",FALSE
"chr10",43038046,43038311,"chr10",43031637,43031950,"AluY",6097,"SetA","1nM","chr10:43031637-43031950",FALSE
"chr10",72272640,72272922,"chr10",72271776,72272086,"AluY",555,"SetA","1nM","chr10:72271776-72272086",FALSE
"chr10",88385586,88385890,"chr10",88380395,88380683,"AluY",4904,"SetA","1nM","chr10:88380395-88380683",FALSE
"chr10",98363179,98363394,"chr10",98362679,98362985,"AluY",195,"SetA","1nM","chr10:98362679-98362985",FALSE
"chr10",98363856,98364082,"chr10",98362679,98362985,"AluY",872,"SetA","1nM","chr10:98362679-98362985",FALSE
"chr10",102710701,102711029,"chr10",102711469,102711782,"AluY",441,"SetA","1nM","chr10:102711469-102711782",FALSE
"chr10",104480877,104481122,"chr10",104478926,104479226,"AluY",1652,"SetA","1nM","chr10:104478926-104479226",FALSE
"chr10",113678541,113679118,"chr10",113677808,113678119,"AluY",423,"SetA","1nM","chr10:113677808-113678119",FALSE
"chr10",121553902,121554086,"chr10",121554333,121554669,"AluY",248,"SetA","1nM","chr10:121554333-121554669",FALSE
"chr10",126175889,126176223,"chr10",126174757,126175055,"AluY",835,"SetA","1nM","chr10:126174757-126175055",FALSE
"chr10",128540923,128541562,"chr10",128534032,128534328,"AluY",6596,"SetA","1nM","chr10:128534032-128534328",FALSE
"chr11",2165319,2165521,"chr11",2174987,2175292,"AluY",9467,"SetA","1nM","chr11:2174987-2175292",FALSE
"chr11",2169070,2169717,"chr11",2174987,2175292,"AluY",5271,"SetA","1nM","chr11:2174987-2175292",FALSE
"chr11",30527611,30527843,"chr11",30526890,30527229,"AluY",383,"SetA","1nM","chr11:30526890-30527229",FALSE
"chr11",44300834,44301317,"chr11",44299354,44299654,"AluY",1181,"SetA","1nM","chr11:44299354-44299654",FALSE
"chr11",60757215,60757506,"chr11",60755234,60755532,"AluY",1684,"SetA","1nM","chr11:60755234-60755532",FALSE
"chr11",60880953,60881327,"chr11",60884732,60885043,"AluY",3406,"SetA","1nM","chr11:60884732-60885043",FALSE
"chr11",69654436,69654728,"chr11",69660430,69660726,"AluY",5703,"SetA","1nM","chr11:69660430-69660726",FALSE
"chr11",75036040,75036348,"chr11",75036975,75037269,"AluY",628,"SetA","1nM","chr11:75036975-75037269",FALSE
"chr11",78268292,78268564,"chr11",78267576,78267881,"AluY",412,"SetA","1nM","chr11:78267576-78267881",FALSE
"chr11",79059780,79060568,"chr11",79058261,79058565,"AluY",1216,"SetA","1nM","chr11:79058261-79058565",FALSE
"chr11",83362086,83362310,"chr11",83361478,83361799,"AluY",288,"SetA","1nM","chr11:83361478-83361799",FALSE
"chr11",84687532,84687780,"chr11",84685712,84685986,"AluY",1547,"SetA","1nM","chr11:84685712-84685986",FALSE
"chr11",94544166,94544388,"chr11",94542625,94542926,"AluY",1241,"SetA","1nM","chr11:94542625-94542926",FALSE
"chr11",101299201,101299930,"chr11",101302394,101302690,"AluY",2465,"SetA","1nM","chr11:101302394-101302690",FALSE
"chr11",101300505,101300818,"chr11",101302394,101302690,"AluY",1577,"SetA","1nM","chr11:101302394-101302690",FALSE
"chr11",101436522,101436865,"chr11",101431407,101431723,"AluY",4800,"SetA","1nM","chr11:101431407-101431723",FALSE
"chr11",101438150,101438501,"chr11",101431407,101431723,"AluY",6428,"SetA","1nM","chr11:101431407-101431723",FALSE
"chr11",101441745,101442110,"chr11",101431407,101431723,"AluY",10023,"SetA","1nM","chr11:101431407-101431723",FALSE
"chr11",101443725,101444034,"chr11",101431407,101431723,"AluY",12003,"SetA","1nM","chr11:101431407-101431723",FALSE
"chr11",117185207,117185483,"chr11",117185037,117185347,"AluY",0,"SetA","1nM","chr11:117185037-117185347",FALSE
"chr11",129694447,129694864,"chr11",129693756,129694065,"AluY",383,"SetA","1nM","chr11:129693756-129694065",FALSE
"chr11",131897296,131897613,"chr11",131896679,131896987,"AluY",310,"SetA","1nM","chr11:131896679-131896987",FALSE
"chr11",131900351,131900557,"chr11",131896679,131896987,"AluY",3365,"SetA","1nM","chr11:131896679-131896987",FALSE
"chr12",105476,105744,"chr12",107397,107709,"AluY",1654,"SetA","1nM","chr12:107397-107709",FALSE
"chr12",5635026,5635509,"chr12",5638227,5638534,"AluY",2719,"SetA","1nM","chr12:5638227-5638534",FALSE
"chr12",6088928,6089163,"chr12",6088196,6088492,"AluY",437,"SetA","1nM","chr12:6088196-6088492",FALSE
"chr12",6363934,6364229,"chr12",6364473,6364776,"AluY",245,"SetA","1nM","chr12:6364473-6364776",FALSE
"chr12",15274001,15274250,"chr12",15273146,15273440,"AluY",562,"SetA","1nM","chr12:15273146-15273440",FALSE
"chr12",23235431,23235726,"chr12",23231999,23232294,"AluY",3138,"SetA","1nM","chr12:23231999-23232294",FALSE
"chr12",64625396,64625630,"chr12",64624671,64624966,"AluY",431,"SetA","1nM","chr12:64624671-64624966",FALSE
"chr12",100952375,100953005,"chr12",100947901,100948178,"AluY",4198,"SetA","1nM","chr12:100947901-100948178",FALSE
"chr12",102548592,102548851,"chr12",102542113,102542407,"AluY",6186,"SetA","1nM","chr12:102542113-102542407",FALSE
"chr12",119171200,119171561,"chr12",119170694,119170994,"AluY",207,"SetA","1nM","chr12:119170694-119170994",FALSE
"chr12",119172576,119172767,"chr12",119170694,119170994,"AluY",1583,"SetA","1nM","chr12:119170694-119170994",FALSE
"chr13",32068287,32068550,"chr13",32068908,32069214,"AluY",359,"SetA","1nM","chr13:32068908-32069214",FALSE
"chr13",36629699,36629901,"chr13",36631424,36631698,"AluY",1524,"SetA","1nM","chr13:36631424-36631698",FALSE
"chr13",46143276,46143473,"chr13",46143787,46144100,"AluY",315,"SetA","1nM","chr13:46143787-46144100",FALSE
"chr13",82305660,82306044,"chr13",82304761,82305098,"AluY",563,"SetA","1nM","chr13:82304761-82305098",FALSE
"chr13",113863839,113864094,"chr13",113864979,113865287,"AluY",886,"SetA","1nM","chr13:113864979-113865287",FALSE
"chr14",42720121,42720352,"chr14",42725773,42726072,"AluY",5422,"SetA","1nM","chr14:42725773-42726072",FALSE
"chr14",69357656,69357865,"chr14",69356554,69356855,"AluY",802,"SetA","1nM","chr14:69356554-69356855",FALSE
"chr14",71475981,71476212,"chr14",71476649,71476907,"AluY",438,"SetA","1nM","chr14:71476649-71476907",FALSE
"chr14",91418090,91418527,"chr14",91419944,91420221,"AluY",1418,"SetA","1nM","chr14:91419944-91420221",FALSE
"chr14",99964915,99965427,"chr14",99963956,99964276,"AluY",640,"SetA","1nM","chr14:99963956-99964276",FALSE
"chr14",105032266,105032689,"chr14",105031965,105032272,"AluY",0,"SetA","1nM","chr14:105031965-105032272",FALSE
"chr15",70362326,70362672,"chr15",70361500,70361791,"AluY",536,"SetA","1nM","chr15:70361500-70361791",FALSE
"chr15",78135398,78135728,"chr15",78135684,78135952,"AluY",0,"SetA","1nM","chr15:78135684-78135952",FALSE
"chr15",80696852,80697065,"chr15",80698061,80698363,"AluY",997,"SetA","1nM","chr15:80698061-80698363",FALSE
"chr15",82952160,82952440,"chr15",82953591,82953896,"AluY",1152,"SetA","1nM","chr15:82953591-82953896",FALSE
"chr15",95895598,95895882,"chr15",95896419,95896724,"AluY",538,"SetA","1nM","chr15:95896419-95896724",FALSE
"chr16",327165,327431,"chr16",326858,327154,"AluY",12,"SetA","1nM","chr16:326858-327154",FALSE
"chr16",2719224,2719587,"chr16",2718313,2718616,"AluY",609,"SetA","1nM","chr16:2718313-2718616",FALSE
"chr16",3166458,3166987,"chr16",3167517,3167828,"AluY",531,"SetA","1nM","chr16:3167517-3167828",FALSE
"chr16",11130495,11130811,"chr16",11129762,11130061,"AluY",435,"SetA","1nM","chr16:11129762-11130061",FALSE
"chr16",35524037,35524312,"chr16",35524686,35524995,"AluY",375,"SetA","1nM","chr16:35524686-35524995",FALSE
"chr17",39812561,39812767,"chr17",39812816,39813104,"AluY",50,"SetA","1nM","chr17:39812816-39813104",FALSE
"chr17",40549318,40549503,"chr17",40545001,40545309,"AluY",4010,"SetA","1nM","chr17:40545001-40545309",FALSE
"chr17",41525685,41525896,"chr17",41525959,41526273,"AluY",64,"SetA","1nM","chr17:41525959-41526273",FALSE
"chr17",57085616,57085975,"chr17",57083944,57084247,"AluY",1370,"SetA","1nM","chr17:57083944-57084247",FALSE
"chr17",57375777,57376147,"chr17",57376922,57377219,"AluY",776,"SetA","1nM","chr17:57376922-57377219",TRUE
"chr17",57376750,57376936,"chr17",57376922,57377219,"AluY",0,"SetA","1nM","chr17:57376922-57377219",TRUE
"chr17",57458329,57458546,"chr17",57458099,57458399,"AluY",0,"SetA","1nM","chr17:57458099-57458399",FALSE
"chr17",60346852,60347360,"chr17",60347351,60347652,"AluY",0,"SetA","1nM","chr17:60347351-60347652",FALSE
"chr17",72617950,72618320,"chr17",72618975,72619278,"AluY",656,"SetA","1nM","chr17:72618975-72619278",FALSE
"chr17",82103721,82104213,"chr17",82104530,82104837,"AluY",318,"SetA","1nM","chr17:82104530-82104837",FALSE
"chr17",82234908,82235141,"chr17",82233834,82234139,"AluY",770,"SetA","1nM","chr17:82233834-82234139",FALSE
"chr17",83180995,83181254,"chr17",83170304,83170603,"AluY",10393,"SetA","1nM","chr17:83170304-83170603",FALSE
"chr17",83189778,83190013,"chr17",83170304,83170603,"AluY",19176,"SetA","1nM","chr17:83170304-83170603",FALSE
"chr18",13223584,13223918,"chr18",13224467,13224779,"AluY",550,"SetA","1nM","chr18:13224467-13224779",FALSE
"chr18",48548298,48548538,"chr18",48551792,48552101,"AluY",3255,"SetA","1nM","chr18:48551792-48552101",FALSE
"chr18",77054766,77055062,"chr18",77057824,77058117,"AluY",2763,"SetA","1nM","chr18:77057824-77058117",FALSE
"chr18",77055201,77055384,"chr18",77057824,77058117,"AluY",2441,"SetA","1nM","chr18:77057824-77058117",FALSE
"chr19",1181567,1182180,"chr19",1181113,1181394,"AluY",174,"SetA","1nM","chr19:1181113-1181394",FALSE
"chr19",4538432,4538642,"chr19",4537557,4537866,"AluY",567,"SetA","1nM","chr19:4537557-4537866",FALSE
"chr19",15562947,15563190,"chr19",15562555,15562838,"AluY",110,"SetA","1nM","chr19:15562555-15562838",FALSE
"chr19",16463965,16464260,"chr19",16464805,16465094,"AluY",546,"SetA","1nM","chr19:16464805-16465094",FALSE
"chr19",57798716,57798925,"chr19",57798889,57799185,"AluY",0,"SetA","1nM","chr19:57798889-57799185",FALSE
"chr2",10021792,10022053,"chr2",10021265,10021553,"AluY",240,"SetA","1nM","chr2:10021265-10021553",FALSE
"chr2",13055157,13055487,"chr2",13055403,13055709,"AluY",0,"SetA","1nM","chr2:13055403-13055709",FALSE
"chr2",24084247,24084447,"chr2",24085953,24086252,"AluY",1507,"SetA","1nM","chr2:24085953-24086252",FALSE
"chr2",42035942,42036213,"chr2",42036703,42037007,"AluY",491,"SetA","1nM","chr2:42036703-42037007",FALSE
"chr2",42342517,42342835,"chr2",42344570,42344863,"AluY",1736,"SetA","1nM","chr2:42344570-42344863",FALSE
"chr2",45820751,45820940,"chr2",45817411,45817710,"AluY",3042,"SetA","1nM","chr2:45817411-45817710",FALSE
"chr2",72572601,72572799,"chr2",72573833,72574129,"AluY",1035,"SetA","1nM","chr2:72573833-72574129",FALSE
"chr2",72574950,72575271,"chr2",72573833,72574129,"AluY",822,"SetA","1nM","chr2:72573833-72574129",FALSE
"chr2",73431890,73432076,"chr2",73430077,73430375,"AluY",1516,"SetA","1nM","chr2:73430077-73430375",FALSE
"chr2",104481651,104481931,"chr2",104483716,104484021,"AluY",1786,"SetA","1nM","chr2:104483716-104484021",FALSE
"chr2",111932750,111933176,"chr2",111932189,111932480,"AluY",271,"SetA","1nM","chr2:111932189-111932480",FALSE
"chr2",133443143,133443341,"chr2",133440428,133440735,"AluY",2409,"SetA","1nM","chr2:133440428-133440735",FALSE
"chr2",137508858,137509105,"chr2",137508376,137508668,"AluY",191,"SetA","1nM","chr2:137508376-137508668",FALSE
"chr2",138435697,138436056,"chr2",138437008,138437309,"AluY",953,"SetA","1nM","chr2:138437008-138437309",FALSE
"chr2",139245253,139245644,"chr2",139246504,139246784,"AluY",861,"SetA","1nM","chr2:139246504-139246784",FALSE
"chr2",149205187,149205388,"chr2",149212096,149212408,"AluY",6709,"SetA","1nM","chr2:149212096-149212408",FALSE
"chr2",157125271,157125532,"chr2",157124177,157124477,"AluY",795,"SetA","1nM","chr2:157124177-157124477",FALSE
"chr2",172274756,172274942,"chr2",172273213,172273520,"AluY",1237,"SetA","1nM","chr2:172273213-172273520",FALSE
"chr2",189541336,189541970,"chr2",189539690,189539987,"AluY",1350,"SetA","1nM","chr2:189539690-189539987",FALSE
"chr2",217092634,217092917,"chr2",217088713,217089019,"AluY",3616,"SetA","1nM","chr2:217088713-217089019",FALSE
"chr2",224331697,224332176,"chr2",224332017,224332330,"AluY",0,"SetA","1nM","chr2:224332017-224332330",FALSE
"chr2",237235428,237235874,"chr2",237237582,237237894,"AluY",1709,"SetA","1nM","chr2:237237582-237237894",FALSE
"chr20",34350262,34350493,"chr20",34350510,34350818,"AluY",18,"SetA","1nM","chr20:34350510-34350818",FALSE
"chr20",48663729,48664123,"chr20",48664092,48664397,"AluY",0,"SetA","1nM","chr20:48664092-48664397",FALSE
"chr20",50284759,50285111,"chr20",50287209,50287511,"AluY",2099,"SetA","1nM","chr20:50287209-50287511",FALSE
"chr21",15005339,15005700,"chr21",15011198,15011486,"AluY",5499,"SetA","1nM","chr21:15011198-15011486",FALSE
"chr21",15199964,15200319,"chr21",15202156,15202452,"AluY",1838,"SetA","1nM","chr21:15202156-15202452",FALSE
"chr21",15200685,15200868,"chr21",15202156,15202452,"AluY",1289,"SetA","1nM","chr21:15202156-15202452",FALSE
"chr21",15203633,15204065,"chr21",15202156,15202452,"AluY",1182,"SetA","1nM","chr21:15202156-15202452",FALSE
"chr21",15204245,15204589,"chr21",15202156,15202452,"AluY",1794,"SetA","1nM","chr21:15202156-15202452",FALSE
"chr21",15204955,15205205,"chr21",15202156,15202452,"AluY",2504,"SetA","1nM","chr21:15202156-15202452",FALSE
"chr21",17746091,17746344,"chr21",17745476,17745782,"AluY",310,"SetA","1nM","chr21:17745476-17745782",FALSE
"chr21",31529422,31529737,"chr21",31528920,31529218,"AluY",205,"SetA","1nM","chr21:31528920-31529218",FALSE
"chr21",36193347,36193568,"chr21",36192685,36192987,"AluY",361,"SetA","1nM","chr21:36192685-36192987",FALSE
"chr21",39524015,39524275,"chr21",39524885,39525183,"AluY",611,"SetA","1nM","chr21:39524885-39525183",FALSE
"chr21",44764770,44765065,"chr21",44769378,44769677,"AluY",4314,"SetA","1nM","chr21:44769378-44769677",FALSE
"chr21",45403335,45403536,"chr21",45400846,45401143,"AluY",2193,"SetA","1nM","chr21:45400846-45401143",FALSE
"chr21",46200965,46201224,"chr21",46201799,46202092,"AluY",576,"SetA","1nM","chr21:46201799-46202092",FALSE
"chr22",18119631,18120050,"chr22",18117491,18117802,"AluY",1830,"SetA","1nM","chr22:18117491-18117802",FALSE
"chr22",24531998,24532512,"chr22",24531758,24532071,"AluY",0,"SetA","1nM","chr22:24531758-24532071",FALSE
"chr22",25400872,25401119,"chr22",25400262,25400562,"AluY",311,"SetA","1nM","chr22:25400262-25400562",FALSE
"chr22",27345411,27345672,"chr22",27346324,27346620,"AluY",653,"SetA","1nM","chr22:27346324-27346620",FALSE
"chr22",38222880,38223082,"chr22",38224105,38224413,"AluY",1024,"SetA","1nM","chr22:38224105-38224413",FALSE
"chr22",46465782,46466078,"chr22",46467541,46467840,"AluY",1464,"SetA","1nM","chr22:46467541-46467840",FALSE
"chr22",46488934,46489138,"chr22",46488665,46488958,"AluY",0,"SetA","1nM","chr22:46488665-46488958",FALSE
"chr3",4581691,4581997,"chr3",4579929,4580226,"AluY",1466,"SetA","1nM","chr3:4579929-4580226",FALSE
"chr3",31948039,31948286,"chr3",31949386,31949697,"AluY",1101,"SetA","1nM","chr3:31949386-31949697",FALSE
"chr3",32110329,32110595,"chr3",32109905,32110217,"AluY",113,"SetA","1nM","chr3:32109905-32110217",FALSE
"chr3",57041517,57041772,"chr3",57042701,57042996,"AluY",930,"SetA","1nM","chr3:57042701-57042996",FALSE
"chr3",61708084,61708503,"chr3",61708443,61708755,"AluY",0,"SetA","1nM","chr3:61708443-61708755",FALSE
"chr3",64501537,64501720,"chr3",64500456,64500756,"AluY",782,"SetA","1nM","chr3:64500456-64500756",FALSE
"chr3",66416046,66416333,"chr3",66414115,66414423,"AluY",1624,"SetA","1nM","chr3:66414115-66414423",FALSE
"chr3",100104145,100104459,"chr3",100094674,100094987,"AluY",9159,"SetA","1nM","chr3:100094674-100094987",FALSE
"chr3",123626981,123627239,"chr3",123625526,123625825,"AluY",1157,"SetA","1nM","chr3:123625526-123625825",FALSE
"chr3",123627749,123627995,"chr3",123625526,123625825,"AluY",1925,"SetA","1nM","chr3:123625526-123625825",FALSE
"chr3",126211784,126212066,"chr3",126206852,126207108,"AluY",4677,"SetA","1nM","chr3:126206852-126207108",FALSE
"chr3",146160538,146160734,"chr3",146163148,146163459,"AluY",2415,"SetA","1nM","chr3:146163148-146163459",FALSE
"chr3",151085276,151085493,"chr3",151084126,151084464,"AluY",813,"SetA","1nM","chr3:151084126-151084464",FALSE
"chr3",164380246,164380571,"chr3",164379356,164379675,"AluY",572,"SetA","1nM","chr3:164379356-164379675",FALSE
"chr3",164634809,164635258,"chr3",164636648,164636961,"AluY",1391,"SetA","1nM","chr3:164636648-164636961",FALSE
"chr3",189772973,189773239,"chr3",189773915,189774221,"AluY",677,"SetA","1nM","chr3:189773915-189774221",FALSE
"chr4",997821,998095,"chr4",998963,999231,"AluY",869,"SetA","1nM","chr4:998963-999231",FALSE
"chr4",3461014,3461905,"chr4",3456213,3456523,"AluY",4492,"SetA","1nM","chr4:3456213-3456523",FALSE
"chr4",3463213,3463669,"chr4",3456213,3456523,"AluY",6691,"SetA","1nM","chr4:3456213-3456523",FALSE
"chr4",3827547,3827850,"chr4",3823166,3823473,"AluY",4075,"SetA","1nM","chr4:3823166-3823473",FALSE
"chr4",6110423,6110724,"chr4",6109124,6109425,"AluY",999,"SetA","1nM","chr4:6109124-6109425",FALSE
"chr4",10656137,10656707,"chr4",10655637,10655948,"AluY",190,"SetA","1nM","chr4:10655637-10655948",FALSE
"chr4",48853045,48853398,"chr4",48852865,48853178,"AluY",0,"SetA","1nM","chr4:48852865-48853178",FALSE
"chr4",76569231,76569552,"chr4",76567369,76567656,"AluY",1576,"SetA","1nM","chr4:76567369-76567656",FALSE
"chr4",124977714,124977925,"chr4",124972102,124972413,"AluY",5302,"SetA","1nM","chr4:124972102-124972413",FALSE
"chr4",139875440,139875756,"chr4",139874800,139875101,"AluY",340,"SetA","1nM","chr4:139874800-139875101",FALSE
"chr4",168677203,168677398,"chr4",168676588,168676878,"AluY",326,"SetA","1nM","chr4:168676588-168676878",FALSE
"chr5",301715,302917,"chr5",299551,299847,"AluY",1869,"SetA","1nM","chr5:299551-299847",FALSE
"chr5",19734775,19735344,"chr5",19735396,19735694,"AluY",53,"SetA","1nM","chr5:19735396-19735694",FALSE
"chr5",44539631,44539814,"chr5",44538022,44538316,"AluY",1316,"SetA","1nM","chr5:44538022-44538316",FALSE
"chr5",56429106,56429515,"chr5",56431441,56431748,"AluY",1927,"SetA","1nM","chr5:56431441-56431748",FALSE
"chr5",58127100,58127312,"chr5",58128829,58129167,"AluY",1518,"SetA","1nM","chr5:58128829-58129167",FALSE
"chr5",91939168,91939415,"chr5",91933951,91934257,"AluY",4912,"SetA","1nM","chr5:91933951-91934257",FALSE
"chr5",119564210,119564472,"chr5",119568244,119568551,"AluY",3773,"SetA","1nM","chr5:119568244-119568551",FALSE
"chr5",119564777,119565052,"chr5",119568244,119568551,"AluY",3193,"SetA","1nM","chr5:119568244-119568551",FALSE
"chr5",134037265,134037527,"chr5",134036671,134036982,"AluY",284,"SetA","1nM","chr5:134036671-134036982",FALSE
"chr5",160287584,160287896,"chr5",160288589,160288855,"AluY",694,"SetA","1nM","chr5:160288589-160288855",FALSE
"chr6",681081,681354,"chr6",682195,682499,"AluY",842,"SetA","1nM","chr6:682195-682499",FALSE
"chr6",11067339,11067782,"chr6",11069433,11069743,"AluY",1652,"SetA","1nM","chr6:11069433-11069743",FALSE
"chr6",31810377,31810836,"chr6",31809270,31809556,"AluY",822,"SetA","1nM","chr6:31809270-31809556",FALSE
"chr6",37102369,37102589,"chr6",37101567,37101876,"AluY",494,"SetA","1nM","chr6:37101567-37101876",FALSE
"chr6",42122775,42123010,"chr6",42123099,42123411,"AluY",90,"SetA","1nM","chr6:42123099-42123411",FALSE
"chr6",74969338,74970276,"chr6",74977934,74978230,"AluY",7659,"SetA","1nM","chr6:74977934-74978230",FALSE
"chr6",74971646,74971933,"chr6",74977934,74978230,"AluY",6002,"SetA","1nM","chr6:74977934-74978230",FALSE
"chr6",122694633,122694910,"chr6",122688778,122689080,"AluY",5554,"SetA","1nM","chr6:122688778-122689080",FALSE
"chr6",125205133,125205456,"chr6",125204476,125204778,"AluY",356,"SetA","1nM","chr6:125204476-125204778",FALSE
"chr6",134529904,134530240,"chr6",134530387,134530687,"AluY",148,"SetA","1nM","chr6:134530387-134530687",FALSE
"chr6",139512639,139512818,"chr6",139511688,139511976,"AluY",664,"SetA","1nM","chr6:139511688-139511976",FALSE
"chr6",139569297,139569566,"chr6",139567705,139568001,"AluY",1297,"SetA","1nM","chr6:139567705-139568001",FALSE
"chr6",139588097,139588731,"chr6",139587262,139587574,"AluY",524,"SetA","1nM","chr6:139587262-139587574",FALSE
"chr6",149717603,149717787,"chr6",149718962,149719268,"AluY",1176,"SetA","1nM","chr6:149718962-149719268",FALSE
"chr7",10663361,10663596,"chr7",10664600,10664898,"AluY",1005,"SetA","1nM","chr7:10664600-10664898",FALSE
"chr7",33832862,33833247,"chr7",33833365,33833681,"AluY",119,"SetA","1nM","chr7:33833365-33833681",FALSE
"chr7",35025269,35025581,"chr7",35023823,35024135,"AluY",1135,"SetA","1nM","chr7:35023823-35024135",FALSE
"chr7",45414281,45414463,"chr7",45412472,45412767,"AluY",1515,"SetA","1nM","chr7:45412472-45412767",FALSE
"chr7",47406042,47406277,"chr7",47404604,47404913,"AluY",1130,"SetA","1nM","chr7:47404604-47404913",FALSE
"chr7",47477458,47477813,"chr7",47483171,47483468,"AluY",5359,"SetA","1nM","chr7:47483171-47483468",FALSE
"chr7",66013869,66014198,"chr7",66014277,66014577,"AluY",80,"SetA","1nM","chr7:66014277-66014577",FALSE
"chr7",140017666,140017886,"chr7",140016047,140016332,"AluY",1335,"SetA","1nM","chr7:140016047-140016332",FALSE
"chr7",140992560,140992889,"chr7",140993293,140993595,"AluY",405,"SetA","1nM","chr7:140993293-140993595",FALSE
"chr7",142356036,142356556,"chr7",142357248,142357538,"AluY",693,"SetA","1nM","chr7:142357248-142357538",FALSE
"chr7",151856578,151856902,"chr7",151853488,151853778,"AluY",2801,"SetA","1nM","chr7:151853488-151853778",FALSE
"chr8",1260989,1261502,"chr8",1266950,1267231,"AluY",5449,"SetA","1nM","chr8:1266950-1267231",FALSE
"chr8",17923157,17923400,"chr8",17925554,17925849,"AluY",2155,"SetA","1nM","chr8:17925554-17925849",FALSE
"chr8",115998234,115998543,"chr8",115994034,115994347,"AluY",3888,"SetA","1nM","chr8:115994034-115994347",FALSE
"chr8",118620211,118620398,"chr8",118619242,118619497,"AluY",715,"SetA","1nM","chr8:118619242-118619497",FALSE
"chr8",127866306,127866495,"chr8",127864547,127864847,"AluY",1460,"SetA","1nM","chr8:127864547-127864847",FALSE
"chr8",127953090,127953445,"chr8",127952770,127953063,"AluY",28,"SetA","1nM","chr8:127952770-127953063",FALSE
"chr9",33199905,33200127,"chr9",33198998,33199304,"AluY",602,"SetA","1nM","chr9:33198998-33199304",FALSE
"chr9",84056260,84056515,"chr9",84055808,84056078,"AluY",183,"SetA","1nM","chr9:84055808-84056078",FALSE
"chr9",89873000,89873216,"chr9",89870697,89871003,"AluY",1998,"SetA","1nM","chr9:89870697-89871003",FALSE
"chr9",115326514,115326754,"chr9",115324427,115324735,"AluY",1780,"SetA","1nM","chr9:115324427-115324735",FALSE
"chr9",129488645,129488998,"chr9",129489329,129489625,"AluY",332,"SetA","1nM","chr9:129489329-129489625",FALSE
"chr9",134702518,134702804,"chr9",134703627,134703938,"AluY",824,"SetA","1nM","chr9:134703627-134703938",FALSE
"chr9",134896482,134896666,"chr9",134893535,134893839,"AluY",2644,"SetA","1nM","chr9:134893535-134893839",FALSE
"chrX",6461394,6461605,"chrX",6459036,6459328,"AluY",2067,"SetA","1nM","chrX:6459036-6459328",FALSE
"chrX",7218482,7218760,"chrX",7220543,7220847,"AluY",1784,"SetA","1nM","chrX:7220543-7220847",FALSE
"chrX",7219116,7219430,"chrX",7220543,7220847,"AluY",1114,"SetA","1nM","chrX:7220543-7220847",FALSE
"chrX",9421446,9421685,"chrX",9422071,9422372,"AluY",387,"SetA","1nM","chrX:9422071-9422372",FALSE
"chrX",39895233,39895420,"chrX",39896598,39896925,"AluY",1179,"SetA","1nM","chrX:39896598-39896925",FALSE
"chrX",54696247,54696634,"chrX",54702557,54702849,"AluY",5924,"SetA","1nM","chrX:54702557-54702849",FALSE
"chrX",54747689,54748044,"chrX",54743835,54744135,"AluY",3555,"SetA","1nM","chrX:54743835-54744135",FALSE
"chr1",25568239,25568426,"chr1",25570577,25570878,"AluY",2152,"SetB","1nM","chr1:25570577-25570878",FALSE
"chr1",36204173,36204414,"chr1",36204933,36205230,"AluY",520,"SetB","1nM","chr1:36204933-36205230",FALSE
"chr1",39142863,39143169,"chr1",39143762,39144080,"AluY",594,"SetB","1nM","chr1:39143762-39144080",FALSE
"chr1",42992395,42992755,"chr1",42992969,42993270,"AluY",215,"SetB","1nM","chr1:42992969-42993270",FALSE
"chr1",42993651,42993854,"chr1",42992969,42993270,"AluY",382,"SetB","1nM","chr1:42992969-42993270",FALSE
"chr1",51558726,51558928,"chr1",51558014,51558295,"AluY",432,"SetB","1nM","chr1:51558014-51558295",FALSE
"chr1",147669743,147670037,"chr1",147671121,147671433,"AluY",1085,"SetB","1nM","chr1:147671121-147671433",FALSE
"chr1",171257451,171257746,"chr1",171255991,171256294,"AluY",1158,"SetB","1nM","chr1:171255991-171256294",FALSE
"chr1",177448719,177449099,"chr1",177449964,177450277,"AluY",866,"SetB","1nM","chr1:177449964-177450277",FALSE
"chr1",203059391,203059667,"chr1",203062195,203062506,"AluY",2529,"SetB","1nM","chr1:203062195-203062506",FALSE
"chr1",206847542,206847915,"chr1",206848499,206848813,"AluY",585,"SetB","1nM","chr1:206848499-206848813",FALSE
"chr10",29124873,29125350,"chr10",29125288,29125586,"AluY",0,"SetB","1nM","chr10:29125288-29125586",FALSE
"chr10",29622497,29622754,"chr10",29621968,29622278,"AluY",220,"SetB","1nM","chr10:29621968-29622278",FALSE
"chr10",43038046,43038311,"chr10",43031637,43031950,"AluY",6097,"SetB","1nM","chr10:43031637-43031950",FALSE
"chr10",72272640,72272922,"chr10",72271776,72272086,"AluY",555,"SetB","1nM","chr10:72271776-72272086",FALSE
"chr10",88385586,88385890,"chr10",88380395,88380683,"AluY",4904,"SetB","1nM","chr10:88380395-88380683",FALSE
"chr10",98363179,98363394,"chr10",98362679,98362985,"AluY",195,"SetB","1nM","chr10:98362679-98362985",FALSE
"chr10",102710701,102711029,"chr10",102711469,102711782,"AluY",441,"SetB","1nM","chr10:102711469-102711782",FALSE
"chr10",104480877,104481122,"chr10",104478926,104479226,"AluY",1652,"SetB","1nM","chr10:104478926-104479226",FALSE
"chr10",113678541,113679118,"chr10",113677808,113678119,"AluY",423,"SetB","1nM","chr10:113677808-113678119",FALSE
"chr10",121553902,121554086,"chr10",121554333,121554669,"AluY",248,"SetB","1nM","chr10:121554333-121554669",FALSE
"chr10",126175889,126176223,"chr10",126174757,126175055,"AluY",835,"SetB","1nM","chr10:126174757-126175055",FALSE
"chr10",128540923,128541562,"chr10",128534032,128534328,"AluY",6596,"SetB","1nM","chr10:128534032-128534328",FALSE
"chr11",2169070,2169717,"chr11",2174987,2175292,"AluY",5271,"SetB","1nM","chr11:2174987-2175292",FALSE
"chr11",60757215,60757506,"chr11",60755234,60755532,"AluY",1684,"SetB","1nM","chr11:60755234-60755532",FALSE
"chr11",60880953,60881327,"chr11",60884732,60885043,"AluY",3406,"SetB","1nM","chr11:60884732-60885043",FALSE
"chr11",69654436,69654728,"chr11",69660430,69660726,"AluY",5703,"SetB","1nM","chr11:69660430-69660726",FALSE
"chr11",75036040,75036348,"chr11",75036975,75037269,"AluY",628,"SetB","1nM","chr11:75036975-75037269",FALSE
"chr11",78268292,78268564,"chr11",78267576,78267881,"AluY",412,"SetB","1nM","chr11:78267576-78267881",FALSE
"chr11",79059780,79060568,"chr11",79058261,79058565,"AluY",1216,"SetB","1nM","chr11:79058261-79058565",FALSE
"chr11",83362086,83362310,"chr11",83361478,83361799,"AluY",288,"SetB","1nM","chr11:83361478-83361799",FALSE
"chr11",84687532,84687780,"chr11",84685712,84685986,"AluY",1547,"SetB","1nM","chr11:84685712-84685986",FALSE
"chr11",94544166,94544388,"chr11",94542625,94542926,"AluY",1241,"SetB","1nM","chr11:94542625-94542926",FALSE
"chr11",101299201,101299930,"chr11",101302394,101302690,"AluY",2465,"SetB","1nM","chr11:101302394-101302690",FALSE
"chr11",101436522,101436865,"chr11",101431407,101431723,"AluY",4800,"SetB","1nM","chr11:101431407-101431723",FALSE
"chr11",101438150,101438501,"chr11",101431407,101431723,"AluY",6428,"SetB","1nM","chr11:101431407-101431723",FALSE
"chr11",101441745,101442110,"chr11",101431407,101431723,"AluY",10023,"SetB","1nM","chr11:101431407-101431723",FALSE
"chr11",101443725,101444034,"chr11",101431407,101431723,"AluY",12003,"SetB","1nM","chr11:101431407-101431723",FALSE
"chr11",117185207,117185483,"chr11",117185037,117185347,"AluY",0,"SetB","1nM","chr11:117185037-117185347",FALSE
"chr11",129694447,129694864,"chr11",129693756,129694065,"AluY",383,"SetB","1nM","chr11:129693756-129694065",FALSE
"chr11",131897296,131897613,"chr11",131896679,131896987,"AluY",310,"SetB","1nM","chr11:131896679-131896987",FALSE
"chr11",131900351,131900557,"chr11",131896679,131896987,"AluY",3365,"SetB","1nM","chr11:131896679-131896987",FALSE
"chr12",105476,105744,"chr12",107397,107709,"AluY",1654,"SetB","1nM","chr12:107397-107709",FALSE
"chr12",5635026,5635509,"chr12",5638227,5638534,"AluY",2719,"SetB","1nM","chr12:5638227-5638534",FALSE
"chr12",6088928,6089163,"chr12",6088196,6088492,"AluY",437,"SetB","1nM","chr12:6088196-6088492",FALSE
"chr12",6363934,6364229,"chr12",6364473,6364776,"AluY",245,"SetB","1nM","chr12:6364473-6364776",FALSE
"chr12",23235431,23235726,"chr12",23231999,23232294,"AluY",3138,"SetB","1nM","chr12:23231999-23232294",FALSE
"chr12",64625396,64625630,"chr12",64624671,64624966,"AluY",431,"SetB","1nM","chr12:64624671-64624966",FALSE
"chr12",100952375,100953005,"chr12",100947901,100948178,"AluY",4198,"SetB","1nM","chr12:100947901-100948178",FALSE
"chr12",119172576,119172767,"chr12",119170694,119170994,"AluY",1583,"SetB","1nM","chr12:119170694-119170994",FALSE
"chr13",32068287,32068550,"chr13",32068908,32069214,"AluY",359,"SetB","1nM","chr13:32068908-32069214",FALSE
"chr13",46143276,46143473,"chr13",46143787,46144100,"AluY",315,"SetB","1nM","chr13:46143787-46144100",FALSE
"chr14",69357656,69357865,"chr14",69356554,69356855,"AluY",802,"SetB","1nM","chr14:69356554-69356855",FALSE
"chr14",91418090,91418527,"chr14",91419944,91420221,"AluY",1418,"SetB","1nM","chr14:91419944-91420221",FALSE
"chr14",99964915,99965427,"chr14",99963956,99964276,"AluY",640,"SetB","1nM","chr14:99963956-99964276",FALSE
"chr14",105032266,105032689,"chr14",105031965,105032272,"AluY",0,"SetB","1nM","chr14:105031965-105032272",FALSE
"chr15",78135398,78135728,"chr15",78135684,78135952,"AluY",0,"SetB","1nM","chr15:78135684-78135952",FALSE
"chr15",80696852,80697065,"chr15",80698061,80698363,"AluY",997,"SetB","1nM","chr15:80698061-80698363",FALSE
"chr15",82952160,82952440,"chr15",82953591,82953896,"AluY",1152,"SetB","1nM","chr15:82953591-82953896",FALSE
"chr15",95895598,95895882,"chr15",95896419,95896724,"AluY",538,"SetB","1nM","chr15:95896419-95896724",FALSE
"chr16",2719224,2719587,"chr16",2718313,2718616,"AluY",609,"SetB","1nM","chr16:2718313-2718616",FALSE
"chr16",3166458,3166987,"chr16",3167517,3167828,"AluY",531,"SetB","1nM","chr16:3167517-3167828",FALSE
"chr16",11130495,11130811,"chr16",11129762,11130061,"AluY",435,"SetB","1nM","chr16:11129762-11130061",FALSE
"chr16",35524037,35524312,"chr16",35524686,35524995,"AluY",375,"SetB","1nM","chr16:35524686-35524995",FALSE
"chr17",39812561,39812767,"chr17",39812816,39813104,"AluY",50,"SetB","1nM","chr17:39812816-39813104",FALSE
"chr17",40549318,40549503,"chr17",40545001,40545309,"AluY",4010,"SetB","1nM","chr17:40545001-40545309",FALSE
"chr17",41525685,41525896,"chr17",41525959,41526273,"AluY",64,"SetB","1nM","chr17:41525959-41526273",FALSE
"chr17",57085616,57085975,"chr17",57083944,57084247,"AluY",1370,"SetB","1nM","chr17:57083944-57084247",FALSE
"chr17",57375777,57376147,"chr17",57376922,57377219,"AluY",776,"SetB","1nM","chr17:57376922-57377219",TRUE
"chr17",72617950,72618320,"chr17",72618975,72619278,"AluY",656,"SetB","1nM","chr17:72618975-72619278",FALSE
"chr17",82103721,82104213,"chr17",82104530,82104837,"AluY",318,"SetB","1nM","chr17:82104530-82104837",FALSE
"chr17",82234908,82235141,"chr17",82233834,82234139,"AluY",770,"SetB","1nM","chr17:82233834-82234139",FALSE
"chr17",83180995,83181254,"chr17",83170304,83170603,"AluY",10393,"SetB","1nM","chr17:83170304-83170603",FALSE
"chr17",83189778,83190013,"chr17",83170304,83170603,"AluY",19176,"SetB","1nM","chr17:83170304-83170603",FALSE
"chr18",13223584,13223918,"chr18",13224467,13224779,"AluY",550,"SetB","1nM","chr18:13224467-13224779",FALSE
"chr18",48548298,48548538,"chr18",48551792,48552101,"AluY",3255,"SetB","1nM","chr18:48551792-48552101",FALSE
"chr18",77054766,77055062,"chr18",77057824,77058117,"AluY",2763,"SetB","1nM","chr18:77057824-77058117",FALSE
"chr18",77055201,77055384,"chr18",77057824,77058117,"AluY",2441,"SetB","1nM","chr18:77057824-77058117",FALSE
"chr19",1181567,1182180,"chr19",1181113,1181394,"AluY",174,"SetB","1nM","chr19:1181113-1181394",FALSE
"chr19",4538432,4538642,"chr19",4537557,4537866,"AluY",567,"SetB","1nM","chr19:4537557-4537866",FALSE
"chr19",15562947,15563190,"chr19",15562555,15562838,"AluY",110,"SetB","1nM","chr19:15562555-15562838",FALSE
"chr19",16463965,16464260,"chr19",16464805,16465094,"AluY",546,"SetB","1nM","chr19:16464805-16465094",FALSE
"chr19",57798716,57798925,"chr19",57798889,57799185,"AluY",0,"SetB","1nM","chr19:57798889-57799185",FALSE
"chr2",10021792,10022053,"chr2",10021265,10021553,"AluY",240,"SetB","1nM","chr2:10021265-10021553",FALSE
"chr2",24084247,24084447,"chr2",24085953,24086252,"AluY",1507,"SetB","1nM","chr2:24085953-24086252",FALSE
"chr2",42342517,42342835,"chr2",42344570,42344863,"AluY",1736,"SetB","1nM","chr2:42344570-42344863",FALSE
"chr2",45820751,45820940,"chr2",45817411,45817710,"AluY",3042,"SetB","1nM","chr2:45817411-45817710",FALSE
"chr2",73431890,73432076,"chr2",73430077,73430375,"AluY",1516,"SetB","1nM","chr2:73430077-73430375",FALSE
"chr2",104481651,104481931,"chr2",104483716,104484021,"AluY",1786,"SetB","1nM","chr2:104483716-104484021",FALSE
"chr2",138435697,138436056,"chr2",138437008,138437309,"AluY",953,"SetB","1nM","chr2:138437008-138437309",FALSE
"chr2",217092634,217092917,"chr2",217088713,217089019,"AluY",3616,"SetB","1nM","chr2:217088713-217089019",FALSE
"chr2",224331697,224332176,"chr2",224332017,224332330,"AluY",0,"SetB","1nM","chr2:224332017-224332330",FALSE
"chr2",237235428,237235874,"chr2",237237582,237237894,"AluY",1709,"SetB","1nM","chr2:237237582-237237894",FALSE
"chr20",34350262,34350493,"chr20",34350510,34350818,"AluY",18,"SetB","1nM","chr20:34350510-34350818",FALSE
"chr20",50284759,50285111,"chr20",50287209,50287511,"AluY",2099,"SetB","1nM","chr20:50287209-50287511",FALSE
"chr21",15005339,15005700,"chr21",15011198,15011486,"AluY",5499,"SetB","1nM","chr21:15011198-15011486",FALSE
"chr21",15199964,15200319,"chr21",15202156,15202452,"AluY",1838,"SetB","1nM","chr21:15202156-15202452",FALSE
"chr21",15200685,15200868,"chr21",15202156,15202452,"AluY",1289,"SetB","1nM","chr21:15202156-15202452",FALSE
"chr21",17746091,17746344,"chr21",17745476,17745782,"AluY",310,"SetB","1nM","chr21:17745476-17745782",FALSE
"chr21",31529422,31529737,"chr21",31528920,31529218,"AluY",205,"SetB","1nM","chr21:31528920-31529218",FALSE
"chr21",36193347,36193568,"chr21",36192685,36192987,"AluY",361,"SetB","1nM","chr21:36192685-36192987",FALSE
"chr21",39524015,39524275,"chr21",39524885,39525183,"AluY",611,"SetB","1nM","chr21:39524885-39525183",FALSE
"chr21",44764770,44765065,"chr21",44769378,44769677,"AluY",4314,"SetB","1nM","chr21:44769378-44769677",FALSE
"chr22",24531998,24532512,"chr22",24531758,24532071,"AluY",0,"SetB","1nM","chr22:24531758-24532071",FALSE
"chr22",25400872,25401119,"chr22",25400262,25400562,"AluY",311,"SetB","1nM","chr22:25400262-25400562",FALSE
"chr22",27345411,27345672,"chr22",27346324,27346620,"AluY",653,"SetB","1nM","chr22:27346324-27346620",FALSE
"chr22",46465782,46466078,"chr22",46467541,46467840,"AluY",1464,"SetB","1nM","chr22:46467541-46467840",FALSE
"chr3",4581691,4581997,"chr3",4579929,4580226,"AluY",1466,"SetB","1nM","chr3:4579929-4580226",FALSE
"chr3",31948039,31948286,"chr3",31949386,31949697,"AluY",1101,"SetB","1nM","chr3:31949386-31949697",FALSE
"chr3",32110329,32110595,"chr3",32109905,32110217,"AluY",113,"SetB","1nM","chr3:32109905-32110217",FALSE
"chr3",57041517,57041772,"chr3",57042701,57042996,"AluY",930,"SetB","1nM","chr3:57042701-57042996",FALSE
"chr3",61708084,61708503,"chr3",61708443,61708755,"AluY",0,"SetB","1nM","chr3:61708443-61708755",FALSE
"chr3",64501537,64501720,"chr3",64500456,64500756,"AluY",782,"SetB","1nM","chr3:64500456-64500756",FALSE
"chr3",66416046,66416333,"chr3",66414115,66414423,"AluY",1624,"SetB","1nM","chr3:66414115-66414423",FALSE
"chr3",100104145,100104459,"chr3",100094674,100094987,"AluY",9159,"SetB","1nM","chr3:100094674-100094987",FALSE
"chr3",123626981,123627239,"chr3",123625526,123625825,"AluY",1157,"SetB","1nM","chr3:123625526-123625825",FALSE
"chr3",123627749,123627995,"chr3",123625526,123625825,"AluY",1925,"SetB","1nM","chr3:123625526-123625825",FALSE
"chr3",126211784,126212066,"chr3",126206852,126207108,"AluY",4677,"SetB","1nM","chr3:126206852-126207108",FALSE
"chr3",146160538,146160734,"chr3",146163148,146163459,"AluY",2415,"SetB","1nM","chr3:146163148-146163459",FALSE
"chr3",151085276,151085493,"chr3",151084126,151084464,"AluY",813,"SetB","1nM","chr3:151084126-151084464",FALSE
"chr3",189772973,189773239,"chr3",189773915,189774221,"AluY",677,"SetB","1nM","chr3:189773915-189774221",FALSE
"chr4",997821,998095,"chr4",998963,999231,"AluY",869,"SetB","1nM","chr4:998963-999231",FALSE
"chr4",3461014,3461905,"chr4",3456213,3456523,"AluY",4492,"SetB","1nM","chr4:3456213-3456523",FALSE
"chr4",3463213,3463669,"chr4",3456213,3456523,"AluY",6691,"SetB","1nM","chr4:3456213-3456523",FALSE
"chr4",3827547,3827850,"chr4",3823166,3823473,"AluY",4075,"SetB","1nM","chr4:3823166-3823473",FALSE
"chr4",10656137,10656707,"chr4",10655637,10655948,"AluY",190,"SetB","1nM","chr4:10655637-10655948",FALSE
"chr4",48853045,48853398,"chr4",48852865,48853178,"AluY",0,"SetB","1nM","chr4:48852865-48853178",FALSE
"chr4",76569231,76569552,"chr4",76567369,76567656,"AluY",1576,"SetB","1nM","chr4:76567369-76567656",FALSE
"chr4",139875440,139875756,"chr4",139874800,139875101,"AluY",340,"SetB","1nM","chr4:139874800-139875101",FALSE
"chr4",168677203,168677398,"chr4",168676588,168676878,"AluY",326,"SetB","1nM","chr4:168676588-168676878",FALSE
"chr5",301715,302917,"chr5",299551,299847,"AluY",1869,"SetB","1nM","chr5:299551-299847",FALSE
"chr5",19734775,19735344,"chr5",19735396,19735694,"AluY",53,"SetB","1nM","chr5:19735396-19735694",FALSE
"chr5",44539631,44539814,"chr5",44538022,44538316,"AluY",1316,"SetB","1nM","chr5:44538022-44538316",FALSE
"chr5",56429106,56429515,"chr5",56431441,56431748,"AluY",1927,"SetB","1nM","chr5:56431441-56431748",FALSE
"chr5",58127100,58127312,"chr5",58128829,58129167,"AluY",1518,"SetB","1nM","chr5:58128829-58129167",FALSE
"chr5",119564777,119565052,"chr5",119568244,119568551,"AluY",3193,"SetB","1nM","chr5:119568244-119568551",FALSE
"chr5",160287584,160287896,"chr5",160288589,160288855,"AluY",694,"SetB","1nM","chr5:160288589-160288855",FALSE
"chr6",681081,681354,"chr6",682195,682499,"AluY",842,"SetB","1nM","chr6:682195-682499",FALSE
"chr6",11067339,11067782,"chr6",11069433,11069743,"AluY",1652,"SetB","1nM","chr6:11069433-11069743",FALSE
"chr6",31810377,31810836,"chr6",31809270,31809556,"AluY",822,"SetB","1nM","chr6:31809270-31809556",FALSE
"chr6",37102369,37102589,"chr6",37101567,37101876,"AluY",494,"SetB","1nM","chr6:37101567-37101876",FALSE
"chr6",42122775,42123010,"chr6",42123099,42123411,"AluY",90,"SetB","1nM","chr6:42123099-42123411",FALSE
"chr6",74969338,74970276,"chr6",74977934,74978230,"AluY",7659,"SetB","1nM","chr6:74977934-74978230",FALSE
"chr6",74971646,74971933,"chr6",74977934,74978230,"AluY",6002,"SetB","1nM","chr6:74977934-74978230",FALSE
"chr6",139588097,139588731,"chr6",139587262,139587574,"AluY",524,"SetB","1nM","chr6:139587262-139587574",FALSE
"chr6",149717603,149717787,"chr6",149718962,149719268,"AluY",1176,"SetB","1nM","chr6:149718962-149719268",FALSE
"chr7",33832862,33833247,"chr7",33833365,33833681,"AluY",119,"SetB","1nM","chr7:33833365-33833681",FALSE
"chr7",35025269,35025581,"chr7",35023823,35024135,"AluY",1135,"SetB","1nM","chr7:35023823-35024135",FALSE
"chr7",47406042,47406277,"chr7",47404604,47404913,"AluY",1130,"SetB","1nM","chr7:47404604-47404913",FALSE
"chr7",47477458,47477813,"chr7",47483171,47483468,"AluY",5359,"SetB","1nM","chr7:47483171-47483468",FALSE
"chr7",140992560,140992889,"chr7",140993293,140993595,"AluY",405,"SetB","1nM","chr7:140993293-140993595",FALSE
"chr7",142356036,142356556,"chr7",142357248,142357538,"AluY",693,"SetB","1nM","chr7:142357248-142357538",FALSE
"chr7",151856578,151856902,"chr7",151853488,151853778,"AluY",2801,"SetB","1nM","chr7:151853488-151853778",FALSE
"chr8",17923157,17923400,"chr8",17925554,17925849,"AluY",2155,"SetB","1nM","chr8:17925554-17925849",FALSE
"chr8",115998234,115998543,"chr8",115994034,115994347,"AluY",3888,"SetB","1nM","chr8:115994034-115994347",FALSE
"chr8",118620211,118620398,"chr8",118619242,118619497,"AluY",715,"SetB","1nM","chr8:118619242-118619497",FALSE
"chr8",127866306,127866495,"chr8",127864547,127864847,"AluY",1460,"SetB","1nM","chr8:127864547-127864847",FALSE
"chr8",127953090,127953445,"chr8",127952770,127953063,"AluY",28,"SetB","1nM","chr8:127952770-127953063",FALSE
"chr9",129488645,129488998,"chr9",129489329,129489625,"AluY",332,"SetB","1nM","chr9:129489329-129489625",FALSE
"chr9",134702518,134702804,"chr9",134703627,134703938,"AluY",824,"SetB","1nM","chr9:134703627-134703938",FALSE
"chrX",6461394,6461605,"chrX",6459036,6459328,"AluY",2067,"SetB","1nM","chrX:6459036-6459328",FALSE
"chrX",7218482,7218760,"chrX",7220543,7220847,"AluY",1784,"SetB","1nM","chrX:7220543-7220847",FALSE
"chrX",7219116,7219430,"chrX",7220543,7220847,"AluY",1114,"SetB","1nM","chrX:7220543-7220847",FALSE
"chrX",39895233,39895420,"chrX",39896598,39896925,"AluY",1179,"SetB","1nM","chrX:39896598-39896925",FALSE
"chrX",54696247,54696634,"chrX",54702557,54702849,"AluY",5924,"SetB","1nM","chrX:54702557-54702849",FALSE
"chrX",54747689,54748044,"chrX",54743835,54744135,"AluY",3555,"SetB","1nM","chrX:54743835-54744135",FALSE
"chr1",1678459,1678642,"chr1",1677467,1677750,"AluY",710,"SetA","10nM","chr1:1677467-1677750",FALSE
"chr1",2001770,2002033,"chr1",2001317,2001625,"AluY",146,"SetA","10nM","chr1:2001317-2001625",FALSE
"chr1",3337407,3337605,"chr1",3343621,3343940,"AluY",6017,"SetA","10nM","chr1:3343621-3343940",FALSE
"chr1",3338300,3338619,"chr1",3343621,3343940,"AluY",5003,"SetA","10nM","chr1:3343621-3343940",FALSE
"chr1",14926044,14926381,"chr1",14928168,14928472,"AluY",1788,"SetA","10nM","chr1:14928168-14928472",FALSE
"chr1",25568216,25568465,"chr1",25570577,25570878,"AluY",2113,"SetA","10nM","chr1:25570577-25570878",FALSE
"chr1",35505975,35506405,"chr1",35504193,35504495,"AluY",1481,"SetA","10nM","chr1:35504193-35504495",FALSE
"chr1",36204095,36204494,"chr1",36204933,36205230,"AluY",440,"SetA","10nM","chr1:36204933-36205230",FALSE
"chr1",39142806,39143203,"chr1",39143762,39144080,"AluY",560,"SetA","10nM","chr1:39143762-39144080",FALSE
"chr1",41372178,41372419,"chr1",41369961,41370259,"AluY",1920,"SetA","10nM","chr1:41369961-41370259",FALSE
"chr1",42992357,42992799,"chr1",42992969,42993270,"AluY",171,"SetA","10nM","chr1:42992969-42993270",FALSE
"chr1",42993605,42993890,"chr1",42992969,42993270,"AluY",336,"SetA","10nM","chr1:42992969-42993270",FALSE
"chr1",51558697,51558916,"chr1",51558014,51558295,"AluY",403,"SetA","10nM","chr1:51558014-51558295",FALSE
"chr1",71461514,71461773,"chr1",71457693,71458001,"AluY",3514,"SetA","10nM","chr1:71457693-71458001",FALSE
"chr1",79361179,79361610,"chr1",79360644,79360958,"AluY",222,"SetA","10nM","chr1:79360644-79360958",FALSE
"chr1",113147997,113148208,"chr1",113148445,113148751,"AluY",238,"SetA","10nM","chr1:113148445-113148751",FALSE
"chr1",116858905,116859287,"chr1",116859463,116859763,"AluY",177,"SetA","10nM","chr1:116859463-116859763",FALSE
"chr1",147669258,147670078,"chr1",147671121,147671433,"AluY",1044,"SetA","10nM","chr1:147671121-147671433",FALSE
"chr1",171257427,171257815,"chr1",171255991,171256294,"AluY",1134,"SetA","10nM","chr1:171255991-171256294",FALSE
"chr1",177145227,177145476,"chr1",177144253,177144550,"AluY",678,"SetA","10nM","chr1:177144253-177144550",FALSE
"chr1",177448666,177449138,"chr1",177449964,177450277,"AluY",827,"SetA","10nM","chr1:177449964-177450277",FALSE
"chr1",177451131,177451320,"chr1",177449964,177450277,"AluY",855,"SetA","10nM","chr1:177449964-177450277",FALSE
"chr1",177620691,177621005,"chr1",177625199,177625505,"AluY",4195,"SetA","10nM","chr1:177625199-177625505",FALSE
"chr1",179883085,179883300,"chr1",179880833,179881142,"AluY",1944,"SetA","10nM","chr1:179880833-179881142",FALSE
"chr1",203059346,203059709,"chr1",203062195,203062506,"AluY",2487,"SetA","10nM","chr1:203062195-203062506",FALSE
"chr1",205506102,205506374,"chr1",205507349,205507663,"AluY",976,"SetA","10nM","chr1:205507349-205507663",FALSE
"chr1",206688870,206689223,"chr1",206688627,206688933,"AluY",0,"SetA","10nM","chr1:206688627-206688933",FALSE
"chr1",206847532,206847962,"chr1",206848499,206848813,"AluY",538,"SetA","10nM","chr1:206848499-206848813",FALSE
"chr1",209218971,209219187,"chr1",209205716,209206029,"AluY",12943,"SetA","10nM","chr1:209205716-209206029",FALSE
"chr1",209220010,209220314,"chr1",209205716,209206029,"AluY",13982,"SetA","10nM","chr1:209205716-209206029",FALSE
"chr1",224204941,224205189,"chr1",224205127,224205432,"AluY",0,"SetA","10nM","chr1:224205127-224205432",FALSE
"chr1",233636061,233636360,"chr1",233636914,233637217,"AluY",555,"SetA","10nM","chr1:233636914-233637217",FALSE
"chr1",244050175,244050438,"chr1",244032212,244032495,"AluY",17681,"SetA","10nM","chr1:244032212-244032495",FALSE
"chr1",246219225,246219816,"chr1",246218341,246218634,"AluY",592,"SetA","10nM","chr1:246218341-246218634",FALSE
"chr10",6154733,6155078,"chr10",6155197,6155503,"AluY",120,"SetA","10nM","chr10:6155197-6155503",FALSE
"chr10",28900425,28900611,"chr10",28899647,28899940,"AluY",486,"SetA","10nM","chr10:28899647-28899940",FALSE
"chr10",29124781,29125368,"chr10",29125288,29125586,"AluY",0,"SetA","10nM","chr10:29125288-29125586",FALSE
"chr10",29622460,29622774,"chr10",29621968,29622278,"AluY",183,"SetA","10nM","chr10:29621968-29622278",FALSE
"chr10",43038024,43038315,"chr10",43031637,43031950,"AluY",6075,"SetA","10nM","chr10:43031637-43031950",FALSE
"chr10",61272791,61273094,"chr10",61274831,61275143,"AluY",1738,"SetA","10nM","chr10:61274831-61275143",FALSE
"chr10",61668350,61668578,"chr10",61665605,61665902,"AluY",2449,"SetA","10nM","chr10:61665605-61665902",FALSE
"chr10",63716033,63716216,"chr10",63715337,63715644,"AluY",390,"SetA","10nM","chr10:63715337-63715644",FALSE
"chr10",72272605,72272944,"chr10",72271776,72272086,"AluY",520,"SetA","10nM","chr10:72271776-72272086",FALSE
"chr10",72331653,72331863,"chr10",72330681,72330978,"AluY",676,"SetA","10nM","chr10:72330681-72330978",FALSE
"chr10",88385575,88385958,"chr10",88380395,88380683,"AluY",4893,"SetA","10nM","chr10:88380395-88380683",FALSE
"chr10",98363130,98363421,"chr10",98362679,98362985,"AluY",146,"SetA","10nM","chr10:98362679-98362985",FALSE
"chr10",98363806,98364118,"chr10",98362679,98362985,"AluY",822,"SetA","10nM","chr10:98362679-98362985",FALSE
"chr10",98366245,98366453,"chr10",98362679,98362985,"AluY",3261,"SetA","10nM","chr10:98362679-98362985",FALSE
"chr10",102207136,102207581,"chr10",102206907,102207206,"AluY",0,"SetA","10nM","chr10:102206907-102207206",FALSE
"chr10",102710574,102711074,"chr10",102711469,102711782,"AluY",396,"SetA","10nM","chr10:102711469-102711782",FALSE
"chr10",104480846,104481205,"chr10",104478926,104479226,"AluY",1621,"SetA","10nM","chr10:104478926-104479226",FALSE
"chr10",110002673,110002958,"chr10",110002281,110002572,"AluY",102,"SetA","10nM","chr10:110002281-110002572",FALSE
"chr10",110844144,110844367,"chr10",110844957,110845223,"AluY",591,"SetA","10nM","chr10:110844957-110845223",FALSE
"chr10",113678523,113679163,"chr10",113677808,113678119,"AluY",405,"SetA","10nM","chr10:113677808-113678119",FALSE
"chr10",114337060,114337338,"chr10",114335330,114335628,"AluY",1433,"SetA","10nM","chr10:114335330-114335628",FALSE
"chr10",117005786,117005990,"chr10",117006284,117006586,"AluY",295,"SetA","10nM","chr10:117006284-117006586",FALSE
"chr10",121553803,121554097,"chr10",121554333,121554669,"AluY",237,"SetA","10nM","chr10:121554333-121554669",FALSE
"chr10",126175867,126176273,"chr10",126174757,126175055,"AluY",813,"SetA","10nM","chr10:126174757-126175055",FALSE
"chr10",128540885,128541590,"chr10",128534032,128534328,"AluY",6558,"SetA","10nM","chr10:128534032-128534328",FALSE
"chr11",539961,540192,"chr11",539384,539695,"AluY",267,"SetA","10nM","chr11:539384-539695",FALSE
"chr11",2165266,2165574,"chr11",2174987,2175292,"AluY",9414,"SetA","10nM","chr11:2174987-2175292",FALSE
"chr11",2169022,2169794,"chr11",2174987,2175292,"AluY",5194,"SetA","10nM","chr11:2174987-2175292",FALSE
"chr11",2210963,2211229,"chr11",2211984,2212281,"AluY",756,"SetA","10nM","chr11:2211984-2212281",FALSE
"chr11",30527550,30527903,"chr11",30526890,30527229,"AluY",322,"SetA","10nM","chr11:30526890-30527229",FALSE
"chr11",44300815,44301385,"chr11",44299354,44299654,"AluY",1162,"SetA","10nM","chr11:44299354-44299654",FALSE
"chr11",44950718,44950901,"chr11",44953409,44953718,"AluY",2509,"SetA","10nM","chr11:44953409-44953718",FALSE
"chr11",60757183,60757555,"chr11",60755234,60755532,"AluY",1652,"SetA","10nM","chr11:60755234-60755532",FALSE
"chr11",60757667,60757858,"chr11",60755234,60755532,"AluY",2136,"SetA","10nM","chr11:60755234-60755532",FALSE
"chr11",64506798,64507086,"chr11",64508480,64508798,"AluY",1395,"SetA","10nM","chr11:64508480-64508798",FALSE
"chr11",69653985,69654210,"chr11",69660430,69660726,"AluY",6221,"SetA","10nM","chr11:69660430-69660726",FALSE
"chr11",69654433,69654743,"chr11",69660430,69660726,"AluY",5688,"SetA","10nM","chr11:69660430-69660726",FALSE
"chr11",69654994,69655184,"chr11",69660430,69660726,"AluY",5247,"SetA","10nM","chr11:69660430-69660726",FALSE
"chr11",75036016,75036367,"chr11",75036975,75037269,"AluY",609,"SetA","10nM","chr11:75036975-75037269",FALSE
"chr11",75343044,75343227,"chr11",75343812,75344108,"AluY",586,"SetA","10nM","chr11:75343812-75344108",FALSE
"chr11",78268205,78268590,"chr11",78267576,78267881,"AluY",325,"SetA","10nM","chr11:78267576-78267881",FALSE
"chr11",79059719,79060614,"chr11",79058261,79058565,"AluY",1155,"SetA","10nM","chr11:79058261-79058565",FALSE
"chr11",83362053,83362369,"chr11",83361478,83361799,"AluY",255,"SetA","10nM","chr11:83361478-83361799",FALSE
"chr11",84687494,84687809,"chr11",84685712,84685986,"AluY",1509,"SetA","10nM","chr11:84685712-84685986",FALSE
"chr11",84688517,84688791,"chr11",84685712,84685986,"AluY",2532,"SetA","10nM","chr11:84685712-84685986",FALSE
"chr11",86795481,86796206,"chr11",86796359,86796663,"AluY",154,"SetA","10nM","chr11:86796359-86796663",FALSE
"chr11",94544147,94544425,"chr11",94542625,94542926,"AluY",1222,"SetA","10nM","chr11:94542625-94542926",FALSE
"chr11",94832695,94832981,"chr11",94834305,94834602,"AluY",1325,"SetA","10nM","chr11:94834305-94834602",FALSE
"chr11",101299182,101299998,"chr11",101302394,101302690,"AluY",2397,"SetA","10nM","chr11:101302394-101302690",FALSE
"chr11",101300451,101300851,"chr11",101302394,101302690,"AluY",1544,"SetA","10nM","chr11:101302394-101302690",FALSE
"chr11",101436487,101436932,"chr11",101431407,101431723,"AluY",4765,"SetA","10nM","chr11:101431407-101431723",FALSE
"chr11",101438099,101438532,"chr11",101431407,101431723,"AluY",6377,"SetA","10nM","chr11:101431407-101431723",FALSE
"chr11",101440146,101440331,"chr11",101431407,101431723,"AluY",8424,"SetA","10nM","chr11:101431407-101431723",FALSE
"chr11",101441695,101442130,"chr11",101431407,101431723,"AluY",9973,"SetA","10nM","chr11:101431407-101431723",FALSE
"chr11",101443714,101444070,"chr11",101431407,101431723,"AluY",11992,"SetA","10nM","chr11:101431407-101431723",FALSE
"chr11",117185184,117185501,"chr11",117185037,117185347,"AluY",0,"SetA","10nM","chr11:117185037-117185347",FALSE
"chr11",121953103,121953456,"chr11",121956096,121956402,"AluY",2641,"SetA","10nM","chr11:121956096-121956402",FALSE
"chr11",129641647,129641859,"chr11",129642652,129642912,"AluY",794,"SetA","10nM","chr11:129642652-129642912",FALSE
"chr11",129642264,129642575,"chr11",129642652,129642912,"AluY",78,"SetA","10nM","chr11:129642652-129642912",FALSE
"chr11",129643186,129643448,"chr11",129642652,129642912,"AluY",275,"SetA","10nM","chr11:129642652-129642912",FALSE
"chr11",129694367,129694906,"chr11",129693756,129694065,"AluY",303,"SetA","10nM","chr11:129693756-129694065",FALSE
"chr11",131897278,131897666,"chr11",131896679,131896987,"AluY",292,"SetA","10nM","chr11:131896679-131896987",FALSE
"chr11",131897952,131898242,"chr11",131896679,131896987,"AluY",966,"SetA","10nM","chr11:131896679-131896987",FALSE
"chr11",131900301,131900585,"chr11",131896679,131896987,"AluY",3315,"SetA","10nM","chr11:131896679-131896987",FALSE
"chr12",105459,105799,"chr12",107397,107709,"AluY",1599,"SetA","10nM","chr12:107397-107709",FALSE
"chr12",5634989,5635518,"chr12",5638227,5638534,"AluY",2710,"SetA","10nM","chr12:5638227-5638534",FALSE
"chr12",6088850,6089210,"chr12",6088196,6088492,"AluY",359,"SetA","10nM","chr12:6088196-6088492",FALSE
"chr12",6363890,6364272,"chr12",6364473,6364776,"AluY",202,"SetA","10nM","chr12:6364473-6364776",FALSE
"chr12",12356837,12357041,"chr12",12356013,12356317,"AluY",521,"SetA","10nM","chr12:12356013-12356317",FALSE
"chr12",15273957,15274296,"chr12",15273146,15273440,"AluY",518,"SetA","10nM","chr12:15273146-15273440",FALSE
"chr12",23235105,23235760,"chr12",23231999,23232294,"AluY",2812,"SetA","10nM","chr12:23231999-23232294",FALSE
"chr12",42716038,42716342,"chr12",42715484,42715780,"AluY",259,"SetA","10nM","chr12:42715484-42715780",FALSE
"chr12",64625410,64625655,"chr12",64624671,64624966,"AluY",445,"SetA","10nM","chr12:64624671-64624966",FALSE
"chr12",85580574,85580874,"chr12",85579568,85579876,"AluY",699,"SetA","10nM","chr12:85579568-85579876",FALSE
"chr12",100952393,100953032,"chr12",100947901,100948178,"AluY",4216,"SetA","10nM","chr12:100947901-100948178",FALSE
"chr12",102548566,102549020,"chr12",102542113,102542407,"AluY",6160,"SetA","10nM","chr12:102542113-102542407",FALSE
"chr12",119171151,119171602,"chr12",119170694,119170994,"AluY",158,"SetA","10nM","chr12:119170694-119170994",FALSE
"chr12",119172540,119172787,"chr12",119170694,119170994,"AluY",1547,"SetA","10nM","chr12:119170694-119170994",FALSE
"chr13",26983109,26983324,"chr13",26982303,26982585,"AluY",525,"SetA","10nM","chr13:26982303-26982585",FALSE
"chr13",29840387,29840573,"chr13",29839645,29839949,"AluY",439,"SetA","10nM","chr13:29839645-29839949",FALSE
"chr13",32068254,32068588,"chr13",32068908,32069214,"AluY",321,"SetA","10nM","chr13:32068908-32069214",FALSE
"chr13",36629642,36629962,"chr13",36631424,36631698,"AluY",1463,"SetA","10nM","chr13:36631424-36631698",FALSE
"chr13",46143221,46143514,"chr13",46143787,46144100,"AluY",274,"SetA","10nM","chr13:46143787-46144100",FALSE
"chr13",82305614,82306068,"chr13",82304761,82305098,"AluY",517,"SetA","10nM","chr13:82304761-82305098",FALSE
"chr13",106736993,106737381,"chr13",106737408,106737688,"AluY",28,"SetA","10nM","chr13:106737408-106737688",FALSE
"chr13",113863804,113864103,"chr13",113864979,113865287,"AluY",877,"SetA","10nM","chr13:113864979-113865287",FALSE
"chr14",35334236,35334516,"chr14",35334745,35335042,"AluY",230,"SetA","10nM","chr14:35334745-35335042",FALSE
"chr14",42720106,42720399,"chr14",42725773,42726072,"AluY",5375,"SetA","10nM","chr14:42725773-42726072",FALSE
"chr14",50018354,50018731,"chr14",50016709,50017018,"AluY",1337,"SetA","10nM","chr14:50016709-50017018",FALSE
"chr14",53152158,53152382,"chr14",53155201,53155501,"AluY",2820,"SetA","10nM","chr14:53155201-53155501",FALSE
"chr14",69357604,69357889,"chr14",69356554,69356855,"AluY",750,"SetA","10nM","chr14:69356554-69356855",FALSE
"chr14",71475936,71476229,"chr14",71476649,71476907,"AluY",421,"SetA","10nM","chr14:71476649-71476907",FALSE
"chr14",90555834,90556146,"chr14",90548845,90549146,"AluY",6689,"SetA","10nM","chr14:90548845-90549146",FALSE
"chr14",91418074,91418588,"chr14",91419944,91420221,"AluY",1357,"SetA","10nM","chr14:91419944-91420221",FALSE
"chr14",98822978,98823303,"chr14",98825209,98825515,"AluY",1907,"SetA","10nM","chr14:98825209-98825515",FALSE
"chr14",99964851,99965462,"chr14",99963956,99964276,"AluY",576,"SetA","10nM","chr14:99963956-99964276",FALSE
"chr14",102868390,102868648,"chr14",102869529,102869822,"AluY",882,"SetA","10nM","chr14:102869529-102869822",FALSE
"chr14",105032179,105032715,"chr14",105031965,105032272,"AluY",0,"SetA","10nM","chr14:105031965-105032272",FALSE
"chr15",67114925,67115205,"chr15",67113095,67113389,"AluY",1537,"SetA","10nM","chr15:67113095-67113389",FALSE
"chr15",70362300,70362720,"chr15",70361500,70361791,"AluY",510,"SetA","10nM","chr15:70361500-70361791",FALSE
"chr15",78135246,78135771,"chr15",78135684,78135952,"AluY",0,"SetA","10nM","chr15:78135684-78135952",FALSE
"chr15",80696828,80697083,"chr15",80698061,80698363,"AluY",979,"SetA","10nM","chr15:80698061-80698363",FALSE
"chr15",82952094,82952495,"chr15",82953591,82953896,"AluY",1097,"SetA","10nM","chr15:82953591-82953896",FALSE
"chr15",89129753,89130109,"chr15",89133834,89134137,"AluY",3726,"SetA","10nM","chr15:89133834-89134137",FALSE
"chr15",89693609,89693952,"chr15",89694244,89694534,"AluY",293,"SetA","10nM","chr15:89694244-89694534",FALSE
"chr15",95895536,95895924,"chr15",95896419,95896724,"AluY",496,"SetA","10nM","chr15:95896419-95896724",FALSE
"chr15",98751977,98752219,"chr15",98752401,98752702,"AluY",183,"SetA","10nM","chr15:98752401-98752702",FALSE
"chr15",101248269,101248629,"chr15",101248777,101249102,"AluY",149,"SetA","10nM","chr15:101248777-101249102",FALSE
"chr16",327114,327478,"chr16",326858,327154,"AluY",0,"SetA","10nM","chr16:326858-327154",FALSE
"chr16",1827565,1827940,"chr16",1827999,1828297,"AluY",60,"SetA","10nM","chr16:1827999-1828297",FALSE
"chr16",2719168,2719641,"chr16",2718313,2718616,"AluY",553,"SetA","10nM","chr16:2718313-2718616",FALSE
"chr16",3166464,3167050,"chr16",3167517,3167828,"AluY",468,"SetA","10nM","chr16:3167517-3167828",FALSE
"chr16",3167221,3167454,"chr16",3167517,3167828,"AluY",64,"SetA","10nM","chr16:3167517-3167828",FALSE
"chr16",10577037,10577324,"chr16",10575237,10575538,"AluY",1500,"SetA","10nM","chr16:10575237-10575538",FALSE
"chr16",11130472,11130832,"chr16",11129762,11130061,"AluY",412,"SetA","10nM","chr16:11129762-11130061",FALSE
"chr16",12037018,12037251,"chr16",12036322,12036632,"AluY",387,"SetA","10nM","chr16:12036322-12036632",FALSE
"chr16",15487866,15488111,"chr16",15488551,15488835,"AluY",441,"SetA","10nM","chr16:15488551-15488835",FALSE
"chr16",17344445,17344752,"chr16",17344220,17344511,"AluY",0,"SetA","10nM","chr16:17344220-17344511",FALSE
"chr16",35524006,35524356,"chr16",35524686,35524995,"AluY",331,"SetA","10nM","chr16:35524686-35524995",FALSE
"chr16",53732462,53732835,"chr16",53732041,53732350,"AluY",113,"SetA","10nM","chr16:53732041-53732350",FALSE
"chr16",66310990,66311235,"chr16",66312250,66312567,"AluY",1016,"SetA","10nM","chr16:66312250-66312567",FALSE
"chr16",75310017,75310229,"chr16",75309540,75309845,"AluY",173,"SetA","10nM","chr16:75309540-75309845",FALSE
"chr16",80527802,80528036,"chr16",80528149,80528460,"AluY",114,"SetA","10nM","chr16:80528149-80528460",FALSE
"chr16",88936246,88936541,"chr16",88934743,88935039,"AluY",1208,"SetA","10nM","chr16:88934743-88935039",FALSE
"chr17",6550639,6550883,"chr17",6551075,6551378,"AluY",193,"SetA","10nM","chr17:6551075-6551378",FALSE
"chr17",15659358,15660063,"chr17",15660616,15660925,"AluY",554,"SetA","10nM","chr17:15660616-15660925",FALSE
"chr17",19599235,19599653,"chr17",19600077,19600387,"AluY",425,"SetA","10nM","chr17:19600077-19600387",FALSE
"chr17",39812506,39812796,"chr17",39812816,39813104,"AluY",21,"SetA","10nM","chr17:39812816-39813104",FALSE
"chr17",40549284,40549550,"chr17",40545001,40545309,"AluY",3976,"SetA","10nM","chr17:40545001-40545309",FALSE
"chr17",41525664,41525956,"chr17",41525959,41526273,"AluY",4,"SetA","10nM","chr17:41525959-41526273",FALSE
"chr17",55707479,55707862,"chr17",55711722,55712036,"AluY",3861,"SetA","10nM","chr17:55711722-55712036",FALSE
"chr17",57085589,57085990,"chr17",57083944,57084247,"AluY",1343,"SetA","10nM","chr17:57083944-57084247",FALSE
"chr17",57375745,57376270,"chr17",57376922,57377219,"AluY",653,"SetA","10nM","chr17:57376922-57377219",TRUE
"chr17",57376739,57377002,"chr17",57376922,57377219,"AluY",0,"SetA","10nM","chr17:57376922-57377219",TRUE
"chr17",57458268,57458606,"chr17",57458099,57458399,"AluY",0,"SetA","10nM","chr17:57458099-57458399",FALSE
"chr17",60346809,60347397,"chr17",60347351,60347652,"AluY",0,"SetA","10nM","chr17:60347351-60347652",FALSE
"chr17",72399521,72399749,"chr17",72398514,72398809,"AluY",713,"SetA","10nM","chr17:72398514-72398809",FALSE
"chr17",72617709,72618352,"chr17",72618975,72619278,"AluY",624,"SetA","10nM","chr17:72618975-72619278",FALSE
"chr17",73506545,73506768,"chr17",73504345,73504658,"AluY",1888,"SetA","10nM","chr17:73504345-73504658",FALSE
"chr17",82103696,82104257,"chr17",82104530,82104837,"AluY",274,"SetA","10nM","chr17:82104530-82104837",FALSE
"chr17",82234880,82235147,"chr17",82233834,82234139,"AluY",742,"SetA","10nM","chr17:82233834-82234139",FALSE
"chr17",83064825,83065069,"chr17",83060830,83061127,"AluY",3699,"SetA","10nM","chr17:83060830-83061127",FALSE
"chr17",83067563,83067956,"chr17",83060830,83061127,"AluY",6437,"SetA","10nM","chr17:83060830-83061127",FALSE
"chr17",83180925,83181367,"chr17",83170304,83170603,"AluY",10323,"SetA","10nM","chr17:83170304-83170603",FALSE
"chr17",83189758,83190061,"chr17",83170304,83170603,"AluY",19156,"SetA","10nM","chr17:83170304-83170603",FALSE
"chr18",11155634,11156016,"chr18",11157489,11157792,"AluY",1474,"SetA","10nM","chr18:11157489-11157792",FALSE
"chr18",13223579,13223958,"chr18",13224467,13224779,"AluY",510,"SetA","10nM","chr18:13224467-13224779",FALSE
"chr18",25090171,25090403,"chr18",25088204,25088518,"AluY",1654,"SetA","10nM","chr18:25088204-25088518",FALSE
"chr18",39523315,39523614,"chr18",39522428,39522727,"AluY",589,"SetA","10nM","chr18:39522428-39522727",FALSE
"chr18",48038065,48038318,"chr18",48032422,48032735,"AluY",5331,"SetA","10nM","chr18:48032422-48032735",FALSE
"chr18",48548235,48548569,"chr18",48551792,48552101,"AluY",3224,"SetA","10nM","chr18:48551792-48552101",FALSE
"chr18",77054743,77055058,"chr18",77057824,77058117,"AluY",2767,"SetA","10nM","chr18:77057824-77058117",FALSE
"chr18",77055163,77055444,"chr18",77057824,77058117,"AluY",2381,"SetA","10nM","chr18:77057824-77058117",FALSE
"chr19",1181557,1182177,"chr19",1181113,1181394,"AluY",164,"SetA","10nM","chr19:1181113-1181394",FALSE
"chr19",1208022,1208309,"chr19",1208306,1208607,"AluY",0,"SetA","10nM","chr19:1208306-1208607",FALSE
"chr19",4538000,4538192,"chr19",4537557,4537866,"AluY",135,"SetA","10nM","chr19:4537557-4537866",FALSE
"chr19",4538381,4538716,"chr19",4537557,4537866,"AluY",516,"SetA","10nM","chr19:4537557-4537866",FALSE
"chr19",15562885,15563450,"chr19",15562555,15562838,"AluY",48,"SetA","10nM","chr19:15562555-15562838",FALSE
"chr19",16463709,16464289,"chr19",16464805,16465094,"AluY",517,"SetA","10nM","chr19:16464805-16465094",FALSE
"chr19",16824727,16824984,"chr19",16824243,16824533,"AluY",195,"SetA","10nM","chr19:16824243-16824533",FALSE
"chr19",32222634,32223034,"chr19",32220480,32220790,"AluY",1845,"SetA","10nM","chr19:32220480-32220790",FALSE
"chr19",40226809,40227127,"chr19",40227060,40227353,"AluY",0,"SetA","10nM","chr19:40227060-40227353",FALSE
"chr19",40480197,40480530,"chr19",40479969,40480270,"AluY",0,"SetA","10nM","chr19:40479969-40480270",FALSE
"chr19",57798690,57798969,"chr19",57798889,57799185,"AluY",0,"SetA","10nM","chr19:57798889-57799185",FALSE
"chr19",58518153,58518484,"chr19",58520773,58521081,"AluY",2290,"SetA","10nM","chr19:58520773-58521081",FALSE
"chr2",10021757,10022064,"chr2",10021265,10021553,"AluY",205,"SetA","10nM","chr2:10021265-10021553",FALSE
"chr2",10022441,10022637,"chr2",10021265,10021553,"AluY",889,"SetA","10nM","chr2:10021265-10021553",FALSE
"chr2",11515514,11515804,"chr2",11517650,11517929,"AluY",1847,"SetA","10nM","chr2:11517650-11517929",FALSE
"chr2",13055113,13055494,"chr2",13055403,13055709,"AluY",0,"SetA","10nM","chr2:13055403-13055709",FALSE
"chr2",19003664,19003894,"chr2",19006862,19007134,"AluY",2969,"SetA","10nM","chr2:19006862-19007134",FALSE
"chr2",24084178,24084476,"chr2",24085953,24086252,"AluY",1478,"SetA","10nM","chr2:24085953-24086252",FALSE
"chr2",42035889,42036233,"chr2",42036703,42037007,"AluY",471,"SetA","10nM","chr2:42036703-42037007",FALSE
"chr2",42342499,42342868,"chr2",42344570,42344863,"AluY",1703,"SetA","10nM","chr2:42344570-42344863",FALSE
"chr2",45820682,45820997,"chr2",45817411,45817710,"AluY",2973,"SetA","10nM","chr2:45817411-45817710",FALSE
"chr2",72572567,72572849,"chr2",72573833,72574129,"AluY",985,"SetA","10nM","chr2:72573833-72574129",FALSE
"chr2",72574873,72575347,"chr2",72573833,72574129,"AluY",745,"SetA","10nM","chr2:72573833-72574129",FALSE
"chr2",109351193,109351509,"chr2",109357168,109357480,"AluY",5660,"SetA","10nM","chr2:109357168-109357480",FALSE
"chr2",111932732,111933258,"chr2",111932189,111932480,"AluY",253,"SetA","10nM","chr2:111932189-111932480",FALSE
"chr2",133439521,133439704,"chr2",133440428,133440735,"AluY",725,"SetA","10nM","chr2:133440428-133440735",FALSE
"chr2",133443093,133443369,"chr2",133440428,133440735,"AluY",2359,"SetA","10nM","chr2:133440428-133440735",FALSE
"chr2",133582846,133583149,"chr2",133583753,133584053,"AluY",605,"SetA","10nM","chr2:133583753-133584053",FALSE
"chr2",137508813,137509150,"chr2",137508376,137508668,"AluY",146,"SetA","10nM","chr2:137508376-137508668",FALSE
"chr2",137675963,137676270,"chr2",137679318,137679624,"AluY",3049,"SetA","10nM","chr2:137679318-137679624",FALSE
"chr2",138435738,138436091,"chr2",138437008,138437309,"AluY",918,"SetA","10nM","chr2:138437008-138437309",FALSE
"chr2",139199202,139199604,"chr2",139210896,139211211,"AluY",11293,"SetA","10nM","chr2:139210896-139211211",FALSE
"chr2",139245178,139245720,"chr2",139246504,139246784,"AluY",785,"SetA","10nM","chr2:139246504-139246784",FALSE
"chr2",142873453,142873636,"chr2",142872119,142872395,"AluY",1059,"SetA","10nM","chr2:142872119-142872395",FALSE
"chr2",157125250,157125853,"chr2",157124177,157124477,"AluY",774,"SetA","10nM","chr2:157124177-157124477",FALSE
"chr2",157628590,157628791,"chr2",157630620,157630921,"AluY",1830,"SetA","10nM","chr2:157630620-157630921",FALSE
"chr2",161867400,161867607,"chr2",161863919,161864212,"AluY",3189,"SetA","10nM","chr2:161863919-161864212",FALSE
"chr2",172274149,172274423,"chr2",172273213,172273520,"AluY",630,"SetA","10nM","chr2:172273213-172273520",FALSE
"chr2",172274704,172275006,"chr2",172273213,172273520,"AluY",1185,"SetA","10nM","chr2:172273213-172273520",FALSE
"chr2",172380452,172381022,"chr2",172379759,172380062,"AluY",391,"SetA","10nM","chr2:172379759-172380062",FALSE
"chr2",189541284,189542048,"chr2",189539690,189539987,"AluY",1298,"SetA","10nM","chr2:189539690-189539987",FALSE
"chr2",217092577,217092978,"chr2",217088713,217089019,"AluY",3559,"SetA","10nM","chr2:217088713-217089019",FALSE
"chr2",221767364,221767861,"chr2",221768629,221768942,"AluY",769,"SetA","10nM","chr2:221768629-221768942",FALSE
"chr2",224331662,224332228,"chr2",224332017,224332330,"AluY",0,"SetA","10nM","chr2:224332017-224332330",FALSE
"chr2",232511491,232511933,"chr2",232510768,232511053,"AluY",439,"SetA","10nM","chr2:232510768-232511053",FALSE
"chr2",236611519,236611966,"chr2",236609816,236610127,"AluY",1393,"SetA","10nM","chr2:236609816-236610127",FALSE
"chr2",237235366,237235923,"chr2",237237582,237237894,"AluY",1660,"SetA","10nM","chr2:237237582-237237894",FALSE
"chr2",240565972,240566220,"chr2",240563204,240563501,"AluY",2472,"SetA","10nM","chr2:240563204-240563501",FALSE
"chr20",9531630,9531965,"chr20",9533344,9533647,"AluY",1380,"SetA","10nM","chr20:9533344-9533647",FALSE
"chr20",22296138,22296590,"chr20",22296743,22297049,"AluY",154,"SetA","10nM","chr20:22296743-22297049",FALSE
"chr20",22680214,22680633,"chr20",22675735,22676032,"AluY",4183,"SetA","10nM","chr20:22675735-22676032",FALSE
"chr20",34350185,34350497,"chr20",34350510,34350818,"AluY",14,"SetA","10nM","chr20:34350510-34350818",FALSE
"chr20",48663714,48664157,"chr20",48664092,48664397,"AluY",0,"SetA","10nM","chr20:48664092-48664397",FALSE
"chr20",50283539,50283794,"chr20",50287209,50287511,"AluY",3416,"SetA","10nM","chr20:50287209-50287511",FALSE
"chr20",50284709,50285154,"chr20",50287209,50287511,"AluY",2056,"SetA","10nM","chr20:50287209-50287511",FALSE
"chr21",15005311,15005772,"chr21",15011198,15011486,"AluY",5427,"SetA","10nM","chr21:15011198-15011486",FALSE
"chr21",15199546,15199757,"chr21",15202156,15202452,"AluY",2400,"SetA","10nM","chr21:15202156-15202452",FALSE
"chr21",15199932,15200350,"chr21",15202156,15202452,"AluY",1807,"SetA","10nM","chr21:15202156-15202452",FALSE
"chr21",15200664,15200868,"chr21",15202156,15202452,"AluY",1289,"SetA","10nM","chr21:15202156-15202452",FALSE
"chr21",15203625,15204090,"chr21",15202156,15202452,"AluY",1174,"SetA","10nM","chr21:15202156-15202452",FALSE
"chr21",15204196,15204638,"chr21",15202156,15202452,"AluY",1745,"SetA","10nM","chr21:15202156-15202452",FALSE
"chr21",15204898,15205241,"chr21",15202156,15202452,"AluY",2447,"SetA","10nM","chr21:15202156-15202452",FALSE
"chr21",15374228,15374519,"chr21",15374741,15375049,"AluY",223,"SetA","10nM","chr21:15374741-15375049",FALSE
"chr21",17746081,17746404,"chr21",17745476,17745782,"AluY",300,"SetA","10nM","chr21:17745476-17745782",FALSE
"chr21",21897617,21897913,"chr21",21896933,21897239,"AluY",379,"SetA","10nM","chr21:21896933-21897239",FALSE
"chr21",31529378,31529759,"chr21",31528920,31529218,"AluY",161,"SetA","10nM","chr21:31528920-31529218",FALSE
"chr21",34534616,34534881,"chr21",34532963,34533259,"AluY",1358,"SetA","10nM","chr21:34532963-34533259",FALSE
"chr21",36193333,36193567,"chr21",36192685,36192987,"AluY",347,"SetA","10nM","chr21:36192685-36192987",FALSE
"chr21",39523636,39524292,"chr21",39524885,39525183,"AluY",594,"SetA","10nM","chr21:39524885-39525183",FALSE
"chr21",44764750,44765103,"chr21",44769378,44769677,"AluY",4276,"SetA","10nM","chr21:44769378-44769677",FALSE
"chr21",45403325,45403568,"chr21",45400846,45401143,"AluY",2183,"SetA","10nM","chr21:45400846-45401143",FALSE
"chr21",46200943,46201242,"chr21",46201799,46202092,"AluY",558,"SetA","10nM","chr21:46201799-46202092",FALSE
"chr22",18119593,18120070,"chr22",18117491,18117802,"AluY",1792,"SetA","10nM","chr22:18117491-18117802",FALSE
"chr22",24531981,24532590,"chr22",24531758,24532071,"AluY",0,"SetA","10nM","chr22:24531758-24532071",FALSE
"chr22",25400858,25401121,"chr22",25400262,25400562,"AluY",297,"SetA","10nM","chr22:25400262-25400562",FALSE
"chr22",27345370,27345717,"chr22",27346324,27346620,"AluY",608,"SetA","10nM","chr22:27346324-27346620",FALSE
"chr22",29398842,29399091,"chr22",29399984,29400295,"AluY",894,"SetA","10nM","chr22:29399984-29400295",FALSE
"chr22",38222838,38223116,"chr22",38224105,38224413,"AluY",990,"SetA","10nM","chr22:38224105-38224413",FALSE
"chr22",45273594,45273777,"chr22",45272993,45273295,"AluY",300,"SetA","10nM","chr22:45272993-45273295",FALSE
"chr22",46465766,46466426,"chr22",46467541,46467840,"AluY",1116,"SetA","10nM","chr22:46467541-46467840",FALSE
"chr22",46488912,46489301,"chr22",46488665,46488958,"AluY",0,"SetA","10nM","chr22:46488665-46488958",FALSE
"chr22",48477368,48477703,"chr22",48481068,48481379,"AluY",3366,"SetA","10nM","chr22:48481068-48481379",FALSE
"chr3",4581636,4582104,"chr3",4579929,4580226,"AluY",1411,"SetA","10nM","chr3:4579929-4580226",FALSE
"chr3",18119490,18119697,"chr3",18118670,18118974,"AluY",517,"SetA","10nM","chr3:18118670-18118974",FALSE
"chr3",22864039,22864416,"chr3",22865017,22865314,"AluY",602,"SetA","10nM","chr3:22865017-22865314",FALSE
"chr3",22864706,22864920,"chr3",22865017,22865314,"AluY",98,"SetA","10nM","chr3:22865017-22865314",FALSE
"chr3",29440466,29440680,"chr3",29435656,29435988,"AluY",4479,"SetA","10nM","chr3:29435656-29435988",FALSE
"chr3",32110285,32110633,"chr3",32109905,32110217,"AluY",69,"SetA","10nM","chr3:32109905-32110217",FALSE
"chr3",42819920,42820260,"chr3",42820347,42820614,"AluY",88,"SetA","10nM","chr3:42820347-42820614",FALSE
"chr3",50150765,50150996,"chr3",50149510,50149819,"AluY",947,"SetA","10nM","chr3:50149510-50149819",FALSE
"chr3",57041506,57042126,"chr3",57042701,57042996,"AluY",576,"SetA","10nM","chr3:57042701-57042996",FALSE
"chr3",61708045,61708577,"chr3",61708443,61708755,"AluY",0,"SetA","10nM","chr3:61708443-61708755",FALSE
"chr3",64255883,64256154,"chr3",64258538,64258845,"AluY",2385,"SetA","10nM","chr3:64258538-64258845",FALSE
"chr3",64501468,64501767,"chr3",64500456,64500756,"AluY",713,"SetA","10nM","chr3:64500456-64500756",FALSE
"chr3",66415986,66416479,"chr3",66414115,66414423,"AluY",1564,"SetA","10nM","chr3:66414115-66414423",FALSE
"chr3",100104110,100104497,"chr3",100094674,100094987,"AluY",9124,"SetA","10nM","chr3:100094674-100094987",FALSE
"chr3",123626953,123627278,"chr3",123625526,123625825,"AluY",1129,"SetA","10nM","chr3:123625526-123625825",FALSE
"chr3",123627714,123628013,"chr3",123625526,123625825,"AluY",1890,"SetA","10nM","chr3:123625526-123625825",FALSE
"chr3",126211733,126212110,"chr3",126206852,126207108,"AluY",4626,"SetA","10nM","chr3:126206852-126207108",FALSE
"chr3",126212556,126212817,"chr3",126206852,126207108,"AluY",5449,"SetA","10nM","chr3:126206852-126207108",FALSE
"chr3",129485889,129486110,"chr3",129489556,129489859,"AluY",3447,"SetA","10nM","chr3:129489556-129489859",FALSE
"chr3",146160447,146160771,"chr3",146163148,146163459,"AluY",2378,"SetA","10nM","chr3:146163148-146163459",FALSE
"chr3",151085247,151085490,"chr3",151084126,151084464,"AluY",784,"SetA","10nM","chr3:151084126-151084464",FALSE
"chr3",154224449,154224737,"chr3",154227292,154227580,"AluY",2556,"SetA","10nM","chr3:154227292-154227580",FALSE
"chr3",164380210,164380606,"chr3",164379356,164379675,"AluY",536,"SetA","10nM","chr3:164379356-164379675",FALSE
"chr3",164634799,164635335,"chr3",164636648,164636961,"AluY",1314,"SetA","10nM","chr3:164636648-164636961",FALSE
"chr3",168888518,168888731,"chr3",168889231,168889527,"AluY",501,"SetA","10nM","chr3:168889231-168889527",FALSE
"chr3",172516962,172517162,"chr3",172515980,172516279,"AluY",684,"SetA","10nM","chr3:172515980-172516279",FALSE
"chr3",188491377,188491896,"chr3",188490751,188491059,"AluY",319,"SetA","10nM","chr3:188490751-188491059",FALSE
"chr3",189772937,189773291,"chr3",189773915,189774221,"AluY",625,"SetA","10nM","chr3:189773915-189774221",FALSE
"chr3",189773635,189773867,"chr3",189773915,189774221,"AluY",49,"SetA","10nM","chr3:189773915-189774221",FALSE
"chr3",193876127,193876379,"chr3",193877721,193878019,"AluY",1343,"SetA","10nM","chr3:193877721-193878019",FALSE
"chr4",997777,998167,"chr4",998963,999231,"AluY",797,"SetA","10nM","chr4:998963-999231",FALSE
"chr4",3460987,3461952,"chr4",3456213,3456523,"AluY",4465,"SetA","10nM","chr4:3456213-3456523",FALSE
"chr4",3463157,3463698,"chr4",3456213,3456523,"AluY",6635,"SetA","10nM","chr4:3456213-3456523",FALSE
"chr4",3827051,3827265,"chr4",3823166,3823473,"AluY",3579,"SetA","10nM","chr4:3823166-3823473",FALSE
"chr4",3827523,3827983,"chr4",3823166,3823473,"AluY",4051,"SetA","10nM","chr4:3823166-3823473",FALSE
"chr4",6110389,6110751,"chr4",6109124,6109425,"AluY",965,"SetA","10nM","chr4:6109124-6109425",FALSE
"chr4",10656102,10656737,"chr4",10655637,10655948,"AluY",155,"SetA","10nM","chr4:10655637-10655948",FALSE
"chr4",10657077,10657309,"chr4",10655637,10655948,"AluY",1130,"SetA","10nM","chr4:10655637-10655948",FALSE
"chr4",48853040,48853453,"chr4",48852865,48853178,"AluY",0,"SetA","10nM","chr4:48852865-48853178",FALSE
"chr4",52058292,52058694,"chr4",52066142,52066449,"AluY",7449,"SetA","10nM","chr4:52066142-52066449",FALSE
"chr4",54511405,54511669,"chr4",54509538,54509843,"AluY",1563,"SetA","10nM","chr4:54509538-54509843",FALSE
"chr4",74374931,74375130,"chr4",74375306,74375628,"AluY",177,"SetA","10nM","chr4:74375306-74375628",FALSE
"chr4",76569174,76569594,"chr4",76567369,76567656,"AluY",1519,"SetA","10nM","chr4:76567369-76567656",FALSE
"chr4",88177903,88178180,"chr4",88177090,88177404,"AluY",500,"SetA","10nM","chr4:88177090-88177404",FALSE
"chr4",104908060,104908300,"chr4",104904414,104904709,"AluY",3352,"SetA","10nM","chr4:104904414-104904709",FALSE
"chr4",124977683,124977998,"chr4",124972102,124972413,"AluY",5271,"SetA","10nM","chr4:124972102-124972413",FALSE
"chr4",129232941,129233201,"chr4",129229227,129229534,"AluY",3408,"SetA","10nM","chr4:129229227-129229534",FALSE
"chr4",139875419,139875754,"chr4",139874800,139875101,"AluY",319,"SetA","10nM","chr4:139874800-139875101",FALSE
"chr4",140660132,140660339,"chr4",140660910,140661213,"AluY",572,"SetA","10nM","chr4:140660910-140661213",FALSE
"chr4",155530226,155530567,"chr4",155527736,155528045,"AluY",2182,"SetA","10nM","chr4:155527736-155528045",FALSE
"chr4",159541940,159542234,"chr4",159549936,159550253,"AluY",7703,"SetA","10nM","chr4:159549936-159550253",FALSE
"chr4",168677187,168677453,"chr4",168676588,168676878,"AluY",310,"SetA","10nM","chr4:168676588-168676878",FALSE
"chr4",172963008,172963271,"chr4",172965306,172965634,"AluY",2036,"SetA","10nM","chr4:172965306-172965634",FALSE
"chr5",301623,302950,"chr5",299551,299847,"AluY",1777,"SetA","10nM","chr5:299551-299847",FALSE
"chr5",1516228,1516482,"chr5",1518334,1518639,"AluY",1853,"SetA","10nM","chr5:1518334-1518639",FALSE
"chr5",5633460,5633922,"chr5",5639271,5639568,"AluY",5350,"SetA","10nM","chr5:5639271-5639568",FALSE
"chr5",18048521,18048705,"chr5",18046422,18046772,"AluY",1750,"SetA","10nM","chr5:18046422-18046772",FALSE
"chr5",19734722,19735377,"chr5",19735396,19735694,"AluY",20,"SetA","10nM","chr5:19735396-19735694",FALSE
"chr5",31330539,31330856,"chr5",31326681,31326993,"AluY",3547,"SetA","10nM","chr5:31326681-31326993",FALSE
"chr5",35304704,35304946,"chr5",35303996,35304256,"AluY",449,"SetA","10nM","chr5:35303996-35304256",FALSE
"chr5",44539592,44539869,"chr5",44538022,44538316,"AluY",1277,"SetA","10nM","chr5:44538022-44538316",FALSE
"chr5",56357564,56357787,"chr5",56353623,56353928,"AluY",3637,"SetA","10nM","chr5:56353623-56353928",FALSE
"chr5",56429007,56429557,"chr5",56431441,56431748,"AluY",1885,"SetA","10nM","chr5:56431441-56431748",FALSE
"chr5",58126944,58127379,"chr5",58128829,58129167,"AluY",1451,"SetA","10nM","chr5:58128829-58129167",FALSE
"chr5",105616616,105617067,"chr5",105621134,105621434,"AluY",4068,"SetA","10nM","chr5:105621134-105621434",FALSE
"chr5",119564109,119564597,"chr5",119568244,119568551,"AluY",3648,"SetA","10nM","chr5:119568244-119568551",FALSE
"chr5",119564757,119565079,"chr5",119568244,119568551,"AluY",3166,"SetA","10nM","chr5:119568244-119568551",FALSE
"chr5",127228244,127228512,"chr5",127227466,127227770,"AluY",475,"SetA","10nM","chr5:127227466-127227770",FALSE
"chr5",134037269,134037578,"chr5",134036671,134036982,"AluY",288,"SetA","10nM","chr5:134036671-134036982",FALSE
"chr5",160287563,160287955,"chr5",160288589,160288855,"AluY",635,"SetA","10nM","chr5:160288589-160288855",FALSE
"chr5",173766501,173766725,"chr5",173766734,173767030,"AluY",10,"SetA","10nM","chr5:173766734-173767030",FALSE
"chr5",173767968,173768177,"chr5",173766734,173767030,"AluY",939,"SetA","10nM","chr5:173766734-173767030",FALSE
"chr5",173824047,173824413,"chr5",173822974,173823283,"AluY",765,"SetA","10nM","chr5:173822974-173823283",FALSE
"chr5",173829703,173830015,"chr5",173822974,173823283,"AluY",6421,"SetA","10nM","chr5:173822974-173823283",FALSE
"chr6",681055,681403,"chr6",682195,682499,"AluY",793,"SetA","10nM","chr6:682195-682499",FALSE
"chr6",11067304,11067844,"chr6",11069433,11069743,"AluY",1590,"SetA","10nM","chr6:11069433-11069743",FALSE
"chr6",13747484,13747951,"chr6",13747490,13747747,"AluY",0,"SetA","10nM","chr6:13747490-13747747",FALSE
"chr6",19477488,19477762,"chr6",19476261,19476558,"AluY",931,"SetA","10nM","chr6:19476261-19476558",FALSE
"chr6",31810372,31810860,"chr6",31809270,31809556,"AluY",817,"SetA","10nM","chr6:31809270-31809556",FALSE
"chr6",37102157,37102678,"chr6",37101567,37101876,"AluY",282,"SetA","10nM","chr6:37101567-37101876",FALSE
"chr6",42122747,42123049,"chr6",42123099,42123411,"AluY",51,"SetA","10nM","chr6:42123099-42123411",FALSE
"chr6",74969302,74970321,"chr6",74977934,74978230,"AluY",7614,"SetA","10nM","chr6:74977934-74978230",FALSE
"chr6",74970537,74971083,"chr6",74977934,74978230,"AluY",6852,"SetA","10nM","chr6:74977934-74978230",FALSE
"chr6",74971595,74971988,"chr6",74977934,74978230,"AluY",5947,"SetA","10nM","chr6:74977934-74978230",FALSE
"chr6",121187745,121188152,"chr6",121198469,121198775,"AluY",10318,"SetA","10nM","chr6:121198469-121198775",FALSE
"chr6",121946237,121946508,"chr6",121953621,121953900,"AluY",7114,"SetA","10nM","chr6:121953621-121953900",FALSE
"chr6",122694614,122694939,"chr6",122688778,122689080,"AluY",5535,"SetA","10nM","chr6:122688778-122689080",FALSE
"chr6",125205101,125205457,"chr6",125204476,125204778,"AluY",324,"SetA","10nM","chr6:125204476-125204778",FALSE
"chr6",134529891,134530287,"chr6",134530387,134530687,"AluY",101,"SetA","10nM","chr6:134530387-134530687",FALSE
"chr6",138572263,138572464,"chr6",138573938,138574228,"AluY",1475,"SetA","10nM","chr6:138573938-138574228",FALSE
"chr6",139512535,139512847,"chr6",139511688,139511976,"AluY",560,"SetA","10nM","chr6:139511688-139511976",FALSE
"chr6",139531101,139531541,"chr6",139529933,139530232,"AluY",870,"SetA","10nM","chr6:139529933-139530232",FALSE
"chr6",139569243,139569571,"chr6",139567705,139568001,"AluY",1243,"SetA","10nM","chr6:139567705-139568001",FALSE
"chr6",139588034,139588754,"chr6",139587262,139587574,"AluY",461,"SetA","10nM","chr6:139587262-139587574",FALSE
"chr6",149717554,149717812,"chr6",149718962,149719268,"AluY",1151,"SetA","10nM","chr6:149718962-149719268",FALSE
"chr6",149719308,149719591,"chr6",149718962,149719268,"AluY",41,"SetA","10nM","chr6:149718962-149719268",FALSE
"chr6",151664481,151664677,"chr6",151668277,151668582,"AluY",3601,"SetA","10nM","chr6:151668277-151668582",FALSE
"chr6",169932372,169932648,"chr6",169919599,169919906,"AluY",12467,"SetA","10nM","chr6:169919599-169919906",FALSE
"chr7",10662965,10663163,"chr7",10664600,10664898,"AluY",1438,"SetA","10nM","chr7:10664600-10664898",FALSE
"chr7",10663370,10663650,"chr7",10664600,10664898,"AluY",951,"SetA","10nM","chr7:10664600-10664898",FALSE
"chr7",29100455,29101050,"chr7",29101318,29101606,"AluY",269,"SetA","10nM","chr7:29101318-29101606",FALSE
"chr7",29562632,29562852,"chr7",29562766,29563071,"AluY",0,"SetA","10nM","chr7:29562766-29563071",FALSE
"chr7",29947123,29947573,"chr7",29949033,29949332,"AluY",1461,"SetA","10nM","chr7:29949033-29949332",FALSE
"chr7",33832465,33832674,"chr7",33833365,33833681,"AluY",692,"SetA","10nM","chr7:33833365-33833681",FALSE
"chr7",33832851,33833252,"chr7",33833365,33833681,"AluY",114,"SetA","10nM","chr7:33833365-33833681",FALSE
"chr7",34622604,34622813,"chr7",34624861,34625132,"AluY",2049,"SetA","10nM","chr7:34624861-34625132",FALSE
"chr7",45414275,45414532,"chr7",45412472,45412767,"AluY",1509,"SetA","10nM","chr7:45412472-45412767",FALSE
"chr7",47405993,47406333,"chr7",47404604,47404913,"AluY",1081,"SetA","10nM","chr7:47404604-47404913",FALSE
"chr7",47477381,47477850,"chr7",47483171,47483468,"AluY",5322,"SetA","10nM","chr7:47483171-47483468",FALSE
"chr7",47576005,47576780,"chr7",47575533,47575845,"AluY",161,"SetA","10nM","chr7:47575533-47575845",FALSE
"chr7",66013872,66014230,"chr7",66014277,66014577,"AluY",48,"SetA","10nM","chr7:66014277-66014577",FALSE
"chr7",80940533,80940779,"chr7",80939790,80940094,"AluY",440,"SetA","10nM","chr7:80939790-80940094",FALSE
"chr7",109445220,109445432,"chr7",109445529,109445830,"AluY",98,"SetA","10nM","chr7:109445529-109445830",FALSE
"chr7",116442157,116442365,"chr7",116442440,116442740,"AluY",76,"SetA","10nM","chr7:116442440-116442740",FALSE
"chr7",140017650,140017930,"chr7",140016047,140016332,"AluY",1319,"SetA","10nM","chr7:140016047-140016332",FALSE
"chr7",140975551,140975785,"chr7",140975217,140975520,"AluY",32,"SetA","10nM","chr7:140975217-140975520",FALSE
"chr7",140992545,140992906,"chr7",140993293,140993595,"AluY",388,"SetA","10nM","chr7:140993293-140993595",FALSE
"chr7",142356055,142356594,"chr7",142357248,142357538,"AluY",655,"SetA","10nM","chr7:142357248-142357538",FALSE
"chr7",151856560,151856932,"chr7",151853488,151853778,"AluY",2783,"SetA","10nM","chr7:151853488-151853778",FALSE
"chr8",1260941,1261561,"chr8",1266950,1267231,"AluY",5390,"SetA","10nM","chr8:1266950-1267231",FALSE
"chr8",1764506,1764747,"chr8",1766383,1766690,"AluY",1637,"SetA","10nM","chr8:1766383-1766690",FALSE
"chr8",17923102,17923454,"chr8",17925554,17925849,"AluY",2101,"SetA","10nM","chr8:17925554-17925849",FALSE
"chr8",40214565,40214820,"chr8",40212460,40212720,"AluY",1846,"SetA","10nM","chr8:40212460-40212720",FALSE
"chr8",53429639,53429959,"chr8",53426795,53427109,"AluY",2531,"SetA","10nM","chr8:53426795-53427109",FALSE
"chr8",58658365,58658598,"chr8",58656544,58656851,"AluY",1515,"SetA","10nM","chr8:58656544-58656851",FALSE
"chr8",98945042,98945228,"chr8",98935928,98936217,"AluY",8826,"SetA","10nM","chr8:98935928-98936217",FALSE
"chr8",111114167,111114519,"chr8",111119692,111119990,"AluY",5174,"SetA","10nM","chr8:111119692-111119990",FALSE
"chr8",115998200,115998737,"chr8",115994034,115994347,"AluY",3854,"SetA","10nM","chr8:115994034-115994347",FALSE
"chr8",118620173,118620457,"chr8",118619242,118619497,"AluY",677,"SetA","10nM","chr8:118619242-118619497",FALSE
"chr8",118620799,118620985,"chr8",118619242,118619497,"AluY",1303,"SetA","10nM","chr8:118619242-118619497",FALSE
"chr8",122846124,122846401,"chr8",122842423,122842720,"AluY",3405,"SetA","10nM","chr8:122842423-122842720",FALSE
"chr8",127866162,127866518,"chr8",127864547,127864847,"AluY",1316,"SetA","10nM","chr8:127864547-127864847",FALSE
"chr8",127953063,127953465,"chr8",127952770,127953063,"AluY",1,"SetA","10nM","chr8:127952770-127953063",FALSE
"chr9",16040408,16040644,"chr9",16036362,16036670,"AluY",3739,"SetA","10nM","chr9:16036362-16036670",FALSE
"chr9",72026142,72026455,"chr9",72026529,72026825,"AluY",75,"SetA","10nM","chr9:72026529-72026825",FALSE
"chr9",80482307,80482622,"chr9",80473621,80473925,"AluY",8383,"SetA","10nM","chr9:80473621-80473925",FALSE
"chr9",81663406,81663731,"chr9",81663622,81663923,"AluY",0,"SetA","10nM","chr9:81663622-81663923",FALSE
"chr9",84056232,84056527,"chr9",84055808,84056078,"AluY",155,"SetA","10nM","chr9:84055808-84056078",FALSE
"chr9",87465815,87466286,"chr9",87465364,87465661,"AluY",155,"SetA","10nM","chr9:87465364-87465661",FALSE
"chr9",89435457,89435743,"chr9",89438661,89438964,"AluY",2919,"SetA","10nM","chr9:89438661-89438964",FALSE
"chr9",89872959,89873284,"chr9",89870697,89871003,"AluY",1957,"SetA","10nM","chr9:89870697-89871003",FALSE
"chr9",93072156,93072682,"chr9",93073241,93073547,"AluY",560,"SetA","10nM","chr9:93073241-93073547",FALSE
"chr9",105901612,105901968,"chr9",105902888,105903200,"AluY",921,"SetA","10nM","chr9:105902888-105903200",FALSE
"chr9",114392695,114393018,"chr9",114393211,114393524,"AluY",194,"SetA","10nM","chr9:114393211-114393524",FALSE
"chr9",114557631,114557892,"chr9",114557293,114557587,"AluY",45,"SetA","10nM","chr9:114557293-114557587",FALSE
"chr9",115326430,115326796,"chr9",115324427,115324735,"AluY",1696,"SetA","10nM","chr9:115324427-115324735",FALSE
"chr9",124777810,124778014,"chr9",124778077,124778384,"AluY",64,"SetA","10nM","chr9:124778077-124778384",FALSE
"chr9",125500945,125501263,"chr9",125500210,125500491,"AluY",455,"SetA","10nM","chr9:125500210-125500491",FALSE
"chr9",125512383,125512591,"chr9",125512580,125512882,"AluY",0,"SetA","10nM","chr9:125512580-125512882",FALSE
"chr9",129176370,129176575,"chr9",129180245,129180548,"AluY",3671,"SetA","10nM","chr9:129180245-129180548",FALSE
"chr9",129488639,129489236,"chr9",129489329,129489625,"AluY",94,"SetA","10nM","chr9:129489329-129489625",FALSE
"chr9",134702504,134702849,"chr9",134703627,134703938,"AluY",779,"SetA","10nM","chr9:134703627-134703938",FALSE
"chr9",134895698,134896060,"chr9",134893535,134893839,"AluY",1860,"SetA","10nM","chr9:134893535-134893839",FALSE
"chr9",134896485,134896701,"chr9",134893535,134893839,"AluY",2647,"SetA","10nM","chr9:134893535-134893839",FALSE
"chr9",136171313,136171545,"chr9",136167909,136168207,"AluY",3107,"SetA","10nM","chr9:136167909-136168207",FALSE
"chrX",6461348,6461650,"chrX",6459036,6459328,"AluY",2021,"SetA","10nM","chrX:6459036-6459328",FALSE
"chrX",6462638,6462999,"chrX",6459036,6459328,"AluY",3311,"SetA","10nM","chrX:6459036-6459328",FALSE
"chrX",7218439,7218816,"chrX",7220543,7220847,"AluY",1728,"SetA","10nM","chrX:7220543-7220847",FALSE
"chrX",7219045,7219467,"chrX",7220543,7220847,"AluY",1077,"SetA","10nM","chrX:7220543-7220847",FALSE
"chrX",9421393,9421716,"chrX",9422071,9422372,"AluY",356,"SetA","10nM","chrX:9422071-9422372",FALSE
"chrX",23234203,23234538,"chrX",23235657,23235988,"AluY",1120,"SetA","10nM","chrX:23235657-23235988",FALSE
"chrX",39577265,39577676,"chrX",39579819,39580121,"AluY",2144,"SetA","10nM","chrX:39579819-39580121",FALSE
"chrX",39895147,39895465,"chrX",39896598,39896925,"AluY",1134,"SetA","10nM","chrX:39896598-39896925",FALSE
"chrX",54696182,54696651,"chrX",54702557,54702849,"AluY",5907,"SetA","10nM","chrX:54702557-54702849",FALSE
"chrX",54747669,54748077,"chrX",54743835,54744135,"AluY",3535,"SetA","10nM","chrX:54743835-54744135",FALSE
"chrX",54748632,54748881,"chrX",54743835,54744135,"AluY",4498,"SetA","10nM","chrX:54743835-54744135",FALSE
"chrX",115958594,115958837,"chrX",115956455,115956758,"AluY",1837,"SetA","10nM","chrX:115956455-115956758",FALSE
"chrX",138037493,138037823,"chrX",138035751,138036039,"AluY",1455,"SetA","10nM","chrX:138035751-138036039",FALSE
"chr1",1678459,1678642,"chr1",1677467,1677750,"AluY",710,"SetB","10nM","chr1:1677467-1677750",FALSE
"chr1",14926044,14926381,"chr1",14928168,14928472,"AluY",1788,"SetB","10nM","chr1:14928168-14928472",FALSE
"chr1",25568216,25568465,"chr1",25570577,25570878,"AluY",2113,"SetB","10nM","chr1:25570577-25570878",FALSE
"chr1",36204095,36204494,"chr1",36204933,36205230,"AluY",440,"SetB","10nM","chr1:36204933-36205230",FALSE
"chr1",39142806,39143203,"chr1",39143762,39144080,"AluY",560,"SetB","10nM","chr1:39143762-39144080",FALSE
"chr1",51558697,51558916,"chr1",51558014,51558295,"AluY",403,"SetB","10nM","chr1:51558014-51558295",FALSE
"chr1",147669258,147670078,"chr1",147671121,147671433,"AluY",1044,"SetB","10nM","chr1:147671121-147671433",FALSE
"chr1",177448666,177449138,"chr1",177449964,177450277,"AluY",827,"SetB","10nM","chr1:177449964-177450277",FALSE
"chr1",179883085,179883300,"chr1",179880833,179881142,"AluY",1944,"SetB","10nM","chr1:179880833-179881142",FALSE
"chr1",205506102,205506374,"chr1",205507349,205507663,"AluY",976,"SetB","10nM","chr1:205507349-205507663",FALSE
"chr1",206688870,206689223,"chr1",206688627,206688933,"AluY",0,"SetB","10nM","chr1:206688627-206688933",FALSE
"chr1",206847532,206847962,"chr1",206848499,206848813,"AluY",538,"SetB","10nM","chr1:206848499-206848813",FALSE
"chr1",209220010,209220314,"chr1",209205716,209206029,"AluY",13982,"SetB","10nM","chr1:209205716-209206029",FALSE
"chr1",244050175,244050438,"chr1",244032212,244032495,"AluY",17681,"SetB","10nM","chr1:244032212-244032495",FALSE
"chr10",29124781,29125368,"chr10",29125288,29125586,"AluY",0,"SetB","10nM","chr10:29125288-29125586",FALSE
"chr10",29622460,29622774,"chr10",29621968,29622278,"AluY",183,"SetB","10nM","chr10:29621968-29622278",FALSE
"chr10",72272605,72272944,"chr10",72271776,72272086,"AluY",520,"SetB","10nM","chr10:72271776-72272086",FALSE
"chr10",72331653,72331863,"chr10",72330681,72330978,"AluY",676,"SetB","10nM","chr10:72330681-72330978",FALSE
"chr10",88385575,88385958,"chr10",88380395,88380683,"AluY",4893,"SetB","10nM","chr10:88380395-88380683",FALSE
"chr10",98363130,98363421,"chr10",98362679,98362985,"AluY",146,"SetB","10nM","chr10:98362679-98362985",FALSE
"chr10",98363806,98364118,"chr10",98362679,98362985,"AluY",822,"SetB","10nM","chr10:98362679-98362985",FALSE
"chr10",98366245,98366453,"chr10",98362679,98362985,"AluY",3261,"SetB","10nM","chr10:98362679-98362985",FALSE
"chr10",102710574,102711074,"chr10",102711469,102711782,"AluY",396,"SetB","10nM","chr10:102711469-102711782",FALSE
"chr10",104480846,104481205,"chr10",104478926,104479226,"AluY",1621,"SetB","10nM","chr10:104478926-104479226",FALSE
"chr10",110844144,110844367,"chr10",110844957,110845223,"AluY",591,"SetB","10nM","chr10:110844957-110845223",FALSE
"chr10",113678523,113679163,"chr10",113677808,113678119,"AluY",405,"SetB","10nM","chr10:113677808-113678119",FALSE
"chr10",114337060,114337338,"chr10",114335330,114335628,"AluY",1433,"SetB","10nM","chr10:114335330-114335628",FALSE
"chr10",117005786,117005990,"chr10",117006284,117006586,"AluY",295,"SetB","10nM","chr10:117006284-117006586",FALSE
"chr10",121553803,121554097,"chr10",121554333,121554669,"AluY",237,"SetB","10nM","chr10:121554333-121554669",FALSE
"chr10",126175867,126176273,"chr10",126174757,126175055,"AluY",813,"SetB","10nM","chr10:126174757-126175055",FALSE
"chr10",128540885,128541590,"chr10",128534032,128534328,"AluY",6558,"SetB","10nM","chr10:128534032-128534328",FALSE
"chr11",2165266,2165574,"chr11",2174987,2175292,"AluY",9414,"SetB","10nM","chr11:2174987-2175292",FALSE
"chr11",2169022,2169794,"chr11",2174987,2175292,"AluY",5194,"SetB","10nM","chr11:2174987-2175292",FALSE
"chr11",60757183,60757555,"chr11",60755234,60755532,"AluY",1652,"SetB","10nM","chr11:60755234-60755532",FALSE
"chr11",60757667,60757858,"chr11",60755234,60755532,"AluY",2136,"SetB","10nM","chr11:60755234-60755532",FALSE
"chr11",69653985,69654210,"chr11",69660430,69660726,"AluY",6221,"SetB","10nM","chr11:69660430-69660726",FALSE
"chr11",69654433,69654743,"chr11",69660430,69660726,"AluY",5688,"SetB","10nM","chr11:69660430-69660726",FALSE
"chr11",69654994,69655184,"chr11",69660430,69660726,"AluY",5247,"SetB","10nM","chr11:69660430-69660726",FALSE
"chr11",78268205,78268590,"chr11",78267576,78267881,"AluY",325,"SetB","10nM","chr11:78267576-78267881",FALSE
"chr11",79059719,79060614,"chr11",79058261,79058565,"AluY",1155,"SetB","10nM","chr11:79058261-79058565",FALSE
"chr11",94544147,94544425,"chr11",94542625,94542926,"AluY",1222,"SetB","10nM","chr11:94542625-94542926",FALSE
"chr11",94832695,94832981,"chr11",94834305,94834602,"AluY",1325,"SetB","10nM","chr11:94834305-94834602",FALSE
"chr11",101299182,101299998,"chr11",101302394,101302690,"AluY",2397,"SetB","10nM","chr11:101302394-101302690",FALSE
"chr11",101441695,101442130,"chr11",101431407,101431723,"AluY",9973,"SetB","10nM","chr11:101431407-101431723",FALSE
"chr11",101443714,101444070,"chr11",101431407,101431723,"AluY",11992,"SetB","10nM","chr11:101431407-101431723",FALSE
"chr11",117185184,117185501,"chr11",117185037,117185347,"AluY",0,"SetB","10nM","chr11:117185037-117185347",FALSE
"chr11",129694367,129694906,"chr11",129693756,129694065,"AluY",303,"SetB","10nM","chr11:129693756-129694065",FALSE
"chr11",131897278,131897666,"chr11",131896679,131896987,"AluY",292,"SetB","10nM","chr11:131896679-131896987",FALSE
"chr11",131897952,131898242,"chr11",131896679,131896987,"AluY",966,"SetB","10nM","chr11:131896679-131896987",FALSE
"chr12",105459,105799,"chr12",107397,107709,"AluY",1599,"SetB","10nM","chr12:107397-107709",FALSE
"chr12",6088850,6089210,"chr12",6088196,6088492,"AluY",359,"SetB","10nM","chr12:6088196-6088492",FALSE
"chr12",6363890,6364272,"chr12",6364473,6364776,"AluY",202,"SetB","10nM","chr12:6364473-6364776",FALSE
"chr12",12356837,12357041,"chr12",12356013,12356317,"AluY",521,"SetB","10nM","chr12:12356013-12356317",FALSE
"chr12",64625410,64625655,"chr12",64624671,64624966,"AluY",445,"SetB","10nM","chr12:64624671-64624966",FALSE
"chr12",119171151,119171602,"chr12",119170694,119170994,"AluY",158,"SetB","10nM","chr12:119170694-119170994",FALSE
"chr12",119172540,119172787,"chr12",119170694,119170994,"AluY",1547,"SetB","10nM","chr12:119170694-119170994",FALSE
"chr13",26983109,26983324,"chr13",26982303,26982585,"AluY",525,"SetB","10nM","chr13:26982303-26982585",FALSE
"chr13",32068254,32068588,"chr13",32068908,32069214,"AluY",321,"SetB","10nM","chr13:32068908-32069214",FALSE
"chr13",46143221,46143514,"chr13",46143787,46144100,"AluY",274,"SetB","10nM","chr13:46143787-46144100",FALSE
"chr13",113863804,113864103,"chr13",113864979,113865287,"AluY",877,"SetB","10nM","chr13:113864979-113865287",FALSE
"chr14",35334236,35334516,"chr14",35334745,35335042,"AluY",230,"SetB","10nM","chr14:35334745-35335042",FALSE
"chr14",50018354,50018731,"chr14",50016709,50017018,"AluY",1337,"SetB","10nM","chr14:50016709-50017018",FALSE
"chr14",53152158,53152382,"chr14",53155201,53155501,"AluY",2820,"SetB","10nM","chr14:53155201-53155501",FALSE
"chr14",69357604,69357889,"chr14",69356554,69356855,"AluY",750,"SetB","10nM","chr14:69356554-69356855",FALSE
"chr14",90555834,90556146,"chr14",90548845,90549146,"AluY",6689,"SetB","10nM","chr14:90548845-90549146",FALSE
"chr14",91418074,91418588,"chr14",91419944,91420221,"AluY",1357,"SetB","10nM","chr14:91419944-91420221",FALSE
"chr14",99964851,99965462,"chr14",99963956,99964276,"AluY",576,"SetB","10nM","chr14:99963956-99964276",FALSE
"chr14",105032179,105032715,"chr14",105031965,105032272,"AluY",0,"SetB","10nM","chr14:105031965-105032272",FALSE
"chr15",80696828,80697083,"chr15",80698061,80698363,"AluY",979,"SetB","10nM","chr15:80698061-80698363",FALSE
"chr15",82952094,82952495,"chr15",82953591,82953896,"AluY",1097,"SetB","10nM","chr15:82953591-82953896",FALSE
"chr15",89693609,89693952,"chr15",89694244,89694534,"AluY",293,"SetB","10nM","chr15:89694244-89694534",FALSE
"chr15",98751977,98752219,"chr15",98752401,98752702,"AluY",183,"SetB","10nM","chr15:98752401-98752702",FALSE
"chr15",101248269,101248629,"chr15",101248777,101249102,"AluY",149,"SetB","10nM","chr15:101248777-101249102",FALSE
"chr16",327114,327478,"chr16",326858,327154,"AluY",0,"SetB","10nM","chr16:326858-327154",FALSE
"chr16",1827565,1827940,"chr16",1827999,1828297,"AluY",60,"SetB","10nM","chr16:1827999-1828297",FALSE
"chr16",2719168,2719641,"chr16",2718313,2718616,"AluY",553,"SetB","10nM","chr16:2718313-2718616",FALSE
"chr16",3166464,3167050,"chr16",3167517,3167828,"AluY",468,"SetB","10nM","chr16:3167517-3167828",FALSE
"chr16",3167221,3167454,"chr16",3167517,3167828,"AluY",64,"SetB","10nM","chr16:3167517-3167828",FALSE
"chr16",10577037,10577324,"chr16",10575237,10575538,"AluY",1500,"SetB","10nM","chr16:10575237-10575538",FALSE
"chr16",12037018,12037251,"chr16",12036322,12036632,"AluY",387,"SetB","10nM","chr16:12036322-12036632",FALSE
"chr16",88936246,88936541,"chr16",88934743,88935039,"AluY",1208,"SetB","10nM","chr16:88934743-88935039",FALSE
"chr17",40549284,40549550,"chr17",40545001,40545309,"AluY",3976,"SetB","10nM","chr17:40545001-40545309",FALSE
"chr17",41525664,41525956,"chr17",41525959,41526273,"AluY",4,"SetB","10nM","chr17:41525959-41526273",FALSE
"chr17",57085589,57085990,"chr17",57083944,57084247,"AluY",1343,"SetB","10nM","chr17:57083944-57084247",FALSE
"chr17",57375745,57376270,"chr17",57376922,57377219,"AluY",653,"SetB","10nM","chr17:57376922-57377219",TRUE
"chr17",57376739,57377002,"chr17",57376922,57377219,"AluY",0,"SetB","10nM","chr17:57376922-57377219",TRUE
"chr17",60346809,60347397,"chr17",60347351,60347652,"AluY",0,"SetB","10nM","chr17:60347351-60347652",FALSE
"chr17",72617709,72618352,"chr17",72618975,72619278,"AluY",624,"SetB","10nM","chr17:72618975-72619278",FALSE
"chr17",73506545,73506768,"chr17",73504345,73504658,"AluY",1888,"SetB","10nM","chr17:73504345-73504658",FALSE
"chr17",82103696,82104257,"chr17",82104530,82104837,"AluY",274,"SetB","10nM","chr17:82104530-82104837",FALSE
"chr17",82234880,82235147,"chr17",82233834,82234139,"AluY",742,"SetB","10nM","chr17:82233834-82234139",FALSE
"chr17",83064825,83065069,"chr17",83060830,83061127,"AluY",3699,"SetB","10nM","chr17:83060830-83061127",FALSE
"chr17",83180925,83181367,"chr17",83170304,83170603,"AluY",10323,"SetB","10nM","chr17:83170304-83170603",FALSE
"chr17",83189758,83190061,"chr17",83170304,83170603,"AluY",19156,"SetB","10nM","chr17:83170304-83170603",FALSE
"chr18",13223579,13223958,"chr18",13224467,13224779,"AluY",510,"SetB","10nM","chr18:13224467-13224779",FALSE
"chr18",48548235,48548569,"chr18",48551792,48552101,"AluY",3224,"SetB","10nM","chr18:48551792-48552101",FALSE
"chr18",77054743,77055058,"chr18",77057824,77058117,"AluY",2767,"SetB","10nM","chr18:77057824-77058117",FALSE
"chr18",77055163,77055444,"chr18",77057824,77058117,"AluY",2381,"SetB","10nM","chr18:77057824-77058117",FALSE
"chr19",1181557,1182177,"chr19",1181113,1181394,"AluY",164,"SetB","10nM","chr19:1181113-1181394",FALSE
"chr19",1208022,1208309,"chr19",1208306,1208607,"AluY",0,"SetB","10nM","chr19:1208306-1208607",FALSE
"chr19",15562885,15563450,"chr19",15562555,15562838,"AluY",48,"SetB","10nM","chr19:15562555-15562838",FALSE
"chr19",16463709,16464289,"chr19",16464805,16465094,"AluY",517,"SetB","10nM","chr19:16464805-16465094",FALSE
"chr19",16824727,16824984,"chr19",16824243,16824533,"AluY",195,"SetB","10nM","chr19:16824243-16824533",FALSE
"chr19",40226809,40227127,"chr19",40227060,40227353,"AluY",0,"SetB","10nM","chr19:40227060-40227353",FALSE
"chr19",57798690,57798969,"chr19",57798889,57799185,"AluY",0,"SetB","10nM","chr19:57798889-57799185",FALSE
"chr19",58518153,58518484,"chr19",58520773,58521081,"AluY",2290,"SetB","10nM","chr19:58520773-58521081",FALSE
"chr2",10021757,10022064,"chr2",10021265,10021553,"AluY",205,"SetB","10nM","chr2:10021265-10021553",FALSE
"chr2",10022441,10022637,"chr2",10021265,10021553,"AluY",889,"SetB","10nM","chr2:10021265-10021553",FALSE
"chr2",19003664,19003894,"chr2",19006862,19007134,"AluY",2969,"SetB","10nM","chr2:19006862-19007134",FALSE
"chr2",24084178,24084476,"chr2",24085953,24086252,"AluY",1478,"SetB","10nM","chr2:24085953-24086252",FALSE
"chr2",42342499,42342868,"chr2",42344570,42344863,"AluY",1703,"SetB","10nM","chr2:42344570-42344863",FALSE
"chr2",45820682,45820997,"chr2",45817411,45817710,"AluY",2973,"SetB","10nM","chr2:45817411-45817710",FALSE
"chr2",109351193,109351509,"chr2",109357168,109357480,"AluY",5660,"SetB","10nM","chr2:109357168-109357480",FALSE
"chr2",138435738,138436091,"chr2",138437008,138437309,"AluY",918,"SetB","10nM","chr2:138437008-138437309",FALSE
"chr2",189541284,189542048,"chr2",189539690,189539987,"AluY",1298,"SetB","10nM","chr2:189539690-189539987",FALSE
"chr2",221767364,221767861,"chr2",221768629,221768942,"AluY",769,"SetB","10nM","chr2:221768629-221768942",FALSE
"chr2",224331662,224332228,"chr2",224332017,224332330,"AluY",0,"SetB","10nM","chr2:224332017-224332330",FALSE
"chr2",236611519,236611966,"chr2",236609816,236610127,"AluY",1393,"SetB","10nM","chr2:236609816-236610127",FALSE
"chr2",240565972,240566220,"chr2",240563204,240563501,"AluY",2472,"SetB","10nM","chr2:240563204-240563501",FALSE
"chr20",48663714,48664157,"chr20",48664092,48664397,"AluY",0,"SetB","10nM","chr20:48664092-48664397",FALSE
"chr20",50283539,50283794,"chr20",50287209,50287511,"AluY",3416,"SetB","10nM","chr20:50287209-50287511",FALSE
"chr20",50284709,50285154,"chr20",50287209,50287511,"AluY",2056,"SetB","10nM","chr20:50287209-50287511",FALSE
"chr21",15199546,15199757,"chr21",15202156,15202452,"AluY",2400,"SetB","10nM","chr21:15202156-15202452",FALSE
"chr21",15199932,15200350,"chr21",15202156,15202452,"AluY",1807,"SetB","10nM","chr21:15202156-15202452",FALSE
"chr21",15200664,15200868,"chr21",15202156,15202452,"AluY",1289,"SetB","10nM","chr21:15202156-15202452",FALSE
"chr21",15203625,15204090,"chr21",15202156,15202452,"AluY",1174,"SetB","10nM","chr21:15202156-15202452",FALSE
"chr21",15204196,15204638,"chr21",15202156,15202452,"AluY",1745,"SetB","10nM","chr21:15202156-15202452",FALSE
"chr21",15204898,15205241,"chr21",15202156,15202452,"AluY",2447,"SetB","10nM","chr21:15202156-15202452",FALSE
"chr21",31529378,31529759,"chr21",31528920,31529218,"AluY",161,"SetB","10nM","chr21:31528920-31529218",FALSE
"chr21",36193333,36193567,"chr21",36192685,36192987,"AluY",347,"SetB","10nM","chr21:36192685-36192987",FALSE
"chr21",39523636,39524292,"chr21",39524885,39525183,"AluY",594,"SetB","10nM","chr21:39524885-39525183",FALSE
"chr21",44764750,44765103,"chr21",44769378,44769677,"AluY",4276,"SetB","10nM","chr21:44769378-44769677",FALSE
"chr21",45403325,45403568,"chr21",45400846,45401143,"AluY",2183,"SetB","10nM","chr21:45400846-45401143",FALSE
"chr22",18119593,18120070,"chr22",18117491,18117802,"AluY",1792,"SetB","10nM","chr22:18117491-18117802",FALSE
"chr22",24531981,24532590,"chr22",24531758,24532071,"AluY",0,"SetB","10nM","chr22:24531758-24532071",FALSE
"chr22",25400858,25401121,"chr22",25400262,25400562,"AluY",297,"SetB","10nM","chr22:25400262-25400562",FALSE
"chr22",27345370,27345717,"chr22",27346324,27346620,"AluY",608,"SetB","10nM","chr22:27346324-27346620",FALSE
"chr22",38222838,38223116,"chr22",38224105,38224413,"AluY",990,"SetB","10nM","chr22:38224105-38224413",FALSE
"chr22",45273594,45273777,"chr22",45272993,45273295,"AluY",300,"SetB","10nM","chr22:45272993-45273295",FALSE
"chr22",46465766,46466426,"chr22",46467541,46467840,"AluY",1116,"SetB","10nM","chr22:46467541-46467840",FALSE
"chr22",48477368,48477703,"chr22",48481068,48481379,"AluY",3366,"SetB","10nM","chr22:48481068-48481379",FALSE
"chr3",32110285,32110633,"chr3",32109905,32110217,"AluY",69,"SetB","10nM","chr3:32109905-32110217",FALSE
"chr3",50150765,50150996,"chr3",50149510,50149819,"AluY",947,"SetB","10nM","chr3:50149510-50149819",FALSE
"chr3",64501468,64501767,"chr3",64500456,64500756,"AluY",713,"SetB","10nM","chr3:64500456-64500756",FALSE
"chr3",66415986,66416479,"chr3",66414115,66414423,"AluY",1564,"SetB","10nM","chr3:66414115-66414423",FALSE
"chr3",123626953,123627278,"chr3",123625526,123625825,"AluY",1129,"SetB","10nM","chr3:123625526-123625825",FALSE
"chr3",123627714,123628013,"chr3",123625526,123625825,"AluY",1890,"SetB","10nM","chr3:123625526-123625825",FALSE
"chr3",129485889,129486110,"chr3",129489556,129489859,"AluY",3447,"SetB","10nM","chr3:129489556-129489859",FALSE
"chr3",146160447,146160771,"chr3",146163148,146163459,"AluY",2378,"SetB","10nM","chr3:146163148-146163459",FALSE
"chr3",151085247,151085490,"chr3",151084126,151084464,"AluY",784,"SetB","10nM","chr3:151084126-151084464",FALSE
"chr3",172516962,172517162,"chr3",172515980,172516279,"AluY",684,"SetB","10nM","chr3:172515980-172516279",FALSE
"chr3",189772937,189773291,"chr3",189773915,189774221,"AluY",625,"SetB","10nM","chr3:189773915-189774221",FALSE
"chr3",193876127,193876379,"chr3",193877721,193878019,"AluY",1343,"SetB","10nM","chr3:193877721-193878019",FALSE
"chr4",997777,998167,"chr4",998963,999231,"AluY",797,"SetB","10nM","chr4:998963-999231",FALSE
"chr4",3460987,3461952,"chr4",3456213,3456523,"AluY",4465,"SetB","10nM","chr4:3456213-3456523",FALSE
"chr4",3463157,3463698,"chr4",3456213,3456523,"AluY",6635,"SetB","10nM","chr4:3456213-3456523",FALSE
"chr4",3827051,3827265,"chr4",3823166,3823473,"AluY",3579,"SetB","10nM","chr4:3823166-3823473",FALSE
"chr4",3827523,3827983,"chr4",3823166,3823473,"AluY",4051,"SetB","10nM","chr4:3823166-3823473",FALSE
"chr4",6110389,6110751,"chr4",6109124,6109425,"AluY",965,"SetB","10nM","chr4:6109124-6109425",FALSE
"chr4",76569174,76569594,"chr4",76567369,76567656,"AluY",1519,"SetB","10nM","chr4:76567369-76567656",FALSE
"chr4",88177903,88178180,"chr4",88177090,88177404,"AluY",500,"SetB","10nM","chr4:88177090-88177404",FALSE
"chr4",139875419,139875754,"chr4",139874800,139875101,"AluY",319,"SetB","10nM","chr4:139874800-139875101",FALSE
"chr4",140660132,140660339,"chr4",140660910,140661213,"AluY",572,"SetB","10nM","chr4:140660910-140661213",FALSE
"chr4",168677187,168677453,"chr4",168676588,168676878,"AluY",310,"SetB","10nM","chr4:168676588-168676878",FALSE
"chr5",301623,302950,"chr5",299551,299847,"AluY",1777,"SetB","10nM","chr5:299551-299847",FALSE
"chr5",1516228,1516482,"chr5",1518334,1518639,"AluY",1853,"SetB","10nM","chr5:1518334-1518639",FALSE
"chr5",56429007,56429557,"chr5",56431441,56431748,"AluY",1885,"SetB","10nM","chr5:56431441-56431748",FALSE
"chr5",160287563,160287955,"chr5",160288589,160288855,"AluY",635,"SetB","10nM","chr5:160288589-160288855",FALSE
"chr5",173766501,173766725,"chr5",173766734,173767030,"AluY",10,"SetB","10nM","chr5:173766734-173767030",FALSE
"chr5",173824047,173824413,"chr5",173822974,173823283,"AluY",765,"SetB","10nM","chr5:173822974-173823283",FALSE
"chr6",11067304,11067844,"chr6",11069433,11069743,"AluY",1590,"SetB","10nM","chr6:11069433-11069743",FALSE
"chr6",31810372,31810860,"chr6",31809270,31809556,"AluY",817,"SetB","10nM","chr6:31809270-31809556",FALSE
"chr6",37102157,37102678,"chr6",37101567,37101876,"AluY",282,"SetB","10nM","chr6:37101567-37101876",FALSE
"chr6",42122747,42123049,"chr6",42123099,42123411,"AluY",51,"SetB","10nM","chr6:42123099-42123411",FALSE
"chr6",74969302,74970321,"chr6",74977934,74978230,"AluY",7614,"SetB","10nM","chr6:74977934-74978230",FALSE
"chr6",74970537,74971083,"chr6",74977934,74978230,"AluY",6852,"SetB","10nM","chr6:74977934-74978230",FALSE
"chr6",125205101,125205457,"chr6",125204476,125204778,"AluY",324,"SetB","10nM","chr6:125204476-125204778",FALSE
"chr6",138572263,138572464,"chr6",138573938,138574228,"AluY",1475,"SetB","10nM","chr6:138573938-138574228",FALSE
"chr6",139588034,139588754,"chr6",139587262,139587574,"AluY",461,"SetB","10nM","chr6:139587262-139587574",FALSE
"chr6",149717554,149717812,"chr6",149718962,149719268,"AluY",1151,"SetB","10nM","chr6:149718962-149719268",FALSE
"chr6",149719308,149719591,"chr6",149718962,149719268,"AluY",41,"SetB","10nM","chr6:149718962-149719268",FALSE
"chr6",169932372,169932648,"chr6",169919599,169919906,"AluY",12467,"SetB","10nM","chr6:169919599-169919906",FALSE
"chr7",29562632,29562852,"chr7",29562766,29563071,"AluY",0,"SetB","10nM","chr7:29562766-29563071",FALSE
"chr7",33832465,33832674,"chr7",33833365,33833681,"AluY",692,"SetB","10nM","chr7:33833365-33833681",FALSE
"chr7",33832851,33833252,"chr7",33833365,33833681,"AluY",114,"SetB","10nM","chr7:33833365-33833681",FALSE
"chr7",47405993,47406333,"chr7",47404604,47404913,"AluY",1081,"SetB","10nM","chr7:47404604-47404913",FALSE
"chr7",47477381,47477850,"chr7",47483171,47483468,"AluY",5322,"SetB","10nM","chr7:47483171-47483468",FALSE
"chr7",47576005,47576780,"chr7",47575533,47575845,"AluY",161,"SetB","10nM","chr7:47575533-47575845",FALSE
"chr7",80940533,80940779,"chr7",80939790,80940094,"AluY",440,"SetB","10nM","chr7:80939790-80940094",FALSE
"chr7",142356055,142356594,"chr7",142357248,142357538,"AluY",655,"SetB","10nM","chr7:142357248-142357538",FALSE
"chr7",151856560,151856932,"chr7",151853488,151853778,"AluY",2783,"SetB","10nM","chr7:151853488-151853778",FALSE
"chr8",1764506,1764747,"chr8",1766383,1766690,"AluY",1637,"SetB","10nM","chr8:1766383-1766690",FALSE
"chr8",17923102,17923454,"chr8",17925554,17925849,"AluY",2101,"SetB","10nM","chr8:17925554-17925849",FALSE
"chr8",98945042,98945228,"chr8",98935928,98936217,"AluY",8826,"SetB","10nM","chr8:98935928-98936217",FALSE
"chr8",111114167,111114519,"chr8",111119692,111119990,"AluY",5174,"SetB","10nM","chr8:111119692-111119990",FALSE
"chr8",122846124,122846401,"chr8",122842423,122842720,"AluY",3405,"SetB","10nM","chr8:122842423-122842720",FALSE
"chr8",127866162,127866518,"chr8",127864547,127864847,"AluY",1316,"SetB","10nM","chr8:127864547-127864847",FALSE
"chr8",127953063,127953465,"chr8",127952770,127953063,"AluY",1,"SetB","10nM","chr8:127952770-127953063",FALSE
"chr9",80482307,80482622,"chr9",80473621,80473925,"AluY",8383,"SetB","10nM","chr9:80473621-80473925",FALSE
"chr9",81663406,81663731,"chr9",81663622,81663923,"AluY",0,"SetB","10nM","chr9:81663622-81663923",FALSE
"chr9",89435457,89435743,"chr9",89438661,89438964,"AluY",2919,"SetB","10nM","chr9:89438661-89438964",FALSE
"chr9",105901612,105901968,"chr9",105902888,105903200,"AluY",921,"SetB","10nM","chr9:105902888-105903200",FALSE
"chr9",124777810,124778014,"chr9",124778077,124778384,"AluY",64,"SetB","10nM","chr9:124778077-124778384",FALSE
"chr9",125512383,125512591,"chr9",125512580,125512882,"AluY",0,"SetB","10nM","chr9:125512580-125512882",FALSE
"chr9",129176370,129176575,"chr9",129180245,129180548,"AluY",3671,"SetB","10nM","chr9:129180245-129180548",FALSE
"chr9",129488639,129489236,"chr9",129489329,129489625,"AluY",94,"SetB","10nM","chr9:129489329-129489625",FALSE
"chr9",134896485,134896701,"chr9",134893535,134893839,"AluY",2647,"SetB","10nM","chr9:134893535-134893839",FALSE
"chrX",6461348,6461650,"chrX",6459036,6459328,"AluY",2021,"SetB","10nM","chrX:6459036-6459328",FALSE
"chrX",6462638,6462999,"chrX",6459036,6459328,"AluY",3311,"SetB","10nM","chrX:6459036-6459328",FALSE
"chrX",39895147,39895465,"chrX",39896598,39896925,"AluY",1134,"SetB","10nM","chrX:39896598-39896925",FALSE
"chrX",54696182,54696651,"chrX",54702557,54702849,"AluY",5907,"SetB","10nM","chrX:54702557-54702849",FALSE
"chrX",54747669,54748077,"chrX",54743835,54744135,"AluY",3535,"SetB","10nM","chrX:54743835-54744135",FALSE
"chrX",54748632,54748881,"chrX",54743835,54744135,"AluY",4498,"SetB","10nM","chrX:54743835-54744135",FALSE
