chrom,start,end,dose,strength_tier,young,middle,old
chr1,1073681,1073992,100pM,strong,0,0,0
chr1,6959496,6959887,100pM,strong,0,0,0
chr1,6960500,6960815,100pM,strong,0,0,0
chr1,7447823,7448146,100pM,strong,0,0,0
chr1,12486368,12486732,100pM,strong,0,0,0
chr1,15015804,15016248,100pM,strong,0,0,0
chr1,16608337,16608848,100pM,strong,0,0,0
chr1,16614389,16614585,100pM,strong,0,0,0
chr1,17520505,17520840,100pM,strong,0,0,0
chr1,17529531,17529724,100pM,strong,0,0,0
chr1,19596712,19596907,100pM,strong,0,0,0
chr1,20357309,20357585,100pM,strong,0,0,0
chr1,21639182,21639368,100pM,strong,0,0,0
chr1,22472570,22472951,100pM,strong,0,0,0
chr1,23957177,23957396,100pM,strong,0,0,0
chr1,24018888,24019114,100pM,strong,0,0,0
chr1,24567986,24568423,100pM,strong,0,0,0
chr1,24570458,24570762,100pM,strong,0,0,1
chr1,31830415,31830623,100pM,strong,0,0,0
chr1,31830746,31831071,100pM,strong,0,0,0
chr1,31842915,31843238,100pM,strong,0,0,0
chr1,31880177,31880453,100pM,strong,0,0,0
chr1,37793330,37793632,100pM,strong,0,0,0
chr1,40141069,40141303,100pM,strong,0,0,0
chr1,41789713,41790145,100pM,strong,0,0,0
chr1,41860205,41860513,100pM,strong,0,0,0
chr1,41866307,41866590,100pM,strong,0,0,0
chr1,41868211,41868524,100pM,strong,0,0,0
chr1,42992408,42992727,100pM,strong,0,0,0
chr1,43830851,43831145,100pM,strong,0,0,0
chr1,45304711,45304967,100pM,strong,0,0,0
chr1,51321415,51321751,100pM,strong,0,0,0
chr1,51567594,51568036,100pM,strong,0,0,0
chr1,74652416,74652892,100pM,strong,0,0,0
chr1,108199222,108199511,100pM,strong,0,0,0
chr1,109115714,109115910,100pM,strong,0,0,0
chr1,113976671,113976901,100pM,strong,0,0,0
chr1,114034116,114034362,100pM,strong,0,0,0
chr1,115665492,115665732,100pM,strong,0,0,0
chr1,147669350,147669543,100pM,strong,0,0,0
chr1,150981812,150982046,100pM,strong,0,0,0
chr1,156616569,156616758,100pM,strong,0,0,0
chr1,162159452,162159808,100pM,strong,0,0,0
chr1,162165654,162166154,100pM,strong,0,0,0
chr1,165163058,165163257,100pM,strong,0,0,0
chr1,169529402,169529671,100pM,strong,0,0,0
chr1,177440911,177441225,100pM,strong,0,0,0
chr1,177448787,177449083,100pM,strong,0,0,0
chr1,180228560,180228795,100pM,strong,0,0,0
chr1,183023877,183024182,100pM,strong,0,0,0
chr1,197485899,197486152,100pM,strong,0,0,0
chr1,200016796,200017202,100pM,strong,0,0,0
chr1,202112892,202113122,100pM,strong,0,0,0
chr1,202335280,202335753,100pM,strong,0,0,0
chr1,204380599,204380847,100pM,strong,0,0,0
chr1,206843673,206844040,100pM,strong,0,0,1
chr1,206847578,206847852,100pM,strong,0,0,0
chr1,206901277,206901525,100pM,strong,0,0,0
chr1,206903622,206904056,100pM,strong,0,0,0
chr1,209546443,209546675,100pM,strong,0,0,0
chr1,215482087,215482533,100pM,strong,0,0,0
chr1,215540271,215540505,100pM,strong,0,0,0
chr1,230057950,230058142,100pM,strong,0,0,0
chr1,234963265,234963474,100pM,strong,0,0,0
chr10,6296757,6297000,100pM,strong,0,0,0
chr10,6297797,6298260,100pM,strong,0,0,0
chr10,9038268,9038462,100pM,strong,0,0,0
chr10,9187057,9187372,100pM,strong,0,0,0
chr10,9188115,9188909,100pM,strong,0,0,0
chr10,12872688,12872953,100pM,strong,0,1,0
chr10,12873364,12873602,100pM,strong,0,0,0
chr10,17445657,17446022,100pM,strong,0,0,0
chr10,22583740,22584140,100pM,strong,0,0,0
chr10,22633062,22633303,100pM,strong,0,0,0
chr10,28496002,28496355,100pM,strong,0,0,0
chr10,28496462,28496765,100pM,strong,0,0,0
chr10,28925448,28925802,100pM,strong,0,0,0
chr10,29107997,29108183,100pM,strong,0,0,0
chr10,29124903,29125331,100pM,strong,1,0,0
chr10,29630289,29630652,100pM,strong,0,0,0
chr10,43026432,43026740,100pM,strong,0,0,0
chr10,44173312,44173898,100pM,strong,0,0,0
chr10,48287985,48288255,100pM,strong,0,0,0
chr10,60848276,60848507,100pM,strong,0,0,0
chr10,60848683,60848985,100pM,strong,0,0,0
chr10,61409896,61410152,100pM,strong,0,0,0
chr10,63630603,63631285,100pM,strong,0,0,0
chr10,63712118,63712436,100pM,strong,0,0,0
chr10,69439408,69439594,100pM,strong,0,0,0
chr10,79128553,79128917,100pM,strong,0,0,0
chr10,79158513,79158781,100pM,strong,0,0,0
chr10,80966678,80966928,100pM,strong,0,0,0
chr10,90917726,90918032,100pM,strong,0,0,0
chr10,93435055,93435514,100pM,strong,0,0,0
chr10,93440624,93440932,100pM,strong,0,0,0
chr10,97571653,97571927,100pM,strong,0,0,0
chr10,100883315,100883698,100pM,strong,0,0,0
chr10,102710669,102711018,100pM,strong,0,0,0
chr10,103890166,103890456,100pM,strong,0,0,0
chr10,110789870,110790137,100pM,strong,0,0,0
chr10,113678566,113679106,100pM,strong,0,0,0
chr10,114239172,114239585,100pM,strong,0,0,0
chr10,114349654,114350005,100pM,strong,0,0,0
chr10,115664713,115665093,100pM,strong,0,0,0
chr10,121510262,121510487,100pM,strong,0,0,0
chr10,123721905,123722250,100pM,strong,0,0,0
chr10,123744020,123744260,100pM,strong,0,0,0
chr10,125624792,125625160,100pM,strong,0,0,0
chr10,125625906,125626177,100pM,strong,0,0,0
chr10,125634231,125634511,100pM,strong,0,0,0
chr10,125695064,125695314,100pM,strong,0,0,0
chr10,126918328,126918849,100pM,strong,0,0,0
chr10,128541274,128541546,100pM,strong,0,0,0
chr11,1796405,1796932,100pM,strong,0,0,0
chr11,2190910,2191096,100pM,strong,0,0,0
chr11,2193280,2193665,100pM,strong,0,0,0
chr11,15615482,15615792,100pM,strong,0,0,0
chr11,34633689,34633917,100pM,strong,0,0,0
chr11,35389964,35390174,100pM,strong,0,0,0
chr11,65418713,65418943,100pM,strong,0,0,0
chr11,67027754,67028160,100pM,strong,0,0,0
chr11,68216588,68216825,100pM,strong,0,0,0
chr11,68819494,68819890,100pM,strong,0,0,0
chr11,69515314,69515615,100pM,strong,0,0,0
chr11,69891444,69892160,100pM,strong,0,0,0
chr11,69893095,69893358,100pM,strong,0,0,0
chr11,69894488,69894742,100pM,strong,0,0,0
chr11,69914755,69914963,100pM,strong,0,0,0
chr11,70760322,70760616,100pM,strong,0,0,0
chr11,70805869,70806178,100pM,strong,0,0,0
chr11,71481422,71481755,100pM,strong,0,0,0
chr11,72786429,72786789,100pM,strong,0,0,1
chr11,73192419,73192619,100pM,strong,0,0,0
chr11,73193918,73194209,100pM,strong,0,0,0
chr11,73194587,73194905,100pM,strong,0,0,0
chr11,73227825,73228428,100pM,strong,0,0,0
chr11,76772557,76772997,100pM,strong,0,0,0
chr11,78156088,78156725,100pM,strong,0,0,0
chr11,78259878,78260478,100pM,strong,0,1,0
chr11,78268284,78268550,100pM,strong,0,0,0
chr11,79059848,79060546,100pM,strong,0,0,0
chr11,83004146,83004578,100pM,strong,0,0,0
chr11,86499741,86500126,100pM,strong,0,0,0
chr11,86671304,86671913,100pM,strong,0,0,0
chr11,101034100,101034421,100pM,strong,0,0,0
chr11,101299190,101299893,100pM,strong,0,0,0
chr11,101441743,101442115,100pM,strong,0,0,0
chr11,111334633,111334944,100pM,strong,0,0,0
chr11,117183834,117184187,100pM,strong,0,0,0
chr11,118057852,118058270,100pM,strong,0,0,0
chr11,123096438,123096743,100pM,strong,0,1,0
chr11,129696026,129696247,100pM,strong,0,0,0
chr11,131692176,131692599,100pM,strong,0,0,0
chr11,131696695,131697243,100pM,strong,0,0,0
chr11,131700360,131700715,100pM,strong,0,0,0
chr11,131897303,131897609,100pM,strong,0,0,0
chr11,133215578,133215790,100pM,strong,0,0,0
chr11,134640089,134640353,100pM,strong,0,0,0
chr12,1767895,1768294,100pM,strong,0,0,0
chr12,1932246,1932521,100pM,strong,0,0,0
chr12,2795935,2796195,100pM,strong,0,0,0
chr12,6237573,6237869,100pM,strong,0,0,0
chr12,6264808,6265053,100pM,strong,0,0,0
chr12,6363947,6364213,100pM,strong,0,0,0
chr12,13050125,13050514,100pM,strong,0,0,0
chr12,15216498,15216827,100pM,strong,0,0,0
chr12,23225814,23226285,100pM,strong,0,0,0
chr12,26101411,26101783,100pM,strong,0,0,0
chr12,46201483,46201892,100pM,strong,0,0,0
chr12,46209311,46209501,100pM,strong,0,0,0
chr12,48021986,48022245,100pM,strong,0,0,0
chr12,49187999,49188205,100pM,strong,0,0,0
chr12,52148734,52149197,100pM,strong,0,0,0
chr12,52344874,52345113,100pM,strong,0,0,0
chr12,52895235,52895499,100pM,strong,0,0,0
chr12,52969960,52970260,100pM,strong,0,0,0
chr12,52971925,52972379,100pM,strong,0,1,0
chr12,53978026,53978223,100pM,strong,0,0,0
chr12,53983344,53983634,100pM,strong,0,0,0
chr12,53990333,53990624,100pM,strong,0,0,0
chr12,57088680,57088882,100pM,strong,0,0,0
chr12,64019010,64019552,100pM,strong,0,0,0
chr12,64081278,64081546,100pM,strong,0,0,0
chr12,64611098,64611331,100pM,strong,0,0,0
chr12,69440144,69440469,100pM,strong,0,0,0
chr12,74871725,74872207,100pM,strong,0,0,0
chr12,74873193,74873468,100pM,strong,0,0,0
chr12,75706168,75706727,100pM,strong,0,0,0
chr12,79022855,79023210,100pM,strong,0,0,0
chr12,89464959,89465290,100pM,strong,0,0,0
chr12,97500583,97500916,100pM,strong,0,0,0
chr12,97568691,97569064,100pM,strong,0,0,0
chr12,100952462,100952977,100pM,strong,0,0,0
chr12,101697296,101697838,100pM,strong,0,0,0
chr12,101698601,101698835,100pM,strong,0,0,0
chr12,106277108,106277305,100pM,strong,0,0,0
chr12,106279273,106279661,100pM,strong,0,0,0
chr12,115870234,115870527,100pM,strong,0,0,0
chr12,115872150,115872511,100pM,strong,0,0,0
chr12,116385882,116386145,100pM,strong,0,0,0
chr12,116390368,116390881,100pM,strong,0,0,0
chr12,116495348,116495589,100pM,strong,0,0,0
chr12,124393079,124393272,100pM,strong,0,0,0
chr12,124742134,124742342,100pM,strong,0,0,0
chr12,131860844,131861118,100pM,strong,0,0,0
chr13,22979086,22979375,100pM,strong,0,0,0
chr13,25659175,25659565,100pM,strong,0,0,0
chr13,29918804,29919083,100pM,strong,0,0,0
chr13,30833011,30833368,100pM,strong,0,0,0
chr13,32068354,32068549,100pM,strong,0,0,0
chr13,33345668,33345980,100pM,strong,0,0,0
chr13,33642694,33643074,100pM,strong,0,0,0
chr13,33648855,33649126,100pM,strong,0,1,0
chr13,38684448,38685179,100pM,strong,0,0,0
chr13,40993831,40994152,100pM,strong,0,0,0
chr13,41017129,41017488,100pM,strong,0,0,0
chr13,46120288,46120628,100pM,strong,0,0,0
chr13,46143262,46143472,100pM,strong,0,0,0
chr13,112968801,112969123,100pM,strong,0,0,0
chr14,33781403,33781727,100pM,strong,0,0,0
chr14,36656290,36656506,100pM,strong,0,0,0
chr14,36856192,36856452,100pM,strong,0,0,0
chr14,45891482,45891734,100pM,strong,0,0,0
chr14,45892610,45892875,100pM,strong,0,0,0
chr14,61485237,61485480,100pM,strong,0,0,0
chr14,61559294,61559589,100pM,strong,0,0,1
chr14,63547828,63548081,100pM,strong,0,1,0
chr14,64234982,64235320,100pM,strong,0,0,0
chr14,65118104,65118823,100pM,strong,0,0,0
chr14,67480090,67480375,100pM,strong,0,0,0
chr14,67533755,67533989,100pM,strong,0,0,0
chr14,68255897,68256159,100pM,strong,0,0,0
chr14,68306732,68307268,100pM,strong,0,0,0
chr14,68393554,68393840,100pM,strong,0,0,0
chr14,68458229,68458512,100pM,strong,0,0,1
chr14,68459000,68459401,100pM,strong,0,0,0
chr14,68570025,68570428,100pM,strong,0,0,0
chr14,73602194,73602423,100pM,strong,0,1,0
chr14,73784782,73785039,100pM,strong,0,0,0
chr14,74308807,74309017,100pM,strong,0,1,0
chr14,75260047,75260454,100pM,strong,0,0,0
chr14,75521342,75521755,100pM,strong,0,0,0
chr14,75535855,75536320,100pM,strong,0,0,0
chr14,77099699,77099984,100pM,strong,0,0,0
chr14,77400219,77400634,100pM,strong,0,0,0
chr14,90512296,90512638,100pM,strong,0,0,0
chr14,91276446,91276726,100pM,strong,0,0,0
chr14,91326020,91326352,100pM,strong,0,1,0
chr14,91393085,91393374,100pM,strong,0,0,0
chr14,91394314,91394594,100pM,strong,0,0,0
chr14,91418102,91418453,100pM,strong,0,0,0
chr14,93011691,93011948,100pM,strong,0,0,0
chr14,93017371,93017749,100pM,strong,0,0,0
chr14,94390721,94391004,100pM,strong,0,0,0
chr14,95056464,95057065,100pM,strong,0,0,0
chr14,96574932,96575160,100pM,strong,0,0,0
chr14,98903527,98903807,100pM,strong,0,0,0
chr14,99207592,99207818,100pM,strong,0,0,0
chr14,103693503,103693766,100pM,strong,0,0,0
chr14,105032374,105032598,100pM,strong,0,0,0
chr14,105559407,105559667,100pM,strong,0,0,0
chr15,33067881,33068279,100pM,strong,0,0,0
chr15,39668492,39668835,100pM,strong,0,0,0
chr15,50181504,50181706,100pM,strong,0,0,0
chr15,57591655,57591874,100pM,strong,0,0,0
chr15,63387803,63388082,100pM,strong,0,0,0
chr15,65286212,65286435,100pM,strong,0,0,0
chr15,69482758,69483022,100pM,strong,0,0,0
chr15,70321135,70321596,100pM,strong,0,0,0
chr15,70378089,70378445,100pM,strong,0,0,0
chr15,70462957,70463342,100pM,strong,0,0,0
chr15,71079147,71079399,100pM,strong,0,0,0
chr15,71096656,71097127,100pM,strong,0,0,0
chr15,71104718,71105063,100pM,strong,0,0,0
chr15,71975454,71975654,100pM,strong,0,0,0
chr15,74817223,74817750,100pM,strong,0,1,0
chr15,80679478,80679709,100pM,strong,0,0,0
chr15,81092034,81092375,100pM,strong,0,0,0
chr15,82952222,82952420,100pM,strong,0,0,0
chr15,89115589,89115819,100pM,strong,0,0,0
chr15,92639225,92639469,100pM,strong,0,0,0
chr15,92645551,92645893,100pM,strong,0,0,0
chr15,95895616,95895914,100pM,strong,0,0,0
chr15,95911551,95911958,100pM,strong,0,0,0
chr15,96339447,96339633,100pM,strong,0,0,0
chr15,100517163,100517480,100pM,strong,0,0,0
chr16,450621,450824,100pM,strong,0,0,0
chr16,451683,451884,100pM,strong,0,1,0
chr16,1287678,1288355,100pM,strong,0,0,0
chr16,1296979,1297245,100pM,strong,0,0,0
chr16,1378902,1379165,100pM,strong,0,0,0
chr16,3166515,3166962,100pM,strong,0,0,0
chr16,4113447,4113715,100pM,strong,0,0,0
chr16,4142523,4142776,100pM,strong,0,1,0
chr16,4152178,4152672,100pM,strong,0,0,0
chr16,4369049,4369397,100pM,strong,0,0,0
chr16,8679307,8679515,100pM,strong,0,0,0
chr16,9047716,9047951,100pM,strong,0,0,0
chr16,16973807,16974581,100pM,strong,0,0,0
chr16,17315755,17315974,100pM,strong,0,0,0
chr16,19987799,19988033,100pM,strong,0,0,0
chr16,20014159,20014401,100pM,strong,0,0,0
chr16,21512619,21512838,100pM,strong,0,0,0
chr16,23079696,23080004,100pM,strong,0,0,0
chr16,23148587,23148870,100pM,strong,0,0,0
chr16,25040399,25040859,100pM,strong,0,0,0
chr16,25119635,25119853,100pM,strong,0,0,0
chr16,27898014,27898289,100pM,strong,0,0,0
chr16,29310769,29311213,100pM,strong,0,0,0
chr16,53045499,53045796,100pM,strong,0,0,0
chr16,53099392,53099787,100pM,strong,0,0,0
chr16,53775587,53775855,100pM,strong,0,0,0
chr16,54094773,54094959,100pM,strong,0,0,0
chr16,54424171,54424407,100pM,strong,0,0,0
chr16,54425702,54426002,100pM,strong,0,0,0
chr16,56370795,56371238,100pM,strong,0,0,0
chr16,57622778,57623025,100pM,strong,0,0,0
chr16,66278150,66278345,100pM,strong,0,0,0
chr16,68745702,68745970,100pM,strong,0,1,0
chr16,79171841,79172164,100pM,strong,0,0,0
chr16,82138527,82138752,100pM,strong,0,0,0
chr16,82152709,82152950,100pM,strong,0,0,0
chr16,84724681,84724912,100pM,strong,0,0,0
chr16,85147326,85147791,100pM,strong,0,0,0
chr16,85288929,85289271,100pM,strong,0,0,0
chr16,85306160,85306467,100pM,strong,0,0,0
chr16,85465998,85466335,100pM,strong,0,0,0
chr16,85520975,85521285,100pM,strong,0,0,0
chr16,85753446,85753741,100pM,strong,0,0,0
chr16,88927117,88927631,100pM,strong,0,0,0
chr16,88928299,88928766,100pM,strong,0,0,0
chr17,6676115,6676367,100pM,strong,0,0,0
chr17,28498023,28498234,100pM,strong,0,0,0
chr17,28536794,28537335,100pM,strong,0,0,0
chr17,40311330,40311520,100pM,strong,0,0,0
chr17,40322324,40322625,100pM,strong,0,0,0
chr17,40448676,40449010,100pM,strong,0,0,0
chr17,40576062,40576582,100pM,strong,0,0,0
chr17,40582367,40582580,100pM,strong,0,0,0
chr17,40687476,40687793,100pM,strong,0,0,0
chr17,41536052,41536282,100pM,strong,0,0,0
chr17,50317327,50317567,100pM,strong,0,0,0
chr17,50944376,50944836,100pM,strong,0,0,0
chr17,50948242,50948467,100pM,strong,0,0,0
chr17,50950049,50950243,100pM,strong,0,0,0
chr17,56173942,56174168,100pM,strong,0,0,0
chr17,57085681,57085891,100pM,strong,0,0,0
chr17,57340599,57340912,100pM,strong,0,0,0
chr17,57342873,57343257,100pM,strong,0,0,0
chr17,57357458,57358011,100pM,strong,0,0,0
chr17,57375796,57376110,100pM,strong,0,0,0
chr17,57899844,57900129,100pM,strong,0,0,0
chr17,58639672,58640007,100pM,strong,0,0,0
chr17,60345121,60345454,100pM,strong,0,0,0
chr17,60346863,60347328,100pM,strong,0,1,0
chr17,61723133,61723645,100pM,strong,0,0,0
chr17,66952262,66952635,100pM,strong,0,0,0
chr17,72517855,72518057,100pM,strong,0,0,0
chr17,72617994,72618288,100pM,strong,0,0,0
chr17,73612152,73612439,100pM,strong,0,0,0
chr17,74758337,74758579,100pM,strong,0,0,0
chr17,74760670,74761005,100pM,strong,0,0,0
chr17,74769774,74770119,100pM,strong,0,0,0
chr17,78421122,78421729,100pM,strong,0,0,0
chr17,79812973,79813275,100pM,strong,0,0,0
chr17,80047261,80047554,100pM,strong,0,0,0
chr17,80394718,80394935,100pM,strong,0,0,0
chr17,82103782,82104202,100pM,strong,0,0,0
chr17,82888973,82889362,100pM,strong,0,0,0
chr17,83180984,83181218,100pM,strong,0,0,0
chr18,107139,107410,100pM,strong,0,0,0
chr18,109283,110082,100pM,strong,0,0,0
chr18,111420,111710,100pM,strong,0,0,0
chr18,3395503,3395743,100pM,strong,0,0,0
chr18,3689111,3689511,100pM,strong,0,0,0
chr18,3722580,3722840,100pM,strong,0,0,0
chr18,9757682,9758098,100pM,strong,0,0,0
chr18,9804132,9804460,100pM,strong,0,0,0
chr18,13539841,13540261,100pM,strong,0,0,0
chr18,36099394,36099637,100pM,strong,0,0,0
chr18,45802671,45803007,100pM,strong,0,0,0
chr18,48990858,48991239,100pM,strong,0,0,0
chr18,63155693,63155916,100pM,strong,0,0,0
chr18,63225786,63226018,100pM,strong,0,0,0
chr18,63241402,63241909,100pM,strong,0,0,0
chr18,63257353,63257633,100pM,strong,0,0,0
chr18,63259557,63259809,100pM,strong,0,0,0
chr18,74242668,74243027,100pM,strong,0,0,0
chr18,76857589,76857870,100pM,strong,0,0,0
chr18,77054764,77055010,100pM,strong,0,0,0
chr18,78893598,78893837,100pM,strong,0,0,0
chr18,79062859,79063130,100pM,strong,0,0,0
chr19,1181596,1182175,100pM,strong,0,0,0
chr19,1513158,1513601,100pM,strong,0,0,0
chr19,2525050,2525319,100pM,strong,0,0,0
chr19,2576234,2576512,100pM,strong,0,0,0
chr19,2579163,2579491,100pM,strong,0,0,0
chr19,3390017,3390262,100pM,strong,0,0,0
chr19,4970859,4971057,100pM,strong,0,0,0
chr19,15488585,15488995,100pM,strong,0,0,0
chr19,16463919,16464260,100pM,strong,0,0,0
chr19,23400361,23400814,100pM,strong,0,0,0
chr19,29671401,29671641,100pM,strong,0,0,0
chr19,30698540,30698857,100pM,strong,0,0,0
chr19,35317459,35317816,100pM,strong,0,0,0
chr19,38298952,38299594,100pM,strong,0,0,1
chr19,38321623,38321938,100pM,strong,0,0,0
chr19,39130424,39130696,100pM,strong,0,0,0
chr19,40466100,40466439,100pM,strong,0,0,0
chr19,40920894,40921766,100pM,strong,0,0,0
chr19,47096130,47096335,100pM,strong,0,0,0
chr19,48553901,48554132,100pM,strong,0,0,0
chr19,51807432,51807639,100pM,strong,0,0,0
chr2,7749087,7749303,100pM,strong,0,0,0
chr2,10021771,10022006,100pM,strong,0,0,0
chr2,10757270,10757876,100pM,strong,0,1,0
chr2,11122365,11122677,100pM,strong,0,0,0
chr2,11498009,11498224,100pM,strong,0,0,1
chr2,11498519,11498947,100pM,strong,0,0,0
chr2,11512727,11513033,100pM,strong,0,0,0
chr2,11530992,11531282,100pM,strong,0,0,0
chr2,11532373,11532695,100pM,strong,0,0,0
chr2,11539521,11539962,100pM,strong,0,0,0
chr2,11558668,11558930,100pM,strong,0,0,0
chr2,15142919,15143124,100pM,strong,0,0,0
chr2,20071656,20072071,100pM,strong,0,0,0
chr2,20114022,20114252,100pM,strong,0,0,0
chr2,20381379,20381638,100pM,strong,0,0,0
chr2,26758060,26758246,100pM,strong,0,0,0
chr2,38076088,38076480,100pM,strong,0,0,0
chr2,38096268,38096531,100pM,strong,0,0,0
chr2,41774227,41774521,100pM,strong,0,0,0
chr2,41775778,41776071,100pM,strong,0,0,0
chr2,42342516,42342822,100pM,strong,0,0,0
chr2,43273649,43273842,100pM,strong,0,0,0
chr2,45752562,45752883,100pM,strong,0,0,0
chr2,62858299,62858681,100pM,strong,0,0,0
chr2,64906877,64907343,100pM,strong,0,0,0
chr2,64975370,64975684,100pM,strong,0,0,0
chr2,65300250,65300478,100pM,strong,0,0,0
chr2,70616299,70616558,100pM,strong,0,0,0
chr2,74845297,74845535,100pM,strong,0,0,0
chr2,85954621,85954889,100pM,strong,0,0,0
chr2,85955053,85955320,100pM,strong,0,0,0
chr2,96964707,96964893,100pM,strong,0,0,0
chr2,99636636,99636994,100pM,strong,0,0,0
chr2,100066954,100067144,100pM,strong,0,0,0
chr2,105522718,105523085,100pM,strong,0,1,0
chr2,111535441,111535716,100pM,strong,0,0,0
chr2,133492959,133493222,100pM,strong,0,0,0
chr2,133505175,133505390,100pM,strong,0,0,0
chr2,158723508,158723831,100pM,strong,0,0,0
chr2,159111320,159111845,100pM,strong,0,0,0
chr2,176845700,176846013,100pM,strong,0,0,0
chr2,179580778,179580999,100pM,strong,0,0,0
chr2,190786390,190786717,100pM,strong,0,0,0
chr2,200747025,200747255,100pM,strong,0,0,1
chr2,201985726,201986014,100pM,strong,0,0,0
chr2,214378344,214378534,100pM,strong,0,0,0
chr2,214378643,214379170,100pM,strong,0,0,0
chr2,215979710,215979943,100pM,strong,0,0,0
chr2,215982588,215982931,100pM,strong,0,0,0
chr2,217092642,217092905,100pM,strong,0,0,0
chr2,217388045,217388388,100pM,strong,0,0,0
chr2,219398932,219399217,100pM,strong,0,0,0
chr2,219400204,219400520,100pM,strong,0,0,0
chr2,224331788,224332149,100pM,strong,1,0,0
chr2,225615534,225615874,100pM,strong,0,0,0
chr2,225616449,225616641,100pM,strong,0,0,0
chr2,231223053,231223335,100pM,strong,0,0,0
chr2,231706312,231706508,100pM,strong,0,0,0
chr2,236824887,236825105,100pM,strong,0,0,0
chr2,237025875,237026071,100pM,strong,0,0,0
chr2,237041315,237041652,100pM,strong,0,0,0
chr2,237510154,237510349,100pM,strong,0,0,0
chr2,237558992,237559354,100pM,strong,0,0,0
chr2,239268282,239268762,100pM,strong,0,0,0
chr2,240069918,240070349,100pM,strong,0,0,0
chr20,19130171,19130540,100pM,strong,0,0,0
chr20,32040759,32041074,100pM,strong,0,1,0
chr20,34350219,34350474,100pM,strong,0,0,0
chr20,36587342,36587583,100pM,strong,0,0,0
chr20,44302352,44302633,100pM,strong,0,0,0
chr20,44714683,44714901,100pM,strong,0,0,0
chr20,44765610,44765915,100pM,strong,0,0,0
chr20,45340487,45340685,100pM,strong,0,0,0
chr20,47345188,47345573,100pM,strong,0,1,0
chr20,47352657,47352920,100pM,strong,0,0,0
chr20,47382714,47382926,100pM,strong,0,0,0
chr20,48075832,48076491,100pM,strong,0,0,0
chr20,48158048,48158352,100pM,strong,0,0,0
chr20,48246437,48246685,100pM,strong,0,0,0
chr20,48572241,48572532,100pM,strong,0,0,0
chr20,48663826,48664050,100pM,strong,0,0,0
chr20,48698252,48698442,100pM,strong,0,0,0
chr20,48705400,48705644,100pM,strong,0,0,0
chr20,48864419,48865103,100pM,strong,0,0,0
chr20,50284784,50285056,100pM,strong,0,0,0
chr20,50727404,50727972,100pM,strong,0,0,0
chr20,50764063,50764524,100pM,strong,0,1,1
chr20,50798764,50798967,100pM,strong,0,0,0
chr20,51715993,51716227,100pM,strong,0,0,0
chr20,53346230,53346564,100pM,strong,0,0,0
chr20,53654839,53655065,100pM,strong,0,1,0
chr20,53661147,53661472,100pM,strong,0,0,0
chr20,53661823,53662111,100pM,strong,0,1,0
chr20,54123627,54124025,100pM,strong,0,0,0
chr20,54127162,54127447,100pM,strong,0,0,0
chr20,54149084,54149446,100pM,strong,0,0,0
chr20,54195308,54195657,100pM,strong,0,0,0
chr20,56629295,56629516,100pM,strong,0,0,0
chr20,56735238,56735632,100pM,strong,0,0,0
chr20,56758763,56759156,100pM,strong,0,0,0
chr20,56890133,56890427,100pM,strong,0,1,0
chr20,57263088,57263297,100pM,strong,0,0,0
chr21,14863428,14863663,100pM,strong,0,0,0
chr21,15132810,15133118,100pM,strong,0,0,0
chr21,15199985,15200279,100pM,strong,0,0,0
chr21,15203710,15204047,100pM,strong,0,0,0
chr21,15204308,15204539,100pM,strong,0,0,0
chr21,15210150,15210632,100pM,strong,0,0,0
chr21,15586865,15587409,100pM,strong,0,0,0
chr21,29386225,29386428,100pM,strong,0,0,0
chr21,31529438,31529723,100pM,strong,0,0,0
chr21,36188239,36188546,100pM,strong,0,0,0
chr21,36613105,36613291,100pM,strong,0,0,0
chr21,39524000,39524271,100pM,strong,0,0,0
chr21,40318622,40318900,100pM,strong,0,0,0
chr21,41605565,41605876,100pM,strong,0,0,0
chr21,42056662,42056848,100pM,strong,0,0,0
chr21,42086243,42086499,100pM,strong,0,0,0
chr21,42366430,42366945,100pM,strong,0,0,0
chr21,42375512,42375751,100pM,strong,0,0,0
chr21,42376295,42376644,100pM,strong,0,0,0
chr21,45330210,45330582,100pM,strong,0,0,0
chr21,46294567,46294802,100pM,strong,0,0,0
chr22,23192255,23192616,100pM,strong,0,0,0
chr22,24402756,24403079,100pM,strong,0,0,0
chr22,24526165,24526498,100pM,strong,0,0,0
chr22,24532053,24532531,100pM,strong,1,1,0
chr22,25400866,25401068,100pM,strong,0,0,0
chr22,25943013,25943296,100pM,strong,0,0,0
chr22,28790738,28790975,100pM,strong,0,1,0
chr22,28813678,28814231,100pM,strong,0,0,1
chr22,28819404,28819965,100pM,strong,0,0,1
chr22,28822938,28823257,100pM,strong,0,0,0
chr22,28823849,28824086,100pM,strong,0,1,0
chr22,29378143,29378427,100pM,strong,0,0,1
chr22,29385616,29385862,100pM,strong,0,0,0
chr22,29386205,29386477,100pM,strong,0,0,0
chr22,29517389,29517793,100pM,strong,0,0,0
chr22,29798810,29799080,100pM,strong,0,0,0
chr22,30291134,30291379,100pM,strong,0,0,0
chr22,30298382,30298574,100pM,strong,0,0,0
chr22,33865273,33865472,100pM,strong,0,0,0
chr22,37189151,37189466,100pM,strong,0,0,0
chr22,37197779,37198037,100pM,strong,0,0,0
chr22,37570219,37570603,100pM,strong,0,0,0
chr22,38180934,38181217,100pM,strong,0,0,0
chr22,39292901,39293176,100pM,strong,0,1,0
chr22,39299961,39300180,100pM,strong,0,0,0
chr22,40732743,40733046,100pM,strong,0,0,0
chr22,42734474,42734752,100pM,strong,0,0,0
chr22,42800902,42801104,100pM,strong,0,0,0
chr22,44759757,44759964,100pM,strong,0,0,0
chr22,46465836,46466066,100pM,strong,0,0,0
chr22,46491995,46492236,100pM,strong,0,0,0
chr22,48254416,48254643,100pM,strong,0,0,0
chr3,4355762,4355952,100pM,strong,0,0,0
chr3,4750227,4750488,100pM,strong,0,0,0
chr3,13476223,13476429,100pM,strong,0,0,0
chr3,15292874,15293125,100pM,strong,0,0,0
chr3,30354581,30354817,100pM,strong,0,0,0
chr3,42819957,42820271,100pM,strong,0,0,0
chr3,47164281,47164510,100pM,strong,0,0,0
chr3,61708106,61708450,100pM,strong,1,0,0
chr3,61807771,61808141,100pM,strong,0,0,0
chr3,61841435,61841642,100pM,strong,0,0,0
chr3,63932840,63933222,100pM,strong,0,0,0
chr3,64491416,64491654,100pM,strong,0,0,0
chr3,64612845,64613645,100pM,strong,0,0,0
chr3,87367738,87368070,100pM,strong,0,0,0
chr3,100865058,100865312,100pM,strong,0,0,0
chr3,107825657,107825937,100pM,strong,0,0,0
chr3,107940801,107940988,100pM,strong,0,0,0
chr3,107986623,107986931,100pM,strong,0,0,0
chr3,107999360,107999923,100pM,strong,1,0,0
chr3,108000948,108001211,100pM,strong,0,0,0
chr3,108006153,108006486,100pM,strong,0,0,0
chr3,120661269,120661586,100pM,strong,0,0,0
chr3,123621992,123622210,100pM,strong,0,0,0
chr3,133448706,133448937,100pM,strong,0,0,0
chr3,133453020,133453274,100pM,strong,0,0,0
chr3,133456115,133456440,100pM,strong,0,0,0
chr3,133456776,133457241,100pM,strong,0,0,0
chr3,133461265,133461569,100pM,strong,0,0,0
chr3,149507717,149507926,100pM,strong,0,0,0
chr3,150237577,150237870,100pM,strong,0,0,0
chr3,150238309,150238705,100pM,strong,0,0,0
chr3,150240790,150241099,100pM,strong,0,0,0
chr3,150278829,150279099,100pM,strong,0,0,0
chr3,150737218,150737676,100pM,strong,0,0,0
chr3,150756519,150756928,100pM,strong,0,0,0
chr3,156812488,156812915,100pM,strong,0,0,0
chr3,164380276,164380543,100pM,strong,0,0,0
chr3,168671208,168671457,100pM,strong,0,0,0
chr3,169949003,169949299,100pM,strong,0,0,0
chr3,186772766,186773032,100pM,strong,0,0,0
chr3,188175857,188176205,100pM,strong,0,0,0
chr3,188283050,188283562,100pM,strong,0,0,0
chr3,189099095,189099364,100pM,strong,0,0,0
chr3,189311546,189311751,100pM,strong,0,0,0
chr3,189458524,189458807,100pM,strong,0,0,0
chr3,189772972,189773228,100pM,strong,0,0,0
chr3,189842642,189843093,100pM,strong,0,0,0
chr3,189944454,189944653,100pM,strong,0,0,0
chr3,189944934,189945203,100pM,strong,0,0,0
chr3,193870435,193870763,100pM,strong,0,0,0
chr3,193872381,193872620,100pM,strong,0,0,0
chr3,193879546,193880251,100pM,strong,0,0,0
chr3,193921469,193921755,100pM,strong,0,0,0
chr3,194158974,194159330,100pM,strong,0,0,0
chr3,194323985,194324282,100pM,strong,0,0,0
chr3,194495046,194495297,100pM,strong,0,0,0
chr3,196287346,196287555,100pM,strong,0,0,0
chr3,196754953,196755235,100pM,strong,0,0,0
chr4,997869,998083,100pM,strong,0,0,0
chr4,2419386,2419727,100pM,strong,0,0,0
chr4,3463257,3463501,100pM,strong,0,0,0
chr4,3954980,3955212,100pM,strong,0,0,0
chr4,6415348,6415703,100pM,strong,0,0,0
chr4,6633268,6633559,100pM,strong,0,0,0
chr4,6750945,6751310,100pM,strong,0,0,0
chr4,39539418,39539690,100pM,strong,0,0,0
chr4,40363436,40363983,100pM,strong,0,0,0
chr4,48954790,48955051,100pM,strong,0,0,0
chr4,76563559,76563758,100pM,strong,0,0,0
chr4,76570126,76570367,100pM,strong,0,0,0
chr4,76611570,76611869,100pM,strong,0,0,0
chr4,86934585,86934883,100pM,strong,0,0,0
chr4,87120934,87121387,100pM,strong,0,0,0
chr4,88084450,88084736,100pM,strong,0,0,0
chr4,88334990,88335318,100pM,strong,0,0,0
chr4,92483412,92483766,100pM,strong,0,0,0
chr4,100778543,100778764,100pM,strong,0,0,0
chr4,138910783,138911116,100pM,strong,0,0,0
chr4,139849355,139849595,100pM,strong,0,0,0
chr4,168501205,168501550,100pM,strong,0,0,1
chr4,168677197,168677415,100pM,strong,0,0,0
chr4,168691677,168691985,100pM,strong,0,0,0
chr4,168692094,168692280,100pM,strong,0,0,0
chr5,6495869,6496238,100pM,strong,0,0,0
chr5,16588424,16589120,100pM,strong,0,0,0
chr5,19734748,19735361,100pM,strong,0,0,0
chr5,33550058,33550351,100pM,strong,0,0,0
chr5,53482491,53482683,100pM,strong,0,0,0
chr5,56429224,56429455,100pM,strong,0,0,0
chr5,56460618,56460812,100pM,strong,0,0,0
chr5,56668974,56669372,100pM,strong,0,0,0
chr5,56669478,56669688,100pM,strong,0,0,0
chr5,59380881,59381271,100pM,strong,0,0,0
chr5,67215141,67215365,100pM,strong,0,0,0
chr5,67215735,67216072,100pM,strong,0,0,0
chr5,67234787,67235056,100pM,strong,0,0,0
chr5,67235724,67236147,100pM,strong,0,0,0
chr5,67236861,67237047,100pM,strong,0,0,0
chr5,69329971,69330375,100pM,strong,0,1,0
chr5,71631364,71631581,100pM,strong,1,0,0
chr5,73513752,73513958,100pM,strong,0,0,0
chr5,77168136,77168399,100pM,strong,0,0,0
chr5,77775303,77775521,100pM,strong,0,0,0
chr5,95728691,95728981,100pM,strong,0,0,0
chr5,100647633,100647893,100pM,strong,0,0,0
chr5,106241466,106241999,100pM,strong,0,0,0
chr5,107571792,107571978,100pM,strong,0,0,0
chr5,118009856,118010216,100pM,strong,0,0,0
chr5,125408617,125408859,100pM,strong,0,0,0
chr5,125409972,125410394,100pM,strong,0,0,0
chr5,132378613,132378951,100pM,strong,0,0,0
chr5,134466434,134466717,100pM,strong,0,0,0
chr5,135046797,135046994,100pM,strong,0,0,0
chr5,139660851,139661053,100pM,strong,0,0,0
chr5,139708993,139709482,100pM,strong,0,0,0
chr5,155068714,155069021,100pM,strong,0,0,0
chr5,168316206,168316715,100pM,strong,0,0,0
chr5,173591060,173591366,100pM,strong,0,0,0
chr5,174461353,174461582,100pM,strong,0,0,0
chr5,174482558,174482763,100pM,strong,0,0,0
chr5,174483418,174483746,100pM,strong,0,0,0
chr5,174503604,174503812,100pM,strong,0,0,0
chr6,1641302,1641637,100pM,strong,0,0,0
chr6,7062527,7062725,100pM,strong,0,0,0
chr6,11046813,11047182,100pM,strong,0,0,0
chr6,11053503,11053863,100pM,strong,0,0,0
chr6,11067363,11067754,100pM,strong,0,0,0
chr6,13747678,13747864,100pM,strong,1,0,0
chr6,15036708,15037207,100pM,strong,0,0,0
chr6,15090098,15090330,100pM,strong,0,0,0
chr6,17389299,17389654,100pM,strong,0,0,0
chr6,17393823,17394121,100pM,strong,0,0,0
chr6,20210249,20210583,100pM,strong,0,0,0
chr6,21738630,21739115,100pM,strong,0,0,0
chr6,26295951,26296227,100pM,strong,0,0,0
chr6,30751552,30751869,100pM,strong,0,0,0
chr6,38261665,38261939,100pM,strong,0,0,0
chr6,39266834,39267074,100pM,strong,0,0,0
chr6,39269952,39270247,100pM,strong,0,0,0
chr6,44661723,44661940,100pM,strong,0,0,0
chr6,45554751,45554999,100pM,strong,0,0,0
chr6,49542123,49542362,100pM,strong,0,0,0
chr6,53464924,53465300,100pM,strong,0,0,0
chr6,53465772,53466017,100pM,strong,0,0,0
chr6,73520068,73521313,100pM,strong,0,0,0
chr6,74969334,74970282,100pM,strong,0,0,0
chr6,82567760,82568056,100pM,strong,0,0,0
chr6,82569810,82570389,100pM,strong,0,0,0
chr6,82570677,82570908,100pM,strong,0,0,0
chr6,122620908,122621221,100pM,strong,0,0,0
chr6,122622713,122623053,100pM,strong,0,0,0
chr6,125154851,125155132,100pM,strong,0,0,0
chr6,125197923,125198228,100pM,strong,0,0,0
chr6,125202238,125202568,100pM,strong,0,0,0
chr6,125205119,125205429,100pM,strong,0,0,0
chr6,135211264,135211615,100pM,strong,0,0,0
chr6,139436794,139437066,100pM,strong,0,0,0
chr6,139588094,139588604,100pM,strong,0,0,0
chr6,149080240,149080485,100pM,strong,0,0,0
chr6,151616163,151616467,100pM,strong,0,0,0
chr6,151658095,151658432,100pM,strong,0,0,0
chr6,156827340,156827674,100pM,strong,0,0,0
chr6,158039644,158039850,100pM,strong,0,0,0
chr7,2689199,2689421,100pM,strong,0,0,0
chr7,4683289,4683677,100pM,strong,0,0,0
chr7,11261523,11261730,100pM,strong,0,0,0
chr7,16880578,16880862,100pM,strong,0,0,0
chr7,26363928,26364114,100pM,strong,0,0,0
chr7,32680640,32680898,100pM,strong,0,0,0
chr7,34748293,34748508,100pM,strong,0,0,0
chr7,35025266,35025583,100pM,strong,0,0,0
chr7,35025783,35026021,100pM,strong,0,0,0
chr7,47475537,47475983,100pM,strong,0,0,0
chr7,47744227,47744482,100pM,strong,0,0,0
chr7,55964835,55965048,100pM,strong,0,0,0
chr7,80942919,80943205,100pM,strong,1,0,0
chr7,105316522,105316798,100pM,strong,0,0,0
chr7,105639945,105640308,100pM,strong,0,0,0
chr7,105887808,105888161,100pM,strong,0,0,0
chr7,106065287,106065473,100pM,strong,0,0,0
chr7,106070254,106070463,100pM,strong,0,0,0
chr7,128259894,128260191,100pM,strong,0,0,0
chr7,131625794,131626046,100pM,strong,0,0,0
chr7,131626727,131626981,100pM,strong,0,0,0
chr7,132214508,132214836,100pM,strong,0,0,0
chr7,142384267,142384752,100pM,strong,0,0,0
chr7,151694813,151695236,100pM,strong,0,0,0
chr7,151856593,151856883,100pM,strong,0,0,0
chr7,152699364,152699766,100pM,strong,0,0,0
chr8,8288344,8288539,100pM,strong,0,0,0
chr8,8289086,8289679,100pM,strong,0,0,0
chr8,8508038,8508339,100pM,strong,0,0,0
chr8,11730714,11731005,100pM,strong,0,0,0
chr8,13156919,13157255,100pM,strong,0,0,0
chr8,22739133,22739440,100pM,strong,0,0,0
chr8,22743859,22744084,100pM,strong,0,0,0
chr8,29282965,29283253,100pM,strong,0,0,0
chr8,29286810,29287091,100pM,strong,0,0,0
chr8,29579869,29580084,100pM,strong,0,0,0
chr8,33245087,33245312,100pM,strong,0,0,0
chr8,37144836,37145107,100pM,strong,0,0,0
chr8,37590650,37590911,100pM,strong,0,0,0
chr8,37593498,37593817,100pM,strong,0,0,0
chr8,37598603,37598886,100pM,strong,0,0,0
chr8,42894299,42894511,100pM,strong,0,0,0
chr8,57855303,57855520,100pM,strong,0,0,0
chr8,66522479,66522774,100pM,strong,0,0,0
chr8,66714012,66714721,100pM,strong,0,0,0
chr8,68853326,68853668,100pM,strong,0,0,0
chr8,68854398,68854827,100pM,strong,0,0,0
chr8,86199981,86200242,100pM,strong,0,0,0
chr8,87662509,87663071,100pM,strong,0,0,0
chr8,89983657,89983893,100pM,strong,0,0,0
chr8,90001505,90001881,100pM,strong,0,0,0
chr8,95075008,95075202,100pM,strong,0,0,0
chr8,96359827,96360030,100pM,strong,0,0,0
chr8,96945874,96946115,100pM,strong,0,0,0
chr8,97266343,97266799,100pM,strong,0,0,0
chr8,97763626,97763888,100pM,strong,0,0,0
chr8,97764064,97764761,100pM,strong,0,0,1
chr8,101077584,101077885,100pM,strong,0,0,0
chr8,101437134,101437329,100pM,strong,0,0,0
chr8,101462815,101463038,100pM,strong,0,0,0
chr8,101466728,101467021,100pM,strong,0,0,0
chr8,101504084,101504435,100pM,strong,0,0,0
chr8,101512343,101512629,100pM,strong,0,1,0
chr8,101515581,101515793,100pM,strong,0,0,0
chr8,102600940,102601268,100pM,strong,0,0,0
chr8,106624002,106624377,100pM,strong,0,0,0
chr8,109575454,109575994,100pM,strong,0,0,0
chr8,115867551,115867756,100pM,strong,0,0,0
chr8,115987942,115988153,100pM,strong,0,0,0
chr8,115998243,115998597,100pM,strong,0,0,0
chr8,121150954,121151304,100pM,strong,0,0,0
chr8,123563587,123563867,100pM,strong,0,0,0
chr8,123564010,123564243,100pM,strong,0,0,0
chr8,127800715,127801094,100pM,strong,0,0,0
chr8,127801506,127801709,100pM,strong,0,1,0
chr8,127819838,127820109,100pM,strong,0,0,0
chr8,127859581,127860120,100pM,strong,0,0,0
chr8,127867684,127868035,100pM,strong,0,0,0
chr8,127870113,127870411,100pM,strong,0,0,0
chr8,127870586,127870968,100pM,strong,0,0,0
chr8,127876840,127877064,100pM,strong,0,0,0
chr8,127911222,127911502,100pM,strong,0,0,0
chr8,127952132,127952342,100pM,strong,0,0,0
chr8,127953099,127953437,100pM,strong,0,0,0
chr8,128141924,128142272,100pM,strong,0,0,0
chr8,134734758,134735166,100pM,strong,0,0,0
chr8,143018007,143018297,100pM,strong,0,0,0
chr9,83432277,83432624,100pM,strong,0,0,0
chr9,88530026,88530318,100pM,strong,0,0,0
chr9,89850878,89851227,100pM,strong,0,0,0
chr9,92666065,92666340,100pM,strong,0,0,0
chr9,94639085,94639363,100pM,strong,0,0,0
chr9,94782957,94783512,100pM,strong,0,0,0
chr9,94992051,94992294,100pM,strong,0,0,0
chr9,98219139,98219376,100pM,strong,0,0,0
chr9,105912783,105913144,100pM,strong,0,0,0
chr9,107243856,107244167,100pM,strong,0,0,0
chr9,112012142,112012428,100pM,strong,0,0,0
chr9,114558253,114558693,100pM,strong,0,0,0
chr9,114908144,114908488,100pM,strong,0,0,0
chr9,123327866,123328123,100pM,strong,0,0,0
chr9,126642973,126643294,100pM,strong,0,0,0
chr9,127417232,127417486,100pM,strong,0,0,0
chr9,127545423,127545614,100pM,strong,0,0,0
chr9,127955785,127955988,100pM,strong,0,0,0
chr9,128022275,128022584,100pM,strong,0,0,0
chr9,128047301,128047579,100pM,strong,0,1,0
chr9,128055799,128056004,100pM,strong,0,0,0
chr9,128058075,128058371,100pM,strong,0,1,0
chr9,129107332,129107626,100pM,strong,0,0,0
chr9,129193740,129193986,100pM,strong,0,0,0
chr9,129488725,129488951,100pM,strong,0,0,0
chr9,133873319,133873520,100pM,strong,0,0,0
chr9,135392489,135392888,100pM,strong,0,0,0
chr9,137173188,137173395,100pM,strong,0,0,0
chrX,2894975,2895193,100pM,strong,0,0,0
chrX,5402571,5402836,100pM,strong,0,1,0
chrX,7218540,7218739,100pM,strong,0,0,0
chrX,7219139,7219404,100pM,strong,0,0,0
chrX,10101178,10101591,100pM,strong,0,0,0
chrX,12988948,12989294,100pM,strong,0,0,0
chrX,12994415,12994674,100pM,strong,0,0,0
chrX,13029161,13029714,100pM,strong,0,0,0
chrX,13029982,13030211,100pM,strong,0,0,0
chrX,16471555,16471881,100pM,strong,0,0,0
chrX,16617352,16617800,100pM,strong,0,0,0
chrX,16662308,16662795,100pM,strong,0,0,0
chrX,18099874,18100133,100pM,strong,0,0,0
chrX,22117218,22117674,100pM,strong,0,0,0
chrX,54747709,54747999,100pM,strong,0,0,0
chrX,110173210,110173486,100pM,strong,0,0,0
chrX,131566003,131566284,100pM,strong,0,0,0
chrX,132181392,132181612,100pM,strong,0,0,0
chrX,140490929,140491255,100pM,strong,0,0,0
chrX,140492263,140492600,100pM,strong,0,0,0
chrX,150041186,150041548,100pM,strong,0,0,0
chrX,154419947,154420183,100pM,strong,0,0,0
chrX,154541082,154541270,100pM,strong,0,0,0
chr1,3213716,3213953,100pM,weak,0,0,0
chr1,3338352,3338544,100pM,weak,0,0,0
chr1,6909885,6910284,100pM,weak,0,0,0
chr1,8198042,8198259,100pM,weak,0,0,0
chr1,15048589,15048884,100pM,weak,0,0,0
chr1,17237478,17237667,100pM,weak,0,0,0
chr1,17314840,17315092,100pM,weak,0,0,0
chr1,18166244,18166536,100pM,weak,0,0,0
chr1,18188247,18188476,100pM,weak,0,0,0
chr1,18190501,18190922,100pM,weak,0,0,0
chr1,19425850,19426050,100pM,weak,0,0,0
chr1,21401868,21402094,100pM,weak,0,0,0
chr1,30296284,30296514,100pM,weak,0,0,0
chr1,38813531,38813726,100pM,weak,0,0,0
chr1,42152190,42152392,100pM,weak,0,0,0
chr1,51612594,51612813,100pM,weak,0,0,0
chr1,53411844,53412071,100pM,weak,0,0,0
chr1,61496383,61496726,100pM,weak,0,0,0
chr1,61498430,61498664,100pM,weak,0,0,0
chr1,70915381,70915638,100pM,weak,0,0,0
chr1,74690170,74690385,100pM,weak,0,0,0
chr1,74703427,74703706,100pM,weak,0,0,0
chr1,76944177,76944436,100pM,weak,0,0,0
chr1,76945067,76945282,100pM,weak,0,0,0
chr1,78800903,78801108,100pM,weak,0,0,0
chr1,79392545,79392745,100pM,weak,0,0,0
chr1,82386789,82387111,100pM,weak,0,0,0
chr1,85504253,85504506,100pM,weak,0,0,0
chr1,85822762,85823011,100pM,weak,0,0,0
chr1,87715094,87715337,100pM,weak,0,0,0
chr1,91100325,91100597,100pM,weak,0,0,0
chr1,94101008,94101285,100pM,weak,0,0,0
chr1,94423122,94423345,100pM,weak,0,0,0
chr1,102052139,102052461,100pM,weak,0,0,0
chr1,107420522,107420809,100pM,weak,0,0,0
chr1,109950536,109950764,100pM,weak,0,0,0
chr1,110246036,110246231,100pM,weak,0,0,0
chr1,110746418,110746836,100pM,weak,0,0,0
chr1,111473259,111473625,100pM,weak,1,0,0
chr1,113989461,113989647,100pM,weak,0,0,1
chr1,116167452,116167638,100pM,weak,0,0,0
chr1,116652729,116653041,100pM,weak,0,0,0
chr1,117847236,117847448,100pM,weak,0,0,0
chr1,148376537,148376820,100pM,weak,0,0,1
chr1,153520304,153520499,100pM,weak,0,0,0
chr1,169517692,169517951,100pM,weak,0,0,0
chr1,169690350,169690608,100pM,weak,0,0,0
chr1,176823240,176823430,100pM,weak,0,0,0
chr1,177301310,177301632,100pM,weak,0,0,0
chr1,177476754,177476985,100pM,weak,0,0,0
chr1,177951533,177951734,100pM,weak,0,0,0
chr1,186153047,186153233,100pM,weak,0,0,0
chr1,187381576,187381762,100pM,weak,0,0,0
chr1,188432520,188432841,100pM,weak,0,0,0
chr1,188893558,188893811,100pM,weak,0,0,0
chr1,190285205,190285464,100pM,weak,0,0,0
chr1,191150121,191150314,100pM,weak,0,0,0
chr1,191427732,191427943,100pM,weak,0,0,0
chr1,192049301,192049491,100pM,weak,0,0,0
chr1,193919890,193920097,100pM,weak,0,0,0
chr1,200114737,200114924,100pM,weak,0,0,0
chr1,200337239,200337528,100pM,weak,0,0,0
chr1,201045078,201045361,100pM,weak,0,0,0
chr1,202269784,202270058,100pM,weak,0,0,0
chr1,202532193,202532469,100pM,weak,0,0,0
chr1,203059409,203059630,100pM,weak,0,0,0
chr1,205652867,205653190,100pM,weak,0,1,0
chr1,207948780,207949200,100pM,weak,0,0,0
chr1,211187694,211187899,100pM,weak,0,0,0
chr1,211521522,211521773,100pM,weak,0,0,0
chr1,212047189,212047410,100pM,weak,0,0,0
chr1,212078096,212078300,100pM,weak,0,0,0
chr1,215473920,215474145,100pM,weak,0,0,0
chr1,215545041,215545284,100pM,weak,0,0,0
chr1,220364135,220364359,100pM,weak,0,0,0
chr1,229148176,229148427,100pM,weak,0,0,0
chr1,229161667,229161857,100pM,weak,0,0,0
chr1,229892745,229893014,100pM,weak,0,0,0
chr1,230500540,230500791,100pM,weak,0,0,0
chr1,231672245,231672537,100pM,weak,0,0,0
chr1,246417526,246418062,100pM,weak,0,0,0
chr10,107070,107319,100pM,weak,0,0,0
chr10,126486,126721,100pM,weak,0,0,0
chr10,3585060,3585281,100pM,weak,0,0,0
chr10,5656672,5656884,100pM,weak,0,0,0
chr10,6304135,6304389,100pM,weak,0,0,0
chr10,12150274,12150499,100pM,weak,0,0,0
chr10,19228398,19228587,100pM,weak,0,0,0
chr10,27004508,27004728,100pM,weak,0,0,0
chr10,29303495,29303695,100pM,weak,0,0,0
chr10,32651605,32651949,100pM,weak,0,0,0
chr10,43110850,43111041,100pM,weak,0,0,0
chr10,44236881,44237151,100pM,weak,0,0,0
chr10,50474008,50474273,100pM,weak,0,0,0
chr10,52243268,52243494,100pM,weak,0,0,0
chr10,56665091,56665426,100pM,weak,0,0,0
chr10,56783679,56783883,100pM,weak,0,0,0
chr10,61669856,61670123,100pM,weak,0,0,0
chr10,61918197,61918460,100pM,weak,0,0,0
chr10,63653587,63653774,100pM,weak,0,0,0
chr10,63687407,63687610,100pM,weak,0,0,0
chr10,74899968,74900190,100pM,weak,0,0,0
chr10,75164798,75165051,100pM,weak,0,1,0
chr10,76642133,76642345,100pM,weak,0,0,0
chr10,76971827,76972046,100pM,weak,0,0,0
chr10,77507356,77507602,100pM,weak,0,0,0
chr10,77582651,77582894,100pM,weak,0,0,0
chr10,79453065,79453275,100pM,weak,0,0,0
chr10,88178878,88179120,100pM,weak,0,0,0
chr10,88385658,88385853,100pM,weak,0,0,0
chr10,90713174,90713410,100pM,weak,0,0,0
chr10,91360913,91361251,100pM,weak,0,0,0
chr10,92891173,92891406,100pM,weak,0,0,0
chr10,93741380,93741625,100pM,weak,0,0,0
chr10,97580331,97580571,100pM,weak,0,0,0
chr10,100035613,100035824,100pM,weak,0,0,0
chr10,100301116,100301358,100pM,weak,0,0,0
chr10,102207260,102207451,100pM,weak,0,0,0
chr10,111347553,111347739,100pM,weak,0,0,0
chr10,114057115,114057354,100pM,weak,0,0,0
chr10,114593607,114593807,100pM,weak,0,0,0
chr10,120931658,120931899,100pM,weak,0,0,0
chr10,121556433,121556652,100pM,weak,0,0,0
chr10,122532079,122532265,100pM,weak,0,0,0
chr10,126059517,126059973,100pM,weak,0,0,0
chr10,126240678,126240987,100pM,weak,0,0,0
chr10,126940746,126941008,100pM,weak,0,0,0
chr10,129169198,129169393,100pM,weak,0,0,0
chr10,130794728,130794923,100pM,weak,0,0,0
chr11,2483491,2483889,100pM,weak,0,0,0
chr11,15695217,15695403,100pM,weak,0,0,0
chr11,16110879,16111069,100pM,weak,0,0,0
chr11,30438662,30438912,100pM,weak,0,0,0
chr11,34823261,34823509,100pM,weak,0,0,0
chr11,59876044,59876387,100pM,weak,0,0,0
chr11,59877412,59877784,100pM,weak,0,0,0
chr11,63620089,63620292,100pM,weak,0,0,0
chr11,63874648,63874855,100pM,weak,0,0,0
chr11,69534150,69534352,100pM,weak,0,0,0
chr11,76921498,76921878,100pM,weak,0,0,0
chr11,77038558,77038908,100pM,weak,0,0,1
chr11,78848999,78849261,100pM,weak,0,0,0
chr11,79353818,79354066,100pM,weak,0,0,0
chr11,79523656,79523866,100pM,weak,0,0,0
chr11,81039138,81039324,100pM,weak,0,0,0
chr11,81043349,81043543,100pM,weak,0,0,0
chr11,82640103,82640347,100pM,weak,0,0,0
chr11,86795886,86796095,100pM,weak,0,0,0
chr11,87924174,87924463,100pM,weak,0,0,0
chr11,100999834,101000049,100pM,weak,0,0,0
chr11,101078593,101078825,100pM,weak,0,0,0
chr11,101300508,101300784,100pM,weak,0,0,0
chr11,101436612,101436855,100pM,weak,0,0,0
chr11,101438198,101438433,100pM,weak,0,0,0
chr11,106461180,106461429,100pM,weak,0,0,0
chr11,108667288,108667512,100pM,weak,0,0,0
chr11,116832394,116832624,100pM,weak,0,0,0
chr11,116836222,116836422,100pM,weak,0,0,0
chr11,122479314,122479569,100pM,weak,0,0,0
chr11,122563246,122563455,100pM,weak,0,0,0
chr12,513499,513724,100pM,weak,0,0,0
chr12,5919283,5919496,100pM,weak,0,0,0
chr12,9132275,9132477,100pM,weak,0,0,0
chr12,11754385,11754621,100pM,weak,0,0,0
chr12,12499181,12499477,100pM,weak,0,0,0
chr12,12819900,12820098,100pM,weak,0,0,0
chr12,15274018,15274204,100pM,weak,0,0,0
chr12,18123624,18123823,100pM,weak,0,0,0
chr12,18151729,18151944,100pM,weak,0,0,0
chr12,23655818,23656198,100pM,weak,0,0,0
chr12,25867119,25867334,100pM,weak,0,0,0
chr12,29794968,29795202,100pM,weak,0,0,0
chr12,31311209,31311447,100pM,weak,0,0,0
chr12,31779921,31780122,100pM,weak,0,0,0
chr12,42716093,42716282,100pM,weak,0,0,0
chr12,52333420,52333612,100pM,weak,0,0,0
chr12,53358964,53359161,100pM,weak,0,0,0
chr12,63206897,63207141,100pM,weak,0,0,0
chr12,63457101,63457342,100pM,weak,0,0,0
chr12,73916783,73917088,100pM,weak,0,0,0
chr12,74862582,74862810,100pM,weak,0,0,0
chr12,79075964,79076403,100pM,weak,0,0,0
chr12,88459319,88459523,100pM,weak,0,0,0
chr12,88750765,88750996,100pM,weak,0,0,0
chr12,95172586,95172793,100pM,weak,0,0,0
chr12,102548634,102548838,100pM,weak,0,0,0
chr12,103503507,103503722,100pM,weak,0,0,0
chr12,104775793,104776178,100pM,weak,0,0,0
chr12,115398356,115398589,100pM,weak,0,0,0
chr12,115650105,115650359,100pM,weak,0,0,0
chr12,121132140,121132372,100pM,weak,0,0,0
chr12,121171386,121171601,100pM,weak,0,1,0
chr12,124217989,124218206,100pM,weak,0,0,0
chr12,128449504,128449725,100pM,weak,0,0,0
chr12,132466736,132466990,100pM,weak,0,0,0
chr13,22655280,22655534,100pM,weak,0,0,0
chr13,23450369,23450579,100pM,weak,0,0,0
chr13,26978391,26978634,100pM,weak,0,0,0
chr13,27500769,27500965,100pM,weak,0,0,0
chr13,27957075,27957261,100pM,weak,0,0,0
chr13,30023421,30023630,100pM,weak,0,0,0
chr13,30338527,30338892,100pM,weak,0,0,0
chr13,42882577,42882830,100pM,weak,0,0,0
chr13,53605388,53605613,100pM,weak,0,0,0
chr13,65214587,65214841,100pM,weak,0,0,0
chr13,68745605,68745814,100pM,weak,0,0,0
chr13,71713147,71713354,100pM,weak,0,0,0
chr13,82091049,82091270,100pM,weak,0,0,0
chr13,82305656,82306035,100pM,weak,0,0,0
chr13,93224670,93224919,100pM,weak,0,0,0
chr13,93234078,93234321,100pM,weak,0,0,0
chr13,93366248,93366454,100pM,weak,0,0,0
chr13,97279954,97280208,100pM,weak,0,0,0
chr13,98650344,98650610,100pM,weak,0,0,0
chr13,103730415,103730725,100pM,weak,0,0,0
chr13,103798938,103799210,100pM,weak,0,0,0
chr13,104641374,104641658,100pM,weak,0,0,0
chr13,106737071,106737310,100pM,weak,0,0,0
chr13,106749835,106750114,100pM,weak,0,0,0
chr13,106753340,106753595,100pM,weak,0,0,0
chr13,109614948,109615142,100pM,weak,0,0,0
chr13,112594192,112594591,100pM,weak,0,0,0
chr13,112616750,112617036,100pM,weak,0,0,0
chr13,112722972,112723163,100pM,weak,0,0,0
chr13,112913545,112913764,100pM,weak,0,0,0
chr14,22273381,22273820,100pM,weak,0,0,0
chr14,33492806,33493010,100pM,weak,0,0,0
chr14,36634376,36634639,100pM,weak,0,0,0
chr14,38427247,38427500,100pM,weak,0,0,0
chr14,40816485,40816751,100pM,weak,0,0,0
chr14,42720126,42720327,100pM,weak,0,0,0
chr14,43649666,43649888,100pM,weak,0,0,0
chr14,43875247,43875511,100pM,weak,0,0,0
chr14,49992931,49993271,100pM,weak,0,0,0
chr14,50876545,50876759,100pM,weak,0,0,0
chr14,53103943,53104152,100pM,weak,0,0,1
chr14,66536921,66537360,100pM,weak,0,0,0
chr14,74147057,74147320,100pM,weak,0,1,0
chr14,81287418,81287621,100pM,weak,0,0,0
chr14,95445332,95445593,100pM,weak,0,0,0
chr14,95511868,95512093,100pM,weak,0,0,0
chr14,98129859,98130079,100pM,weak,0,0,0
chr14,98826545,98826777,100pM,weak,0,0,0
chr14,105603570,105603771,100pM,weak,0,0,0
chr14,105624659,105624928,100pM,weak,0,0,0
chr14,105668428,105668631,100pM,weak,0,0,0
chr15,22964436,22964633,100pM,weak,0,0,0
chr15,24944953,24945235,100pM,weak,0,0,0
chr15,39534351,39534678,100pM,weak,0,0,0
chr15,42046699,42046952,100pM,weak,0,0,0
chr15,42066685,42066886,100pM,weak,0,0,0
chr15,43922186,43922372,100pM,weak,0,0,0
chr15,44267569,44267755,100pM,weak,0,0,0
chr15,52656484,52656759,100pM,weak,0,0,0
chr15,56580555,56580764,100pM,weak,0,0,0
chr15,57525901,57526089,100pM,weak,0,0,0
chr15,58425915,58426134,100pM,weak,0,0,0
chr15,59905799,59906014,100pM,weak,0,0,0
chr15,62785972,62786164,100pM,weak,0,0,0
chr15,64521990,64522246,100pM,weak,0,0,0
chr15,64623892,64624243,100pM,weak,0,0,0
chr15,65259349,65259549,100pM,weak,0,0,0
chr15,65260827,65261097,100pM,weak,0,0,0
chr15,65263084,65263337,100pM,weak,0,0,0
chr15,65266505,65266820,100pM,weak,0,0,0
chr15,70029400,70029647,100pM,weak,0,0,0
chr15,70308278,70308561,100pM,weak,0,0,0
chr15,70318981,70319294,100pM,weak,0,0,0
chr15,70528442,70528735,100pM,weak,0,0,0
chr15,71969034,71969269,100pM,weak,0,0,0
chr15,73940534,73940781,100pM,weak,0,0,0
chr15,74010912,74011117,100pM,weak,0,0,0
chr15,76108057,76108323,100pM,weak,0,0,0
chr15,78135404,78135724,100pM,weak,1,0,0
chr15,81372659,81372947,100pM,weak,0,0,0
chr15,81388320,81388580,100pM,weak,0,0,0
chr15,87191677,87191875,100pM,weak,0,0,0
chr15,87878144,87878478,100pM,weak,0,0,0
chr15,89108946,89109132,100pM,weak,0,0,0
chr15,89129832,89130054,100pM,weak,0,0,0
chr15,94078219,94078471,100pM,weak,0,0,0
chr15,94834506,94834781,100pM,weak,0,0,0
chr15,99452513,99452704,100pM,weak,0,0,0
chr16,1190822,1191070,100pM,weak,0,0,0
chr16,2744775,2744977,100pM,weak,0,0,0
chr16,4171126,4171327,100pM,weak,0,0,0
chr16,14025442,14025664,100pM,weak,0,0,0
chr16,17295528,17295794,100pM,weak,0,1,0
chr16,65739358,65739576,100pM,weak,0,0,0
chr16,65904317,65904516,100pM,weak,0,0,0
chr16,72913376,72913774,100pM,weak,0,0,0
chr16,72944927,72945183,100pM,weak,0,0,0
chr16,76871370,76871890,100pM,weak,0,0,0
chr16,76878467,76878696,100pM,weak,0,0,0
chr16,78050880,78051174,100pM,weak,0,0,0
chr16,80723453,80723646,100pM,weak,0,0,0
chr16,85145240,85145452,100pM,weak,0,0,0
chr16,85970816,85971035,100pM,weak,0,0,0
chr17,7957750,7958006,100pM,weak,0,0,0
chr17,16942338,16942570,100pM,weak,0,0,0
chr17,27321684,27321875,100pM,weak,0,0,1
chr17,29158867,29159116,100pM,weak,0,0,0
chr17,36000804,36001051,100pM,weak,0,0,0
chr17,43539428,43539654,100pM,weak,0,0,0
chr17,48536715,48536938,100pM,weak,0,0,0
chr17,49049149,49049400,100pM,weak,0,0,0
chr17,50785246,50785461,100pM,weak,0,0,0
chr17,51522787,51522985,100pM,weak,0,0,0
chr17,55707519,55707803,100pM,weak,0,0,0
chr17,56406676,56406954,100pM,weak,0,0,0
chr17,65308727,65308964,100pM,weak,0,0,0
chr17,68339655,68339930,100pM,weak,0,0,0
chr17,71543649,71543840,100pM,weak,0,0,0
chr17,71974159,71974416,100pM,weak,0,0,0
chr17,82614020,82614256,100pM,weak,0,0,0
chr18,2894701,2894890,100pM,weak,0,0,0
chr18,3646249,3646547,100pM,weak,0,0,1
chr18,9705336,9705568,100pM,weak,0,0,0
chr18,9785415,9785685,100pM,weak,0,0,0
chr18,10318056,10318264,100pM,weak,0,0,0
chr18,11177623,11178084,100pM,weak,0,0,0
chr18,11269017,11269293,100pM,weak,0,0,0
chr18,14946616,14946891,100pM,weak,0,0,0
chr18,21251541,21251825,100pM,weak,0,1,0
chr18,21330159,21330443,100pM,weak,0,0,0
chr18,23684649,23684837,100pM,weak,0,0,0
chr18,24051347,24051605,100pM,weak,0,0,0
chr18,25040080,25040280,100pM,weak,0,0,0
chr18,25042797,25043079,100pM,weak,0,0,0
chr18,27042194,27042397,100pM,weak,0,0,0
chr18,43876789,43877036,100pM,weak,0,0,0
chr18,44729793,44730007,100pM,weak,0,0,0
chr18,44831724,44831991,100pM,weak,0,0,0
chr18,45342196,45342406,100pM,weak,0,0,0
chr18,49723681,49723884,100pM,weak,0,0,0
chr18,57242392,57242622,100pM,weak,0,0,0
chr18,60053903,60054101,100pM,weak,0,0,0
chr18,61922848,61923034,100pM,weak,0,0,0
chr18,69752964,69753171,100pM,weak,0,0,0
chr18,74961193,74961456,100pM,weak,0,0,1
chr18,75825529,75825729,100pM,weak,0,0,0
chr18,77043367,77043654,100pM,weak,0,0,0
chr18,78974698,78974914,100pM,weak,0,0,0
chr19,454919,455227,100pM,weak,0,0,0
chr19,2535599,2535828,100pM,weak,0,0,0
chr19,3737183,3737505,100pM,weak,0,0,0
chr19,14844222,14844458,100pM,weak,0,0,0
chr19,15978103,15978328,100pM,weak,0,0,0
chr19,23404913,23405115,100pM,weak,0,0,0
chr19,23565410,23565723,100pM,weak,0,0,0
chr19,30687459,30687671,100pM,weak,0,0,0
chr19,31002708,31002944,100pM,weak,0,0,0
chr19,31369416,31369637,100pM,weak,0,0,0
chr19,31457961,31458149,100pM,weak,0,0,0
chr19,31823342,31823538,100pM,weak,0,0,0
chr19,48772640,48772873,100pM,weak,0,0,0
chr2,567035,567308,100pM,weak,0,0,0
chr2,902430,902839,100pM,weak,0,0,0
chr2,1692697,1692883,100pM,weak,0,0,0
chr2,1946911,1947149,100pM,weak,0,0,0
chr2,5131109,5131361,100pM,weak,0,0,0
chr2,5831184,5831472,100pM,weak,0,0,0
chr2,5910134,5910329,100pM,weak,0,0,0
chr2,7134228,7134471,100pM,weak,0,0,0
chr2,8103142,8103398,100pM,weak,0,0,0
chr2,8125832,8126046,100pM,weak,0,0,0
chr2,8274956,8275241,100pM,weak,0,0,0
chr2,9806319,9806505,100pM,weak,0,0,0
chr2,9807858,9808045,100pM,weak,0,0,0
chr2,13113121,13113432,100pM,weak,0,0,0
chr2,13545424,13545645,100pM,weak,0,0,0
chr2,15642285,15642499,100pM,weak,0,0,0
chr2,15766386,15766655,100pM,weak,0,0,0
chr2,16630981,16631175,100pM,weak,0,0,0
chr2,16817617,16817827,100pM,weak,0,0,0
chr2,26197915,26198136,100pM,weak,0,0,0
chr2,29106043,29106250,100pM,weak,0,0,0
chr2,38514760,38515187,100pM,weak,0,0,1
chr2,38905957,38906164,100pM,weak,0,0,1
chr2,41614371,41614576,100pM,weak,0,0,0
chr2,41728805,41729146,100pM,weak,0,0,0
chr2,42035961,42036206,100pM,weak,0,0,0
chr2,42366292,42366640,100pM,weak,0,0,1
chr2,42782810,42783066,100pM,weak,0,0,0
chr2,53520813,53521045,100pM,weak,0,0,0
chr2,54574499,54574729,100pM,weak,0,0,0
chr2,54904979,54905216,100pM,weak,0,0,0
chr2,55392163,55392400,100pM,weak,0,0,0
chr2,57990284,57990654,100pM,weak,0,0,0
chr2,75321828,75322082,100pM,weak,0,0,0
chr2,76378231,76378417,100pM,weak,0,0,0
chr2,76832566,76832836,100pM,weak,0,0,0
chr2,95676794,95676996,100pM,weak,0,0,0
chr2,96329707,96329939,100pM,weak,0,0,0
chr2,99574154,99574379,100pM,weak,0,0,0
chr2,106530683,106530880,100pM,weak,0,0,0
chr2,108295702,108295906,100pM,weak,0,0,1
chr2,111932821,111933116,100pM,weak,0,0,0
chr2,121065088,121065366,100pM,weak,0,0,0
chr2,123051697,123051915,100pM,weak,0,0,0
chr2,129914589,129914920,100pM,weak,0,0,0
chr2,133582887,133583086,100pM,weak,0,0,0
chr2,134823451,134823690,100pM,weak,0,0,0
chr2,137490985,137491187,100pM,weak,0,0,0
chr2,137874009,137874504,100pM,weak,0,0,0
chr2,139199256,139199487,100pM,weak,0,0,0
chr2,139773677,139773966,100pM,weak,0,0,0
chr2,141710720,141710945,100pM,weak,0,0,0
chr2,148607644,148607830,100pM,weak,0,0,0
chr2,149077996,149078227,100pM,weak,0,0,0
chr2,149422970,149423312,100pM,weak,0,0,0
chr2,149991106,149991424,100pM,weak,0,0,0
chr2,150739216,150739412,100pM,weak,0,1,0
chr2,153464546,153464761,100pM,weak,0,0,0
chr2,154403500,154403754,100pM,weak,0,0,0
chr2,154678875,154679120,100pM,weak,0,0,0
chr2,155190427,155190624,100pM,weak,0,0,0
chr2,156537194,156537413,100pM,weak,0,0,0
chr2,156538938,156539129,100pM,weak,0,0,0
chr2,156903353,156903639,100pM,weak,0,0,0
chr2,158727353,158727616,100pM,weak,0,0,0
chr2,158740780,158741041,100pM,weak,0,0,0
chr2,158742784,158743008,100pM,weak,0,0,0
chr2,160993633,160993845,100pM,weak,0,0,0
chr2,162489352,162489620,100pM,weak,0,0,0
chr2,163626655,163626868,100pM,weak,0,0,0
chr2,163840414,163840772,100pM,weak,0,0,0
chr2,168853316,168853580,100pM,weak,0,0,0
chr2,170237809,170237999,100pM,weak,0,0,0
chr2,170238797,170239089,100pM,weak,0,0,0
chr2,172380584,172380903,100pM,weak,0,0,0
chr2,173883407,173883609,100pM,weak,0,0,0
chr2,177385243,177385581,100pM,weak,0,0,1
chr2,177534947,177535216,100pM,weak,0,0,0
chr2,179446796,179447049,100pM,weak,0,0,0
chr2,185229646,185229896,100pM,weak,0,0,0
chr2,185393292,185393486,100pM,weak,0,0,0
chr2,187986357,187986559,100pM,weak,0,0,0
chr2,190417263,190417478,100pM,weak,0,0,0
chr2,193801037,193801274,100pM,weak,0,0,0
chr2,194366115,194366320,100pM,weak,0,0,0
chr2,195038217,195038409,100pM,weak,0,0,0
chr2,202362168,202362389,100pM,weak,0,0,0
chr2,219478573,219478835,100pM,weak,0,0,0
chr2,221767486,221767845,100pM,weak,0,0,0
chr2,223021420,223021612,100pM,weak,0,0,0
chr2,223453216,223453472,100pM,weak,0,0,0
chr2,225646732,225647117,100pM,weak,0,0,0
chr2,225843039,225843438,100pM,weak,0,0,0
chr2,227703317,227703571,100pM,weak,0,0,0
chr2,229815438,229815806,100pM,weak,0,0,0
chr2,236611570,236611884,100pM,weak,0,0,0
chr2,236896765,236896982,100pM,weak,0,0,0
chr2,237323142,237323328,100pM,weak,0,0,0
chr2,240369433,240369670,100pM,weak,0,0,0
chr20,4136595,4136875,100pM,weak,0,0,0
chr20,8243878,8244135,100pM,weak,0,0,0
chr20,9531706,9531900,100pM,weak,0,0,0
chr20,20077345,20077536,100pM,weak,0,0,0
chr20,25056197,25056417,100pM,weak,0,0,0
chr20,36083293,36083547,100pM,weak,0,0,0
chr20,38109290,38109487,100pM,weak,0,0,0
chr20,38145072,38145275,100pM,weak,0,0,0
chr20,39463626,39464041,100pM,weak,0,0,0
chr20,45696698,45696970,100pM,weak,0,0,0
chr20,50076726,50076966,100pM,weak,0,0,0
chr20,56919250,56919485,100pM,weak,0,1,0
chr21,15173073,15173384,100pM,weak,0,0,0
chr21,15342554,15342920,100pM,weak,0,0,0
chr21,15371022,15371234,100pM,weak,0,0,0
chr21,15547553,15547887,100pM,weak,0,0,0
chr21,21317492,21317705,100pM,weak,0,0,1
chr21,21888995,21889191,100pM,weak,0,0,0
chr21,21921486,21921783,100pM,weak,0,0,0
chr21,23016479,23016771,100pM,weak,0,0,0
chr21,35261829,35262078,100pM,weak,0,0,0
chr21,37768034,37768344,100pM,weak,0,0,0
chr21,38123289,38123475,100pM,weak,0,0,0
chr21,39628577,39628777,100pM,weak,0,0,0
chr21,39723529,39723762,100pM,weak,0,0,0
chr21,39985321,39985530,100pM,weak,0,0,0
chr21,40314351,40314592,100pM,weak,0,0,0
chr21,41149150,41149460,100pM,weak,0,0,0
chr21,41530346,41530580,100pM,weak,0,0,0
chr21,42060051,42060314,100pM,weak,0,0,0
chr21,42392758,42392978,100pM,weak,0,0,0
chr21,46200949,46201210,100pM,weak,0,0,0
chr22,30536441,30536706,100pM,weak,0,0,0
chr22,39653580,39653785,100pM,weak,0,0,0
chr22,40006758,40007018,100pM,weak,0,0,0
chr22,43391279,43391617,100pM,weak,0,0,0
chr22,43400007,43400203,100pM,weak,0,0,0
chr22,44511709,44511919,100pM,weak,0,1,0
chr22,48135723,48135924,100pM,weak,0,0,0
chr3,4113771,4113971,100pM,weak,0,0,0
chr3,4595750,4596042,100pM,weak,0,0,0
chr3,4624962,4625172,100pM,weak,0,0,0
chr3,8293866,8294103,100pM,weak,0,0,0
chr3,8329919,8330161,100pM,weak,0,0,0
chr3,14265355,14265545,100pM,weak,0,0,0
chr3,16417391,16417600,100pM,weak,0,0,0
chr3,16897597,16897832,100pM,weak,0,0,0
chr3,22864083,22864359,100pM,weak,0,0,0
chr3,37179196,37179450,100pM,weak,0,0,0
chr3,42855473,42855692,100pM,weak,0,0,0
chr3,43185260,43185695,100pM,weak,0,0,0
chr3,43185796,43186008,100pM,weak,0,0,0
chr3,43770010,43770339,100pM,weak,0,0,0
chr3,47035618,47035804,100pM,weak,0,0,0
chr3,53023022,53023302,100pM,weak,0,0,0
chr3,53551302,53551540,100pM,weak,0,0,0
chr3,54863757,54864017,100pM,weak,0,0,0
chr3,57145759,57145955,100pM,weak,0,0,0
chr3,61688751,61688944,100pM,weak,0,0,0
chr3,61727612,61727811,100pM,weak,0,0,0
chr3,62932783,62932995,100pM,weak,0,0,0
chr3,65718039,65718314,100pM,weak,0,0,0
chr3,65925300,65925559,100pM,weak,0,0,0
chr3,75324783,75325034,100pM,weak,0,0,0
chr3,77338258,77338534,100pM,weak,0,0,0
chr3,77563046,77563368,100pM,weak,0,0,0
chr3,81809445,81809657,100pM,weak,0,0,0
chr3,84143716,84143951,100pM,weak,0,0,0
chr3,87263227,87263433,100pM,weak,0,0,0
chr3,97131551,97131761,100pM,weak,0,0,0
chr3,100559641,100559834,100pM,weak,0,0,0
chr3,102153868,102154096,100pM,weak,0,0,0
chr3,106680750,106681060,100pM,weak,0,0,0
chr3,108414309,108414548,100pM,weak,0,0,0
chr3,108451553,108451750,100pM,weak,0,0,0
chr3,115038948,115039255,100pM,weak,0,0,0
chr3,124552218,124552508,100pM,weak,0,0,0
chr3,126211822,126212014,100pM,weak,0,0,0
chr3,133019196,133019487,100pM,weak,0,0,0
chr3,134040050,134040290,100pM,weak,0,0,0
chr3,134327660,134327879,100pM,weak,0,0,0
chr3,146115710,146115906,100pM,weak,0,0,0
chr3,148462167,148462497,100pM,weak,0,0,0
chr3,152211769,152211994,100pM,weak,0,0,0
chr3,156542396,156542628,100pM,weak,0,0,0
chr3,157168653,157168878,100pM,weak,0,0,0
chr3,161272659,161272909,100pM,weak,0,0,1
chr3,164437136,164437408,100pM,weak,0,0,0
chr3,164634837,164635256,100pM,weak,0,0,0
chr3,165331635,165331894,100pM,weak,0,0,0
chr3,165333314,165333529,100pM,weak,0,0,0
chr3,168953555,168953827,100pM,weak,0,0,0
chr3,168957341,168957609,100pM,weak,0,0,0
chr3,170334848,170335123,100pM,weak,0,1,0
chr3,170349167,170349378,100pM,weak,0,0,0
chr3,171129081,171129287,100pM,weak,0,0,0
chr3,172156706,172156921,100pM,weak,0,0,0
chr3,182527889,182528091,100pM,weak,0,0,0
chr3,182699859,182700159,100pM,weak,0,0,0
chr3,188491489,188491834,100pM,weak,0,0,0
chr3,189641799,189642104,100pM,weak,0,0,0
chr3,191237540,191237729,100pM,weak,0,0,0
chr3,191449486,191449705,100pM,weak,0,0,0
chr3,192818217,192818432,100pM,weak,0,0,0
chr3,194342700,194342895,100pM,weak,0,0,0
chr4,1245468,1245789,100pM,weak,0,0,0
chr4,15963018,15963221,100pM,weak,0,0,0
chr4,17489799,17489994,100pM,weak,0,0,0
chr4,26453046,26453236,100pM,weak,0,0,0
chr4,36001032,36001259,100pM,weak,0,0,0
chr4,37988161,37988377,100pM,weak,0,0,0
chr4,38966426,38966649,100pM,weak,0,0,0
chr4,40548417,40548674,100pM,weak,0,1,0
chr4,48047838,48048138,100pM,weak,0,0,0
chr4,48853081,48853421,100pM,weak,1,0,0
chr4,48961825,48962011,100pM,weak,0,0,0
chr4,49181140,49181434,100pM,weak,0,0,0
chr4,67930012,67930289,100pM,weak,0,0,0
chr4,69558564,69558874,100pM,weak,0,1,0
chr4,78310211,78310434,100pM,weak,0,0,0
chr4,79630308,79630563,100pM,weak,0,0,0
chr4,79954152,79954404,100pM,weak,0,0,1
chr4,80840323,80840564,100pM,weak,0,0,0
chr4,83584466,83584670,100pM,weak,0,1,0
chr4,88754108,88754305,100pM,weak,0,0,0
chr4,89701241,89701490,100pM,weak,0,0,0
chr4,90787645,90787847,100pM,weak,0,0,0
chr4,94691044,94691230,100pM,weak,0,0,0
chr4,98505765,98506044,100pM,weak,0,0,0
chr4,100705452,100705751,100pM,weak,0,0,1
chr4,100779680,100779954,100pM,weak,0,0,0
chr4,101885604,101885811,100pM,weak,0,0,0
chr4,102404867,102405059,100pM,weak,0,0,0
chr4,105126508,105126698,100pM,weak,0,0,0
chr4,106062557,106062819,100pM,weak,0,0,0
chr4,109453104,109453294,100pM,weak,0,0,0
chr4,111436036,111436389,100pM,weak,0,0,0
chr4,114326412,114326681,100pM,weak,0,0,0
chr4,125419973,125420240,100pM,weak,0,0,0
chr4,133016373,133016617,100pM,weak,0,0,0
chr4,143036470,143036751,100pM,weak,0,0,0
chr4,145736365,145736655,100pM,weak,0,0,0
chr4,148004352,148004538,100pM,weak,0,0,0
chr4,155535899,155536096,100pM,weak,0,0,0
chr4,158805620,158805828,100pM,weak,0,0,0
chr4,159489795,159490098,100pM,weak,0,0,0
chr4,161187685,161187883,100pM,weak,0,0,0
chr4,161337189,161337394,100pM,weak,0,0,0
chr4,162650870,162651145,100pM,weak,0,0,0
chr4,162783308,162783578,100pM,weak,0,0,0
chr4,172870552,172870810,100pM,weak,0,0,0
chr4,180146217,180146463,100pM,weak,0,0,0
chr4,185510785,185511105,100pM,weak,0,0,0
chr5,5136070,5136263,100pM,weak,0,0,0
chr5,5159488,5159709,100pM,weak,0,0,0
chr5,5633586,5633880,100pM,weak,0,0,0
chr5,12041306,12041524,100pM,weak,0,0,0
chr5,12109368,12109679,100pM,weak,0,0,0
chr5,15283988,15284190,100pM,weak,0,0,0
chr5,15573644,15573842,100pM,weak,0,0,0
chr5,19488886,19489163,100pM,weak,0,0,0
chr5,19885113,19885449,100pM,weak,0,0,0
chr5,20502026,20502248,100pM,weak,0,0,0
chr5,28505131,28505424,100pM,weak,0,0,0
chr5,33614239,33614540,100pM,weak,0,0,0
chr5,39533841,39534072,100pM,weak,0,0,0
chr5,42036488,42036677,100pM,weak,0,0,0
chr5,53476963,53477388,100pM,weak,0,0,0
chr5,53726364,53726596,100pM,weak,0,0,0
chr5,54656195,54656470,100pM,weak,0,0,0
chr5,58095371,58095598,100pM,weak,0,0,0
chr5,58144264,58144490,100pM,weak,0,0,0
chr5,61280940,61281137,100pM,weak,0,0,0
chr5,68545677,68545881,100pM,weak,0,0,0
chr5,76304064,76304355,100pM,weak,0,0,0
chr5,76527900,76528141,100pM,weak,0,0,0
chr5,82985166,82985352,100pM,weak,0,0,0
chr5,83387106,83387365,100pM,weak,0,0,0
chr5,91939177,91939365,100pM,weak,0,0,0
chr5,92991685,92991929,100pM,weak,0,0,0
chr5,93193884,93194116,100pM,weak,0,0,0
chr5,99602037,99602330,100pM,weak,0,1,0
chr5,100755457,100755687,100pM,weak,0,0,0
chr5,103409273,103409469,100pM,weak,0,0,0
chr5,105388608,105388865,100pM,weak,0,0,0
chr5,105397595,105397816,100pM,weak,0,0,0
chr5,105616707,105617030,100pM,weak,0,0,0
chr5,106245330,106245552,100pM,weak,0,0,0
chr5,107265320,107265721,100pM,weak,0,0,0
chr5,118139542,118139787,100pM,weak,0,0,0
chr5,118775878,118776146,100pM,weak,0,0,0
chr5,122869284,122869586,100pM,weak,0,0,0
chr5,125027531,125027828,100pM,weak,0,0,0
chr5,126095153,126095339,100pM,weak,0,0,0
chr5,126105021,126105216,100pM,weak,0,0,0
chr5,129355264,129355487,100pM,weak,0,0,0
chr5,134554272,134554482,100pM,weak,0,0,0
chr5,135297004,135297326,100pM,weak,0,0,0
chr5,135410405,135410605,100pM,weak,0,0,0
chr5,137808869,137809217,100pM,weak,0,0,0
chr5,137888775,137888994,100pM,weak,0,0,0
chr5,139492632,139492887,100pM,weak,0,0,0
chr5,141831018,141831237,100pM,weak,0,1,0
chr5,145428137,145428354,100pM,weak,0,1,0
chr5,148196263,148196478,100pM,weak,0,0,0
chr5,149184037,149184223,100pM,weak,0,0,0
chr5,149680244,149680493,100pM,weak,0,0,0
chr5,149878149,149878411,100pM,weak,0,0,0
chr5,158392710,158392981,100pM,weak,0,0,0
chr5,158465592,158465823,100pM,weak,0,0,0
chr5,160169957,160170186,100pM,weak,0,0,0
chr5,169099645,169099940,100pM,weak,0,0,0
chr5,173673490,173673716,100pM,weak,0,0,0
chr5,173797537,173797776,100pM,weak,0,1,0
chr5,175261302,175261492,100pM,weak,0,0,0
chr5,179069169,179069436,100pM,weak,0,1,0
chr6,643114,643316,100pM,weak,0,0,0
chr6,1832757,1832992,100pM,weak,0,0,0
chr6,2040582,2040914,100pM,weak,0,0,0
chr6,2820081,2820336,100pM,weak,0,0,0
chr6,3718259,3718445,100pM,weak,0,0,0
chr6,6409644,6409846,100pM,weak,0,0,0
chr6,6703797,6704120,100pM,weak,0,1,0
chr6,9248226,9248414,100pM,weak,0,0,0
chr6,9496952,9497169,100pM,weak,0,0,0
chr6,10598334,10598536,100pM,weak,0,0,0
chr6,10859023,10859247,100pM,weak,0,0,0
chr6,11305110,11305306,100pM,weak,0,0,0
chr6,12844382,12844605,100pM,weak,0,0,1
chr6,14619588,14619776,100pM,weak,0,0,0
chr6,15444944,15445249,100pM,weak,0,0,0
chr6,20693782,20694031,100pM,weak,0,0,1
chr6,23074413,23074627,100pM,weak,0,0,0
chr6,32554216,32554533,100pM,weak,0,0,0
chr6,32567001,32567192,100pM,weak,0,0,0
chr6,33762145,33762357,100pM,weak,0,0,0
chr6,45507399,45507590,100pM,weak,0,0,0
chr6,46974921,46975147,100pM,weak,0,0,0
chr6,63491097,63491364,100pM,weak,0,0,0
chr6,82261666,82261923,100pM,weak,0,0,0
chr6,95765853,95766039,100pM,weak,0,0,0
chr6,97947796,97948069,100pM,weak,0,0,0
chr6,105628592,105628778,100pM,weak,0,0,0
chr6,106135149,106135430,100pM,weak,0,0,0
chr6,110554940,110555289,100pM,weak,0,0,0
chr6,110557439,110557626,100pM,weak,0,0,0
chr6,119800947,119801253,100pM,weak,0,0,0
chr6,119967938,119968293,100pM,weak,0,0,0
chr6,121817285,121817533,100pM,weak,0,0,0
chr6,122694663,122694849,100pM,weak,0,0,0
chr6,134521298,134521576,100pM,weak,0,0,0
chr6,139512570,139512813,100pM,weak,0,0,0
chr6,139569287,139569529,100pM,weak,0,0,0
chr6,148838085,148838353,100pM,weak,0,0,0
chr6,154157787,154157978,100pM,weak,0,0,0
chr6,156825345,156825566,100pM,weak,0,0,0
chr6,158705521,158705762,100pM,weak,0,0,0
chr6,158707140,158707431,100pM,weak,0,0,0
chr6,165049349,165049641,100pM,weak,0,0,0
chr6,167523018,167523305,100pM,weak,0,0,0
chr7,2811179,2811378,100pM,weak,0,0,0
chr7,3100735,3100969,100pM,weak,0,0,1
chr7,7321759,7321971,100pM,weak,0,0,0
chr7,10568998,10569316,100pM,weak,0,0,0
chr7,10652017,10652223,100pM,weak,0,0,0
chr7,10663383,10663594,100pM,weak,0,0,0
chr7,17232676,17232876,100pM,weak,0,0,0
chr7,26553667,26553927,100pM,weak,0,0,0
chr7,26558500,26558863,100pM,weak,0,0,0
chr7,26590797,26590993,100pM,weak,0,0,0
chr7,26689709,26689899,100pM,weak,0,0,0
chr7,27737635,27737857,100pM,weak,0,1,0
chr7,29456097,29456344,100pM,weak,0,0,0
chr7,29947232,29947434,100pM,weak,0,0,0
chr7,30159967,30160186,100pM,weak,0,0,0
chr7,34491072,34491338,100pM,weak,0,0,0
chr7,35161192,35161403,100pM,weak,0,0,0
chr7,37978450,37978663,100pM,weak,0,0,0
chr7,45543558,45543826,100pM,weak,0,0,0
chr7,46886661,46886887,100pM,weak,0,0,0
chr7,47532500,47532705,100pM,weak,0,0,0
chr7,64599353,64599744,100pM,weak,0,0,0
chr7,64639423,64639834,100pM,weak,0,0,0
chr7,66016143,66016340,100pM,weak,0,0,0
chr7,73891376,73891763,100pM,weak,0,0,0
chr7,75000948,75001155,100pM,weak,0,1,1
chr7,80876886,80877189,100pM,weak,0,0,0
chr7,80998100,80998344,100pM,weak,0,0,0
chr7,81065449,81065654,100pM,weak,0,0,0
chr7,81067996,81068219,100pM,weak,0,0,0
chr7,81168309,81168516,100pM,weak,0,0,0
chr7,81171303,81171518,100pM,weak,0,0,0
chr7,84529455,84529657,100pM,weak,0,0,0
chr7,84611403,84611755,100pM,weak,0,0,0
chr7,84953163,84953407,100pM,weak,0,0,0
chr7,87376227,87376431,100pM,weak,0,0,0
chr7,87528911,87529097,100pM,weak,0,0,0
chr7,91504235,91504474,100pM,weak,0,0,0
chr7,93551895,93552111,100pM,weak,0,0,0
chr7,93811317,93811503,100pM,weak,0,0,0
chr7,98315658,98315857,100pM,weak,0,0,0
chr7,102993087,102993295,100pM,weak,0,0,0
chr7,105284118,105284307,100pM,weak,0,0,0
chr7,110760755,110760957,100pM,weak,0,0,0
chr7,112085161,112085470,100pM,weak,0,0,0
chr7,116426491,116426752,100pM,weak,0,0,0
chr7,117982506,117982762,100pM,weak,0,0,0
chr7,118743878,118744064,100pM,weak,0,0,0
chr7,120717192,120717439,100pM,weak,0,0,0
chr7,128109167,128109413,100pM,weak,0,0,0
chr7,135936713,135936968,100pM,weak,0,0,0
chr7,139741826,139742172,100pM,weak,0,0,0
chr7,142305231,142305472,100pM,weak,0,0,0
chr7,152575399,152575597,100pM,weak,0,0,0
chr7,157621054,157621329,100pM,weak,0,0,0
chr8,1623298,1623688,100pM,weak,0,0,0
chr8,3767150,3767453,100pM,weak,0,0,0
chr8,9119856,9120042,100pM,weak,0,0,0
chr8,9640652,9640864,100pM,weak,0,0,0
chr8,13210290,13210507,100pM,weak,0,0,0
chr8,15564638,15564913,100pM,weak,0,0,0
chr8,16716841,16717179,100pM,weak,0,0,0
chr8,17527902,17528131,100pM,weak,0,0,0
chr8,17618987,17619191,100pM,weak,0,0,0
chr8,17749780,17750083,100pM,weak,0,0,0
chr8,17838496,17838690,100pM,weak,0,0,0
chr8,20879118,20879305,100pM,weak,0,0,0
chr8,21492522,21492726,100pM,weak,0,0,0
chr8,23794112,23794330,100pM,weak,0,0,0
chr8,29115059,29115285,100pM,weak,0,0,0
chr8,29719304,29719531,100pM,weak,0,0,0
chr8,37062282,37062578,100pM,weak,0,0,0
chr8,37359716,37359917,100pM,weak,0,0,0
chr8,40041791,40042110,100pM,weak,0,0,0
chr8,40066946,40067132,100pM,weak,0,0,0
chr8,40744330,40744527,100pM,weak,0,0,0
chr8,41367709,41368003,100pM,weak,0,0,0
chr8,56760030,56760283,100pM,weak,0,0,0
chr8,58136872,58137130,100pM,weak,0,0,0
chr8,67810612,67810870,100pM,weak,0,0,0
chr8,69111685,69111902,100pM,weak,0,0,0
chr8,73314114,73314310,100pM,weak,0,0,0
chr8,74645627,74645832,100pM,weak,0,0,0
chr8,74757845,74758081,100pM,weak,0,0,0
chr8,76727018,76727227,100pM,weak,0,0,0
chr8,90581426,90581613,100pM,weak,0,0,0
chr8,90912933,90913119,100pM,weak,0,0,0
chr8,93221378,93221570,100pM,weak,0,0,0
chr8,93819546,93819741,100pM,weak,0,0,0
chr8,94092604,94092909,100pM,weak,0,0,0
chr8,97311898,97312087,100pM,weak,0,0,0
chr8,100660458,100660646,100pM,weak,0,0,0
chr8,110302591,110302939,100pM,weak,0,0,0
chr8,110865875,110866074,100pM,weak,0,0,0
chr8,119798381,119798568,100pM,weak,0,0,0
chr8,123580116,123580324,100pM,weak,0,0,0
chr8,133073064,133073258,100pM,weak,0,0,0
chr9,2495600,2495789,100pM,weak,0,0,0
chr9,4507756,4507945,100pM,weak,0,0,0
chr9,20478471,20478787,100pM,weak,0,0,0
chr9,35193905,35194100,100pM,weak,0,0,0
chr9,69293196,69293408,100pM,weak,0,0,0
chr9,69942737,69943053,100pM,weak,0,0,0
chr9,72009855,72010113,100pM,weak,0,0,0
chr9,72026196,72026397,100pM,weak,0,0,0
chr9,76980769,76981007,100pM,weak,0,0,0
chr9,78243183,78243409,100pM,weak,0,0,0
chr9,79266922,79267114,100pM,weak,0,0,0
chr9,80035723,80035944,100pM,weak,0,0,0
chr9,82073681,82073976,100pM,weak,0,0,0
chr9,84947693,84947880,100pM,weak,0,0,0
chr9,87465965,87466247,100pM,weak,0,0,0
chr9,87641085,87641355,100pM,weak,0,0,0
chr9,89765293,89765586,100pM,weak,0,0,0
chr9,89791049,89791261,100pM,weak,0,0,0
chr9,89888936,89889245,100pM,weak,0,0,0
chr9,90479790,90480049,100pM,weak,0,0,0
chr9,99660551,99660859,100pM,weak,0,0,0
chr9,107805166,107805399,100pM,weak,0,0,1
chr9,110575977,110576174,100pM,weak,0,0,0
chr9,113139521,113139876,100pM,weak,0,0,0
chr9,114545203,114545495,100pM,weak,0,0,0
chr9,114986271,114986594,100pM,weak,0,0,0
chr9,124749950,124750137,100pM,weak,0,0,0
chr9,129755709,129755979,100pM,weak,0,0,0
chr9,134895775,134895992,100pM,weak,0,0,0
chr9,135762632,135762860,100pM,weak,0,1,0
chrX,10159881,10160093,100pM,weak,0,0,0
chrX,12947949,12948258,100pM,weak,0,0,0
chrX,13499271,13499476,100pM,weak,0,0,0
chrX,16311753,16311943,100pM,weak,0,0,0
chrX,17007329,17007567,100pM,weak,0,0,0
chrX,18401801,18402078,100pM,weak,0,0,0
chrX,18836752,18836961,100pM,weak,0,0,0
chrX,19856490,19856686,100pM,weak,0,0,0
chrX,20471491,20471778,100pM,weak,0,0,0
chrX,21937414,21937669,100pM,weak,0,0,0
chrX,24379663,24379861,100pM,weak,0,0,0
chrX,39000665,39000951,100pM,weak,0,0,0
chrX,39619615,39619814,100pM,weak,0,0,0
chrX,40577484,40577756,100pM,weak,0,0,0
chrX,68364073,68364287,100pM,weak,0,0,0
chrX,68372635,68372873,100pM,weak,0,0,0
chrX,85357920,85358133,100pM,weak,0,0,0
chrX,106302401,106302588,100pM,weak,0,0,0
chrX,116285657,116285849,100pM,weak,0,0,0
chrX,119094455,119094641,100pM,weak,0,0,0
chrX,119309943,119310204,100pM,weak,0,0,0
chrX,124157053,124157329,100pM,weak,0,0,0
chrX,132437457,132437684,100pM,weak,0,0,0
chrX,136083526,136083841,100pM,weak,0,0,0
chrX,137988515,137988802,100pM,weak,0,0,0
chrX,150293464,150293765,100pM,weak,0,0,0
chrX,154649701,154649968,100pM,weak,0,0,0
chr1,1073678,1074129,1nM,strong,0,0,0
chr1,6959514,6959901,1nM,strong,0,0,0
chr1,6960467,6960830,1nM,strong,0,0,0
chr1,7447812,7448166,1nM,strong,0,0,0
chr1,9950489,9950729,1nM,strong,0,0,0
chr1,12485298,12485966,1nM,strong,0,0,0
chr1,12486333,12486739,1nM,strong,0,0,0
chr1,12600241,12600687,1nM,strong,0,0,0
chr1,14926055,14926360,1nM,strong,0,0,0
chr1,15015761,15016281,1nM,strong,0,0,0
chr1,15017175,15017494,1nM,strong,0,1,0
chr1,15025531,15025946,1nM,strong,0,1,0
chr1,16175953,16176143,1nM,strong,0,0,0
chr1,16608332,16608858,1nM,strong,0,0,0
chr1,16614327,16614627,1nM,strong,0,0,0
chr1,17520439,17520863,1nM,strong,0,0,0
chr1,17529475,17529939,1nM,strong,0,1,0
chr1,18365842,18366528,1nM,strong,0,0,0
chr1,19427223,19427535,1nM,strong,0,0,0
chr1,19596699,19596910,1nM,strong,0,0,0
chr1,20355925,20356115,1nM,strong,0,0,0
chr1,20356884,20357158,1nM,strong,0,0,0
chr1,20357290,20357607,1nM,strong,0,0,0
chr1,20358761,20358955,1nM,strong,0,0,0
chr1,21622202,21622399,1nM,strong,0,0,0
chr1,21634296,21634525,1nM,strong,0,0,0
chr1,21635679,21635892,1nM,strong,0,0,0
chr1,21638902,21639427,1nM,strong,0,0,0
chr1,22469467,22469845,1nM,strong,0,1,0
chr1,22472570,22472969,1nM,strong,0,0,0
chr1,22473128,22473375,1nM,strong,0,0,0
chr1,23530946,23531146,1nM,strong,0,0,0
chr1,23957158,23957400,1nM,strong,0,0,0
chr1,24011684,24011909,1nM,strong,0,0,0
chr1,24018922,24019127,1nM,strong,0,0,0
chr1,24567896,24568514,1nM,strong,0,0,0
chr1,24570438,24570752,1nM,strong,0,0,1
chr1,29227650,29227897,1nM,strong,0,0,0
chr1,30302766,30303545,1nM,strong,0,0,0
chr1,30345510,30346020,1nM,strong,0,0,0
chr1,31187128,31187306,1nM,strong,0,0,0
chr1,31368804,31369196,1nM,strong,0,0,0
chr1,31412867,31413114,1nM,strong,0,0,0
chr1,31830385,31831096,1nM,strong,0,0,0
chr1,31842897,31843251,1nM,strong,0,0,0
chr1,31880132,31880513,1nM,strong,0,0,0
chr1,31880927,31881133,1nM,strong,0,0,0
chr1,31938612,31938853,1nM,strong,0,0,0
chr1,32240512,32240732,1nM,strong,0,0,0
chr1,32332888,32333132,1nM,strong,0,0,0
chr1,36204173,36204414,1nM,strong,0,0,0
chr1,37793313,37793648,1nM,strong,0,0,0
chr1,39142863,39143169,1nM,strong,0,0,0
chr1,40141067,40141413,1nM,strong,0,0,0
chr1,40919431,40919682,1nM,strong,0,0,0
chr1,41501054,41501246,1nM,strong,0,0,0
chr1,41789462,41790164,1nM,strong,0,0,0
chr1,41860222,41860514,1nM,strong,0,0,0
chr1,41866277,41866646,1nM,strong,0,0,0
chr1,41868226,41868508,1nM,strong,0,0,0
chr1,42992395,42992755,1nM,strong,0,0,0
chr1,42993651,42993854,1nM,strong,0,0,0
chr1,43830879,43831133,1nM,strong,0,0,0
chr1,44819500,44819787,1nM,strong,0,1,0
chr1,45304686,45305021,1nM,strong,0,0,0
chr1,45516829,45517272,1nM,strong,0,1,0
chr1,46757743,46757945,1nM,strong,0,0,0
chr1,47771882,47772174,1nM,strong,0,0,0
chr1,51306909,51307377,1nM,strong,0,0,0
chr1,51321375,51321740,1nM,strong,0,0,0
chr1,51330417,51330621,1nM,strong,0,0,0
chr1,51558726,51558928,1nM,strong,0,0,0
chr1,51567650,51568006,1nM,strong,0,0,0
chr1,56788305,56788684,1nM,strong,0,0,0
chr1,64983178,64983493,1nM,strong,0,0,0
chr1,65044346,65044717,1nM,strong,0,0,0
chr1,71448618,71448981,1nM,strong,0,0,0
chr1,74652469,74652889,1nM,strong,0,0,0
chr1,85297942,85298121,1nM,strong,0,0,0
chr1,85830588,85830833,1nM,strong,0,0,0
chr1,107756413,107756674,1nM,strong,0,0,0
chr1,107936675,107936935,1nM,strong,0,0,0
chr1,108199205,108199512,1nM,strong,0,0,0
chr1,109115686,109115954,1nM,strong,0,0,0
chr1,109138036,109138266,1nM,strong,0,0,0
chr1,109152291,109152489,1nM,strong,0,0,0
chr1,109154634,109154837,1nM,strong,0,0,0
chr1,109199227,109199532,1nM,strong,0,0,0
chr1,109246327,109246512,1nM,strong,0,0,0
chr1,109725615,109725800,1nM,strong,0,0,0
chr1,113388233,113388465,1nM,strong,0,0,0
chr1,113388753,113388948,1nM,strong,0,0,0
chr1,113976649,113976918,1nM,strong,0,0,0
chr1,114034092,114034399,1nM,strong,0,0,0
chr1,115665480,115665754,1nM,strong,0,0,0
chr1,115713116,115713357,1nM,strong,0,0,0
chr1,116858983,116859242,1nM,strong,0,0,0
chr1,116879801,116880032,1nM,strong,0,0,0
chr1,145708160,145708649,1nM,strong,0,0,1
chr1,147669292,147669634,1nM,strong,0,0,0
chr1,147669743,147670037,1nM,strong,0,0,0
chr1,147716570,147716848,1nM,strong,0,0,0
chr1,150981785,150982064,1nM,strong,0,0,0
chr1,151004090,151004329,1nM,strong,0,1,0
chr1,151005963,151006157,1nM,strong,0,0,0
chr1,151007989,151008328,1nM,strong,0,0,0
chr1,151514187,151514424,1nM,strong,0,0,0
chr1,151993963,151994280,1nM,strong,0,0,0
chr1,156616556,156616807,1nM,strong,0,0,1
chr1,161566395,161566574,1nM,strong,0,0,0
chr1,162159461,162159821,1nM,strong,0,0,0
chr1,162163541,162163719,1nM,strong,0,0,0
chr1,162165594,162166172,1nM,strong,0,0,0
chr1,165162988,165163297,1nM,strong,0,0,0
chr1,169529390,169529701,1nM,strong,0,0,0
chr1,171257451,171257746,1nM,strong,0,0,0
chr1,177440911,177441219,1nM,strong,0,0,0
chr1,177448719,177449099,1nM,strong,0,0,0
chr1,177571838,177572033,1nM,strong,0,0,0
chr1,180167659,180168211,1nM,strong,0,0,0
chr1,180228501,180228823,1nM,strong,0,0,0
chr1,183023824,183024214,1nM,strong,0,0,0
chr1,184373235,184373482,1nM,strong,0,0,0
chr1,184626681,184626978,1nM,strong,0,0,0
chr1,197485904,197486171,1nM,strong,0,0,0
chr1,200016762,200017230,1nM,strong,0,0,0
chr1,202106436,202106640,1nM,strong,0,0,0
chr1,202108269,202108551,1nM,strong,0,0,0
chr1,202112820,202113162,1nM,strong,0,0,0
chr1,202132102,202132287,1nM,strong,0,0,0
chr1,202132591,202132820,1nM,strong,0,0,0
chr1,202335270,202335756,1nM,strong,0,0,0
chr1,203089230,203089769,1nM,strong,0,0,0
chr1,204380560,204380839,1nM,strong,0,0,0
chr1,204381179,204381376,1nM,strong,0,0,0
chr1,206842007,206842229,1nM,strong,0,0,0
chr1,206843544,206844123,1nM,strong,0,0,1
chr1,206847542,206847915,1nM,strong,0,0,0
chr1,206898677,206898863,1nM,strong,0,0,0
chr1,206901261,206901568,1nM,strong,0,0,0
chr1,206903587,206904111,1nM,strong,0,0,0
chr1,207950835,207951233,1nM,strong,0,0,0
chr1,209546430,209546697,1nM,strong,0,0,0
chr1,211258883,211259148,1nM,strong,0,0,0
chr1,215482055,215482532,1nM,strong,0,0,0
chr1,215540222,215540578,1nM,strong,0,0,0
chr1,223444540,223444793,1nM,strong,0,0,0
chr1,229165407,229165762,1nM,strong,0,0,0
chr1,230057921,230058167,1nM,strong,0,0,0
chr1,234875619,234875826,1nM,strong,0,0,0
chr1,234876246,234876802,1nM,strong,0,0,0
chr1,234963229,234963477,1nM,strong,0,0,0
chr10,88419,88668,1nM,strong,0,1,0
chr10,90223,90459,1nM,strong,0,0,0
chr10,92549,92781,1nM,strong,0,0,0
chr10,5488291,5488579,1nM,strong,0,1,0
chr10,5503619,5503812,1nM,strong,0,0,0
chr10,5659943,5660580,1nM,strong,0,0,0
chr10,6296750,6296991,1nM,strong,0,0,0
chr10,6297663,6298324,1nM,strong,0,0,0
chr10,8752485,8752807,1nM,strong,0,0,0
chr10,9038292,9038502,1nM,strong,0,0,0
chr10,9187083,9187297,1nM,strong,0,0,0
chr10,9188208,9188806,1nM,strong,0,0,0
chr10,12605857,12606105,1nM,strong,0,0,0
chr10,12872666,12872951,1nM,strong,0,1,0
chr10,12873244,12873652,1nM,strong,0,0,0
chr10,17445624,17446047,1nM,strong,0,0,0
chr10,22583711,22584172,1nM,strong,0,0,0
chr10,22633047,22633310,1nM,strong,0,0,0
chr10,26982177,26982434,1nM,strong,0,0,0
chr10,28496012,28496755,1nM,strong,0,0,0
chr10,28925417,28925824,1nM,strong,0,0,0
chr10,29108016,29108204,1nM,strong,0,0,0
chr10,29124873,29125350,1nM,strong,1,0,0
chr10,29622497,29622754,1nM,strong,0,0,0
chr10,29630317,29630677,1nM,strong,0,0,0
chr10,29812182,29812779,1nM,strong,0,1,0
chr10,43026417,43026760,1nM,strong,0,0,0
chr10,43110798,43111096,1nM,strong,0,0,0
chr10,44173282,44173882,1nM,strong,0,0,0
chr10,44642103,44642352,1nM,strong,0,0,0
chr10,46048093,46048435,1nM,strong,0,0,0
chr10,48287966,48288273,1nM,strong,0,0,0
chr10,48288839,48289075,1nM,strong,0,0,0
chr10,59322994,59323581,1nM,strong,0,0,0
chr10,60848257,60848987,1nM,strong,0,0,0
chr10,60942937,60943115,1nM,strong,0,0,0
chr10,61409862,61410169,1nM,strong,0,0,0
chr10,63630599,63631282,1nM,strong,0,0,0
chr10,63712115,63712434,1nM,strong,0,0,0
chr10,67788609,67788854,1nM,strong,0,0,0
chr10,68811591,68811908,1nM,strong,0,0,0
chr10,69213639,69214056,1nM,strong,0,0,0
chr10,69319449,69319654,1nM,strong,0,0,0
chr10,69439363,69439653,1nM,strong,0,0,0
chr10,72272640,72272922,1nM,strong,0,0,0
chr10,73965792,73966055,1nM,strong,0,0,0
chr10,74743382,74743671,1nM,strong,0,0,0
chr10,74821727,74822245,1nM,strong,0,0,0
chr10,75245443,75245672,1nM,strong,0,0,0
chr10,75262769,75263014,1nM,strong,0,0,0
chr10,77410048,77410427,1nM,strong,0,0,0
chr10,77416857,77417051,1nM,strong,0,0,0
chr10,77480073,77480523,1nM,strong,0,0,0
chr10,77872314,77872593,1nM,strong,0,0,0
chr10,77887590,77887839,1nM,strong,0,0,0
chr10,77889418,77889701,1nM,strong,0,0,0
chr10,78301924,78302357,1nM,strong,0,0,0
chr10,79128533,79128919,1nM,strong,0,0,0
chr10,79158527,79158814,1nM,strong,0,0,0
chr10,79239605,79239842,1nM,strong,0,0,0
chr10,80205871,80206130,1nM,strong,0,0,0
chr10,80964348,80964526,1nM,strong,0,0,0
chr10,80966683,80966914,1nM,strong,0,0,0
chr10,86968341,86968699,1nM,strong,0,0,0
chr10,87008475,87008683,1nM,strong,0,0,0
chr10,93071719,93072028,1nM,strong,0,0,0
chr10,93435070,93435545,1nM,strong,0,0,0
chr10,93440624,93440918,1nM,strong,0,0,0
chr10,97571678,97571955,1nM,strong,0,0,0
chr10,98363179,98363394,1nM,strong,0,0,0
chr10,98363856,98364082,1nM,strong,0,0,0
chr10,100883250,100883767,1nM,strong,0,0,0
chr10,102710701,102711029,1nM,strong,0,0,0
chr10,103890152,103890454,1nM,strong,0,0,0
chr10,103931282,103931986,1nM,strong,0,0,0
chr10,104480877,104481122,1nM,strong,0,0,0
chr10,110789871,110790165,1nM,strong,0,0,0
chr10,110790759,110790981,1nM,strong,0,0,0
chr10,110791176,110791419,1nM,strong,0,0,0
chr10,111107898,111108138,1nM,strong,0,0,0
chr10,113678541,113679118,1nM,strong,0,0,0
chr10,113921917,113922344,1nM,strong,0,0,0
chr10,113926161,113926380,1nM,strong,0,1,0
chr10,113927318,113927787,1nM,strong,0,0,0
chr10,113966988,113967202,1nM,strong,0,0,0
chr10,113982745,113982993,1nM,strong,0,0,0
chr10,113983523,113983709,1nM,strong,0,0,0
chr10,114239116,114239655,1nM,strong,0,0,0
chr10,114349550,114350064,1nM,strong,0,0,0
chr10,114507494,114507672,1nM,strong,0,0,0
chr10,115664708,115665097,1nM,strong,0,0,0
chr10,119542779,119543039,1nM,strong,0,0,0
chr10,119668071,119668252,1nM,strong,0,0,0
chr10,121510194,121510572,1nM,strong,0,0,0
chr10,121553902,121554086,1nM,strong,0,0,0
chr10,123721884,123722278,1nM,strong,0,0,0
chr10,123722936,123723146,1nM,strong,0,0,0
chr10,123743997,123744248,1nM,strong,0,0,0
chr10,125543707,125544165,1nM,strong,0,0,0
chr10,125624777,125625181,1nM,strong,0,0,0
chr10,125625926,125626199,1nM,strong,0,0,0
chr10,125695046,125695493,1nM,strong,0,0,0
chr10,126175889,126176223,1nM,strong,0,0,0
chr10,126240629,126241051,1nM,strong,0,0,0
chr10,126918296,126918868,1nM,strong,0,0,0
chr10,128540923,128541562,1nM,strong,0,0,0
chr10,131654902,131655417,1nM,strong,0,0,0
chr10,132163186,132163426,1nM,strong,0,0,0
chr10,132164638,132164926,1nM,strong,0,0,0
chr10,132539416,132539692,1nM,strong,0,0,0
chr10,132572175,132572406,1nM,strong,0,0,0
chr11,470005,470374,1nM,strong,0,0,0
chr11,1796386,1796942,1nM,strong,0,0,0
chr11,1828599,1828878,1nM,strong,0,0,0
chr11,1829228,1829430,1nM,strong,0,0,0
chr11,2165319,2165521,1nM,strong,0,0,0
chr11,2169070,2169717,1nM,strong,0,0,0
chr11,2190895,2191107,1nM,strong,0,0,0
chr11,2193269,2193693,1nM,strong,0,0,0
chr11,10742828,10743119,1nM,strong,0,0,0
chr11,12248573,12248797,1nM,strong,0,0,0
chr11,15615476,15615789,1nM,strong,0,0,0
chr11,16986600,16986807,1nM,strong,0,0,0
chr11,16989410,16989754,1nM,strong,0,0,0
chr11,17405731,17406082,1nM,strong,0,0,0
chr11,17924833,17925072,1nM,strong,0,0,0
chr11,20031771,20032192,1nM,strong,0,0,0
chr11,30527611,30527843,1nM,strong,0,0,0
chr11,34633695,34633904,1nM,strong,0,0,0
chr11,35389961,35390158,1nM,strong,0,0,0
chr11,46363652,46363959,1nM,strong,0,0,0
chr11,60757215,60757506,1nM,strong,0,0,0
chr11,60880953,60881327,1nM,strong,0,0,0
chr11,63872247,63872527,1nM,strong,0,0,0
chr11,63872969,63873279,1nM,strong,0,0,0
chr11,64359279,64359548,1nM,strong,0,0,0
chr11,65379960,65380210,1nM,strong,0,0,0
chr11,65417108,65417338,1nM,strong,0,0,0
chr11,65418487,65418956,1nM,strong,0,0,0
chr11,67022582,67022789,1nM,strong,0,0,0
chr11,67027720,67028196,1nM,strong,0,0,0
chr11,67028909,67029177,1nM,strong,0,0,0
chr11,67683489,67683829,1nM,strong,0,0,1
chr11,68818197,68818540,1nM,strong,0,0,0
chr11,68819510,68819908,1nM,strong,0,0,0
chr11,69301796,69302045,1nM,strong,0,0,0
chr11,69515323,69515908,1nM,strong,0,0,0
chr11,69524780,69524958,1nM,strong,0,0,0
chr11,69534027,69534408,1nM,strong,0,0,0
chr11,69654436,69654728,1nM,strong,0,0,0
chr11,69697280,69697534,1nM,strong,0,0,0
chr11,69891419,69892262,1nM,strong,0,0,0
chr11,69893091,69893388,1nM,strong,0,0,0
chr11,69894446,69894778,1nM,strong,0,0,0
chr11,69914725,69914959,1nM,strong,0,0,0
chr11,70106156,70106708,1nM,strong,0,0,0
chr11,70116689,70116902,1nM,strong,0,0,0
chr11,70760302,70760606,1nM,strong,0,0,0
chr11,70805851,70806198,1nM,strong,0,0,0
chr11,71251898,71252173,1nM,strong,0,0,0
chr11,71448985,71449271,1nM,strong,0,0,0
chr11,71481425,71481801,1nM,strong,0,0,0
chr11,72041614,72041812,1nM,strong,0,0,0
chr11,72786392,72786818,1nM,strong,0,0,1
chr11,73192374,73192693,1nM,strong,0,0,0
chr11,73193910,73194228,1nM,strong,0,0,0
chr11,73194565,73194970,1nM,strong,0,0,0
chr11,73200361,73200565,1nM,strong,0,0,0
chr11,73227736,73228465,1nM,strong,0,0,0
chr11,75351165,75351506,1nM,strong,0,0,0
chr11,76772559,76773029,1nM,strong,0,0,0
chr11,76773798,76774108,1nM,strong,0,0,0
chr11,78145746,78146027,1nM,strong,1,0,0
chr11,78150703,78151079,1nM,strong,0,0,1
chr11,78156044,78156723,1nM,strong,0,0,0
chr11,78259820,78260489,1nM,strong,0,1,0
chr11,78268292,78268564,1nM,strong,0,0,0
chr11,78311966,78312249,1nM,strong,0,0,0
chr11,78396548,78396929,1nM,strong,0,1,0
chr11,78421031,78421217,1nM,strong,0,0,0
chr11,79059780,79060568,1nM,strong,0,0,0
chr11,83004134,83004683,1nM,strong,0,0,0
chr11,83362086,83362310,1nM,strong,0,0,0
chr11,86497088,86497406,1nM,strong,0,1,0
chr11,86499740,86500182,1nM,strong,0,0,0
chr11,86671292,86671941,1nM,strong,0,0,0
chr11,86776239,86776600,1nM,strong,0,0,0
chr11,94544166,94544388,1nM,strong,0,0,0
chr11,94845621,94845828,1nM,strong,0,0,0
chr11,101034103,101034459,1nM,strong,0,0,0
chr11,101299201,101299930,1nM,strong,0,0,0
chr11,101336932,101337204,1nM,strong,0,0,0
chr11,101441745,101442110,1nM,strong,0,0,0
chr11,101443725,101444034,1nM,strong,0,0,0
chr11,111334645,111334957,1nM,strong,0,0,0
chr11,116836199,116836502,1nM,strong,0,0,0
chr11,117071318,117071558,1nM,strong,0,0,0
chr11,117183790,117184206,1nM,strong,0,0,0
chr11,117185207,117185483,1nM,strong,1,0,0
chr11,117303142,117303401,1nM,strong,0,0,0
chr11,118057856,118058293,1nM,strong,0,0,0
chr11,118545657,118545878,1nM,strong,0,0,0
chr11,118620766,118620986,1nM,strong,0,0,0
chr11,119909919,119910364,1nM,strong,0,0,0
chr11,120637241,120637442,1nM,strong,0,0,0
chr11,123096436,123096763,1nM,strong,0,1,0
chr11,126083146,126083402,1nM,strong,0,0,0
chr11,129324667,129324897,1nM,strong,0,0,0
chr11,129694447,129694864,1nM,strong,0,0,0
chr11,129695972,129696261,1nM,strong,0,0,0
chr11,131692168,131692600,1nM,strong,0,0,0
chr11,131696564,131697222,1nM,strong,0,0,0
chr11,131700356,131700691,1nM,strong,0,0,0
chr11,131897296,131897613,1nM,strong,0,0,0
chr11,131900351,131900557,1nM,strong,0,0,0
chr11,133215595,133215821,1nM,strong,0,0,0
chr11,134258670,134258915,1nM,strong,0,0,0
chr11,134542557,134542776,1nM,strong,0,0,0
chr11,134639400,134639639,1nM,strong,0,0,0
chr11,134640067,134640400,1nM,strong,0,0,0
chr12,524166,524634,1nM,strong,0,0,0
chr12,1841564,1841837,1nM,strong,0,0,0
chr12,1932264,1932555,1nM,strong,0,0,0
chr12,1933809,1934078,1nM,strong,0,0,0
chr12,1934886,1935090,1nM,strong,0,0,0
chr12,2795927,2796193,1nM,strong,0,0,0
chr12,3349879,3350178,1nM,strong,0,0,0
chr12,3514363,3514708,1nM,strong,0,0,0
chr12,5635026,5635509,1nM,strong,0,0,0
chr12,6065295,6065586,1nM,strong,0,0,0
chr12,6088928,6089163,1nM,strong,0,0,0
chr12,6237553,6237901,1nM,strong,0,0,0
chr12,6263305,6263510,1nM,strong,0,1,0
chr12,6264768,6265089,1nM,strong,0,0,0
chr12,6278562,6278839,1nM,strong,0,0,0
chr12,6363934,6364229,1nM,strong,0,0,0
chr12,13047109,13047411,1nM,strong,0,0,0
chr12,13050107,13050564,1nM,strong,0,0,0
chr12,15243660,15243891,1nM,strong,0,0,0
chr12,23225823,23226333,1nM,strong,0,0,0
chr12,23235431,23235726,1nM,strong,0,0,0
chr12,26101420,26101793,1nM,strong,0,0,0
chr12,26102241,26102455,1nM,strong,0,0,0
chr12,27623566,27624212,1nM,strong,0,0,1
chr12,31749284,31749545,1nM,strong,0,0,0
chr12,31760074,31760386,1nM,strong,0,1,0
chr12,31773486,31773797,1nM,strong,0,0,0
chr12,39443188,39443504,1nM,strong,0,0,0
chr12,46201450,46201899,1nM,strong,0,0,0
chr12,46209309,46209564,1nM,strong,0,0,0
chr12,46456346,46456575,1nM,strong,0,0,0
chr12,47946651,47946877,1nM,strong,0,0,0
chr12,48021965,48022266,1nM,strong,0,0,0
chr12,49187957,49188220,1nM,strong,0,0,0
chr12,49804072,49804323,1nM,strong,0,0,0
chr12,51025837,51026104,1nM,strong,0,0,0
chr12,52148691,52149313,1nM,strong,0,0,0
chr12,52344819,52345138,1nM,strong,0,0,0
chr12,52895212,52895533,1nM,strong,0,0,0
chr12,52906650,52906860,1nM,strong,0,0,0
chr12,52969932,52970249,1nM,strong,0,0,0
chr12,52971900,52972373,1nM,strong,0,1,0
chr12,52972584,52972789,1nM,strong,0,1,1
chr12,53825335,53825581,1nM,strong,0,0,0
chr12,53977911,53978288,1nM,strong,0,0,0
chr12,53983342,53983655,1nM,strong,0,0,0
chr12,53990319,53990636,1nM,strong,0,0,0
chr12,54933542,54933722,1nM,strong,0,0,0
chr12,57088630,57088916,1nM,strong,0,0,0
chr12,57522220,57522454,1nM,strong,0,0,0
chr12,57918164,57918424,1nM,strong,0,0,0
chr12,63086594,63086917,1nM,strong,0,0,0
chr12,64018044,64018240,1nM,strong,0,1,0
chr12,64018994,64019568,1nM,strong,0,0,0
chr12,64081259,64081574,1nM,strong,0,0,0
chr12,64600836,64601054,1nM,strong,0,0,1
chr12,64611059,64611364,1nM,strong,0,0,0
chr12,64625396,64625630,1nM,strong,0,0,0
chr12,67275783,67275962,1nM,strong,0,0,0
chr12,67483841,67484171,1nM,strong,0,0,0
chr12,68793180,68793535,1nM,strong,0,0,0
chr12,68804337,68804572,1nM,strong,0,0,0
chr12,69439803,69440003,1nM,strong,0,0,0
chr12,69440151,69440471,1nM,strong,0,0,0
chr12,74871740,74872237,1nM,strong,0,0,0
chr12,74873182,74873461,1nM,strong,0,0,0
chr12,75706143,75706724,1nM,strong,0,0,0
chr12,75711249,75711455,1nM,strong,0,0,0
chr12,79022872,79023207,1nM,strong,0,0,0
chr12,88684667,88685098,1nM,strong,0,0,0
chr12,89424969,89425364,1nM,strong,0,0,0
chr12,89464911,89465317,1nM,strong,0,0,0
chr12,93697883,93698241,1nM,strong,0,0,0
chr12,97500565,97500924,1nM,strong,0,0,0
chr12,97556444,97556622,1nM,strong,0,0,0
chr12,97568071,97568252,1nM,strong,0,0,0
chr12,97568721,97569037,1nM,strong,0,0,0
chr12,100952375,100953005,1nM,strong,0,0,0
chr12,101697227,101697857,1nM,strong,0,0,0
chr12,101698536,101698867,1nM,strong,0,0,0
chr12,103524414,103524836,1nM,strong,0,0,0
chr12,106277064,106277320,1nM,strong,0,0,0
chr12,106279227,106279713,1nM,strong,0,0,0
chr12,106987873,106988082,1nM,strong,0,0,0
chr12,115869057,115869314,1nM,strong,0,0,0
chr12,115870163,115870543,1nM,strong,0,0,0
chr12,115872126,115872541,1nM,strong,0,0,0
chr12,116385858,116386155,1nM,strong,0,0,0
chr12,116390372,116390893,1nM,strong,0,0,0
chr12,116495312,116495619,1nM,strong,0,0,0
chr12,119171200,119171561,1nM,strong,0,0,0
chr12,119173236,119173436,1nM,strong,0,0,0
chr12,119178518,119178703,1nM,strong,0,0,0
chr12,119479417,119479632,1nM,strong,0,0,0
chr12,121175962,121176275,1nM,strong,0,0,0
chr12,122098120,122098608,1nM,strong,0,0,0
chr12,122864528,122864708,1nM,strong,0,0,0
chr12,123062914,123063233,1nM,strong,0,0,0
chr12,123069708,123070287,1nM,strong,0,0,0
chr12,124393039,124393326,1nM,strong,0,0,0
chr12,124730680,124731104,1nM,strong,0,1,0
chr12,124742103,124742379,1nM,strong,0,0,0
chr12,124745811,124746171,1nM,strong,0,0,0
chr12,124993909,124994197,1nM,strong,0,0,0
chr12,131860815,131861123,1nM,strong,0,0,0
chr13,22979093,22979350,1nM,strong,0,0,0
chr13,23488499,23488886,1nM,strong,0,0,0
chr13,23629653,23629929,1nM,strong,0,0,0
chr13,24148934,24149146,1nM,strong,0,0,0
chr13,25659132,25659576,1nM,strong,0,0,0
chr13,27425316,27425544,1nM,strong,0,0,0
chr13,28443009,28443222,1nM,strong,0,0,0
chr13,28564250,28564468,1nM,strong,0,0,0
chr13,29908937,29909281,1nM,strong,0,0,0
chr13,29918791,29919067,1nM,strong,0,0,0
chr13,29920154,29920389,1nM,strong,0,0,0
chr13,30833024,30833408,1nM,strong,0,0,0
chr13,32068287,32068550,1nM,strong,0,0,0
chr13,33345658,33346036,1nM,strong,0,0,0
chr13,33642717,33643074,1nM,strong,0,0,0
chr13,33648831,33649165,1nM,strong,0,1,0
chr13,33649579,33649785,1nM,strong,0,0,0
chr13,36130830,36131078,1nM,strong,0,0,0
chr13,36629699,36629901,1nM,strong,0,0,0
chr13,38684467,38685179,1nM,strong,0,0,0
chr13,40665433,40665668,1nM,strong,0,0,0
chr13,40993819,40994178,1nM,strong,0,0,0
chr13,41016405,41016704,1nM,strong,0,1,0
chr13,41017128,41017510,1nM,strong,0,0,0
chr13,41101910,41102206,1nM,strong,0,0,0
chr13,44269013,44269257,1nM,strong,0,0,0
chr13,44311194,44311442,1nM,strong,0,0,0
chr13,45368523,45368781,1nM,strong,0,0,0
chr13,46120231,46120708,1nM,strong,0,0,0
chr13,46135244,46135448,1nM,strong,0,0,0
chr13,46143276,46143473,1nM,strong,0,0,0
chr13,51919668,51919872,1nM,strong,0,0,0
chr13,98293162,98293520,1nM,strong,0,0,0
chr13,98300929,98301231,1nM,strong,0,0,0
chr13,112968755,112969161,1nM,strong,0,0,0
chr13,113863839,113864094,1nM,strong,0,0,0
chr13,113928636,113928991,1nM,strong,0,0,0
chr14,22766741,22767043,1nM,strong,0,0,0
chr14,22886796,22887035,1nM,strong,0,0,0
chr14,23640594,23640787,1nM,strong,0,0,0
chr14,32509677,32509901,1nM,strong,0,0,0
chr14,33781368,33781704,1nM,strong,0,0,0
chr14,35340888,35341083,1nM,strong,0,0,0
chr14,36656253,36656547,1nM,strong,0,0,0
chr14,36701033,36701396,1nM,strong,0,0,0
chr14,36856158,36856490,1nM,strong,0,0,0
chr14,37012760,37013041,1nM,strong,0,0,0
chr14,43901947,43902158,1nM,strong,0,0,0
chr14,45891511,45891705,1nM,strong,0,0,0
chr14,45892604,45892885,1nM,strong,0,0,0
chr14,50003816,50004042,1nM,strong,0,0,0
chr14,53231293,53231577,1nM,strong,0,0,0
chr14,53943497,53943815,1nM,strong,0,0,0
chr14,55271859,55272037,1nM,strong,0,0,0
chr14,59361228,59361556,1nM,strong,0,0,0
chr14,60862432,60862630,1nM,strong,0,0,0
chr14,61485188,61485470,1nM,strong,0,0,0
chr14,61514192,61514494,1nM,strong,0,0,0
chr14,61559281,61559592,1nM,strong,0,0,1
chr14,61714064,61714312,1nM,strong,0,0,0
chr14,63547781,63548283,1nM,strong,0,1,0
chr14,64234974,64235322,1nM,strong,0,0,0
chr14,65118114,65118813,1nM,strong,0,0,0
chr14,65256224,65256480,1nM,strong,0,0,0
chr14,67480091,67480391,1nM,strong,0,0,0
chr14,67533725,67534051,1nM,strong,0,0,0
chr14,68177733,68178107,1nM,strong,0,0,0
chr14,68255912,68256158,1nM,strong,0,0,0
chr14,68306708,68307104,1nM,strong,0,0,0
chr14,68393539,68393866,1nM,strong,0,0,0
chr14,68458291,68458480,1nM,strong,0,0,0
chr14,68458987,68459409,1nM,strong,0,0,0
chr14,68570010,68570457,1nM,strong,0,0,0
chr14,68944777,68945008,1nM,strong,0,1,0
chr14,68945854,68946213,1nM,strong,0,0,0
chr14,68977398,68977643,1nM,strong,0,0,0
chr14,69357656,69357865,1nM,strong,0,0,0
chr14,71500676,71501065,1nM,strong,0,1,1
chr14,73602160,73602429,1nM,strong,0,1,0
chr14,73756626,73756934,1nM,strong,0,0,0
chr14,73782581,73782891,1nM,strong,0,0,1
chr14,73784761,73785054,1nM,strong,0,0,0
chr14,74308816,74309060,1nM,strong,0,1,0
chr14,74922391,74922721,1nM,strong,0,0,0
chr14,75069747,75069999,1nM,strong,0,0,0
chr14,75255055,75255293,1nM,strong,0,0,0
chr14,75258657,75258849,1nM,strong,0,0,0
chr14,75260033,75260388,1nM,strong,0,0,0
chr14,75283239,75283485,1nM,strong,0,0,0
chr14,75521304,75521754,1nM,strong,0,0,0
chr14,75535847,75536399,1nM,strong,0,0,0
chr14,75562066,75562438,1nM,strong,0,0,0
chr14,75566419,75566624,1nM,strong,0,0,0
chr14,76900502,76900764,1nM,strong,0,0,0
chr14,76919314,76919602,1nM,strong,0,0,0
chr14,77004765,77004994,1nM,strong,0,0,0
chr14,77007442,77007678,1nM,strong,0,0,0
chr14,77099707,77100043,1nM,strong,0,0,0
chr14,77111246,77111424,1nM,strong,0,0,0
chr14,77400192,77400669,1nM,strong,0,0,0
chr14,79413515,79413932,1nM,strong,0,0,0
chr14,90503453,90504181,1nM,strong,0,1,0
chr14,90512215,90512674,1nM,strong,0,0,0
chr14,90513366,90513635,1nM,strong,0,0,0
chr14,91126378,91126635,1nM,strong,0,0,1
chr14,91276492,91276748,1nM,strong,0,0,0
chr14,91291138,91291332,1nM,strong,0,0,0
chr14,91325947,91326738,1nM,strong,0,1,0
chr14,91382531,91382845,1nM,strong,0,0,0
chr14,91393044,91393397,1nM,strong,0,0,0
chr14,91394256,91394652,1nM,strong,0,0,0
chr14,91418090,91418527,1nM,strong,0,0,0
chr14,92963695,92964165,1nM,strong,0,0,0
chr14,92988124,92988363,1nM,strong,0,0,0
chr14,93011663,93011962,1nM,strong,0,0,0
chr14,93017377,93017756,1nM,strong,0,0,0
chr14,94390708,94391051,1nM,strong,0,0,0
chr14,95056460,95057094,1nM,strong,0,0,0
chr14,95197671,95197938,1nM,strong,0,0,0
chr14,95516107,95516362,1nM,strong,0,0,0
chr14,96106111,96106305,1nM,strong,0,0,0
chr14,96117503,96117682,1nM,strong,0,0,0
chr14,96148703,96148904,1nM,strong,0,0,0
chr14,96263882,96264160,1nM,strong,0,0,0
chr14,96574371,96574554,1nM,strong,0,0,0
chr14,96574732,96575229,1nM,strong,0,0,0
chr14,98806526,98806890,1nM,strong,0,0,0
chr14,98891252,98891519,1nM,strong,0,0,0
chr14,98899538,98899728,1nM,strong,0,0,0
chr14,98903493,98903827,1nM,strong,0,0,0
chr14,99207627,99207831,1nM,strong,0,0,0
chr14,99590643,99590881,1nM,strong,0,0,0
chr14,99964915,99965427,1nM,strong,0,0,0
chr14,100012335,100012659,1nM,strong,0,0,0
chr14,100096473,100096849,1nM,strong,0,0,0
chr14,100137215,100137554,1nM,strong,0,0,0
chr14,101408499,101408698,1nM,strong,0,0,0
chr14,103693419,103693860,1nM,strong,0,0,0
chr14,103880092,103880305,1nM,strong,0,0,0
chr14,105032266,105032689,1nM,strong,1,0,0
chr14,105050410,105050646,1nM,strong,0,0,0
chr14,105559402,105559716,1nM,strong,0,0,0
chr15,29823097,29823305,1nM,strong,0,0,0
chr15,31441039,31441281,1nM,strong,0,0,0
chr15,33067864,33068296,1nM,strong,0,0,0
chr15,39629621,39629820,1nM,strong,0,0,0
chr15,39668493,39668817,1nM,strong,0,0,0
chr15,44194598,44194894,1nM,strong,0,0,0
chr15,50181403,50181877,1nM,strong,0,0,0
chr15,50765032,50765299,1nM,strong,0,0,0
chr15,50854744,50854976,1nM,strong,0,0,0
chr15,52185315,52185563,1nM,strong,0,0,0
chr15,57591604,57592130,1nM,strong,0,0,0
chr15,62832294,62832780,1nM,strong,0,0,0
chr15,63019718,63019945,1nM,strong,0,0,0
chr15,63379928,63380154,1nM,strong,0,0,0
chr15,63380588,63380803,1nM,strong,0,0,0
chr15,63387812,63388095,1nM,strong,0,0,0
chr15,63945795,63946031,1nM,strong,0,0,0
chr15,65286221,65286430,1nM,strong,0,0,0
chr15,69482699,69483052,1nM,strong,0,0,0
chr15,70016166,70016604,1nM,strong,0,0,0
chr15,70093370,70093548,1nM,strong,0,0,0
chr15,70321091,70321604,1nM,strong,0,0,0
chr15,70323002,70323207,1nM,strong,0,0,0
chr15,70324125,70324360,1nM,strong,0,0,0
chr15,70362326,70362672,1nM,strong,0,0,0
chr15,70378100,70378446,1nM,strong,0,0,0
chr15,70462933,70463393,1nM,strong,0,0,0
chr15,71079138,71079379,1nM,strong,0,0,0
chr15,71083924,71084174,1nM,strong,0,0,0
chr15,71096631,71097055,1nM,strong,0,0,0
chr15,71104738,71105066,1nM,strong,0,0,0
chr15,71975415,71975725,1nM,strong,0,0,0
chr15,73710133,73710469,1nM,strong,0,0,0
chr15,74725916,74726149,1nM,strong,0,0,0
chr15,74771011,74771241,1nM,strong,0,0,0
chr15,74789092,74789355,1nM,strong,0,0,0
chr15,74817204,74817762,1nM,strong,0,1,0
chr15,74937636,74937873,1nM,strong,0,0,0
chr15,75036096,75036594,1nM,strong,0,0,0
chr15,75682422,75682676,1nM,strong,0,0,0
chr15,80668138,80668329,1nM,strong,0,0,0
chr15,80679443,80679725,1nM,strong,0,0,0
chr15,80696852,80697065,1nM,strong,0,0,0
chr15,81092034,81092372,1nM,strong,0,0,0
chr15,81398589,81398843,1nM,strong,0,0,0
chr15,82952160,82952440,1nM,strong,0,0,0
chr15,89115591,89115904,1nM,strong,0,0,0
chr15,89121461,89121678,1nM,strong,0,0,0
chr15,89450469,89450797,1nM,strong,0,0,0
chr15,89998316,89998581,1nM,strong,0,0,0
chr15,90991706,90992074,1nM,strong,0,0,0
chr15,92639183,92639483,1nM,strong,0,0,0
chr15,92645543,92645913,1nM,strong,0,0,0
chr15,92745974,92746294,1nM,strong,0,1,0
chr15,94792447,94792725,1nM,strong,0,0,0
chr15,95895598,95895882,1nM,strong,0,0,0
chr15,95911587,95911938,1nM,strong,0,0,0
chr15,96336937,96337292,1nM,strong,0,0,0
chr15,96339401,96339664,1nM,strong,0,0,0
chr15,98758316,98758538,1nM,strong,0,0,0
chr15,98763608,98763961,1nM,strong,0,0,0
chr15,99564998,99565329,1nM,strong,0,0,0
chr15,100517159,100517516,1nM,strong,0,0,0
chr15,101167824,101168072,1nM,strong,0,0,0
chr15,101611786,101612119,1nM,strong,0,0,0
chr16,316817,317050,1nM,strong,0,0,0
chr16,327165,327431,1nM,strong,0,0,0
chr16,450571,450880,1nM,strong,0,0,0
chr16,451652,451925,1nM,strong,0,1,0
chr16,588185,588415,1nM,strong,0,0,1
chr16,1287665,1288379,1nM,strong,0,0,0
chr16,1296968,1297255,1nM,strong,0,0,0
chr16,1378893,1379223,1nM,strong,0,0,0
chr16,1414863,1415187,1nM,strong,0,0,0
chr16,2329661,2329959,1nM,strong,0,0,0
chr16,2719224,2719587,1nM,strong,0,0,0
chr16,2912431,2912658,1nM,strong,0,0,0
chr16,3166458,3166987,1nM,strong,0,0,0
chr16,4113447,4113721,1nM,strong,0,0,0
chr16,4142547,4142757,1nM,strong,0,1,0
chr16,4152150,4152655,1nM,strong,0,0,0
chr16,4176856,4177062,1nM,strong,0,1,0
chr16,4260521,4260729,1nM,strong,0,0,0
chr16,4369024,4369438,1nM,strong,0,0,0
chr16,4371505,4371796,1nM,strong,0,0,0
chr16,4616475,4616747,1nM,strong,0,0,0
chr16,8679302,8679518,1nM,strong,0,0,0
chr16,9047695,9047992,1nM,strong,0,0,0
chr16,10590451,10590698,1nM,strong,0,0,0
chr16,10594574,10594884,1nM,strong,0,0,0
chr16,11127906,11128213,1nM,strong,0,0,0
chr16,14370324,14370524,1nM,strong,0,0,0
chr16,16973808,16974569,1nM,strong,0,0,0
chr16,17315689,17316014,1nM,strong,0,0,0
chr16,17459585,17459881,1nM,strong,0,0,0
chr16,19987755,19988359,1nM,strong,0,1,0
chr16,20014107,20014395,1nM,strong,0,0,0
chr16,21511545,21511801,1nM,strong,0,0,0
chr16,21512563,21512853,1nM,strong,0,0,0
chr16,23079650,23080050,1nM,strong,0,0,0
chr16,23137862,23138270,1nM,strong,0,0,0
chr16,23148590,23148888,1nM,strong,0,0,0
chr16,25040368,25040897,1nM,strong,0,0,0
chr16,25119594,25119867,1nM,strong,0,0,0
chr16,27898013,27898327,1nM,strong,0,0,0
chr16,28609788,28610026,1nM,strong,0,0,0
chr16,29290897,29291154,1nM,strong,0,0,0
chr16,29310699,29311247,1nM,strong,0,0,0
chr16,35524037,35524312,1nM,strong,0,0,0
chr16,53045460,53045799,1nM,strong,0,0,0
chr16,53099393,53099899,1nM,strong,0,0,0
chr16,53775587,53775859,1nM,strong,0,0,0
chr16,54094760,54094982,1nM,strong,0,0,0
chr16,54424147,54424431,1nM,strong,0,0,0
chr16,54425679,54426014,1nM,strong,0,0,0
chr16,54432325,54432576,1nM,strong,0,0,0
chr16,56370777,56371244,1nM,strong,0,0,0
chr16,56373182,56373370,1nM,strong,0,0,0
chr16,57622702,57623044,1nM,strong,0,0,0
chr16,66278103,66278372,1nM,strong,0,0,0
chr16,68328144,68328336,1nM,strong,0,0,0
chr16,68416630,68416858,1nM,strong,0,0,0
chr16,68707858,68708194,1nM,strong,0,1,0
chr16,68745675,68745979,1nM,strong,0,1,0
chr16,72914371,72914594,1nM,strong,0,0,0
chr16,72929428,72929768,1nM,strong,0,0,0
chr16,72936018,72936349,1nM,strong,0,0,0
chr16,73015656,73016005,1nM,strong,0,0,0
chr16,73055413,73055649,1nM,strong,0,0,0
chr16,79037536,79037941,1nM,strong,0,0,0
chr16,79171829,79172137,1nM,strong,0,0,0
chr16,80615758,80616115,1nM,strong,0,0,0
chr16,82137217,82137633,1nM,strong,0,0,0
chr16,82138527,82138742,1nM,strong,0,0,0
chr16,82152625,82152932,1nM,strong,0,0,0
chr16,84724595,84724917,1nM,strong,0,0,0
chr16,84786600,84786883,1nM,strong,0,0,0
chr16,85144404,85144668,1nM,strong,0,0,0
chr16,85147306,85147757,1nM,strong,0,0,0
chr16,85282232,85282688,1nM,strong,0,1,0
chr16,85288178,85288619,1nM,strong,0,1,0
chr16,85288915,85289299,1nM,strong,0,0,0
chr16,85306124,85306454,1nM,strong,0,0,0
chr16,85311298,85311507,1nM,strong,0,0,0
chr16,85311913,85312157,1nM,strong,0,0,0
chr16,85462145,85462350,1nM,strong,0,0,0
chr16,85465957,85466352,1nM,strong,0,0,0
chr16,85472658,85472874,1nM,strong,0,0,0
chr16,85475319,85475581,1nM,strong,0,0,0
chr16,85491688,85492249,1nM,strong,0,0,0
chr16,85520924,85521331,1nM,strong,0,0,0
chr16,85746334,85746662,1nM,strong,0,1,0
chr16,85753403,85753782,1nM,strong,0,0,0
chr16,86193838,86194090,1nM,strong,0,0,0
chr16,87790015,87790254,1nM,strong,0,0,0
chr16,87807020,87807264,1nM,strong,0,0,0
chr16,88760849,88761048,1nM,strong,0,0,0
chr16,88763388,88763853,1nM,strong,0,0,0
chr16,88927074,88927641,1nM,strong,0,0,0
chr16,88928261,88928813,1nM,strong,0,0,0
chr16,89153963,89154214,1nM,strong,0,0,0
chr17,4533718,4534009,1nM,strong,0,0,0
chr17,4534332,4534638,1nM,strong,0,0,0
chr17,5883917,5884125,1nM,strong,0,0,0
chr17,6676103,6676378,1nM,strong,0,0,0
chr17,7351863,7352088,1nM,strong,0,0,0
chr17,16922865,16923114,1nM,strong,0,0,0
chr17,27247450,27247683,1nM,strong,0,0,0
chr17,27332494,27332786,1nM,strong,0,0,0
chr17,28498039,28498271,1nM,strong,0,0,0
chr17,28499851,28500221,1nM,strong,0,0,0
chr17,28525376,28525672,1nM,strong,0,0,0
chr17,28532916,28533189,1nM,strong,0,0,0
chr17,28536791,28537417,1nM,strong,0,0,0
chr17,31566500,31566919,1nM,strong,0,0,1
chr17,31655041,31655353,1nM,strong,0,0,0
chr17,39812561,39812767,1nM,strong,0,0,0
chr17,40311305,40311570,1nM,strong,0,0,0
chr17,40314620,40314809,1nM,strong,0,0,0
chr17,40322285,40322619,1nM,strong,0,0,0
chr17,40448684,40449014,1nM,strong,0,0,0
chr17,40549318,40549503,1nM,strong,0,0,0
chr17,40576069,40576594,1nM,strong,0,0,0
chr17,40582327,40582568,1nM,strong,0,0,0
chr17,40686177,40686495,1nM,strong,0,1,0
chr17,40687176,40687796,1nM,strong,0,0,0
chr17,40701085,40701375,1nM,strong,0,0,0
chr17,41506685,41507034,1nM,strong,0,0,0
chr17,41525685,41525896,1nM,strong,0,0,0
chr17,41536019,41536286,1nM,strong,0,0,0
chr17,41793263,41793491,1nM,strong,0,0,0
chr17,44218184,44218362,1nM,strong,0,0,0
chr17,45043153,45043555,1nM,strong,0,1,0
chr17,45901135,45901432,1nM,strong,0,0,0
chr17,47674048,47674331,1nM,strong,0,0,0
chr17,47693151,47693458,1nM,strong,0,0,0
chr17,49887692,49887902,1nM,strong,0,0,0
chr17,50266876,50267066,1nM,strong,0,0,0
chr17,50317280,50317629,1nM,strong,0,0,0
chr17,50655793,50656056,1nM,strong,0,0,0
chr17,50944331,50944843,1nM,strong,0,0,0
chr17,50948227,50948486,1nM,strong,0,0,0
chr17,50950030,50950311,1nM,strong,0,0,0
chr17,56173874,56174212,1nM,strong,0,0,0
chr17,57085616,57085975,1nM,strong,0,0,0
chr17,57340578,57340999,1nM,strong,0,0,0
chr17,57342858,57343278,1nM,strong,0,0,0
chr17,57357411,57358047,1nM,strong,0,0,0
chr17,57375777,57376147,1nM,strong,0,0,0
chr17,57834156,57834473,1nM,strong,0,0,0
chr17,57899827,57900138,1nM,strong,0,0,0
chr17,57955630,57955852,1nM,strong,0,0,0
chr17,58639674,58640017,1nM,strong,0,0,0
chr17,58640374,58640562,1nM,strong,0,0,0
chr17,59332233,59332467,1nM,strong,0,0,0
chr17,60345120,60345484,1nM,strong,0,0,0
chr17,60346852,60347360,1nM,strong,1,1,0
chr17,61254390,61254570,1nM,strong,0,1,0
chr17,61399310,61399655,1nM,strong,0,0,0
chr17,61401895,61402385,1nM,strong,0,0,0
chr17,61403419,61403632,1nM,strong,0,0,0
chr17,61414875,61415119,1nM,strong,0,0,0
chr17,61450227,61450454,1nM,strong,0,0,0
chr17,61723120,61723646,1nM,strong,0,0,0
chr17,62804829,62805094,1nM,strong,0,0,0
chr17,63435650,63435920,1nM,strong,0,0,0
chr17,66952240,66952652,1nM,strong,0,0,0
chr17,67467549,67467915,1nM,strong,0,0,0
chr17,68292244,68292494,1nM,strong,0,0,0
chr17,68328932,68329159,1nM,strong,0,0,0
chr17,72517821,72518077,1nM,strong,0,0,0
chr17,72617950,72618320,1nM,strong,0,0,0
chr17,72640473,72640810,1nM,strong,0,0,0
chr17,73612164,73612457,1nM,strong,0,0,0
chr17,74744857,74745091,1nM,strong,0,0,0
chr17,74758300,74758597,1nM,strong,0,0,0
chr17,74760644,74761018,1nM,strong,0,0,0
chr17,74769751,74770152,1nM,strong,0,0,0
chr17,74982700,74982907,1nM,strong,0,0,0
chr17,75549444,75549646,1nM,strong,0,0,0
chr17,77126515,77126798,1nM,strong,0,0,0
chr17,77283354,77283581,1nM,strong,0,0,0
chr17,77286335,77286760,1nM,strong,0,0,0
chr17,77287003,77287285,1nM,strong,0,0,0
chr17,78421126,78421759,1nM,strong,0,0,0
chr17,79812987,79813299,1nM,strong,0,0,0
chr17,79844576,79844781,1nM,strong,0,0,0
chr17,79893188,79893398,1nM,strong,0,0,0
chr17,79992478,79992698,1nM,strong,0,0,0
chr17,80030757,80031038,1nM,strong,0,0,0
chr17,80047229,80047579,1nM,strong,0,0,0
chr17,80394688,80394972,1nM,strong,0,0,0
chr17,82101066,82101443,1nM,strong,0,0,0
chr17,82103721,82104213,1nM,strong,0,0,0
chr17,82234908,82235141,1nM,strong,0,0,0
chr17,82522066,82522253,1nM,strong,0,0,1
chr17,82888899,82889376,1nM,strong,0,0,0
chr17,82892990,82893326,1nM,strong,0,0,0
chr17,83180995,83181254,1nM,strong,0,0,0
chr17,83189778,83190013,1nM,strong,0,0,0
chr18,106868,107411,1nM,strong,0,0,0
chr18,109277,110101,1nM,strong,0,0,0
chr18,110665,110978,1nM,strong,0,0,0
chr18,111409,111705,1nM,strong,0,0,0
chr18,499395,499852,1nM,strong,0,0,0
chr18,2385591,2385800,1nM,strong,0,0,0
chr18,3045513,3045717,1nM,strong,0,0,0
chr18,3689080,3689549,1nM,strong,0,0,0
chr18,5410640,5410840,1nM,strong,0,0,0
chr18,5787957,5788277,1nM,strong,0,0,0
chr18,6510127,6510374,1nM,strong,0,0,0
chr18,9757659,9758107,1nM,strong,0,0,0
chr18,9804089,9804481,1nM,strong,0,0,0
chr18,9808542,9808841,1nM,strong,0,0,0
chr18,10122035,10122584,1nM,strong,0,0,0
chr18,10132008,10132385,1nM,strong,0,0,0
chr18,11268998,11269301,1nM,strong,0,0,0
chr18,13223584,13223918,1nM,strong,0,0,0
chr18,13394954,13395431,1nM,strong,0,0,0
chr18,13539794,13540162,1nM,strong,0,0,0
chr18,23627104,23627645,1nM,strong,0,0,0
chr18,23629438,23629886,1nM,strong,0,0,0
chr18,26575450,26575682,1nM,strong,0,0,0
chr18,26745432,26745647,1nM,strong,0,0,0
chr18,36099386,36099646,1nM,strong,0,0,0
chr18,45802683,45803020,1nM,strong,0,0,0
chr18,48123944,48124268,1nM,strong,0,0,0
chr18,48308233,48308508,1nM,strong,0,0,0
chr18,48453516,48453724,1nM,strong,0,0,0
chr18,48548298,48548538,1nM,strong,0,0,0
chr18,48974658,48974918,1nM,strong,0,0,0
chr18,48982979,48983311,1nM,strong,0,0,0
chr18,48990849,48991238,1nM,strong,0,0,0
chr18,48996990,48997249,1nM,strong,0,0,0
chr18,49021625,49021880,1nM,strong,0,0,0
chr18,57581520,57581700,1nM,strong,0,0,0
chr18,57793687,57794033,1nM,strong,0,0,0
chr18,59954320,59954563,1nM,strong,0,0,0
chr18,63132591,63132769,1nM,strong,0,0,0
chr18,63155678,63155956,1nM,strong,0,0,0
chr18,63156231,63156428,1nM,strong,0,0,0
chr18,63225752,63226061,1nM,strong,0,0,0
chr18,63241386,63241947,1nM,strong,0,0,0
chr18,63254712,63255168,1nM,strong,0,0,0
chr18,63257338,63257637,1nM,strong,0,0,0
chr18,63259548,63259807,1nM,strong,0,0,0
chr18,74242654,74243051,1nM,strong,0,0,0
chr18,74283787,74284074,1nM,strong,0,1,0
chr18,74546803,74547019,1nM,strong,0,0,0
chr18,76857550,76857805,1nM,strong,0,0,0
chr18,77054766,77055062,1nM,strong,0,0,0
chr18,77055201,77055384,1nM,strong,0,0,0
chr18,78893588,78893901,1nM,strong,0,0,0
chr18,78894139,78894356,1nM,strong,0,0,0
chr18,79062898,79063152,1nM,strong,0,0,0
chr18,79405267,79405719,1nM,strong,0,0,0
chr19,1181567,1182180,1nM,strong,0,0,0
chr19,1185649,1185921,1nM,strong,0,0,0
chr19,1513135,1513650,1nM,strong,0,0,0
chr19,2489335,2489543,1nM,strong,0,0,0
chr19,2525024,2525339,1nM,strong,0,0,0
chr19,2576197,2576548,1nM,strong,0,0,1
chr19,2579098,2579523,1nM,strong,0,0,0
chr19,3387709,3387942,1nM,strong,0,0,0
chr19,3389996,3390276,1nM,strong,0,1,0
chr19,4536750,4537063,1nM,strong,0,0,0
chr19,4539916,4540157,1nM,strong,0,0,0
chr19,4970810,4971092,1nM,strong,0,0,0
chr19,4971717,4971935,1nM,strong,0,0,0
chr19,4991641,4991910,1nM,strong,0,0,0
chr19,4992024,4992271,1nM,strong,0,0,0
chr19,7904175,7904413,1nM,strong,0,0,0
chr19,10501960,10502155,1nM,strong,0,0,0
chr19,11696766,11697071,1nM,strong,0,0,1
chr19,15479464,15479728,1nM,strong,0,0,0
chr19,15480143,15480392,1nM,strong,0,0,0
chr19,15488568,15488973,1nM,strong,0,0,0
chr19,15562947,15563190,1nM,strong,0,0,0
chr19,16463965,16464260,1nM,strong,0,0,0
chr19,18489178,18489400,1nM,strong,0,0,0
chr19,18832609,18833062,1nM,strong,0,0,0
chr19,19063264,19063601,1nM,strong,0,0,0
chr19,23400329,23400812,1nM,strong,0,0,0
chr19,23822905,23823192,1nM,strong,0,0,0
chr19,29671391,29671675,1nM,strong,0,0,0
chr19,30698511,30699001,1nM,strong,0,0,0
chr19,32222713,32222969,1nM,strong,0,0,0
chr19,33541708,33542222,1nM,strong,0,0,0
chr19,33580364,33580691,1nM,strong,0,0,0
chr19,33629571,33629800,1nM,strong,0,0,0
chr19,35000347,35000614,1nM,strong,0,0,0
chr19,35317429,35317820,1nM,strong,0,0,0
chr19,35319131,35319357,1nM,strong,0,0,0
chr19,37966786,37967025,1nM,strong,0,0,0
chr19,38298925,38299607,1nM,strong,0,0,1
chr19,38321614,38321950,1nM,strong,0,0,0
chr19,38683635,38683915,1nM,strong,0,0,0
chr19,39130384,39130735,1nM,strong,0,0,0
chr19,39150982,39151282,1nM,strong,0,0,0
chr19,39409548,39409767,1nM,strong,0,0,0
chr19,40466073,40466482,1nM,strong,0,0,0
chr19,40480229,40480485,1nM,strong,1,0,1
chr19,40920923,40921823,1nM,strong,0,0,0
chr19,44718569,44718847,1nM,strong,0,0,0
chr19,44742070,44742309,1nM,strong,0,0,0
chr19,44742863,44743080,1nM,strong,0,0,0
chr19,46784731,46784934,1nM,strong,0,0,0
chr19,47096089,47096593,1nM,strong,0,0,0
chr19,47723518,47723705,1nM,strong,0,1,1
chr19,48553866,48554181,1nM,strong,0,0,0
chr19,48554685,48554927,1nM,strong,0,1,0
chr19,49570676,49570889,1nM,strong,0,0,0
chr19,51044425,51044672,1nM,strong,0,0,0
chr19,54096968,54097220,1nM,strong,0,0,0
chr19,57814039,57814313,1nM,strong,0,0,0
chr2,260865,261338,1nM,strong,0,0,0
chr2,3222706,3222966,1nM,strong,0,0,0
chr2,6917754,6918098,1nM,strong,0,0,0
chr2,7748996,7749245,1nM,strong,0,0,0
chr2,8525484,8525692,1nM,strong,0,0,0
chr2,10021792,10022053,1nM,strong,0,0,0
chr2,10757254,10757945,1nM,strong,0,1,0
chr2,11122315,11122672,1nM,strong,0,0,0
chr2,11494602,11494905,1nM,strong,0,0,0
chr2,11497980,11498231,1nM,strong,0,0,1
chr2,11498530,11498922,1nM,strong,0,0,0
chr2,11501270,11501524,1nM,strong,0,1,0
chr2,11512728,11513040,1nM,strong,0,0,0
chr2,11530990,11531315,1nM,strong,0,0,0
chr2,11532359,11532692,1nM,strong,0,0,0
chr2,11539485,11540030,1nM,strong,0,0,0
chr2,11550988,11551207,1nM,strong,0,0,0
chr2,11558690,11558908,1nM,strong,0,0,0
chr2,14178819,14179163,1nM,strong,0,0,0
chr2,15142749,15143194,1nM,strong,0,0,0
chr2,16506315,16506634,1nM,strong,0,0,0
chr2,20071630,20072140,1nM,strong,0,0,0
chr2,20114018,20114279,1nM,strong,0,0,0
chr2,20351610,20351822,1nM,strong,0,0,0
chr2,20374987,20375215,1nM,strong,0,0,0
chr2,20381347,20381682,1nM,strong,0,0,0
chr2,20474216,20474629,1nM,strong,0,0,0
chr2,20474868,20475334,1nM,strong,0,0,0
chr2,24084247,24084447,1nM,strong,0,0,0
chr2,26758044,26758258,1nM,strong,0,0,0
chr2,28377213,28377512,1nM,strong,0,0,0
chr2,38076065,38076566,1nM,strong,0,0,0
chr2,38096275,38096527,1nM,strong,0,0,0
chr2,39180280,39180660,1nM,strong,0,0,0
chr2,41774225,41774799,1nM,strong,0,1,0
chr2,41775785,41776081,1nM,strong,0,0,0
chr2,42342517,42342835,1nM,strong,0,0,0
chr2,42784610,42784922,1nM,strong,0,0,0
chr2,42788833,42789236,1nM,strong,0,0,0
chr2,43273648,43273900,1nM,strong,0,0,0
chr2,43276600,43276846,1nM,strong,0,0,0
chr2,45752544,45752899,1nM,strong,0,0,0
chr2,45753470,45753699,1nM,strong,0,0,0
chr2,45820751,45820940,1nM,strong,0,0,0
chr2,55163871,55164101,1nM,strong,0,0,0
chr2,62858371,62858598,1nM,strong,0,0,0
chr2,64906826,64907355,1nM,strong,0,0,0
chr2,64975365,64975739,1nM,strong,0,0,0
chr2,65300238,65300476,1nM,strong,0,0,0
chr2,66554221,66554464,1nM,strong,0,0,0
chr2,70258589,70258819,1nM,strong,0,0,0
chr2,70381909,70382355,1nM,strong,0,0,0
chr2,70616282,70616576,1nM,strong,0,0,0
chr2,74441928,74442226,1nM,strong,0,0,0
chr2,74845249,74845579,1nM,strong,0,0,0
chr2,74845868,74846071,1nM,strong,0,0,0
chr2,74897894,74898210,1nM,strong,0,0,0
chr2,75153453,75153652,1nM,strong,0,0,0
chr2,85517095,85517382,1nM,strong,0,0,0
chr2,85954543,85954890,1nM,strong,0,0,0
chr2,85955041,85955375,1nM,strong,0,0,0
chr2,95526538,95526722,1nM,strong,0,0,0
chr2,96964685,96964909,1nM,strong,0,0,0
chr2,98233905,98234293,1nM,strong,0,0,0
chr2,99617907,99618234,1nM,strong,0,1,0
chr2,99636642,99637040,1nM,strong,0,0,0
chr2,100066937,100067155,1nM,strong,0,0,0
chr2,100322334,100322555,1nM,strong,0,0,0
chr2,104481651,104481931,1nM,strong,0,0,0
chr2,105522712,105523098,1nM,strong,0,1,0
chr2,109480632,109480954,1nM,strong,0,0,0
chr2,111535415,111535722,1nM,strong,0,0,0
chr2,112591443,112591673,1nM,strong,0,0,0
chr2,120404127,120404454,1nM,strong,0,0,0
chr2,130239588,130239878,1nM,strong,0,0,0
chr2,131434444,131434644,1nM,strong,0,0,0
chr2,133492942,133493274,1nM,strong,0,0,0
chr2,133504946,133505409,1nM,strong,0,0,0
chr2,156399489,156399675,1nM,strong,0,0,0
chr2,158723498,158724247,1nM,strong,0,0,0
chr2,158727297,158727671,1nM,strong,0,0,0
chr2,159111324,159111876,1nM,strong,0,0,0
chr2,160993588,160993943,1nM,strong,0,0,0
chr2,168456015,168456202,1nM,strong,0,0,0
chr2,173985616,173985947,1nM,strong,0,0,0
chr2,176845704,176846031,1nM,strong,0,0,0
chr2,179580754,179581049,1nM,strong,0,0,0
chr2,179646639,179647190,1nM,strong,0,0,0
chr2,185187313,185187713,1nM,strong,0,0,0
chr2,190786357,190786742,1nM,strong,0,0,0
chr2,200185123,200185337,1nM,strong,0,0,0
chr2,200288649,200288959,1nM,strong,0,0,0
chr2,200746992,200747279,1nM,strong,0,0,1
chr2,201985745,201986038,1nM,strong,0,0,0
chr2,201986320,201986596,1nM,strong,0,0,0
chr2,204109686,204109931,1nM,strong,0,0,0
chr2,214376510,214376832,1nM,strong,0,0,0
chr2,214378345,214378526,1nM,strong,0,0,0
chr2,214378657,214379186,1nM,strong,0,0,0
chr2,215966331,215966634,1nM,strong,0,1,0
chr2,215979695,215979960,1nM,strong,0,0,0
chr2,215980209,215980403,1nM,strong,0,0,0
chr2,215982545,215982938,1nM,strong,0,0,0
chr2,217092634,217092917,1nM,strong,0,0,0
chr2,217331654,217332252,1nM,strong,0,0,0
chr2,217366933,217367208,1nM,strong,0,0,0
chr2,217387546,217387758,1nM,strong,0,0,0
chr2,217388030,217388474,1nM,strong,0,1,0
chr2,218010140,218010325,1nM,strong,0,0,0
chr2,219398904,219399279,1nM,strong,0,0,0
chr2,219400217,219400522,1nM,strong,0,0,0
chr2,224331697,224332176,1nM,strong,1,0,0
chr2,225615563,225615857,1nM,strong,0,0,0
chr2,225616442,225616679,1nM,strong,0,0,0
chr2,231222993,231223388,1nM,strong,0,0,0
chr2,231519488,231519753,1nM,strong,0,0,0
chr2,231706285,231706528,1nM,strong,0,0,0
chr2,231707756,231708072,1nM,strong,0,0,0
chr2,236592802,236593338,1nM,strong,0,0,0
chr2,236692864,236693332,1nM,strong,0,1,0
chr2,236824895,236825268,1nM,strong,0,0,0
chr2,237025823,237026105,1nM,strong,0,0,0
chr2,237041308,237041634,1nM,strong,0,0,0
chr2,237076050,237076295,1nM,strong,0,0,0
chr2,237235428,237235874,1nM,strong,0,0,0
chr2,237487251,237487435,1nM,strong,0,0,0
chr2,237496434,237496725,1nM,strong,0,0,0
chr2,237502534,237502814,1nM,strong,0,0,0
chr2,237510090,237510381,1nM,strong,0,0,0
chr2,237558991,237559339,1nM,strong,0,0,0
chr2,239268234,239268798,1nM,strong,0,0,0
chr2,240069900,240070337,1nM,strong,0,0,0
chr2,240251057,240251239,1nM,strong,0,0,0
chr2,240251587,240251820,1nM,strong,0,0,0
chr2,240960463,240960744,1nM,strong,0,0,0
chr20,2207790,2208046,1nM,strong,0,0,0
chr20,18058788,18059088,1nM,strong,0,0,0
chr20,19130169,19130540,1nM,strong,0,0,0
chr20,19784125,19784357,1nM,strong,0,0,0
chr20,23357802,23358079,1nM,strong,0,0,0
chr20,24649934,24650343,1nM,strong,0,0,0
chr20,32040756,32041092,1nM,strong,0,1,0
chr20,32742018,32742196,1nM,strong,0,1,0
chr20,34350262,34350493,1nM,strong,0,0,0
chr20,36062752,36063066,1nM,strong,0,0,0
chr20,36587303,36587586,1nM,strong,0,0,0
chr20,36774279,36774513,1nM,strong,0,0,0
chr20,37279536,37279934,1nM,strong,0,1,0
chr20,38108528,38108982,1nM,strong,0,0,0
chr20,38109630,38110466,1nM,strong,0,0,0
chr20,39645352,39645903,1nM,strong,0,0,0
chr20,40286809,40287291,1nM,strong,0,0,0
chr20,44287355,44287612,1nM,strong,0,0,0
chr20,44302298,44302686,1nM,strong,0,0,0
chr20,44714700,44714973,1nM,strong,0,0,0
chr20,44765180,44765369,1nM,strong,0,0,0
chr20,44765547,44765942,1nM,strong,0,0,0
chr20,45340446,45340747,1nM,strong,0,0,0
chr20,45342209,45342461,1nM,strong,0,0,0
chr20,47319057,47319286,1nM,strong,0,0,0
chr20,47340847,47341247,1nM,strong,0,0,0
chr20,47343373,47343677,1nM,strong,0,1,0
chr20,47345156,47345578,1nM,strong,0,1,0
chr20,47352615,47352975,1nM,strong,0,0,0
chr20,47382659,47383028,1nM,strong,0,0,0
chr20,48075821,48076591,1nM,strong,0,0,0
chr20,48078558,48078781,1nM,strong,0,0,0
chr20,48079106,48079442,1nM,strong,0,0,0
chr20,48158048,48158407,1nM,strong,0,0,0
chr20,48246447,48246695,1nM,strong,0,0,0
chr20,48572214,48572543,1nM,strong,0,0,0
chr20,48597506,48597707,1nM,strong,0,0,0
chr20,48663729,48664123,1nM,strong,1,0,0
chr20,48686579,48686853,1nM,strong,0,0,0
chr20,48697831,48698043,1nM,strong,0,0,0
chr20,48698220,48698498,1nM,strong,0,0,0
chr20,48705368,48705647,1nM,strong,0,0,0
chr20,48864349,48865115,1nM,strong,0,0,0
chr20,48945969,48946167,1nM,strong,0,0,0
chr20,50284759,50285111,1nM,strong,0,0,0
chr20,50414814,50415167,1nM,strong,0,0,0
chr20,50727350,50727976,1nM,strong,0,0,0
chr20,50764099,50764543,1nM,strong,0,1,1
chr20,50798742,50798964,1nM,strong,0,0,0
chr20,53346221,53346633,1nM,strong,0,0,0
chr20,53608275,53608501,1nM,strong,0,0,0
chr20,53654831,53655017,1nM,strong,0,1,0
chr20,53661099,53661498,1nM,strong,0,0,0
chr20,53661825,53662118,1nM,strong,0,1,0
chr20,53786173,53786362,1nM,strong,0,0,0
chr20,54087105,54087363,1nM,strong,0,1,0
chr20,54123623,54124043,1nM,strong,0,0,0
chr20,54126983,54127463,1nM,strong,0,0,0
chr20,54149010,54149459,1nM,strong,0,0,0
chr20,54195293,54195660,1nM,strong,0,0,0
chr20,56629263,56629532,1nM,strong,0,0,0
chr20,56735068,56735621,1nM,strong,0,0,0
chr20,56758751,56759273,1nM,strong,0,0,0
chr20,56890058,56890496,1nM,strong,0,1,0
chr20,57109004,57109182,1nM,strong,0,0,0
chr20,57157539,57157817,1nM,strong,0,0,0
chr20,57263068,57263344,1nM,strong,0,0,0
chr20,58054841,58055150,1nM,strong,0,0,0
chr20,61303863,61304101,1nM,strong,0,0,0
chr20,62406582,62406860,1nM,strong,0,0,0
chr20,63864128,63864393,1nM,strong,0,0,0
chr21,15003369,15003721,1nM,strong,0,0,0
chr21,15005339,15005700,1nM,strong,0,0,0
chr21,15132788,15133112,1nM,strong,0,0,0
chr21,15199964,15200319,1nM,strong,0,0,0
chr21,15200685,15200868,1nM,strong,0,0,0
chr21,15203633,15204065,1nM,strong,0,0,0
chr21,15204245,15204589,1nM,strong,0,0,0
chr21,15204955,15205205,1nM,strong,0,0,0
chr21,15210113,15210639,1nM,strong,0,0,0
chr21,15586882,15587407,1nM,strong,0,0,0
chr21,17128369,17128630,1nM,strong,0,0,0
chr21,20997005,20997290,1nM,strong,0,0,0
chr21,29386204,29386450,1nM,strong,0,0,0
chr21,31529422,31529737,1nM,strong,0,0,0
chr21,32393479,32393679,1nM,strong,0,0,0
chr21,35953695,35953932,1nM,strong,0,0,0
chr21,36188170,36188588,1nM,strong,0,0,0
chr21,36193347,36193568,1nM,strong,0,0,0
chr21,36613046,36613312,1nM,strong,0,0,0
chr21,37267879,37268166,1nM,strong,0,0,0
chr21,37564819,37565053,1nM,strong,0,0,0
chr21,38661269,38661569,1nM,strong,0,0,0
chr21,39314706,39314900,1nM,strong,0,0,0
chr21,39524015,39524275,1nM,strong,0,0,0
chr21,39527727,39528104,1nM,strong,0,0,0
chr21,40318597,40318989,1nM,strong,0,0,0
chr21,41322166,41322359,1nM,strong,0,0,0
chr21,41583329,41583587,1nM,strong,0,0,0
chr21,41605545,41605921,1nM,strong,0,0,0
chr21,41681269,41681450,1nM,strong,0,0,0
chr21,42056507,42056853,1nM,strong,0,0,0
chr21,42085931,42086526,1nM,strong,0,0,0
chr21,42366343,42367002,1nM,strong,0,0,0
chr21,42375499,42375805,1nM,strong,0,0,0
chr21,42376305,42376661,1nM,strong,0,0,0
chr21,42390798,42391073,1nM,strong,0,0,0
chr21,42516277,42516526,1nM,strong,0,0,0
chr21,43343122,43343300,1nM,strong,0,0,0
chr21,43344504,43344807,1nM,strong,0,0,0
chr21,44764770,44765065,1nM,strong,0,0,0
chr21,45073353,45073647,1nM,strong,0,0,0
chr21,45330211,45330607,1nM,strong,0,0,0
chr21,45352857,45353121,1nM,strong,0,0,0
chr21,45386731,45387083,1nM,strong,0,0,0
chr21,45421781,45422014,1nM,strong,0,0,0
chr21,45542893,45543141,1nM,strong,0,0,0
chr21,45868248,45868564,1nM,strong,0,0,0
chr21,46294578,46294807,1nM,strong,0,0,0
chr22,20887500,20887885,1nM,strong,0,0,0
chr22,20916750,20917093,1nM,strong,0,0,0
chr22,23192203,23192612,1nM,strong,0,0,0
chr22,24195789,24196071,1nM,strong,0,0,0
chr22,24352084,24352492,1nM,strong,0,0,0
chr22,24402764,24403089,1nM,strong,0,0,0
chr22,24526143,24526502,1nM,strong,0,0,0
chr22,24531998,24532512,1nM,strong,1,1,0
chr22,25400872,25401119,1nM,strong,0,0,0
chr22,25930822,25931176,1nM,strong,0,0,0
chr22,25942988,25943339,1nM,strong,0,0,0
chr22,27345411,27345672,1nM,strong,0,0,0
chr22,27799636,27799949,1nM,strong,0,0,0
chr22,28790746,28790990,1nM,strong,0,0,0
chr22,28813649,28814075,1nM,strong,0,0,0
chr22,28818736,28818925,1nM,strong,0,0,0
chr22,28819418,28820056,1nM,strong,0,0,1
chr22,28822926,28823209,1nM,strong,0,0,0
chr22,28823809,28824093,1nM,strong,0,1,0
chr22,29378111,29378429,1nM,strong,0,0,1
chr22,29385584,29385893,1nM,strong,0,0,0
chr22,29386146,29386514,1nM,strong,0,0,0
chr22,29481756,29482069,1nM,strong,0,0,0
chr22,29517117,29517868,1nM,strong,0,0,0
chr22,29798809,29799155,1nM,strong,0,0,0
chr22,30291098,30291397,1nM,strong,0,0,0
chr22,30298375,30298611,1nM,strong,0,0,0
chr22,33540303,33540649,1nM,strong,0,0,0
chr22,33860382,33860563,1nM,strong,0,0,0
chr22,33865303,33865532,1nM,strong,0,0,0
chr22,35299323,35299501,1nM,strong,0,0,0
chr22,37189137,37189462,1nM,strong,0,0,0
chr22,37196847,37197141,1nM,strong,0,0,0
chr22,37197784,37198060,1nM,strong,0,0,0
chr22,37570155,37570614,1nM,strong,0,0,0
chr22,37887809,37888015,1nM,strong,0,0,0
chr22,38180941,38181213,1nM,strong,0,0,0
chr22,38222880,38223082,1nM,strong,0,0,0
chr22,39290741,39290986,1nM,strong,0,0,0
chr22,39292877,39293183,1nM,strong,0,1,0
chr22,39299941,39300207,1nM,strong,0,0,0
chr22,39300403,39300639,1nM,strong,0,0,0
chr22,39482834,39483126,1nM,strong,0,0,0
chr22,40721245,40721508,1nM,strong,0,0,0
chr22,40729042,40729252,1nM,strong,0,0,0
chr22,40732752,40733037,1nM,strong,0,0,0
chr22,41381042,41381301,1nM,strong,0,0,0
chr22,42734506,42734773,1nM,strong,0,0,0
chr22,42800845,42801132,1nM,strong,0,0,0
chr22,44759672,44760063,1nM,strong,0,0,0
chr22,45280712,45280894,1nM,strong,0,0,0
chr22,46465782,46466078,1nM,strong,0,0,0
chr22,46491954,46492246,1nM,strong,0,0,0
chr22,48254400,48254716,1nM,strong,0,0,0
chr22,48477469,48477688,1nM,strong,0,0,0
chr22,49857647,49858002,1nM,strong,0,1,0
chr3,4355687,4355993,1nM,strong,0,0,0
chr3,4750210,4750524,1nM,strong,0,0,0
chr3,4978336,4978642,1nM,strong,0,0,0
chr3,5026256,5026452,1nM,strong,0,0,0
chr3,13476196,13476467,1nM,strong,0,0,0
chr3,14412948,14413218,1nM,strong,0,0,0
chr3,15292839,15293213,1nM,strong,0,1,0
chr3,15636142,15636362,1nM,strong,0,0,0
chr3,15637588,15637770,1nM,strong,0,0,0
chr3,30354548,30354824,1nM,strong,0,0,0
chr3,30355169,30355666,1nM,strong,0,0,0
chr3,32110329,32110595,1nM,strong,0,0,0
chr3,33718319,33718530,1nM,strong,0,0,0
chr3,33798089,33798417,1nM,strong,0,0,0
chr3,42819968,42820254,1nM,strong,0,0,0
chr3,46660862,46661149,1nM,strong,0,0,0
chr3,46664841,46665048,1nM,strong,0,0,0
chr3,46665728,46666060,1nM,strong,0,0,0
chr3,46666630,46667020,1nM,strong,0,0,0
chr3,47164221,47164508,1nM,strong,0,0,0
chr3,50127013,50127592,1nM,strong,0,0,0
chr3,50605129,50605362,1nM,strong,0,0,0
chr3,52246215,52246523,1nM,strong,0,0,0
chr3,53145308,53145558,1nM,strong,0,0,0
chr3,57029659,57030184,1nM,strong,0,0,0
chr3,58040126,58040344,1nM,strong,0,1,0
chr3,58052533,58052818,1nM,strong,0,0,0
chr3,58096892,58097165,1nM,strong,0,0,0
chr3,58103036,58103272,1nM,strong,0,0,0
chr3,58467231,58467539,1nM,strong,0,0,0
chr3,61627830,61628118,1nM,strong,0,0,0
chr3,61706331,61706521,1nM,strong,0,1,0
chr3,61708084,61708503,1nM,strong,1,0,1
chr3,61807264,61807542,1nM,strong,0,0,0
chr3,61807770,61808174,1nM,strong,0,0,0
chr3,61841369,61841662,1nM,strong,0,0,0
chr3,62177121,62177648,1nM,strong,0,0,1
chr3,63562049,63562642,1nM,strong,0,0,0
chr3,63913621,63913811,1nM,strong,0,0,0
chr3,63920434,63920612,1nM,strong,0,0,0
chr3,63932829,63933232,1nM,strong,0,0,0
chr3,64491405,64491729,1nM,strong,0,0,0
chr3,64501537,64501720,1nM,strong,0,0,0
chr3,64612853,64613664,1nM,strong,0,0,0
chr3,65953401,65953634,1nM,strong,0,0,0
chr3,66475577,66475884,1nM,strong,0,0,0
chr3,66483354,66483663,1nM,strong,0,0,0
chr3,71065178,71065361,1nM,strong,0,0,0
chr3,87367726,87368067,1nM,strong,0,0,0
chr3,100104145,100104459,1nM,strong,0,0,0
chr3,100865079,100865304,1nM,strong,0,0,0
chr3,107824040,107824264,1nM,strong,0,0,0
chr3,107824514,107824825,1nM,strong,0,0,0
chr3,107825643,107825944,1nM,strong,0,0,0
chr3,107940831,107941034,1nM,strong,0,0,0
chr3,107986606,107986947,1nM,strong,0,0,0
chr3,107999329,107999941,1nM,strong,1,0,0
chr3,108000944,108001207,1nM,strong,0,0,0
chr3,108006171,108006488,1nM,strong,0,0,0
chr3,120349484,120349686,1nM,strong,0,0,0
chr3,122568450,122568674,1nM,strong,0,0,0
chr3,123621943,123622300,1nM,strong,0,0,0
chr3,123626981,123627239,1nM,strong,0,0,0
chr3,123627749,123627995,1nM,strong,0,0,0
chr3,124266541,124266855,1nM,strong,0,0,0
chr3,125062760,125063457,1nM,strong,0,0,0
chr3,125924791,125925046,1nM,strong,0,0,0
chr3,126130189,126130401,1nM,strong,0,0,0
chr3,127632405,127632622,1nM,strong,0,0,0
chr3,129878509,129878770,1nM,strong,0,0,0
chr3,132029143,132029416,1nM,strong,0,0,0
chr3,133428616,133428909,1nM,strong,0,0,0
chr3,133448676,133449046,1nM,strong,0,0,0
chr3,133452996,133453292,1nM,strong,0,0,0
chr3,133456086,133456458,1nM,strong,0,0,0
chr3,133456577,133457268,1nM,strong,0,0,1
chr3,133461250,133461840,1nM,strong,0,0,0
chr3,140941476,140941654,1nM,strong,0,0,0
chr3,146160538,146160734,1nM,strong,0,0,0
chr3,149507671,149507981,1nM,strong,0,0,0
chr3,150237554,150237909,1nM,strong,0,0,0
chr3,150238269,150238721,1nM,strong,0,0,0
chr3,150240740,150241114,1nM,strong,0,0,0
chr3,150278834,150279111,1nM,strong,0,0,0
chr3,150737213,150737685,1nM,strong,0,0,0
chr3,150756517,150756953,1nM,strong,0,0,0
chr3,151085276,151085493,1nM,strong,0,0,0
chr3,156812498,156812937,1nM,strong,0,0,0
chr3,164380246,164380571,1nM,strong,0,0,0
chr3,168671192,168671447,1nM,strong,0,0,0
chr3,169949018,169949264,1nM,strong,0,0,0
chr3,170049444,170049640,1nM,strong,0,0,0
chr3,176953696,176954199,1nM,strong,0,0,0
chr3,183845737,183846043,1nM,strong,0,0,0
chr3,184597949,184598199,1nM,strong,0,0,0
chr3,185205996,185206282,1nM,strong,0,0,0
chr3,186772734,186773027,1nM,strong,0,0,0
chr3,188175864,188176202,1nM,strong,0,0,0
chr3,188283017,188283589,1nM,strong,0,0,0
chr3,189099121,189099362,1nM,strong,0,0,0
chr3,189311524,189311803,1nM,strong,0,0,0
chr3,189458468,189458811,1nM,strong,0,0,0
chr3,189772973,189773239,1nM,strong,0,0,0
chr3,189842637,189843283,1nM,strong,0,0,0
chr3,189944403,189944688,1nM,strong,0,0,0
chr3,189944912,189945218,1nM,strong,0,0,0
chr3,193207900,193208198,1nM,strong,0,0,0
chr3,193870404,193870760,1nM,strong,0,0,0
chr3,193872344,193872616,1nM,strong,0,0,0
chr3,193878557,193878802,1nM,strong,0,0,1
chr3,193879531,193880266,1nM,strong,0,0,0
chr3,193921421,193921848,1nM,strong,0,0,0
chr3,194158970,194159354,1nM,strong,0,0,0
chr3,194270573,194270903,1nM,strong,0,0,0
chr3,194323930,194324335,1nM,strong,0,0,0
chr3,194494370,194494560,1nM,strong,0,0,0
chr3,194495092,194495312,1nM,strong,0,0,0
chr3,196147101,196147502,1nM,strong,0,0,0
chr3,196287318,196287654,1nM,strong,0,0,0
chr4,617792,617994,1nM,strong,0,0,0
chr4,997821,998095,1nM,strong,0,0,0
chr4,2419343,2419841,1nM,strong,0,0,0
chr4,3111538,3111791,1nM,strong,0,0,0
chr4,3461014,3461905,1nM,strong,0,0,0
chr4,3463213,3463669,1nM,strong,0,0,0
chr4,3484915,3485213,1nM,strong,0,0,0
chr4,3827547,3827850,1nM,strong,0,0,0
chr4,3954806,3955280,1nM,strong,0,0,0
chr4,3955533,3955811,1nM,strong,0,0,0
chr4,6110423,6110724,1nM,strong,0,0,0
chr4,6280308,6280632,1nM,strong,0,0,0
chr4,6415306,6415754,1nM,strong,0,0,0
chr4,6633246,6633576,1nM,strong,0,0,0
chr4,6750957,6751335,1nM,strong,0,0,0
chr4,6917798,6917996,1nM,strong,0,0,0
chr4,7772687,7773133,1nM,strong,0,0,0
chr4,8010132,8010353,1nM,strong,0,0,0
chr4,12734632,12735259,1nM,strong,0,0,1
chr4,37480708,37481024,1nM,strong,0,0,0
chr4,37891626,37891832,1nM,strong,0,0,0
chr4,39539441,39539737,1nM,strong,0,0,0
chr4,40200902,40201082,1nM,strong,0,0,0
chr4,40363410,40364051,1nM,strong,0,0,0
chr4,48954739,48955051,1nM,strong,0,0,0
chr4,54841444,54841701,1nM,strong,0,0,0
chr4,54842303,54842773,1nM,strong,0,0,0
chr4,54843478,54843780,1nM,strong,0,0,0
chr4,76563527,76563787,1nM,strong,0,0,0
chr4,76569231,76569552,1nM,strong,0,0,0
chr4,76570083,76570523,1nM,strong,0,0,0
chr4,76572213,76572502,1nM,strong,0,0,0
chr4,76611544,76611880,1nM,strong,0,0,0
chr4,85489349,85489643,1nM,strong,0,0,0
chr4,86934553,86934910,1nM,strong,0,0,0
chr4,87089427,87089622,1nM,strong,0,0,0
chr4,87120913,87121433,1nM,strong,0,0,0
chr4,88084443,88084754,1nM,strong,0,0,0
chr4,88158951,88159180,1nM,strong,0,0,0
chr4,88242142,88242919,1nM,strong,0,0,0
chr4,88335002,88335276,1nM,strong,0,0,0
chr4,100778570,100778773,1nM,strong,0,0,0
chr4,101397080,101397514,1nM,strong,0,0,0
chr4,128254798,128255088,1nM,strong,0,0,0
chr4,138910748,138911142,1nM,strong,0,0,0
chr4,139842015,139842345,1nM,strong,0,0,0
chr4,139849369,139849608,1nM,strong,0,0,0
chr4,139851181,139851396,1nM,strong,0,0,0
chr4,139875440,139875756,1nM,strong,0,0,0
chr4,140250148,140250518,1nM,strong,0,0,0
chr4,140252685,140253231,1nM,strong,0,0,0
chr4,168501205,168501590,1nM,strong,0,0,1
chr4,168677203,168677398,1nM,strong,0,0,0
chr4,168691678,168692323,1nM,strong,0,0,0
chr5,301715,302917,1nM,strong,0,0,0
chr5,429789,430016,1nM,strong,0,0,0
chr5,6495861,6496266,1nM,strong,0,0,0
chr5,16588375,16589156,1nM,strong,0,0,0
chr5,19734775,19735344,1nM,strong,0,0,0
chr5,33550020,33550368,1nM,strong,0,0,0
chr5,36731909,36732087,1nM,strong,0,0,0
chr5,36732230,36732555,1nM,strong,0,0,0
chr5,38831191,38831423,1nM,strong,0,0,0
chr5,53479922,53480119,1nM,strong,0,0,0
chr5,53482430,53482722,1nM,strong,0,0,0
chr5,56029920,56030221,1nM,strong,0,0,0
chr5,56429106,56429515,1nM,strong,0,0,0
chr5,56460584,56460854,1nM,strong,0,0,0
chr5,56668876,56669704,1nM,strong,0,0,0
chr5,59380378,59381364,1nM,strong,0,0,0
chr5,60355090,60355408,1nM,strong,0,0,0
chr5,61304645,61304875,1nM,strong,0,0,0
chr5,61333751,61334021,1nM,strong,0,0,0
chr5,66741507,66741748,1nM,strong,0,0,0
chr5,67215110,67215381,1nM,strong,0,0,0
chr5,67215722,67216067,1nM,strong,0,0,0
chr5,67234761,67235097,1nM,strong,0,0,0
chr5,67235704,67236128,1nM,strong,0,0,0
chr5,67236826,67237124,1nM,strong,0,0,0
chr5,69329938,69330352,1nM,strong,0,1,0
chr5,69332810,69333026,1nM,strong,0,0,0
chr5,71631359,71631605,1nM,strong,1,0,0
chr5,73513703,73513988,1nM,strong,0,0,0
chr5,73630315,73630709,1nM,strong,0,0,0
chr5,77168079,77168452,1nM,strong,0,0,0
chr5,77775264,77775609,1nM,strong,0,0,0
chr5,83473081,83473323,1nM,strong,0,0,0
chr5,95727848,95728038,1nM,strong,0,0,0
chr5,95728674,95728986,1nM,strong,0,0,0
chr5,100647609,100647893,1nM,strong,0,0,0
chr5,106241490,106241973,1nM,strong,0,0,0
chr5,107557493,107557695,1nM,strong,0,0,0
chr5,107571729,107572006,1nM,strong,0,0,0
chr5,116858670,116859222,1nM,strong,0,0,0
chr5,118009901,118010246,1nM,strong,0,0,0
chr5,119564210,119564472,1nM,strong,0,0,0
chr5,119564777,119565052,1nM,strong,0,0,0
chr5,122849254,122849547,1nM,strong,0,0,0
chr5,122852705,122853008,1nM,strong,0,0,0
chr5,125408607,125408824,1nM,strong,0,0,0
chr5,125409994,125410406,1nM,strong,0,0,0
chr5,127517155,127517338,1nM,strong,0,0,0
chr5,132277906,132278122,1nM,strong,0,0,1
chr5,132371197,132371423,1nM,strong,0,1,0
chr5,132378638,132378972,1nM,strong,0,0,0
chr5,132380974,132381197,1nM,strong,0,0,0
chr5,133049703,133050017,1nM,strong,0,0,0
chr5,133249326,133249994,1nM,strong,0,0,0
chr5,134037265,134037527,1nM,strong,0,0,0
chr5,134466430,134466742,1nM,strong,0,0,0
chr5,135046770,135047024,1nM,strong,0,0,0
chr5,135047544,135047808,1nM,strong,0,0,0
chr5,137815562,137815835,1nM,strong,0,0,0
chr5,139637206,139637575,1nM,strong,0,0,0
chr5,139638203,139638597,1nM,strong,0,0,0
chr5,139643470,139643714,1nM,strong,0,0,0
chr5,139644231,139644444,1nM,strong,0,0,0
chr5,139658286,139658549,1nM,strong,0,0,0
chr5,139660822,139661068,1nM,strong,0,0,0
chr5,139708872,139709565,1nM,strong,0,0,0
chr5,142239654,142239890,1nM,strong,0,0,1
chr5,142281083,142281374,1nM,strong,0,0,0
chr5,145982019,145982199,1nM,strong,0,0,0
chr5,149810348,149810743,1nM,strong,0,0,0
chr5,155068675,155069060,1nM,strong,0,0,0
chr5,157913014,157913225,1nM,strong,0,0,0
chr5,160287584,160287896,1nM,strong,0,0,0
chr5,168316292,168316713,1nM,strong,0,0,0
chr5,168347820,168348088,1nM,strong,0,0,0
chr5,170749849,170750153,1nM,strong,0,0,0
chr5,172688919,172689121,1nM,strong,0,0,0
chr5,173329770,173330024,1nM,strong,0,0,0
chr5,173453264,173453545,1nM,strong,0,0,0
chr5,173472644,173473113,1nM,strong,0,0,0
chr5,173590994,173591344,1nM,strong,0,0,0
chr5,174461333,174461605,1nM,strong,0,0,0
chr5,174461832,174462033,1nM,strong,0,0,0
chr5,174482474,174482743,1nM,strong,0,0,0
chr5,174483389,174483744,1nM,strong,0,0,0
chr5,174503569,174503849,1nM,strong,0,0,0
chr5,177023455,177023869,1nM,strong,0,0,0
chr5,177311566,177311762,1nM,strong,0,0,0
chr6,608195,608423,1nM,strong,0,0,0
chr6,617554,617863,1nM,strong,0,0,0
chr6,672843,673152,1nM,strong,0,1,0
chr6,1641280,1641641,1nM,strong,0,0,0
chr6,3226662,3226917,1nM,strong,0,0,0
chr6,3664750,3664938,1nM,strong,0,0,0
chr6,3748312,3748615,1nM,strong,0,0,0
chr6,7062489,7062704,1nM,strong,0,0,0
chr6,7198064,7198454,1nM,strong,0,0,0
chr6,11046786,11047179,1nM,strong,0,0,0
chr6,11053485,11053884,1nM,strong,0,0,0
chr6,11067339,11067782,1nM,strong,0,0,0
chr6,12288287,12288470,1nM,strong,0,0,0
chr6,15036700,15037209,1nM,strong,0,0,0
chr6,15090131,15090374,1nM,strong,0,0,0
chr6,15221738,15222259,1nM,strong,0,0,0
chr6,15251399,15251681,1nM,strong,0,0,0
chr6,15504615,15504857,1nM,strong,0,0,0
chr6,17389301,17389676,1nM,strong,0,0,0
chr6,17393783,17394149,1nM,strong,0,0,0
chr6,18457028,18457360,1nM,strong,0,1,0
chr6,20200762,20201032,1nM,strong,0,0,0
chr6,20210208,20210639,1nM,strong,0,0,0
chr6,21738568,21739160,1nM,strong,0,0,0
chr6,26295952,26296241,1nM,strong,0,0,0
chr6,26296423,26296639,1nM,strong,0,0,0
chr6,30751536,30751884,1nM,strong,0,0,0
chr6,36122105,36122740,1nM,strong,0,0,0
chr6,37102369,37102589,1nM,strong,0,0,0
chr6,37103334,37103547,1nM,strong,0,0,0
chr6,38261657,38261975,1nM,strong,0,0,0
chr6,39266822,39267099,1nM,strong,0,0,0
chr6,39269948,39270256,1nM,strong,0,0,0
chr6,39274763,39275142,1nM,strong,0,0,0
chr6,39934225,39934405,1nM,strong,0,0,0
chr6,42075342,42075707,1nM,strong,0,0,0
chr6,42122775,42123010,1nM,strong,0,0,0
chr6,42226894,42227096,1nM,strong,0,0,0
chr6,43714394,43714663,1nM,strong,0,0,0
chr6,44223754,44224016,1nM,strong,0,0,0
chr6,44238071,44238375,1nM,strong,0,0,0
chr6,44661324,44661986,1nM,strong,0,0,0
chr6,45554767,45554959,1nM,strong,0,0,0
chr6,49542133,49542360,1nM,strong,0,0,0
chr6,53464918,53465285,1nM,strong,0,0,0
chr6,53465772,53466041,1nM,strong,0,0,0
chr6,73520123,73520353,1nM,strong,0,0,0
chr6,73520652,73521296,1nM,strong,0,0,0
chr6,74969338,74970276,1nM,strong,0,0,0
chr6,82567721,82568066,1nM,strong,0,0,0
chr6,82570012,82570404,1nM,strong,0,0,0
chr6,82570635,82570922,1nM,strong,0,0,0
chr6,111592762,111592992,1nM,strong,0,0,0
chr6,122620892,122621212,1nM,strong,0,0,0
chr6,122622724,122623137,1nM,strong,0,0,0
chr6,125154838,125155184,1nM,strong,0,0,0
chr6,125197852,125198236,1nM,strong,0,0,0
chr6,125202233,125202575,1nM,strong,0,0,0
chr6,125205133,125205456,1nM,strong,0,0,0
chr6,125584625,125585069,1nM,strong,0,0,0
chr6,134117292,134117578,1nM,strong,0,0,0
chr6,135182515,135182719,1nM,strong,0,0,0
chr6,135211231,135211623,1nM,strong,0,0,0
chr6,138107446,138107679,1nM,strong,0,0,0
chr6,138582433,138582929,1nM,strong,0,0,0
chr6,139436801,139437088,1nM,strong,0,0,0
chr6,139531159,139531516,1nM,strong,0,0,0
chr6,139549735,139549959,1nM,strong,0,0,0
chr6,139588097,139588731,1nM,strong,0,0,0
chr6,148633668,148634202,1nM,strong,0,0,0
chr6,149080201,149080524,1nM,strong,0,0,0
chr6,149717603,149717787,1nM,strong,0,0,0
chr6,151616144,151616477,1nM,strong,0,0,0
chr6,151658096,151658421,1nM,strong,0,0,0
chr6,156827327,156827708,1nM,strong,0,0,0
chr6,158039606,158039997,1nM,strong,0,0,0
chr6,158049280,158049756,1nM,strong,0,0,0
chr6,166628016,166628217,1nM,strong,0,0,0
chr7,2440949,2441196,1nM,strong,0,0,0
chr7,2687557,2687792,1nM,strong,0,0,0
chr7,2689161,2689452,1nM,strong,0,0,0
chr7,4683195,4684096,1nM,strong,0,0,0
chr7,16421525,16421706,1nM,strong,0,0,0
chr7,16880561,16880876,1nM,strong,0,0,0
chr7,17618531,17618958,1nM,strong,0,0,0
chr7,26363867,26364151,1nM,strong,0,0,0
chr7,32680668,32680921,1nM,strong,0,0,0
chr7,33846135,33846591,1nM,strong,0,0,0
chr7,34037010,34037326,1nM,strong,0,0,1
chr7,34069657,34069920,1nM,strong,0,0,0
chr7,34748299,34748591,1nM,strong,0,0,0
chr7,35025269,35025581,1nM,strong,0,0,0
chr7,35025711,35026075,1nM,strong,0,0,0
chr7,36084912,36085176,1nM,strong,0,0,0
chr7,39624039,39624219,1nM,strong,0,0,0
chr7,43808592,43808787,1nM,strong,0,0,0
chr7,47380051,47380253,1nM,strong,0,0,0
chr7,47406042,47406277,1nM,strong,0,0,0
chr7,47470708,47470886,1nM,strong,0,0,0
chr7,47475506,47476049,1nM,strong,0,0,0
chr7,47477458,47477813,1nM,strong,0,0,0
chr7,47744092,47744482,1nM,strong,0,0,0
chr7,55177598,55177961,1nM,strong,0,0,0
chr7,55964777,55965103,1nM,strong,0,0,0
chr7,66013869,66014198,1nM,strong,0,0,0
chr7,73891297,73891803,1nM,strong,0,0,0
chr7,74994040,74994249,1nM,strong,0,0,0
chr7,76307119,76307334,1nM,strong,0,1,0
chr7,76310177,76310379,1nM,strong,0,0,0
chr7,80942894,80943209,1nM,strong,1,0,0
chr7,98826767,98826958,1nM,strong,0,0,0
chr7,100003914,100004272,1nM,strong,0,0,0
chr7,100004385,100004654,1nM,strong,0,0,0
chr7,101972808,101973031,1nM,strong,0,0,0
chr7,101973148,101973436,1nM,strong,0,0,0
chr7,102317266,102317589,1nM,strong,0,0,0
chr7,105639885,105640401,1nM,strong,0,0,0
chr7,105887760,105888177,1nM,strong,0,0,0
chr7,106065218,106065485,1nM,strong,0,0,0
chr7,106070238,106070529,1nM,strong,0,0,0
chr7,117124447,117124927,1nM,strong,0,0,0
chr7,120674153,120674405,1nM,strong,0,1,0
chr7,128259877,128260226,1nM,strong,0,0,0
chr7,128444044,128444267,1nM,strong,0,0,0
chr7,131625789,131626081,1nM,strong,0,0,0
chr7,131626696,131626979,1nM,strong,0,0,0
chr7,132214505,132214820,1nM,strong,0,0,0
chr7,139771937,139772247,1nM,strong,0,0,0
chr7,140309299,140309502,1nM,strong,0,0,0
chr7,140310346,140310678,1nM,strong,0,0,0
chr7,142352674,142353248,1nM,strong,0,0,0
chr7,142356036,142356556,1nM,strong,0,0,0
chr7,142384228,142384721,1nM,strong,0,0,0
chr7,142667120,142667619,1nM,strong,0,0,0
chr7,151694798,151695354,1nM,strong,0,0,0
chr7,151856578,151856902,1nM,strong,0,0,0
chr7,152574979,152575656,1nM,strong,0,0,0
chr7,152699225,152699829,1nM,strong,0,0,0
chr7,155369840,155370110,1nM,strong,0,0,0
chr7,156516235,156516490,1nM,strong,0,0,0
chr8,694185,694617,1nM,strong,0,0,0
chr8,8288287,8288659,1nM,strong,0,1,0
chr8,8289112,8289645,1nM,strong,0,0,0
chr8,8461518,8461720,1nM,strong,0,0,0
chr8,8508054,8508327,1nM,strong,0,0,0
chr8,11730677,11731014,1nM,strong,0,0,0
chr8,13156924,13157218,1nM,strong,0,0,0
chr8,13275869,13276087,1nM,strong,0,0,0
chr8,13276667,13276883,1nM,strong,0,0,0
chr8,17803385,17803647,1nM,strong,0,1,0
chr8,17923157,17923400,1nM,strong,0,0,0
chr8,22112740,22112947,1nM,strong,0,0,0
chr8,22739126,22739458,1nM,strong,0,0,0
chr8,22743819,22744122,1nM,strong,0,0,0
chr8,26202106,26202621,1nM,strong,0,0,0
chr8,29282956,29283257,1nM,strong,0,0,0
chr8,29286815,29287090,1nM,strong,0,0,0
chr8,33245060,33245359,1nM,strong,0,0,0
chr8,37144878,37145130,1nM,strong,0,0,0
chr8,37562642,37562859,1nM,strong,0,0,0
chr8,37567035,37567350,1nM,strong,0,0,0
chr8,37590621,37590936,1nM,strong,0,0,0
chr8,37593466,37593818,1nM,strong,0,0,0
chr8,37598608,37598906,1nM,strong,0,0,0
chr8,37694327,37694515,1nM,strong,0,0,0
chr8,41559468,41559974,1nM,strong,0,1,0
chr8,42894252,42894523,1nM,strong,0,0,0
chr8,57855271,57855538,1nM,strong,0,0,0
chr8,66022331,66022554,1nM,strong,0,0,0
chr8,66124068,66124320,1nM,strong,0,0,0
chr8,66512836,66513090,1nM,strong,0,0,0
chr8,66522507,66522776,1nM,strong,0,0,0
chr8,66713996,66714796,1nM,strong,0,0,0
chr8,67381031,67381338,1nM,strong,0,0,0
chr8,68853359,68853681,1nM,strong,0,0,0
chr8,68854431,68854801,1nM,strong,0,0,0
chr8,86199979,86200237,1nM,strong,0,0,0
chr8,87662111,87662331,1nM,strong,0,0,0
chr8,87662493,87663087,1nM,strong,0,0,0
chr8,87915161,87915488,1nM,strong,0,0,0
chr8,89983580,89983948,1nM,strong,0,0,0
chr8,90001442,90002009,1nM,strong,0,0,0
chr8,93404993,93405260,1nM,strong,0,0,0
chr8,94156101,94156325,1nM,strong,0,0,0
chr8,95075002,95075182,1nM,strong,0,0,0
chr8,95225517,95225719,1nM,strong,0,0,0
chr8,96359790,96360070,1nM,strong,0,0,0
chr8,96416718,96417024,1nM,strong,0,0,0
chr8,96419563,96419789,1nM,strong,0,0,0
chr8,96581916,96582103,1nM,strong,0,0,0
chr8,96945867,96946141,1nM,strong,0,0,0
chr8,97008791,97009105,1nM,strong,0,0,0
chr8,97266297,97266794,1nM,strong,0,0,0
chr8,97568143,97568420,1nM,strong,0,0,0
chr8,97763610,97763862,1nM,strong,0,0,0
chr8,97764096,97764784,1nM,strong,0,0,1
chr8,98165040,98165248,1nM,strong,0,0,0
chr8,99905093,99905329,1nM,strong,0,0,0
chr8,100487870,100488103,1nM,strong,0,0,0
chr8,100719713,100719988,1nM,strong,0,0,0
chr8,101077587,101077880,1nM,strong,0,0,0
chr8,101120673,101121016,1nM,strong,0,0,0
chr8,101462797,101463040,1nM,strong,0,0,0
chr8,101466702,101467027,1nM,strong,0,0,0
chr8,101474079,101474356,1nM,strong,0,1,0
chr8,101504043,101504438,1nM,strong,0,0,0
chr8,101512348,101512665,1nM,strong,0,1,0
chr8,101514472,101514671,1nM,strong,0,0,0
chr8,101515534,101515828,1nM,strong,0,0,0
chr8,102600919,102601273,1nM,strong,0,0,0
chr8,102602466,102602653,1nM,strong,0,0,0
chr8,102808247,102808532,1nM,strong,0,0,0
chr8,106623983,106624367,1nM,strong,0,0,0
chr8,109540010,109540232,1nM,strong,0,0,0
chr8,109575364,109576003,1nM,strong,0,0,0
chr8,109589320,109589547,1nM,strong,0,0,0
chr8,109593778,109594004,1nM,strong,0,0,0
chr8,109606646,109606973,1nM,strong,0,0,0
chr8,111114203,111114484,1nM,strong,0,0,0
chr8,115867530,115867765,1nM,strong,0,0,0
chr8,115987964,115988175,1nM,strong,0,0,0
chr8,121150938,121151262,1nM,strong,0,0,0
chr8,122846157,122846373,1nM,strong,0,0,0
chr8,123563566,123563914,1nM,strong,0,0,0
chr8,123564048,123564279,1nM,strong,0,0,0
chr8,125069884,125070175,1nM,strong,0,0,0
chr8,127799881,127800151,1nM,strong,0,0,0
chr8,127800721,127801092,1nM,strong,0,0,0
chr8,127801500,127801740,1nM,strong,0,1,0
chr8,127859563,127860132,1nM,strong,0,0,0
chr8,127866306,127866495,1nM,strong,0,0,0
chr8,127867644,127868061,1nM,strong,0,0,0
chr8,127870090,127870977,1nM,strong,0,1,0
chr8,127876854,127877063,1nM,strong,0,0,0
chr8,127911144,127911539,1nM,strong,0,0,0
chr8,127952138,127952376,1nM,strong,0,0,0
chr8,127953090,127953445,1nM,strong,0,0,0
chr8,128141908,128142285,1nM,strong,0,0,0
chr8,128143315,128143555,1nM,strong,0,0,0
chr8,134734773,134735194,1nM,strong,0,0,0
chr8,140337445,140337624,1nM,strong,0,0,0
chr8,141058128,141058430,1nM,strong,0,0,0
chr8,142588004,142588358,1nM,strong,0,0,0
chr8,143017960,143018326,1nM,strong,0,0,0
chr8,145021936,145022168,1nM,strong,0,0,0
chr9,33163867,33164101,1nM,strong,0,0,0
chr9,33234132,33234485,1nM,strong,0,0,0
chr9,35517627,35518394,1nM,strong,0,0,0
chr9,38023206,38023451,1nM,strong,0,0,0
chr9,38024236,38024462,1nM,strong,0,0,0
chr9,70413063,70413393,1nM,strong,0,0,0
chr9,75101049,75101514,1nM,strong,0,0,0
chr9,77588614,77588881,1nM,strong,0,0,0
chr9,83432233,83432704,1nM,strong,0,0,0
chr9,88344486,88344907,1nM,strong,0,0,0
chr9,88530015,88530319,1nM,strong,0,0,0
chr9,89648698,89649038,1nM,strong,0,0,0
chr9,89664820,89665142,1nM,strong,0,0,0
chr9,89669354,89669678,1nM,strong,0,0,0
chr9,89844671,89844916,1nM,strong,0,0,0
chr9,89850871,89851243,1nM,strong,0,0,0
chr9,92151959,92152377,1nM,strong,0,0,0
chr9,92665890,92666395,1nM,strong,0,0,0
chr9,92988463,92988837,1nM,strong,0,0,0
chr9,94639063,94639392,1nM,strong,0,0,0
chr9,94782921,94783547,1nM,strong,0,0,0
chr9,94992015,94992310,1nM,strong,0,0,0
chr9,95003985,95004264,1nM,strong,0,0,0
chr9,98072630,98072838,1nM,strong,0,1,0
chr9,98219102,98219367,1nM,strong,0,0,0
chr9,105901669,105901923,1nM,strong,0,0,0
chr9,105912813,105913370,1nM,strong,0,0,0
chr9,107243821,107244188,1nM,strong,0,0,0
chr9,110151703,110152051,1nM,strong,0,1,0
chr9,112012142,112012415,1nM,strong,0,0,0
chr9,114084267,114084638,1nM,strong,0,0,0
chr9,114220269,114220447,1nM,strong,0,0,0
chr9,114558281,114558701,1nM,strong,0,0,0
chr9,120646313,120646507,1nM,strong,0,0,0
chr9,123327836,123328152,1nM,strong,0,0,0
chr9,125538187,125538382,1nM,strong,0,0,0
chr9,126327331,126327608,1nM,strong,0,0,0
chr9,126642990,126643406,1nM,strong,0,0,0
chr9,126644010,126644214,1nM,strong,0,0,0
chr9,127237940,127238201,1nM,strong,0,1,0
chr9,127407596,127407870,1nM,strong,0,0,0
chr9,127417247,127417478,1nM,strong,0,0,0
chr9,127545343,127545661,1nM,strong,0,0,0
chr9,127955596,127956038,1nM,strong,0,0,0
chr9,128022248,128022599,1nM,strong,0,0,0
chr9,128026860,128027234,1nM,strong,0,0,0
chr9,128047315,128047582,1nM,strong,0,1,0
chr9,128055760,128056029,1nM,strong,0,0,0
chr9,128058052,128058378,1nM,strong,0,1,0
chr9,129107305,129107641,1nM,strong,0,1,0
chr9,129193756,129194013,1nM,strong,0,0,0
chr9,129324988,129325205,1nM,strong,0,0,0
chr9,129488645,129488998,1nM,strong,0,0,0
chr9,130187139,130187483,1nM,strong,0,0,0
chr9,133387424,133387681,1nM,strong,0,0,0
chr9,133863294,133863697,1nM,strong,0,0,0
chr9,133873286,133873546,1nM,strong,0,0,0
chr9,133960133,133960346,1nM,strong,0,0,0
chr9,134412384,134412605,1nM,strong,0,0,0
chr9,135392462,135392925,1nM,strong,0,0,0
chr9,137173103,137173525,1nM,strong,0,0,0
chrX,2894991,2895235,1nM,strong,0,0,0
chrX,5402576,5402834,1nM,strong,0,1,0
chrX,6730051,6730253,1nM,strong,0,0,0
chrX,7132429,7132607,1nM,strong,0,0,0
chrX,7218482,7218760,1nM,strong,0,0,0
chrX,7219116,7219430,1nM,strong,0,0,0
chrX,9207195,9207472,1nM,strong,0,0,0
chrX,9267532,9267737,1nM,strong,0,0,1
chrX,10007040,10007399,1nM,strong,0,0,0
chrX,10033229,10033618,1nM,strong,0,0,0
chrX,10101153,10101635,1nM,strong,0,0,0
chrX,12947904,12948294,1nM,strong,0,0,0
chrX,12988975,12989266,1nM,strong,0,0,0
chrX,12994432,12994666,1nM,strong,0,0,0
chrX,13029414,13029725,1nM,strong,0,0,0
chrX,13029973,13030301,1nM,strong,0,0,0
chrX,16470391,16470599,1nM,strong,0,0,0
chrX,16471540,16471919,1nM,strong,0,0,0
chrX,16617359,16617784,1nM,strong,0,0,0
chrX,16662332,16662850,1nM,strong,0,0,0
chrX,16882013,16882219,1nM,strong,0,0,0
chrX,18099870,18100149,1nM,strong,0,0,0
chrX,18831754,18832016,1nM,strong,0,0,0
chrX,22117198,22117599,1nM,strong,0,0,0
chrX,23502020,23502340,1nM,strong,0,0,1
chrX,39895233,39895420,1nM,strong,0,0,0
chrX,54640769,54641032,1nM,strong,0,0,0
chrX,54747689,54748044,1nM,strong,0,0,0
chrX,109951958,109952297,1nM,strong,0,0,0
chrX,110162849,110163141,1nM,strong,0,0,0
chrX,110168243,110168479,1nM,strong,0,0,0
chrX,110173186,110173523,1nM,strong,0,0,0
chrX,131565990,131566291,1nM,strong,0,0,0
chrX,132181354,132181609,1nM,strong,0,0,0
chrX,134570527,134570812,1nM,strong,0,0,0
chrX,134652060,134652244,1nM,strong,0,0,0
chrX,134658573,134658787,1nM,strong,0,0,0
chrX,134718341,134718544,1nM,strong,0,0,0
chrX,134753193,134753530,1nM,strong,0,0,0
chrX,140040472,140040814,1nM,strong,0,0,0
chrX,140490956,140491290,1nM,strong,0,0,0
chrX,140492270,140492610,1nM,strong,0,0,0
chrX,140508193,140508378,1nM,strong,0,0,0
chrX,143634007,143634223,1nM,strong,0,0,0
chrX,150041190,150041538,1nM,strong,0,0,0
chrX,152915465,152915805,1nM,strong,0,0,0
chrX,154419934,154420230,1nM,strong,0,0,0
chrX,154490838,154491128,1nM,strong,0,1,0
chrX,154540906,154541488,1nM,strong,0,0,0
chrX,154541648,154541908,1nM,strong,0,0,0
chrX,154988043,154988430,1nM,strong,0,0,0
chr1,3085878,3086169,1nM,weak,0,0,0
chr1,5434152,5434425,1nM,weak,0,0,0
chr1,5959692,5959880,1nM,weak,0,0,0
chr1,6101100,6101288,1nM,weak,0,0,0
chr1,6910523,6910780,1nM,weak,0,0,0
chr1,7106869,7107062,1nM,weak,0,0,0
chr1,7223895,7224093,1nM,weak,0,0,0
chr1,8202729,8202931,1nM,weak,0,0,0
chr1,8395542,8395720,1nM,weak,0,0,0
chr1,9325943,9326126,1nM,weak,0,0,0
chr1,9384728,9384916,1nM,weak,0,0,0
chr1,10018634,10018832,1nM,weak,0,1,0
chr1,11374482,11374677,1nM,weak,0,0,0
chr1,13241651,13241865,1nM,weak,0,1,0
chr1,13577709,13577931,1nM,weak,0,0,0
chr1,15048508,15048929,1nM,weak,0,0,0
chr1,15405321,15405586,1nM,weak,0,0,0
chr1,17056281,17056500,1nM,weak,0,0,0
chr1,17472853,17473054,1nM,weak,0,1,0
chr1,17599692,17599899,1nM,weak,0,0,0
chr1,17834507,17834720,1nM,weak,0,0,0
chr1,17879013,17879263,1nM,weak,0,0,0
chr1,18188225,18188500,1nM,weak,0,0,0
chr1,18369374,18369708,1nM,weak,0,0,0
chr1,18384127,18384385,1nM,weak,0,0,0
chr1,19592542,19592808,1nM,weak,0,0,1
chr1,19593336,19593535,1nM,weak,0,0,1
chr1,21401847,21402083,1nM,weak,0,0,0
chr1,24605720,24605963,1nM,weak,0,0,0
chr1,27645085,27645431,1nM,weak,0,0,0
chr1,30219320,30219539,1nM,weak,0,0,0
chr1,30333016,30333249,1nM,weak,0,0,0
chr1,30382811,30382994,1nM,weak,0,0,0
chr1,30398105,30398519,1nM,weak,0,0,0
chr1,30461791,30462049,1nM,weak,0,0,0
chr1,30803003,30803197,1nM,weak,0,1,1
chr1,30815717,30815921,1nM,weak,0,0,0
chr1,31673843,31674187,1nM,weak,0,0,0
chr1,37038765,37038954,1nM,weak,0,0,0
chr1,37791406,37791619,1nM,weak,0,0,0
chr1,38642354,38642586,1nM,weak,0,0,0
chr1,38813453,38813730,1nM,weak,0,0,0
chr1,40152129,40152363,1nM,weak,0,1,0
chr1,40696410,40696716,1nM,weak,0,0,0
chr1,42152172,42152445,1nM,weak,0,0,0
chr1,44067643,44067888,1nM,weak,0,0,0
chr1,45309558,45309776,1nM,weak,0,1,0
chr1,45852865,45853115,1nM,weak,0,1,0
chr1,47450185,47450423,1nM,weak,0,0,0
chr1,47782187,47782469,1nM,weak,0,0,0
chr1,47889409,47889637,1nM,weak,0,0,0
chr1,48758832,48759028,1nM,weak,0,0,0
chr1,51612576,51612850,1nM,weak,0,0,0
chr1,54218420,54218644,1nM,weak,0,0,0
chr1,54641030,54641389,1nM,weak,0,0,0
chr1,56521249,56521471,1nM,weak,0,1,0
chr1,61496389,61496675,1nM,weak,0,0,0
chr1,61498416,61498692,1nM,weak,0,0,0
chr1,64436264,64436487,1nM,weak,0,0,0
chr1,64879058,64879385,1nM,weak,0,0,0
chr1,65000031,65000274,1nM,weak,0,1,0
chr1,67632884,67633066,1nM,weak,0,0,0
chr1,71520217,71520441,1nM,weak,0,0,0
chr1,71529288,71529496,1nM,weak,0,0,0
chr1,76265163,76265351,1nM,weak,0,0,0
chr1,76772503,76772713,1nM,weak,0,0,0
chr1,76944186,76944415,1nM,weak,0,0,0
chr1,78800848,78801133,1nM,weak,0,0,0
chr1,78927968,78928182,1nM,weak,0,0,0
chr1,79361272,79361541,1nM,weak,0,0,0
chr1,81167146,81167334,1nM,weak,0,0,0
chr1,82386771,82387115,1nM,weak,0,0,0
chr1,85504168,85504548,1nM,weak,0,0,0
chr1,87715148,87715330,1nM,weak,0,0,0
chr1,88293524,88294092,1nM,weak,0,0,0
chr1,89049092,89049281,1nM,weak,0,1,0
chr1,89743408,89743617,1nM,weak,0,0,0
chr1,91100239,91100603,1nM,weak,0,0,0
chr1,91749835,91750031,1nM,weak,0,0,0
chr1,93781850,93782040,1nM,weak,0,0,0
chr1,94423097,94423336,1nM,weak,0,0,0
chr1,95124937,95125118,1nM,weak,0,0,0
chr1,101366052,101366269,1nM,weak,0,0,1
chr1,102434484,102434709,1nM,weak,0,0,0
chr1,107420551,107420826,1nM,weak,0,0,0
chr1,109948072,109948261,1nM,weak,0,0,0
chr1,109950508,109950788,1nM,weak,0,0,0
chr1,110246048,110246257,1nM,weak,0,0,0
chr1,111099311,111099508,1nM,weak,0,0,0
chr1,111471029,111471231,1nM,weak,0,0,0
chr1,111473253,111473652,1nM,weak,1,0,0
chr1,111987997,111988188,1nM,weak,0,0,0
chr1,113217556,113217796,1nM,weak,0,0,0
chr1,113989428,113989673,1nM,weak,0,0,1
chr1,115401016,115401265,1nM,weak,0,0,1
chr1,115815768,115815948,1nM,weak,0,0,0
chr1,116008733,116008966,1nM,weak,0,0,0
chr1,116010867,116011052,1nM,weak,0,0,0
chr1,116167289,116167644,1nM,weak,0,0,0
chr1,116290145,116290349,1nM,weak,0,0,0
chr1,117847207,117847455,1nM,weak,0,0,0
chr1,148366484,148366714,1nM,weak,0,0,1
chr1,148383998,148384216,1nM,weak,0,0,0
chr1,150017488,150017754,1nM,weak,0,0,0
chr1,153520266,153520524,1nM,weak,0,0,0
chr1,154914841,154915070,1nM,weak,0,1,0
chr1,156831254,156831479,1nM,weak,0,0,0
chr1,160434974,160435218,1nM,weak,0,0,0
chr1,161721537,161721732,1nM,weak,0,0,0
chr1,162056565,162056743,1nM,weak,0,0,0
chr1,162134731,162134936,1nM,weak,0,0,0
chr1,162388541,162388753,1nM,weak,0,0,0
chr1,164757742,164757930,1nM,weak,0,0,0
chr1,165158862,165159078,1nM,weak,0,0,0
chr1,166609611,166609807,1nM,weak,0,0,0
chr1,169517695,169517888,1nM,weak,0,0,0
chr1,169690357,169690622,1nM,weak,0,0,0
chr1,176823227,176823475,1nM,weak,0,0,0
chr1,177063907,177064191,1nM,weak,0,0,0
chr1,177275424,177275668,1nM,weak,0,0,0
chr1,177301298,177301622,1nM,weak,0,0,0
chr1,177951516,177951751,1nM,weak,0,0,0
chr1,179371615,179371800,1nM,weak,0,0,0
chr1,184363017,184363210,1nM,weak,0,0,0
chr1,184647301,184647499,1nM,weak,0,0,0
chr1,185645627,185645877,1nM,weak,0,0,0
chr1,188432500,188432847,1nM,weak,0,0,0
chr1,190275684,190275919,1nM,weak,0,0,0
chr1,190285153,190285550,1nM,weak,0,1,0
chr1,191150060,191150314,1nM,weak,0,0,0
chr1,191427748,191427955,1nM,weak,0,0,0
chr1,193919901,193920104,1nM,weak,0,0,0
chr1,199646931,199647121,1nM,weak,0,0,0
chr1,200337241,200337541,1nM,weak,0,0,0
chr1,200486770,200486982,1nM,weak,0,0,0
chr1,201045009,201045408,1nM,weak,0,0,0
chr1,202532189,202532486,1nM,weak,0,0,0
chr1,203284600,203284842,1nM,weak,0,0,0
chr1,203409672,203409876,1nM,weak,0,0,0
chr1,205648317,205648556,1nM,weak,0,0,0
chr1,207948794,207949225,1nM,weak,0,0,0
chr1,208069308,208069524,1nM,weak,0,0,0
chr1,209535138,209535339,1nM,weak,0,0,0
chr1,209537887,209538113,1nM,weak,0,0,0
chr1,209746710,209746950,1nM,weak,0,0,0
chr1,211113714,211113913,1nM,weak,0,0,0
chr1,211187714,211187906,1nM,weak,0,0,0
chr1,211502488,211502706,1nM,weak,0,0,0
chr1,212047113,212047431,1nM,weak,0,0,0
chr1,212078057,212078326,1nM,weak,0,0,0
chr1,212138573,212138912,1nM,weak,0,0,0
chr1,213570610,213570855,1nM,weak,0,0,0
chr1,215001853,215002034,1nM,weak,0,0,0
chr1,215545013,215545338,1nM,weak,0,0,0
chr1,216820353,216820595,1nM,weak,0,0,0
chr1,219661259,219661439,1nM,weak,0,0,0
chr1,229148158,229148421,1nM,weak,0,0,0
chr1,229892803,229893019,1nM,weak,0,0,0
chr1,230351711,230351892,1nM,weak,0,0,0
chr1,231512181,231512413,1nM,weak,0,0,0
chr1,231672250,231672649,1nM,weak,0,0,0
chr1,231770912,231771091,1nM,weak,0,0,0
chr1,232440381,232440581,1nM,weak,0,0,0
chr1,233010042,233010335,1nM,weak,0,0,0
chr1,233676703,233676886,1nM,weak,0,0,0
chr1,233682080,233682284,1nM,weak,0,0,0
chr1,234553170,234553400,1nM,weak,0,0,0
chr1,241708799,241709018,1nM,weak,0,0,0
chr1,246268108,246268286,1nM,weak,0,0,0
chr1,246417497,246418126,1nM,weak,0,0,0
chr10,107021,107341,1nM,weak,0,0,0
chr10,2399957,2400253,1nM,weak,0,0,0
chr10,3585016,3585402,1nM,weak,0,0,0
chr10,3962971,3963149,1nM,weak,0,0,0
chr10,4121353,4121565,1nM,weak,0,1,0
chr10,4130031,4130230,1nM,weak,0,0,0
chr10,4450605,4450850,1nM,weak,0,0,0
chr10,5115985,5116255,1nM,weak,0,0,0
chr10,5579741,5579939,1nM,weak,0,0,0
chr10,6301548,6301754,1nM,weak,0,0,0
chr10,7422752,7422983,1nM,weak,0,0,0
chr10,7868296,7868543,1nM,weak,0,0,0
chr10,8588859,8589080,1nM,weak,0,0,0
chr10,11146661,11146898,1nM,weak,0,0,0
chr10,12150270,12150488,1nM,weak,0,0,0
chr10,12299360,12299563,1nM,weak,0,0,0
chr10,12500330,12500662,1nM,weak,0,0,0
chr10,15310272,15310518,1nM,weak,0,0,0
chr10,21630516,21630793,1nM,weak,0,0,0
chr10,21814928,21815110,1nM,weak,0,0,0
chr10,22192950,22193139,1nM,weak,0,0,0
chr10,22680668,22680910,1nM,weak,0,0,0
chr10,22844543,22844734,1nM,weak,0,0,0
chr10,27004493,27004910,1nM,weak,0,0,0
chr10,28660347,28660578,1nM,weak,0,0,0
chr10,29075173,29075367,1nM,weak,0,0,0
chr10,29303472,29303706,1nM,weak,0,0,0
chr10,32360307,32360495,1nM,weak,0,0,0
chr10,43060505,43060758,1nM,weak,0,0,0
chr10,43471602,43471780,1nM,weak,0,0,0
chr10,44144394,44144577,1nM,weak,0,0,0
chr10,47047770,47047989,1nM,weak,0,0,0
chr10,48814993,48815191,1nM,weak,0,0,0
chr10,50609305,50609486,1nM,weak,0,0,0
chr10,52243254,52243540,1nM,weak,0,0,0
chr10,53957574,53957756,1nM,weak,0,0,0
chr10,56665093,56665416,1nM,weak,0,0,0
chr10,56783631,56783860,1nM,weak,0,0,0
chr10,58300857,58301251,1nM,weak,0,0,0
chr10,60173324,60173558,1nM,weak,0,0,0
chr10,60223137,60223327,1nM,weak,0,0,0
chr10,61669933,61670231,1nM,weak,0,0,0
chr10,61918205,61918473,1nM,weak,0,0,0
chr10,62089856,62090035,1nM,weak,0,0,0
chr10,63653567,63653776,1nM,weak,0,0,0
chr10,69269741,69269932,1nM,weak,0,0,0
chr10,69584755,69584964,1nM,weak,0,0,0
chr10,69901641,69901832,1nM,weak,0,0,0
chr10,70081517,70081716,1nM,weak,0,0,0
chr10,74899946,74900213,1nM,weak,0,0,0
chr10,75062743,75062951,1nM,weak,0,0,0
chr10,75121410,75121588,1nM,weak,0,0,0
chr10,75164794,75165082,1nM,weak,0,1,0
chr10,75207080,75207343,1nM,weak,0,1,0
chr10,75727151,75727382,1nM,weak,0,0,0
chr10,76642114,76642396,1nM,weak,0,0,0
chr10,77870024,77870279,1nM,weak,0,0,0
chr10,78400118,78400352,1nM,weak,0,0,0
chr10,78754460,78754660,1nM,weak,0,0,0
chr10,78892251,78892524,1nM,weak,0,0,0
chr10,78911810,78912135,1nM,weak,0,0,0
chr10,86403235,86403433,1nM,weak,0,0,0
chr10,86715786,86715993,1nM,weak,0,0,0
chr10,87032902,87033224,1nM,weak,0,0,0
chr10,88178879,88179082,1nM,weak,0,0,0
chr10,89374837,89375045,1nM,weak,0,0,0
chr10,91103001,91103242,1nM,weak,0,0,0
chr10,92891165,92891421,1nM,weak,0,0,0
chr10,93741396,93741582,1nM,weak,0,0,0
chr10,94225809,94225989,1nM,weak,0,0,0
chr10,96196528,96196775,1nM,weak,0,0,0
chr10,96238174,96238392,1nM,weak,0,0,0
chr10,96479240,96479468,1nM,weak,0,0,0
chr10,97094036,97094228,1nM,weak,0,0,0
chr10,97408602,97408842,1nM,weak,0,0,0
chr10,97580309,97580602,1nM,weak,0,0,0
chr10,98371437,98371697,1nM,weak,0,0,0
chr10,98481847,98482189,1nM,weak,0,0,0
chr10,100035563,100035852,1nM,weak,0,0,0
chr10,100301114,100301357,1nM,weak,0,0,0
chr10,101831692,101831959,1nM,weak,0,0,0
chr10,103941026,103941232,1nM,weak,0,1,0
chr10,110810242,110810436,1nM,weak,0,0,0
chr10,110852293,110852512,1nM,weak,0,0,0
chr10,111095000,111095212,1nM,weak,0,0,0
chr10,111347555,111347766,1nM,weak,0,0,0
chr10,111390577,111390852,1nM,weak,0,0,0
chr10,112054057,112054274,1nM,weak,0,0,0
chr10,112310631,112310883,1nM,weak,0,1,0
chr10,113938811,113939011,1nM,weak,0,0,0
chr10,114008421,114008612,1nM,weak,0,0,0
chr10,114062886,114063138,1nM,weak,0,0,0
chr10,114343631,114343846,1nM,weak,0,0,0
chr10,114593578,114593821,1nM,weak,0,0,0
chr10,117903879,117904094,1nM,weak,0,0,0
chr10,118285851,118286131,1nM,weak,0,0,0
chr10,118381755,118381964,1nM,weak,0,0,0
chr10,118581401,118581603,1nM,weak,0,0,0
chr10,120931640,120931910,1nM,weak,0,0,0
chr10,120951666,120951895,1nM,weak,0,0,0
chr10,121270454,121270646,1nM,weak,0,0,0
chr10,121366650,121366828,1nM,weak,0,0,0
chr10,121556410,121556711,1nM,weak,0,0,0
chr10,122532053,122532360,1nM,weak,0,0,0
chr10,123799196,123799452,1nM,weak,0,0,0
chr10,123942290,123942478,1nM,weak,0,0,0
chr10,124308407,124308657,1nM,weak,0,0,0
chr10,125299466,125299659,1nM,weak,0,0,0
chr10,125315568,125315756,1nM,weak,0,0,0
chr10,125701565,125701834,1nM,weak,0,0,0
chr10,126642667,126642873,1nM,weak,0,0,0
chr10,126664641,126664835,1nM,weak,0,0,0
chr10,130794689,130794930,1nM,weak,0,0,0
chr10,132549620,132549909,1nM,weak,0,0,0
chr10,132915477,132915730,1nM,weak,0,0,0
chr10,133000035,133000379,1nM,weak,0,0,0
chr10,133561069,133561352,1nM,weak,0,0,0
chr11,1650336,1650571,1nM,weak,0,0,0
chr11,3215359,3215692,1nM,weak,0,0,0
chr11,8229991,8230207,1nM,weak,0,0,0
chr11,11972353,11972532,1nM,weak,0,0,0
chr11,13042994,13043172,1nM,weak,0,0,0
chr11,13113334,13113556,1nM,weak,0,0,0
chr11,13719477,13719690,1nM,weak,0,0,0
chr11,15695206,15695436,1nM,weak,0,0,0
chr11,16110849,16111077,1nM,weak,0,0,0
chr11,19995191,19995393,1nM,weak,0,0,0
chr11,20036457,20036641,1nM,weak,0,0,0
chr11,30418568,30418802,1nM,weak,0,0,0
chr11,30438679,30438934,1nM,weak,0,0,0
chr11,30811366,30811559,1nM,weak,0,0,0
chr11,34823253,34823535,1nM,weak,0,0,0
chr11,35264346,35264537,1nM,weak,0,0,0
chr11,35365954,35366166,1nM,weak,0,0,0
chr11,44525113,44525296,1nM,weak,0,0,0
chr11,59876142,59876347,1nM,weak,0,0,0
chr11,59877443,59877715,1nM,weak,0,0,0
chr11,60892623,60892827,1nM,weak,0,0,0
chr11,60904397,60904603,1nM,weak,0,0,0
chr11,61163283,61163480,1nM,weak,0,1,0
chr11,61830339,61830604,1nM,weak,0,0,0
chr11,64453757,64453941,1nM,weak,0,0,0
chr11,65703321,65703520,1nM,weak,0,0,0
chr11,66133376,66133555,1nM,weak,0,0,0
chr11,66709866,66710124,1nM,weak,0,1,0
chr11,68018459,68018674,1nM,weak,0,0,0
chr11,68200092,68200298,1nM,weak,0,0,0
chr11,69510801,69511110,1nM,weak,0,0,0
chr11,69808912,69809209,1nM,weak,0,0,0
chr11,69918490,69918725,1nM,weak,0,0,0
chr11,70714505,70714769,1nM,weak,0,0,0
chr11,71626120,71626395,1nM,weak,0,0,0
chr11,71867259,71867453,1nM,weak,0,0,0
chr11,76278332,76278511,1nM,weak,0,0,0
chr11,76921523,76921899,1nM,weak,0,0,0
chr11,78184101,78184342,1nM,weak,0,0,0
chr11,78848986,78849251,1nM,weak,0,0,0
chr11,79044231,79044442,1nM,weak,0,0,0
chr11,80436155,80436471,1nM,weak,0,0,0
chr11,81039077,81039369,1nM,weak,0,0,0
chr11,81043346,81043576,1nM,weak,0,0,0
chr11,84407634,84407860,1nM,weak,0,0,0
chr11,86210224,86210489,1nM,weak,0,0,0
chr11,86736116,86736310,1nM,weak,0,0,0
chr11,86762665,86762880,1nM,weak,0,0,0
chr11,87347972,87348153,1nM,weak,0,0,0
chr11,93480696,93480888,1nM,weak,0,0,0
chr11,93650572,93650804,1nM,weak,0,0,0
chr11,94196437,94196693,1nM,weak,0,0,0
chr11,95387414,95387690,1nM,weak,0,0,0
chr11,96464363,96464541,1nM,weak,0,1,0
chr11,101078571,101078867,1nM,weak,0,0,0
chr11,101351944,101352125,1nM,weak,0,0,0
chr11,102053722,102053910,1nM,weak,0,0,1
chr11,106461175,106461438,1nM,weak,0,0,0
chr11,113779302,113779489,1nM,weak,0,0,0
chr11,116543019,116543231,1nM,weak,0,0,0
chr11,116740957,116741142,1nM,weak,0,0,0
chr11,117090343,117090551,1nM,weak,0,0,0
chr11,117953339,117953523,1nM,weak,0,0,0
chr11,117999507,117999847,1nM,weak,0,0,0
chr11,118062788,118063020,1nM,weak,0,0,0
chr11,120523733,120523930,1nM,weak,0,1,0
chr11,120591915,120592169,1nM,weak,0,0,0
chr11,120799529,120799728,1nM,weak,0,0,0
chr11,120863653,120863849,1nM,weak,0,0,0
chr11,120931034,120931411,1nM,weak,0,0,0
chr11,122479378,122479597,1nM,weak,0,0,0
chr11,122563238,122563468,1nM,weak,0,0,0
chr11,123301002,123301200,1nM,weak,0,0,0
chr11,123445214,123445412,1nM,weak,0,0,0
chr11,124669342,124669521,1nM,weak,0,0,0
chr11,124864740,124864951,1nM,weak,0,0,0
chr11,129633431,129633688,1nM,weak,0,0,0
chr11,130430063,130430283,1nM,weak,0,0,0
chr11,130481751,130481986,1nM,weak,0,0,0
chr11,131924085,131924271,1nM,weak,0,0,0
chr11,132646969,132647149,1nM,weak,0,0,0
chr11,133383576,133383783,1nM,weak,0,0,0
chr11,133522268,133522503,1nM,weak,0,0,0
chr11,133975593,133975861,1nM,weak,0,0,0
chr11,133992307,133992552,1nM,weak,0,0,0
chr11,134489123,134489460,1nM,weak,0,0,0
chr12,520204,520386,1nM,weak,0,0,0
chr12,1814304,1814529,1nM,weak,0,0,0
chr12,2255776,2256069,1nM,weak,0,0,0
chr12,3485906,3486149,1nM,weak,0,0,0
chr12,5919230,5919653,1nM,weak,0,0,0
chr12,6037912,6038095,1nM,weak,0,0,0
chr12,6442001,6442194,1nM,weak,0,1,0
chr12,9132244,9132492,1nM,weak,0,0,0
chr12,9280858,9281074,1nM,weak,0,0,0
chr12,10891947,10892135,1nM,weak,0,0,0
chr12,11861642,11861872,1nM,weak,0,0,0
chr12,12499212,12499442,1nM,weak,0,0,0
chr12,12883482,12883677,1nM,weak,0,0,0
chr12,14935635,14935857,1nM,weak,0,1,0
chr12,15274001,15274250,1nM,weak,0,0,0
chr12,15279719,15279913,1nM,weak,0,0,0
chr12,18123630,18123840,1nM,weak,0,0,0
chr12,18151740,18151964,1nM,weak,0,0,0
chr12,18546632,18546833,1nM,weak,0,0,0
chr12,18568648,18568841,1nM,weak,0,0,0
chr12,23655775,23656205,1nM,weak,0,0,0
chr12,25882101,25882335,1nM,weak,0,0,0
chr12,31424422,31424616,1nM,weak,0,0,0
chr12,31431426,31431684,1nM,weak,0,0,0
chr12,31478559,31478744,1nM,weak,0,0,1
chr12,31779886,31780102,1nM,weak,0,0,0
chr12,31918718,31918910,1nM,weak,0,1,0
chr12,32187281,32187492,1nM,weak,0,1,0
chr12,32661834,32662024,1nM,weak,0,0,0
chr12,39431779,39432034,1nM,weak,0,0,0
chr12,40511226,40511417,1nM,weak,0,0,0
chr12,42716053,42716295,1nM,weak,0,0,0
chr12,46509903,46510130,1nM,weak,0,0,0
chr12,47367842,47368043,1nM,weak,0,0,0
chr12,50665233,50665441,1nM,weak,0,0,0
chr12,51884716,51884930,1nM,weak,0,0,0
chr12,52371850,52372132,1nM,weak,0,0,0
chr12,52631413,52631713,1nM,weak,0,0,0
chr12,54924795,54924978,1nM,weak,0,0,0
chr12,60910587,60910783,1nM,weak,0,0,0
chr12,63206892,63207242,1nM,weak,0,0,0
chr12,63457088,63457294,1nM,weak,0,0,0
chr12,63643573,63643759,1nM,weak,0,0,0
chr12,64357436,64357658,1nM,weak,0,1,0
chr12,67459588,67459775,1nM,weak,0,0,0
chr12,69068486,69068749,1nM,weak,0,0,0
chr12,73383902,73384110,1nM,weak,0,0,0
chr12,73916781,73917163,1nM,weak,0,0,0
chr12,74194560,74194762,1nM,weak,0,0,0
chr12,74862637,74862815,1nM,weak,0,0,0
chr12,78386900,78387177,1nM,weak,0,0,0
chr12,79075921,79076432,1nM,weak,0,0,0
chr12,83878628,83878895,1nM,weak,0,0,0
chr12,88750691,88751015,1nM,weak,0,0,0
chr12,88803126,88803311,1nM,weak,0,0,0
chr12,89422502,89422706,1nM,weak,0,0,0
chr12,91613556,91613740,1nM,weak,0,0,0
chr12,91667903,91668114,1nM,weak,0,0,0
chr12,93187848,93188032,1nM,weak,0,0,0
chr12,93509517,93509701,1nM,weak,0,0,0
chr12,94595180,94595364,1nM,weak,0,0,0
chr12,94929914,94930114,1nM,weak,0,0,0
chr12,95172549,95172838,1nM,weak,0,0,0
chr12,98336659,98336879,1nM,weak,0,0,0
chr12,103503440,103503776,1nM,weak,0,0,0
chr12,104669604,104669792,1nM,weak,0,0,0
chr12,104763420,104763650,1nM,weak,0,0,0
chr12,104775762,104776203,1nM,weak,0,0,0
chr12,104796803,104797005,1nM,weak,0,0,0
chr12,109396529,109396765,1nM,weak,0,0,0
chr12,110271599,110271832,1nM,weak,0,0,0
chr12,110556026,110556235,1nM,weak,0,0,0
chr12,112901271,112901497,1nM,weak,0,0,0
chr12,115102064,115102270,1nM,weak,0,0,0
chr12,115426785,115426998,1nM,weak,0,0,0
chr12,116015743,116015957,1nM,weak,0,0,0
chr12,116417806,116418017,1nM,weak,0,0,0
chr12,116655812,116656042,1nM,weak,0,1,0
chr12,117790130,117790311,1nM,weak,0,0,0
chr12,118364311,118364553,1nM,weak,0,0,0
chr12,120162267,120162489,1nM,weak,0,0,0
chr12,122191069,122191269,1nM,weak,0,0,0
chr12,123060270,123060555,1nM,weak,0,0,0
chr12,123073638,123073833,1nM,weak,0,0,0
chr12,124361411,124361594,1nM,weak,0,0,0
chr12,124691023,124691251,1nM,weak,0,0,0
chr12,128449493,128449776,1nM,weak,0,0,0
chr12,129942162,129942380,1nM,weak,0,0,0
chr12,130128802,130129026,1nM,weak,0,0,0
chr12,131383271,131383606,1nM,weak,0,0,0
chr12,131410522,131410718,1nM,weak,0,0,0
chr12,132466427,132467034,1nM,weak,0,0,0
chr12,132471060,132471278,1nM,weak,0,0,0
chr13,19178579,19179000,1nM,weak,0,0,0
chr13,20503990,20504178,1nM,weak,0,0,0
chr13,22655288,22655567,1nM,weak,0,0,0
chr13,23450351,23450633,1nM,weak,0,0,0
chr13,25494209,25494403,1nM,weak,0,0,0
chr13,25496661,25496868,1nM,weak,0,0,0
chr13,26022640,26022833,1nM,weak,0,0,0
chr13,27264656,27264855,1nM,weak,0,0,1
chr13,28714730,28714908,1nM,weak,0,1,0
chr13,29502799,29503002,1nM,weak,0,0,0
chr13,30021241,30021448,1nM,weak,0,0,0
chr13,30338539,30338897,1nM,weak,0,0,0
chr13,30928234,30928413,1nM,weak,0,0,0
chr13,32926733,32926938,1nM,weak,0,0,1
chr13,33128998,33129229,1nM,weak,0,0,0
chr13,33379414,33379715,1nM,weak,0,0,0
chr13,33692291,33692521,1nM,weak,0,0,0
chr13,34755610,34755818,1nM,weak,0,0,0
chr13,36072159,36072400,1nM,weak,0,0,0
chr13,36102506,36102716,1nM,weak,0,0,0
chr13,42767842,42768224,1nM,weak,0,0,0
chr13,42882565,42882845,1nM,weak,0,0,0
chr13,43195675,43195861,1nM,weak,0,0,0
chr13,43233075,43233254,1nM,weak,0,0,0
chr13,44108531,44108799,1nM,weak,0,0,0
chr13,44643697,44643933,1nM,weak,0,0,0
chr13,50300162,50300340,1nM,weak,0,0,0
chr13,53605383,53605622,1nM,weak,0,0,0
chr13,65214544,65214827,1nM,weak,0,0,0
chr13,68686090,68686300,1nM,weak,0,0,0
chr13,68745539,68745813,1nM,weak,0,0,0
chr13,71713138,71713338,1nM,weak,0,0,0
chr13,71715067,71715323,1nM,weak,0,0,0
chr13,82091049,82091271,1nM,weak,0,0,0
chr13,85589469,85589664,1nM,weak,1,0,0
chr13,93366236,93366473,1nM,weak,0,0,0
chr13,97179734,97179935,1nM,weak,0,0,0
chr13,97279954,97280232,1nM,weak,0,0,0
chr13,103640914,103641145,1nM,weak,0,0,0
chr13,103798953,103799224,1nM,weak,0,0,0
chr13,104641334,104641667,1nM,weak,0,0,0
chr13,106734387,106734586,1nM,weak,0,0,0
chr13,106737060,106737336,1nM,weak,0,0,0
chr13,106813076,106813254,1nM,weak,0,0,0
chr13,109614916,109615138,1nM,weak,0,0,0
chr13,112594170,112594616,1nM,weak,0,0,0
chr13,113833504,113833920,1nM,weak,0,0,0
chr14,22448129,22448374,1nM,weak,0,0,0
chr14,23604694,23604938,1nM,weak,0,1,0
chr14,23895997,23896184,1nM,weak,0,0,0
chr14,28811235,28811477,1nM,weak,0,0,0
chr14,33492791,33493022,1nM,weak,0,0,0
chr14,38339313,38339510,1nM,weak,0,0,0
chr14,38427238,38427561,1nM,weak,0,0,0
chr14,40816471,40816771,1nM,weak,0,0,0
chr14,42215054,42215262,1nM,weak,0,0,0
chr14,42720121,42720352,1nM,weak,0,0,0
chr14,43019864,43020047,1nM,weak,0,0,0
chr14,43649657,43649887,1nM,weak,0,0,0
chr14,43875245,43875522,1nM,weak,0,0,0
chr14,50876510,50876774,1nM,weak,0,0,0
chr14,54258371,54258591,1nM,weak,0,0,0
chr14,56511675,56511873,1nM,weak,0,0,0
chr14,57478198,57478416,1nM,weak,0,0,0
chr14,57501058,57501420,1nM,weak,0,0,0
chr14,59278193,59278371,1nM,weak,0,0,0
chr14,60628278,60628515,1nM,weak,0,0,0
chr14,61385493,61385677,1nM,weak,0,0,0
chr14,64275072,64275311,1nM,weak,0,0,0
chr14,64298551,64298746,1nM,weak,0,0,0
chr14,65110481,65110728,1nM,weak,0,0,0
chr14,65258404,65258586,1nM,weak,0,0,0
chr14,72123832,72124061,1nM,weak,0,0,0
chr14,72155232,72155469,1nM,weak,0,0,0
chr14,75183130,75183311,1nM,weak,0,0,0
chr14,76861344,76861530,1nM,weak,0,0,0
chr14,77069670,77069863,1nM,weak,0,0,0
chr14,79691949,79692127,1nM,weak,0,0,0
chr14,84236211,84236406,1nM,weak,0,0,0
chr14,90424719,90424908,1nM,weak,0,0,0
chr14,90612599,90612786,1nM,weak,0,0,0
chr14,92981943,92982134,1nM,weak,0,0,0
chr14,93039564,93039768,1nM,weak,0,0,0
chr14,93152355,93152569,1nM,weak,0,0,1
chr14,94322610,94322887,1nM,weak,0,0,0
chr14,94643691,94644128,1nM,weak,0,0,0
chr14,96580907,96581104,1nM,weak,0,0,0
chr14,97372030,97372231,1nM,weak,0,0,0
chr14,97510399,97510636,1nM,weak,0,0,0
chr14,97848470,97848773,1nM,weak,0,0,0
chr14,97946045,97946270,1nM,weak,0,0,0
chr14,98983896,98984123,1nM,weak,0,0,0
chr14,101226794,101227106,1nM,weak,0,0,0
chr14,103925886,103926166,1nM,weak,0,1,0
chr14,103930316,103930552,1nM,weak,0,1,0
chr14,105643427,105643661,1nM,weak,0,0,0
chr14,105668426,105668687,1nM,weak,0,0,0
chr14,105669574,105669807,1nM,weak,0,0,0
chr14,105710156,105710712,1nM,weak,0,0,0
chr14,105858648,105858875,1nM,weak,0,0,0
chr14,105899996,105900193,1nM,weak,0,0,0
chr14,105914839,105915051,1nM,weak,0,0,0
chr14,106390352,106390984,1nM,weak,0,0,0
chr15,27479757,27480008,1nM,weak,0,0,0
chr15,27541131,27541378,1nM,weak,0,0,0
chr15,27549699,27549883,1nM,weak,0,0,0
chr15,40826134,40826320,1nM,weak,0,0,0
chr15,40966208,40966442,1nM,weak,0,0,0
chr15,42084382,42084597,1nM,weak,0,0,0
chr15,42085313,42085534,1nM,weak,0,0,0
chr15,44264195,44264420,1nM,weak,0,1,0
chr15,44267542,44267791,1nM,weak,0,0,0
chr15,47517862,47518131,1nM,weak,0,0,0
chr15,50690427,50690637,1nM,weak,0,1,0
chr15,52656447,52656700,1nM,weak,0,0,0
chr15,52854630,52854944,1nM,weak,0,0,0
chr15,56580543,56580778,1nM,weak,0,0,0
chr15,58425898,58426130,1nM,weak,0,0,0
chr15,58476829,58477057,1nM,weak,0,0,0
chr15,59738800,59739135,1nM,weak,0,0,0
chr15,59905801,59906038,1nM,weak,0,0,0
chr15,62845516,62845708,1nM,weak,0,0,0
chr15,62967144,62967325,1nM,weak,0,0,0
chr15,64623872,64624169,1nM,weak,0,0,0
chr15,64844987,64845185,1nM,weak,0,0,0
chr15,65263108,65263351,1nM,weak,0,0,0
chr15,65266533,65266795,1nM,weak,0,0,0
chr15,69001914,69002238,1nM,weak,0,1,0
chr15,69527666,69527846,1nM,weak,0,0,0
chr15,70341617,70341847,1nM,weak,0,0,0
chr15,70552032,70552267,1nM,weak,0,0,0
chr15,73695945,73696142,1nM,weak,0,0,0
chr15,73914048,73914226,1nM,weak,0,0,1
chr15,73940478,73940810,1nM,weak,0,0,0
chr15,74024702,74024987,1nM,weak,0,0,0
chr15,74820019,74820222,1nM,weak,0,0,0
chr15,75706685,75706875,1nM,weak,0,0,0
chr15,76177453,76177677,1nM,weak,0,0,0
chr15,78275023,78275283,1nM,weak,0,0,0
chr15,79778463,79778656,1nM,weak,0,0,0
chr15,80674854,80675037,1nM,weak,0,0,0
chr15,80873902,80874152,1nM,weak,0,0,0
chr15,80920851,80921070,1nM,weak,0,0,0
chr15,81845560,81845803,1nM,weak,0,0,0
chr15,83196916,83197126,1nM,weak,0,0,0
chr15,83613656,83613841,1nM,weak,0,0,0
chr15,86515765,86515988,1nM,weak,0,0,0
chr15,86882024,86882340,1nM,weak,0,0,0
chr15,87172578,87172911,1nM,weak,0,0,0
chr15,87191643,87191866,1nM,weak,0,0,0
chr15,89441266,89441584,1nM,weak,0,0,0
chr15,91153620,91153802,1nM,weak,0,0,0
chr15,93305707,93305943,1nM,weak,0,0,0
chr15,94834496,94834826,1nM,weak,0,0,0
chr15,95783392,95783659,1nM,weak,0,0,0
chr15,96001579,96001819,1nM,weak,0,0,0
chr15,96694497,96694680,1nM,weak,0,0,0
chr15,97216832,97217018,1nM,weak,0,0,1
chr15,98492104,98492311,1nM,weak,0,0,0
chr15,99135013,99135364,1nM,weak,0,0,0
chr15,99303918,99304168,1nM,weak,0,0,0
chr15,99906843,99907023,1nM,weak,0,0,0
chr15,100208502,100208830,1nM,weak,0,0,0
chr15,100987155,100987350,1nM,weak,0,0,0
chr16,843832,844051,1nM,weak,0,0,0
chr16,2846534,2846930,1nM,weak,0,0,0
chr16,3179433,3179634,1nM,weak,0,1,0
chr16,5323286,5323495,1nM,weak,0,0,0
chr16,11258976,11259234,1nM,weak,0,0,0
chr16,11274122,11274324,1nM,weak,0,0,0
chr16,11418307,11418491,1nM,weak,0,0,0
chr16,11999575,11999770,1nM,weak,0,1,0
chr16,16101527,16101877,1nM,weak,0,0,0
chr16,17223526,17223705,1nM,weak,0,0,0
chr16,17450642,17450893,1nM,weak,0,0,0
chr16,20673886,20674097,1nM,weak,0,0,0
chr16,20719102,20719451,1nM,weak,0,0,0
chr16,23215998,23216189,1nM,weak,0,0,0
chr16,23374957,23375181,1nM,weak,0,0,0
chr16,23381407,23381633,1nM,weak,0,0,0
chr16,27896532,27896734,1nM,weak,0,0,0
chr16,28621849,28622034,1nM,weak,0,0,0
chr16,29202462,29202652,1nM,weak,0,0,0
chr16,30821406,30821597,1nM,weak,0,0,0
chr16,31531929,31532167,1nM,weak,0,0,0
chr16,48136878,48137126,1nM,weak,0,0,0
chr16,52575733,52575927,1nM,weak,0,0,0
chr16,56629817,56630026,1nM,weak,0,0,0
chr16,56869662,56869857,1nM,weak,0,0,0
chr16,58384156,58384413,1nM,weak,0,0,0
chr16,65739345,65739591,1nM,weak,0,0,0
chr16,65778538,65778736,1nM,weak,0,0,0
chr16,65904277,65904594,1nM,weak,0,0,0
chr16,67429426,67429620,1nM,weak,0,0,0
chr16,67979558,67979786,1nM,weak,0,0,0
chr16,68734880,68735114,1nM,weak,0,0,0
chr16,69780780,69781107,1nM,weak,0,0,1
chr16,71408944,71409211,1nM,weak,0,0,0
chr16,71593681,71593960,1nM,weak,0,0,0
chr16,73736041,73736259,1nM,weak,0,0,0
chr16,74230163,74230341,1nM,weak,0,0,0
chr16,76871388,76871927,1nM,weak,0,0,0
chr16,78050987,78051184,1nM,weak,0,0,0
chr16,78052407,78052594,1nM,weak,0,0,0
chr16,79043586,79043794,1nM,weak,0,0,0
chr16,82083997,82084264,1nM,weak,0,0,0
chr16,84881396,84881625,1nM,weak,0,0,0
chr16,84955502,84955771,1nM,weak,0,0,0
chr16,89003359,89003639,1nM,weak,0,0,0
chr17,1946052,1946251,1nM,weak,0,0,0
chr17,6686344,6686599,1nM,weak,0,0,0
chr17,10216075,10216275,1nM,weak,0,0,0
chr17,15194838,15195044,1nM,weak,0,0,0
chr17,16672141,16672402,1nM,weak,0,1,0
chr17,17605006,17605235,1nM,weak,0,0,0
chr17,27596784,27596996,1nM,weak,0,0,0
chr17,27873770,27873979,1nM,weak,0,0,0
chr17,28017884,28018069,1nM,weak,0,0,1
chr17,29627944,29628148,1nM,weak,0,0,0
chr17,30399070,30399288,1nM,weak,0,0,0
chr17,33519754,33519992,1nM,weak,0,0,0
chr17,39781642,39781821,1nM,weak,0,0,0
chr17,48536699,48536947,1nM,weak,0,0,0
chr17,49039099,49039304,1nM,weak,0,1,0
chr17,49049105,49049487,1nM,weak,0,0,0
chr17,50164329,50164648,1nM,weak,0,0,0
chr17,51097710,51097941,1nM,weak,0,0,1
chr17,51522717,51522996,1nM,weak,0,0,0
chr17,56406606,56406998,1nM,weak,0,0,0
chr17,59492211,59492437,1nM,weak,0,0,0
chr17,62759956,62760267,1nM,weak,0,0,0
chr17,65243777,65243959,1nM,weak,0,0,0
chr17,67371043,67371237,1nM,weak,0,0,0
chr17,67557377,67557582,1nM,weak,0,0,0
chr17,68339664,68339901,1nM,weak,0,0,0
chr17,70271596,70271823,1nM,weak,0,0,0
chr17,71974136,71974487,1nM,weak,0,0,0
chr17,72349464,72349731,1nM,weak,0,0,0
chr17,73549982,73550265,1nM,weak,0,0,0
chr17,74574867,74575056,1nM,weak,0,0,0
chr17,75765570,75765768,1nM,weak,0,1,0
chr17,75998387,75998685,1nM,weak,0,1,0
chr17,77233939,77234137,1nM,weak,0,0,0
chr17,82114081,82114302,1nM,weak,0,0,0
chr17,82346600,82346874,1nM,weak,0,0,0
chr17,83195290,83195533,1nM,weak,0,0,0
chr18,2876965,2877191,1nM,weak,0,0,0
chr18,2907790,2908023,1nM,weak,0,0,0
chr18,3150304,3150537,1nM,weak,0,1,0
chr18,3646223,3646495,1nM,weak,0,0,1
chr18,5635320,5635503,1nM,weak,0,0,0
chr18,7560042,7560241,1nM,weak,0,0,0
chr18,7834487,7834667,1nM,weak,0,0,0
chr18,8958047,8958225,1nM,weak,0,0,0
chr18,10028248,10028445,1nM,weak,0,0,0
chr18,10116916,10117145,1nM,weak,0,0,0
chr18,10193879,10194164,1nM,weak,0,0,0
chr18,10260005,10260252,1nM,weak,0,0,0
chr18,10265747,10266164,1nM,weak,0,0,0
chr18,10580030,10580223,1nM,weak,0,0,0
chr18,10909451,10909688,1nM,weak,0,0,0
chr18,11132800,11132986,1nM,weak,0,0,0
chr18,11496569,11496747,1nM,weak,0,0,0
chr18,13480720,13480986,1nM,weak,0,0,0
chr18,21251540,21251802,1nM,weak,0,1,0
chr18,22847253,22847453,1nM,weak,0,0,0
chr18,23684626,23684825,1nM,weak,0,0,0
chr18,34765517,34765733,1nM,weak,0,0,0
chr18,36580821,36580999,1nM,weak,0,0,0
chr18,39523314,39523586,1nM,weak,0,0,0
chr18,44818302,44818605,1nM,weak,0,0,0
chr18,44831714,44831996,1nM,weak,0,0,0
chr18,45342200,45342393,1nM,weak,0,0,0
chr18,45367424,45367638,1nM,weak,0,0,0
chr18,45565742,45565921,1nM,weak,0,0,0
chr18,47525046,47525260,1nM,weak,0,0,0
chr18,49313016,49313296,1nM,weak,0,1,0
chr18,49723654,49724180,1nM,weak,0,0,0
chr18,54166689,54166887,1nM,weak,0,0,0
chr18,54555008,54555223,1nM,weak,0,0,0
chr18,58405569,58405772,1nM,weak,0,0,0
chr18,59983587,59983875,1nM,weak,0,0,0
chr18,61922825,61923060,1nM,weak,0,0,0
chr18,69752950,69753208,1nM,weak,0,0,0
chr18,70127416,70127610,1nM,weak,0,0,0
chr18,73189787,73190018,1nM,weak,0,0,0
chr18,75825533,75825758,1nM,weak,0,0,0
chr18,75859812,75860007,1nM,weak,0,0,0
chr18,78671734,78671980,1nM,weak,0,0,0
chr18,79297033,79297420,1nM,weak,0,0,0
chr19,454847,455309,1nM,weak,0,0,0
chr19,2516910,2517136,1nM,weak,0,0,0
chr19,2535542,2535874,1nM,weak,0,0,1
chr19,2670325,2670587,1nM,weak,0,0,0
chr19,3737146,3737490,1nM,weak,0,1,0
chr19,5021146,5021344,1nM,weak,0,1,1
chr19,6492601,6492804,1nM,weak,1,0,0
chr19,14844139,14844476,1nM,weak,0,0,0
chr19,15978052,15978365,1nM,weak,0,0,0
chr19,18029878,18030075,1nM,weak,0,0,0
chr19,18130506,18130703,1nM,weak,0,0,0
chr19,21876011,21876189,1nM,weak,0,0,0
chr19,21877557,21877787,1nM,weak,0,1,0
chr19,21891853,21892031,1nM,weak,0,0,0
chr19,23458173,23458624,1nM,weak,0,0,0
chr19,23561757,23562025,1nM,weak,0,0,0
chr19,23562712,23562927,1nM,weak,0,1,0
chr19,23563481,23563744,1nM,weak,0,0,0
chr19,30682877,30683083,1nM,weak,0,0,0
chr19,30687479,30687711,1nM,weak,0,0,0
chr19,31002702,31002964,1nM,weak,0,0,0
chr19,31369231,31369671,1nM,weak,0,0,0
chr19,31818938,31819158,1nM,weak,0,0,0
chr19,31823322,31823556,1nM,weak,0,0,0
chr19,31896166,31896396,1nM,weak,0,0,0
chr19,32200441,32200629,1nM,weak,0,0,0
chr19,32465266,32465462,1nM,weak,0,0,0
chr19,34665413,34665644,1nM,weak,0,0,0
chr19,35336102,35336383,1nM,weak,0,0,0
chr19,35554109,35554350,1nM,weak,0,0,0
chr19,35569333,35569613,1nM,weak,0,0,0
chr19,37869768,37870002,1nM,weak,0,0,0
chr19,39134307,39134604,1nM,weak,0,1,0
chr19,40484398,40484619,1nM,weak,0,0,0
chr19,45577721,45577926,1nM,weak,0,0,0
chr19,46259238,46259432,1nM,weak,1,0,0
chr19,47058804,47059020,1nM,weak,0,0,0
chr19,48772598,48772933,1nM,weak,0,1,0
chr19,50679293,50679484,1nM,weak,0,0,0
chr19,51144592,51144770,1nM,weak,0,0,0
chr19,51151467,51151793,1nM,weak,0,0,0
chr19,56282768,56282975,1nM,weak,0,0,0
chr19,56999916,57000148,1nM,weak,0,0,0
chr19,57028937,57029143,1nM,weak,0,0,0
chr19,57847187,57847413,1nM,weak,0,0,0
chr2,305798,306155,1nM,weak,0,0,0
chr2,555315,555563,1nM,weak,0,0,0
chr2,703284,703502,1nM,weak,0,0,0
chr2,905477,905677,1nM,weak,0,0,0
chr2,1705420,1705837,1nM,weak,0,0,0
chr2,1802507,1802699,1nM,weak,0,0,0
chr2,1803421,1803623,1nM,weak,0,0,0
chr2,3673457,3673662,1nM,weak,0,0,0
chr2,5406150,5406353,1nM,weak,0,0,0
chr2,5910122,5910373,1nM,weak,0,0,0
chr2,5911242,5911420,1nM,weak,0,0,0
chr2,7017749,7017948,1nM,weak,0,0,0
chr2,7134175,7134483,1nM,weak,0,0,0
chr2,7870161,7870423,1nM,weak,0,0,0
chr2,8103152,8103332,1nM,weak,0,0,0
chr2,8125818,8126112,1nM,weak,0,0,0
chr2,8270813,8271043,1nM,weak,0,0,0
chr2,10032791,10033031,1nM,weak,0,0,0
chr2,10171474,10171688,1nM,weak,0,0,0
chr2,10191198,10191454,1nM,weak,0,0,0
chr2,11503661,11503871,1nM,weak,0,0,0
chr2,13055157,13055487,1nM,weak,1,1,0
chr2,13117401,13117590,1nM,weak,0,0,0
chr2,14255826,14256099,1nM,weak,0,1,0
chr2,14270137,14270405,1nM,weak,0,0,0
chr2,14541979,14542184,1nM,weak,0,0,0
chr2,15040233,15040411,1nM,weak,0,0,0
chr2,16319771,16320014,1nM,weak,0,0,0
chr2,16333107,16333328,1nM,weak,0,0,0
chr2,16630934,16631160,1nM,weak,0,0,0
chr2,16817595,16817781,1nM,weak,0,0,0
chr2,20385048,20385239,1nM,weak,0,0,0
chr2,20583758,20583945,1nM,weak,0,0,0
chr2,25234897,25235116,1nM,weak,0,0,0
chr2,26679119,26679310,1nM,weak,0,0,0
chr2,26682390,26682587,1nM,weak,0,0,0
chr2,28208106,28208302,1nM,weak,0,0,0
chr2,28218388,28218615,1nM,weak,0,0,0
chr2,28342420,28342677,1nM,weak,0,0,0
chr2,33070212,33070410,1nM,weak,0,0,0
chr2,37679404,37679622,1nM,weak,0,0,0
chr2,38251435,38251669,1nM,weak,0,0,0
chr2,38634669,38634971,1nM,weak,0,0,0
chr2,39408214,39408463,1nM,weak,0,0,0
chr2,41457208,41457389,1nM,weak,0,0,0
chr2,41782320,41782534,1nM,weak,0,0,0
chr2,43741480,43741853,1nM,weak,0,0,0
chr2,44906923,44907169,1nM,weak,0,0,0
chr2,46342619,46342839,1nM,weak,0,0,0
chr2,47665018,47665216,1nM,weak,0,0,0
chr2,48673833,48674045,1nM,weak,0,0,0
chr2,53520738,53521174,1nM,weak,0,0,0
chr2,54584619,54584848,1nM,weak,0,0,0
chr2,55392126,55392382,1nM,weak,0,0,0
chr2,57869632,57869871,1nM,weak,0,0,0
chr2,57990236,57990636,1nM,weak,0,0,0
chr2,60717802,60717983,1nM,weak,0,0,0
chr2,61928668,61928938,1nM,weak,0,0,0
chr2,61950577,61950836,1nM,weak,0,0,0
chr2,67849536,67849846,1nM,weak,0,0,0
chr2,67875010,67875204,1nM,weak,0,0,0
chr2,69997651,69997884,1nM,weak,0,0,0
chr2,70332082,70332329,1nM,weak,0,0,1
chr2,70385213,70385510,1nM,weak,0,0,1
chr2,71506299,71506486,1nM,weak,0,0,0
chr2,71590826,71591017,1nM,weak,0,0,0
chr2,72985791,72986015,1nM,weak,0,0,0
chr2,75142566,75142773,1nM,weak,0,0,0
chr2,75541424,75541620,1nM,weak,0,0,0
chr2,75773346,75773530,1nM,weak,0,0,0
chr2,76081416,76081644,1nM,weak,0,0,0
chr2,76378203,76378439,1nM,weak,0,0,0
chr2,76832564,76832859,1nM,weak,0,0,0
chr2,77203972,77204150,1nM,weak,0,0,0
chr2,78812323,78812576,1nM,weak,0,0,0
chr2,87973909,87974108,1nM,weak,0,0,0
chr2,88069067,88069318,1nM,weak,0,0,0
chr2,95676707,95677008,1nM,weak,0,0,0
chr2,96328303,96328569,1nM,weak,0,0,0
chr2,99574125,99574429,1nM,weak,0,1,0
chr2,100013865,100014128,1nM,weak,0,0,0
chr2,105097112,105097345,1nM,weak,0,0,0
chr2,105387253,105387468,1nM,weak,0,0,0
chr2,105428594,105428794,1nM,weak,0,0,0
chr2,105431413,105431667,1nM,weak,0,0,0
chr2,105451683,105451863,1nM,weak,0,0,0
chr2,106530645,106530903,1nM,weak,1,0,0
chr2,108315337,108315616,1nM,weak,0,0,0
chr2,108325042,108325310,1nM,weak,0,0,0
chr2,109270530,109270726,1nM,weak,0,0,0
chr2,111616831,111617064,1nM,weak,0,0,0
chr2,111932750,111933176,1nM,weak,0,0,0
chr2,111940468,111940646,1nM,weak,0,0,0
chr2,113176806,113176984,1nM,weak,0,0,0
chr2,113406532,113406739,1nM,weak,0,0,0
chr2,119487368,119487705,1nM,weak,0,0,0
chr2,120563194,120563428,1nM,weak,0,0,0
chr2,120565944,120566127,1nM,weak,0,0,0
chr2,121065071,121065359,1nM,weak,0,0,0
chr2,121134759,121135002,1nM,weak,0,0,0
chr2,121260574,121260912,1nM,weak,0,0,0
chr2,122432136,122432351,1nM,weak,0,0,0
chr2,123051705,123051916,1nM,weak,0,0,0
chr2,128273256,128273495,1nM,weak,0,0,0
chr2,128277843,128278062,1nM,weak,0,0,0
chr2,129104408,129104608,1nM,weak,0,0,0
chr2,129358634,129358828,1nM,weak,0,0,0
chr2,129914371,129915088,1nM,weak,0,0,0
chr2,133582891,133583080,1nM,weak,0,0,0
chr2,134243378,134243580,1nM,weak,0,0,0
chr2,136215244,136215450,1nM,weak,0,0,0
chr2,137490950,137491211,1nM,weak,0,0,0
chr2,137873990,137874509,1nM,weak,0,0,0
chr2,137944722,137944920,1nM,weak,0,0,0
chr2,138194322,138194562,1nM,weak,0,0,0
chr2,139199243,139199542,1nM,weak,0,0,0
chr2,139623502,139623721,1nM,weak,0,0,0
chr2,141710706,141710958,1nM,weak,0,0,0
chr2,142190326,142190526,1nM,weak,0,0,0
chr2,148607603,148607874,1nM,weak,0,0,0
chr2,149077973,149078282,1nM,weak,0,0,0
chr2,149991139,149991382,1nM,weak,0,0,0
chr2,150370710,150370902,1nM,weak,0,0,0
chr2,150739173,150739432,1nM,weak,0,1,0
chr2,151264216,151264496,1nM,weak,0,0,0
chr2,153165015,153165289,1nM,weak,0,0,0
chr2,153464543,153464773,1nM,weak,0,0,0
chr2,154403468,154403751,1nM,weak,0,1,0
chr2,154678876,154679097,1nM,weak,0,0,0
chr2,156072836,156073044,1nM,weak,0,0,0
chr2,156903332,156903652,1nM,weak,0,0,0
chr2,158030763,158030945,1nM,weak,0,0,0
chr2,158814189,158814374,1nM,weak,0,0,0
chr2,159063706,159063962,1nM,weak,0,0,0
chr2,160242843,160243099,1nM,weak,0,0,0
chr2,162489350,162489622,1nM,weak,0,0,0
chr2,163840390,163840782,1nM,weak,0,0,0
chr2,164522656,164522880,1nM,weak,0,0,0
chr2,168431762,168431973,1nM,weak,0,0,0
chr2,169210307,169210552,1nM,weak,0,0,0
chr2,169229140,169229384,1nM,weak,0,0,0
chr2,170237805,170238042,1nM,weak,0,0,0
chr2,170265440,170265668,1nM,weak,0,0,0
chr2,170307082,170307316,1nM,weak,0,0,1
chr2,170375442,170375668,1nM,weak,0,0,0
chr2,173428705,173428891,1nM,weak,0,0,0
chr2,174661091,174661319,1nM,weak,0,0,0
chr2,177385230,177385719,1nM,weak,0,0,1
chr2,177534957,177535220,1nM,weak,0,0,0
chr2,181097348,181097560,1nM,weak,0,0,0
chr2,185229628,185229911,1nM,weak,0,0,0
chr2,185393265,185393501,1nM,weak,0,0,0
chr2,185598341,185598641,1nM,weak,0,0,0
chr2,186424398,186424586,1nM,weak,0,0,0
chr2,192438155,192438473,1nM,weak,0,0,0
chr2,193800918,193801288,1nM,weak,0,0,0
chr2,195038234,195038413,1nM,weak,0,0,0
chr2,197844879,197845121,1nM,weak,0,0,0
chr2,201862625,201862854,1nM,weak,0,0,0
chr2,201947422,201947642,1nM,weak,0,0,1
chr2,202014818,202015009,1nM,weak,0,0,0
chr2,204120175,204120401,1nM,weak,0,1,0
chr2,207351333,207351640,1nM,weak,0,0,0
chr2,212640506,212640711,1nM,weak,0,0,0
chr2,219729175,219729363,1nM,weak,0,0,0
chr2,222968798,222968983,1nM,weak,0,0,0
chr2,223453209,223453468,1nM,weak,0,0,0
chr2,225465101,225465313,1nM,weak,0,0,0
chr2,225843062,225843417,1nM,weak,0,0,0
chr2,227677602,227677783,1nM,weak,0,0,0
chr2,229842058,229842342,1nM,weak,0,0,0
chr2,230418467,230418685,1nM,weak,0,0,0
chr2,231221277,231221488,1nM,weak,0,0,0
chr2,232325842,232326083,1nM,weak,0,0,0
chr2,232745265,232745468,1nM,weak,0,0,0
chr2,233339588,233339830,1nM,weak,0,1,0
chr2,235204904,235205198,1nM,weak,0,0,0
chr2,235520639,235521081,1nM,weak,0,0,0
chr2,235553252,235553430,1nM,weak,0,0,0
chr2,236359719,236359956,1nM,weak,0,0,0
chr2,237209802,237210103,1nM,weak,0,0,0
chr2,237238079,237238319,1nM,weak,0,0,0
chr2,239026436,239026673,1nM,weak,0,0,0
chr2,239319314,239319609,1nM,weak,0,0,0
chr2,239707339,239707828,1nM,weak,0,0,0
chr2,240450405,240450597,1nM,weak,0,0,0
chr20,953614,953878,1nM,weak,1,0,0
chr20,1334945,1335189,1nM,weak,0,0,0
chr20,2699184,2699363,1nM,weak,0,0,0
chr20,3068991,3069296,1nM,weak,0,0,0
chr20,8243931,8244132,1nM,weak,0,0,0
chr20,9531672,9531912,1nM,weak,0,0,0
chr20,10087847,10088073,1nM,weak,0,0,0
chr20,13058972,13059192,1nM,weak,0,0,0
chr20,13247321,13247523,1nM,weak,0,0,0
chr20,14821282,14821495,1nM,weak,0,0,0
chr20,15440453,15440645,1nM,weak,0,0,0
chr20,18700091,18700300,1nM,weak,0,0,0
chr20,18702444,18702684,1nM,weak,0,0,0
chr20,19244619,19244846,1nM,weak,0,0,0
chr20,19581620,19581891,1nM,weak,0,0,0
chr20,20441328,20441567,1nM,weak,0,0,0
chr20,23880006,23880227,1nM,weak,0,0,0
chr20,23888058,23888302,1nM,weak,0,0,0
chr20,24257582,24257786,1nM,weak,0,0,0
chr20,31987750,31987931,1nM,weak,0,0,0
chr20,34334732,34334953,1nM,weak,0,0,0
chr20,35189429,35189609,1nM,weak,0,0,0
chr20,36082420,36082683,1nM,weak,0,0,0
chr20,37562739,37562955,1nM,weak,0,0,0
chr20,38112105,38112316,1nM,weak,0,0,1
chr20,38162042,38162225,1nM,weak,0,0,1
chr20,38602393,38602593,1nM,weak,0,0,0
chr20,39156757,39156939,1nM,weak,0,0,0
chr20,39463597,39464117,1nM,weak,0,0,0
chr20,39527621,39527841,1nM,weak,0,0,0
chr20,39658544,39658777,1nM,weak,0,0,0
chr20,40397644,40397909,1nM,weak,0,0,0
chr20,40447828,40448047,1nM,weak,0,0,0
chr20,40948629,40948835,1nM,weak,0,0,0
chr20,41292251,41292553,1nM,weak,0,0,0
chr20,44277596,44277813,1nM,weak,0,0,0
chr20,46778324,46778591,1nM,weak,0,0,0
chr20,47801418,47801641,1nM,weak,0,0,0
chr20,48085435,48085634,1nM,weak,0,0,0
chr20,48482347,48482536,1nM,weak,0,0,0
chr20,49444546,49444775,1nM,weak,0,0,0
chr20,50327386,50327566,1nM,weak,0,1,0
chr20,50573530,50573786,1nM,weak,0,0,0
chr20,51387596,51387831,1nM,weak,0,0,0
chr20,51434056,51434240,1nM,weak,0,0,0
chr20,53522313,53522517,1nM,weak,0,1,0
chr20,56713641,56713905,1nM,weak,0,0,0
chr20,56926500,56926707,1nM,weak,0,0,0
chr20,58008985,58009217,1nM,weak,0,0,0
chr20,58017150,58017338,1nM,weak,0,0,0
chr20,59347488,59347690,1nM,weak,0,0,0
chr20,59988147,59988373,1nM,weak,0,0,0
chr20,60062955,60063219,1nM,weak,0,0,0
chr20,60258563,60258744,1nM,weak,0,0,0
chr20,61247389,61247578,1nM,weak,0,0,0
chr20,63069788,63070052,1nM,weak,0,0,0
chr20,63198680,63198893,1nM,weak,0,0,0
chr21,15256065,15256248,1nM,weak,0,0,0
chr21,15401462,15401645,1nM,weak,0,0,0
chr21,16179824,16180008,1nM,weak,0,0,0
chr21,17120455,17120646,1nM,weak,0,0,0
chr21,19922035,19922231,1nM,weak,0,0,0
chr21,21192716,21192898,1nM,weak,0,0,0
chr21,21317484,21317726,1nM,weak,0,0,1
chr21,21889008,21889198,1nM,weak,0,0,0
chr21,27764999,27765263,1nM,weak,0,0,0
chr21,28862135,28862348,1nM,weak,0,0,0
chr21,29367316,29367511,1nM,weak,0,0,0
chr21,31492570,31492781,1nM,weak,0,0,0
chr21,33657895,33658075,1nM,weak,0,0,1
chr21,38123213,38123472,1nM,weak,0,0,0
chr21,38561267,38561500,1nM,weak,0,0,0
chr21,39723481,39723775,1nM,weak,0,0,0
chr21,39985289,39985592,1nM,weak,0,0,0
chr21,43816864,43817080,1nM,weak,0,0,0
chr21,44029851,44030052,1nM,weak,0,0,0
chr21,44870396,44870598,1nM,weak,0,1,0
chr21,45054560,45054799,1nM,weak,0,0,0
chr21,45416479,45416700,1nM,weak,0,0,0
chr21,46201501,46201679,1nM,weak,0,0,0
chr22,21709691,21709953,1nM,weak,0,0,0
chr22,22040522,22040714,1nM,weak,0,0,0
chr22,22910115,22910367,1nM,weak,0,0,0
chr22,22953624,22953820,1nM,weak,1,0,0
chr22,23151361,23151557,1nM,weak,0,0,0
chr22,23167516,23167697,1nM,weak,0,0,0
chr22,23179454,23179645,1nM,weak,0,0,0
chr22,25898737,25898924,1nM,weak,0,0,0
chr22,26831108,26831308,1nM,weak,0,0,0
chr22,27779815,27780024,1nM,weak,0,0,0
chr22,28003015,28003212,1nM,weak,0,0,0
chr22,28025300,28025499,1nM,weak,0,0,0
chr22,29696477,29696712,1nM,weak,0,0,0
chr22,30536419,30536719,1nM,weak,0,0,0
chr22,32725515,32725711,1nM,weak,0,0,0
chr22,32833303,32833584,1nM,weak,0,0,0
chr22,33757942,33758120,1nM,weak,0,0,0
chr22,34232893,34233114,1nM,weak,0,0,0
chr22,34254356,34254595,1nM,weak,0,0,0
chr22,35313418,35313712,1nM,weak,0,0,0
chr22,35359691,35359921,1nM,weak,0,0,0
chr22,36950506,36950698,1nM,weak,0,0,0
chr22,37999451,37999806,1nM,weak,0,0,0
chr22,39653550,39653851,1nM,weak,0,0,0
chr22,42173636,42173814,1nM,weak,0,0,0
chr22,43196544,43196766,1nM,weak,1,0,0
chr22,43198805,43199113,1nM,weak,0,0,0
chr22,43399958,43400253,1nM,weak,0,0,0
chr22,47882940,47883140,1nM,weak,0,0,0
chr22,47925283,47925547,1nM,weak,0,0,0
chr22,48079977,48080237,1nM,weak,0,0,0
chr22,48118746,48118928,1nM,weak,0,0,0
chr22,48135716,48135966,1nM,weak,0,0,0
chr22,49528004,49528185,1nM,weak,0,0,0
chr22,49734302,49734530,1nM,weak,0,0,0
chr22,49930175,49930353,1nM,weak,0,0,0
chr3,3778678,3778924,1nM,weak,0,0,0
chr3,4113700,4113952,1nM,weak,0,0,0
chr3,4624898,4625172,1nM,weak,0,0,0
chr3,5021524,5021706,1nM,weak,0,0,0
chr3,8160473,8160669,1nM,weak,0,0,0
chr3,8293852,8294086,1nM,weak,0,0,0
chr3,9130655,9130938,1nM,weak,0,0,0
chr3,12371768,12372054,1nM,weak,0,0,0
chr3,12375653,12375847,1nM,weak,0,0,0
chr3,12688045,12688303,1nM,weak,0,0,0
chr3,13091953,13092147,1nM,weak,0,0,0
chr3,14204764,14205010,1nM,weak,0,0,0
chr3,14305925,14306112,1nM,weak,0,0,0
chr3,14677047,14677278,1nM,weak,0,0,0
chr3,14826397,14826670,1nM,weak,0,0,0
chr3,16417372,16417623,1nM,weak,0,0,0
chr3,16897577,16897887,1nM,weak,0,0,0
chr3,18118343,18118590,1nM,weak,0,0,0
chr3,18120392,18120592,1nM,weak,0,0,0
chr3,18161414,18161614,1nM,weak,0,0,0
chr3,18490315,18490493,1nM,weak,0,0,0
chr3,22864066,22864320,1nM,weak,0,0,0
chr3,22869214,22869457,1nM,weak,0,0,0
chr3,23062998,23063218,1nM,weak,0,0,0
chr3,29538667,29538921,1nM,weak,0,0,0
chr3,31403740,31403970,1nM,weak,0,0,0
chr3,31752364,31752549,1nM,weak,0,0,0
chr3,32461158,32461336,1nM,weak,0,0,0
chr3,37179167,37179467,1nM,weak,0,0,0
chr3,42855450,42855922,1nM,weak,0,0,0
chr3,43181073,43181299,1nM,weak,0,0,0
chr3,43965281,43965461,1nM,weak,0,0,0
chr3,46609096,46609383,1nM,weak,0,0,0
chr3,46704892,46705103,1nM,weak,0,0,0
chr3,46878909,46879109,1nM,weak,0,0,0
chr3,50375247,50375445,1nM,weak,0,0,0
chr3,50444748,50444978,1nM,weak,0,0,0
chr3,52775539,52775730,1nM,weak,0,0,0
chr3,53835419,53835644,1nM,weak,0,0,0
chr3,57145738,57145989,1nM,weak,0,0,0
chr3,59662019,59662256,1nM,weak,0,0,0
chr3,61139998,61140233,1nM,weak,0,0,0
chr3,61723159,61723363,1nM,weak,0,0,0
chr3,61824678,61824925,1nM,weak,0,0,1
chr3,62032912,62033101,1nM,weak,0,0,0
chr3,62169405,62169609,1nM,weak,0,0,0
chr3,62932764,62933026,1nM,weak,0,0,0
chr3,65718027,65718336,1nM,weak,0,0,0
chr3,66198039,66198319,1nM,weak,0,0,0
chr3,66198767,66199106,1nM,weak,0,0,0
chr3,71006909,71007173,1nM,weak,0,0,0
chr3,71877296,71877474,1nM,weak,0,0,0
chr3,72251258,72251453,1nM,weak,0,0,0
chr3,72582594,72582801,1nM,weak,0,0,0
chr3,73666658,73666871,1nM,weak,0,0,0
chr3,75324756,75325023,1nM,weak,0,0,0
chr3,76203678,76203903,1nM,weak,0,0,0
chr3,77338267,77338565,1nM,weak,0,0,0
chr3,77667987,77668397,1nM,weak,0,0,0
chr3,81809438,81809671,1nM,weak,0,0,0
chr3,95987732,95987955,1nM,weak,0,0,0
chr3,96229588,96229796,1nM,weak,0,0,0
chr3,97131548,97131771,1nM,weak,0,0,0
chr3,98502340,98502518,1nM,weak,0,0,0
chr3,100003623,100003803,1nM,weak,0,0,0
chr3,100559624,100559870,1nM,weak,0,0,0
chr3,100874859,100875051,1nM,weak,0,0,0
chr3,102324532,102324739,1nM,weak,0,0,0
chr3,104450714,104450898,1nM,weak,0,0,0
chr3,105466539,105466725,1nM,weak,0,0,0
chr3,105746031,105746216,1nM,weak,0,0,0
chr3,106425969,106426179,1nM,weak,0,0,0
chr3,106810461,106810640,1nM,weak,0,0,0
chr3,107975069,107975305,1nM,weak,0,0,0
chr3,108414238,108414572,1nM,weak,0,0,0
chr3,114398936,114399129,1nM,weak,0,0,0
chr3,115038945,115039223,1nM,weak,0,0,0
chr3,123467077,123467291,1nM,weak,0,0,0
chr3,124270524,124270770,1nM,weak,0,0,0
chr3,124833841,124834061,1nM,weak,0,0,0
chr3,126752552,126752758,1nM,weak,0,0,0
chr3,127208718,127208962,1nM,weak,0,0,0
chr3,127767221,127767460,1nM,weak,0,0,0
chr3,129356601,129356812,1nM,weak,0,0,0
chr3,138027439,138027631,1nM,weak,0,0,0
chr3,141621528,141621739,1nM,weak,0,0,0
chr3,146360251,146360491,1nM,weak,0,0,0
chr3,148462197,148462504,1nM,weak,0,0,0
chr3,152211791,152212017,1nM,weak,0,0,0
chr3,157168541,157168917,1nM,weak,0,0,0
chr3,159941711,159941904,1nM,weak,0,0,0
chr3,160804962,160805157,1nM,weak,0,0,0
chr3,161031120,161031341,1nM,weak,0,0,0
chr3,164244086,164244268,1nM,weak,0,0,0
chr3,164437120,164437397,1nM,weak,0,0,0
chr3,164634809,164635258,1nM,weak,0,0,0
chr3,165331618,165331896,1nM,weak,0,0,0
chr3,165333297,165333508,1nM,weak,0,0,0
chr3,168890997,168891312,1nM,weak,1,0,0
chr3,168957284,168957723,1nM,weak,0,0,0
chr3,169622701,169622901,1nM,weak,0,0,0
chr3,170349116,170349414,1nM,weak,0,0,0
chr3,171129066,171129287,1nM,weak,0,0,0
chr3,171129693,171130029,1nM,weak,0,0,0
chr3,172142324,172142531,1nM,weak,0,0,0
chr3,172156685,172156899,1nM,weak,0,0,0
chr3,172585652,172585839,1nM,weak,0,1,0
chr3,172657911,172658140,1nM,weak,0,0,0
chr3,174014655,174014837,1nM,weak,0,0,0
chr3,182529406,182529624,1nM,weak,0,1,0
chr3,183341248,183341505,1nM,weak,0,0,0
chr3,184758568,184758838,1nM,weak,0,0,0
chr3,187928725,187929005,1nM,weak,0,0,0
chr3,188305168,188305508,1nM,weak,0,0,0
chr3,188491405,188491852,1nM,weak,0,0,0
chr3,188513738,188514040,1nM,weak,0,0,0
chr3,190117424,190117642,1nM,weak,0,0,0
chr3,191237527,191237789,1nM,weak,0,0,0
chr3,191449456,191449715,1nM,weak,0,0,0
chr3,194261658,194261969,1nM,weak,0,0,0
chr3,194342664,194342906,1nM,weak,0,0,0
chr3,195094298,195094502,1nM,weak,0,0,0
chr3,195185528,195185747,1nM,weak,0,0,0
chr4,570115,570349,1nM,weak,0,0,0
chr4,633672,633877,1nM,weak,0,0,0
chr4,2422614,2422876,1nM,weak,0,0,1
chr4,3686866,3687098,1nM,weak,1,0,0
chr4,3869047,3869250,1nM,weak,0,0,0
chr4,6107309,6107488,1nM,weak,0,0,0
chr4,7165165,7165368,1nM,weak,0,0,0
chr4,7766497,7766742,1nM,weak,0,0,0
chr4,8342674,8342881,1nM,weak,0,0,0
chr4,12839507,12839703,1nM,weak,0,0,0
chr4,12937145,12937371,1nM,weak,0,0,0
chr4,16008739,16008964,1nM,weak,0,0,0
chr4,16990010,16990276,1nM,weak,0,0,0
chr4,17301858,17302156,1nM,weak,0,0,0
chr4,17700952,17701192,1nM,weak,0,0,0
chr4,18456289,18456486,1nM,weak,0,0,0
chr4,19858457,19858664,1nM,weak,0,0,0
chr4,24485887,24486065,1nM,weak,0,0,0
chr4,26739062,26739270,1nM,weak,0,0,0
chr4,27415036,27415290,1nM,weak,0,0,0
chr4,32060889,32061116,1nM,weak,0,0,0
chr4,33481815,33482075,1nM,weak,0,0,0
chr4,36001021,36001264,1nM,weak,0,0,0
chr4,38523169,38523439,1nM,weak,0,0,0
chr4,38966383,38966703,1nM,weak,0,0,0
chr4,39065157,39065381,1nM,weak,0,1,0
chr4,39429923,39430146,1nM,weak,0,0,0
chr4,40264951,40265183,1nM,weak,0,0,0
chr4,47691746,47692016,1nM,weak,0,0,0
chr4,48961779,48962033,1nM,weak,0,0,0
chr4,49181126,49181457,1nM,weak,0,0,0
chr4,54511429,54511616,1nM,weak,0,0,0
chr4,54593620,54594077,1nM,weak,0,0,0
chr4,54961550,54961797,1nM,weak,0,0,0
chr4,54962578,54962803,1nM,weak,0,0,0
chr4,56947997,56948229,1nM,weak,0,0,0
chr4,67922785,67923012,1nM,weak,0,0,0
chr4,68670790,68670968,1nM,weak,0,0,0
chr4,69558579,69558848,1nM,weak,0,1,0
chr4,75860757,75860949,1nM,weak,0,0,0
chr4,79630319,79630578,1nM,weak,0,0,0
chr4,79954170,79954429,1nM,weak,0,0,1
chr4,80285234,80285615,1nM,weak,0,0,0
chr4,80840306,80840533,1nM,weak,0,0,0
chr4,82739940,82740153,1nM,weak,0,0,0
chr4,83584428,83584691,1nM,weak,0,1,0
chr4,88331970,88332163,1nM,weak,0,0,0
chr4,88754068,88754335,1nM,weak,0,0,0
chr4,89701281,89701548,1nM,weak,0,0,0
chr4,90787627,90787870,1nM,weak,0,0,0
chr4,92142316,92142566,1nM,weak,0,0,0
chr4,97032554,97032752,1nM,weak,0,0,0
chr4,97158151,97158355,1nM,weak,0,0,0
chr4,98514462,98514733,1nM,weak,0,0,0
chr4,98608474,98608666,1nM,weak,0,0,0
chr4,98688558,98688782,1nM,weak,0,0,0
chr4,100594142,100594328,1nM,weak,0,0,0
chr4,100705455,100705759,1nM,weak,0,0,1
chr4,101885613,101885794,1nM,weak,0,0,0
chr4,103786046,103786231,1nM,weak,0,0,0
chr4,105116980,105117175,1nM,weak,0,0,0
chr4,105126491,105126707,1nM,weak,0,0,0
chr4,109453079,109453304,1nM,weak,0,0,0
chr4,110163805,110164031,1nM,weak,0,0,0
chr4,110604463,110604735,1nM,weak,0,0,0
chr4,111435927,111436427,1nM,weak,0,0,0
chr4,112109160,112109338,1nM,weak,0,0,0
chr4,112283352,112283616,1nM,weak,0,0,0
chr4,114187721,114188072,1nM,weak,0,0,0
chr4,114318340,114318552,1nM,weak,0,0,0
chr4,118883883,118884133,1nM,weak,0,0,0
chr4,121997914,121998147,1nM,weak,0,0,0
chr4,125131986,125132224,1nM,weak,0,0,0
chr4,125419970,125420245,1nM,weak,0,0,0
chr4,125522918,125523181,1nM,weak,0,0,0
chr4,128255521,128255790,1nM,weak,0,0,0
chr4,133016409,133016631,1nM,weak,0,0,0
chr4,143036438,143036743,1nM,weak,0,0,0
chr4,147512712,147513110,1nM,weak,0,0,0
chr4,148007197,148007449,1nM,weak,0,0,0
chr4,152928956,152929176,1nM,weak,0,0,0
chr4,155535845,155536143,1nM,weak,0,0,0
chr4,157070060,157070296,1nM,weak,0,0,0
chr4,157146302,157146505,1nM,weak,0,1,0
chr4,158825802,158825981,1nM,weak,0,0,0
chr4,159489732,159490122,1nM,weak,0,0,0
chr4,161187697,161187889,1nM,weak,0,0,0
chr4,162650861,162651137,1nM,weak,0,0,0
chr4,162783292,162783574,1nM,weak,0,0,0
chr4,163447516,163447707,1nM,weak,0,0,0
chr4,166934910,166935183,1nM,weak,0,0,0
chr4,167176099,167176282,1nM,weak,0,0,0
chr4,168026534,168026712,1nM,weak,0,0,0
chr4,168919759,168920048,1nM,weak,0,0,0
chr4,172870522,172870835,1nM,weak,0,0,0
chr4,172992760,172993101,1nM,weak,0,0,0
chr4,175907536,175907780,1nM,weak,0,0,0
chr4,176332308,176332509,1nM,weak,0,0,0
chr4,180146211,180146445,1nM,weak,0,0,0
chr4,185510799,185511088,1nM,weak,0,0,0
chr4,186753131,186753342,1nM,weak,0,0,0
chr4,186763083,186763279,1nM,weak,0,0,0
chr5,1537210,1537388,1nM,weak,0,0,0
chr5,1771384,1771639,1nM,weak,0,0,0
chr5,2262876,2263072,1nM,weak,0,0,0
chr5,2675653,2675866,1nM,weak,0,0,0
chr5,4028865,4029071,1nM,weak,0,0,0
chr5,5136010,5136260,1nM,weak,0,0,0
chr5,5159480,5159725,1nM,weak,0,0,0
chr5,5633547,5633882,1nM,weak,0,0,0
chr5,6003288,6003510,1nM,weak,0,0,0
chr5,6396844,6397159,1nM,weak,0,0,0
chr5,6512851,6513038,1nM,weak,0,0,0
chr5,9832842,9833021,1nM,weak,0,0,0
chr5,9836368,9836631,1nM,weak,0,0,0
chr5,9855108,9855333,1nM,weak,0,0,0
chr5,12041323,12041536,1nM,weak,0,0,0
chr5,12109399,12109699,1nM,weak,0,0,0
chr5,14807677,14807872,1nM,weak,0,0,0
chr5,15283952,15284209,1nM,weak,0,0,0
chr5,15383070,15383251,1nM,weak,0,0,0
chr5,15573631,15573886,1nM,weak,0,0,0
chr5,15806485,15806721,1nM,weak,0,0,0
chr5,16610136,16610314,1nM,weak,0,0,0
chr5,17091622,17091818,1nM,weak,0,0,0
chr5,19048743,19048934,1nM,weak,0,0,0
chr5,19885100,19885461,1nM,weak,0,0,0
chr5,20087457,20087651,1nM,weak,0,0,0
chr5,20501971,20502282,1nM,weak,0,0,0
chr5,28505121,28505432,1nM,weak,0,0,0
chr5,31323522,31323747,1nM,weak,0,0,0
chr5,31330576,31330836,1nM,weak,0,0,0
chr5,33524964,33525154,1nM,weak,0,0,0
chr5,34651895,34652089,1nM,weak,0,0,0
chr5,35281700,35281904,1nM,weak,0,0,0
chr5,37002268,37002467,1nM,weak,0,0,0
chr5,38167572,38167807,1nM,weak,0,0,0
chr5,39533826,39534093,1nM,weak,0,0,0
chr5,42036528,42036714,1nM,weak,0,0,0
chr5,43470451,43470683,1nM,weak,0,0,0
chr5,44568562,44568777,1nM,weak,0,0,0
chr5,51115878,51116056,1nM,weak,0,0,0
chr5,53726323,53726594,1nM,weak,0,0,0
chr5,54656194,54656485,1nM,weak,0,0,0
chr5,56682094,56682325,1nM,weak,0,0,0
chr5,56975475,56975712,1nM,weak,0,0,0
chr5,59220235,59220452,1nM,weak,0,0,0
chr5,59401318,59401520,1nM,weak,0,0,1
chr5,61280899,61281165,1nM,weak,0,0,0
chr5,66592692,66592904,1nM,weak,0,0,0
chr5,68170386,68170578,1nM,weak,0,0,0
chr5,71744039,71744220,1nM,weak,0,0,0
chr5,73548075,73548257,1nM,weak,0,1,0
chr5,74200705,74200954,1nM,weak,0,0,0
chr5,74355196,74355429,1nM,weak,0,0,0
chr5,76303972,76304367,1nM,weak,0,0,0
chr5,76527887,76528123,1nM,weak,0,0,0
chr5,77241525,77241720,1nM,weak,0,0,0
chr5,78182824,78183010,1nM,weak,0,0,0
chr5,82985162,82985366,1nM,weak,0,0,0
chr5,83322554,83322769,1nM,weak,0,0,0
chr5,83387105,83387384,1nM,weak,0,0,0
chr5,87576556,87576751,1nM,weak,0,0,0
chr5,90190200,90190383,1nM,weak,0,0,0
chr5,91166312,91166535,1nM,weak,0,0,0
chr5,91314386,91314601,1nM,weak,0,0,0
chr5,91939168,91939415,1nM,weak,0,0,0
chr5,92991653,92991935,1nM,weak,0,0,0
chr5,93193869,93194289,1nM,weak,0,0,0
chr5,95672508,95672776,1nM,weak,0,0,0
chr5,95989746,95989924,1nM,weak,0,0,0
chr5,100755419,100755684,1nM,weak,0,0,0
chr5,103409226,103409491,1nM,weak,0,0,0
chr5,104386027,104386366,1nM,weak,0,0,0
chr5,105397515,105397848,1nM,weak,0,0,0
chr5,105616709,105617021,1nM,weak,0,0,0
chr5,105872088,105872268,1nM,weak,0,0,0
chr5,106190604,106190797,1nM,weak,0,0,0
chr5,106940903,106941258,1nM,weak,0,0,0
chr5,107265313,107265762,1nM,weak,0,0,0
chr5,111521061,111521258,1nM,weak,0,0,0
chr5,111522217,111522401,1nM,weak,0,0,0
chr5,111995855,111996054,1nM,weak,0,0,0
chr5,115359586,115359774,1nM,weak,0,0,0
chr5,116871323,116871556,1nM,weak,0,0,0
chr5,118139583,118139814,1nM,weak,0,0,0
chr5,123123970,123124167,1nM,weak,0,0,0
chr5,123783878,123784133,1nM,weak,0,0,0
chr5,125027525,125027839,1nM,weak,0,0,0
chr5,125059697,125059898,1nM,weak,0,0,0
chr5,126104974,126105221,1nM,weak,0,0,0
chr5,129355266,129355496,1nM,weak,0,0,0
chr5,133285914,133286162,1nM,weak,0,0,0
chr5,135127321,135127724,1nM,weak,0,0,0
chr5,135296989,135297354,1nM,weak,0,0,0
chr5,135410389,135410649,1nM,weak,0,0,0
chr5,135420341,135420571,1nM,weak,0,0,0
chr5,135695896,135696118,1nM,weak,0,0,0
chr5,136712808,136713071,1nM,weak,0,0,0
chr5,137850052,137850247,1nM,weak,0,0,0
chr5,137867201,137867384,1nM,weak,0,0,0
chr5,137893715,137893902,1nM,weak,0,0,0
chr5,139459014,139459229,1nM,weak,0,0,0
chr5,139809132,139809374,1nM,weak,0,0,0
chr5,141830969,141831259,1nM,weak,0,1,0
chr5,142432927,142433126,1nM,weak,0,0,0
chr5,142511807,142512090,1nM,weak,0,0,0
chr5,142827411,142827643,1nM,weak,0,0,0
chr5,142857400,142857692,1nM,weak,0,0,0
chr5,143003293,143003474,1nM,weak,0,0,0
chr5,143179780,143179974,1nM,weak,0,0,0
chr5,143561197,143561427,1nM,weak,0,0,0
chr5,144104257,144104459,1nM,weak,0,0,0
chr5,145912698,145912905,1nM,weak,0,0,0
chr5,148196298,148196481,1nM,weak,0,0,0
chr5,148261214,148261421,1nM,weak,0,0,0
chr5,149183995,149184414,1nM,weak,0,0,0
chr5,149867561,149867792,1nM,weak,0,0,0
chr5,149953407,149953641,1nM,weak,0,0,0
chr5,154255442,154255664,1nM,weak,0,0,0
chr5,155024214,155024438,1nM,weak,0,0,0
chr5,157745082,157745278,1nM,weak,0,0,0
chr5,158392702,158392982,1nM,weak,0,0,0
chr5,159174304,159174514,1nM,weak,0,0,0
chr5,159949617,159949819,1nM,weak,0,0,0
chr5,160242726,160242939,1nM,weak,0,0,0
chr5,165725133,165725385,1nM,weak,0,0,0
chr5,168908235,168908417,1nM,weak,0,0,0
chr5,170560338,170560552,1nM,weak,0,0,0
chr5,172429776,172430030,1nM,weak,0,0,0
chr5,173292174,173292354,1nM,weak,0,0,0
chr5,173533009,173533192,1nM,weak,0,0,0
chr5,173797411,173797839,1nM,weak,0,1,0
chr5,174491595,174491794,1nM,weak,0,0,0
chr5,176418421,176418634,1nM,weak,0,1,0
chr5,176809629,176809862,1nM,weak,0,0,0
chr5,176987120,176987315,1nM,weak,0,1,0
chr5,177996795,177997281,1nM,weak,0,0,0
chr5,178310589,178310807,1nM,weak,0,0,0
chr5,178976650,178976968,1nM,weak,0,0,0
chr5,179042110,179042296,1nM,weak,0,0,0
chr6,1103413,1103606,1nM,weak,0,0,0
chr6,2040572,2040907,1nM,weak,0,0,0
chr6,2908733,2908951,1nM,weak,0,0,0
chr6,3348751,3348930,1nM,weak,0,0,0
chr6,3565336,3565518,1nM,weak,0,0,0
chr6,3654532,3654760,1nM,weak,0,0,0
chr6,4075002,4075191,1nM,weak,0,1,0
chr6,4865078,4865266,1nM,weak,0,0,0
chr6,6409609,6409849,1nM,weak,0,0,0
chr6,6691008,6691193,1nM,weak,0,0,0
chr6,7156285,7156494,1nM,weak,0,0,0
chr6,9248212,9248436,1nM,weak,0,0,0
chr6,9496971,9497217,1nM,weak,0,0,0
chr6,10859017,10859254,1nM,weak,0,0,0
chr6,11305160,11305374,1nM,weak,0,0,0
chr6,12790166,12790384,1nM,weak,0,0,0
chr6,12927033,12927309,1nM,weak,0,0,0
chr6,13148924,13149180,1nM,weak,0,0,0
chr6,14231293,14231539,1nM,weak,0,0,0
chr6,14449541,14449730,1nM,weak,0,0,0
chr6,14619486,14619816,1nM,weak,0,0,0
chr6,15039187,15039407,1nM,weak,0,0,1
chr6,15159769,15160018,1nM,weak,0,0,0
chr6,15761138,15761316,1nM,weak,0,0,0
chr6,15817176,15817411,1nM,weak,0,0,0
chr6,17104612,17104886,1nM,weak,0,0,0
chr6,17311990,17312168,1nM,weak,0,0,0
chr6,18528198,18528403,1nM,weak,0,0,0
chr6,20692066,20692281,1nM,weak,0,0,0
chr6,20693751,20694060,1nM,weak,0,0,1
chr6,23074408,23074657,1nM,weak,0,0,0
chr6,23115444,23115622,1nM,weak,0,0,0
chr6,23407923,23408198,1nM,weak,0,0,0
chr6,24586014,24586250,1nM,weak,0,1,0
chr6,25651174,25651401,1nM,weak,0,0,0
chr6,29528152,29528433,1nM,weak,0,0,0
chr6,30757652,30757833,1nM,weak,0,0,0
chr6,38391274,38391485,1nM,weak,0,0,0
chr6,38400896,38401138,1nM,weak,0,0,0
chr6,39617663,39617882,1nM,weak,0,0,0
chr6,39795175,39795395,1nM,weak,0,0,0
chr6,40810566,40810771,1nM,weak,0,0,0
chr6,44822517,44822743,1nM,weak,0,0,0
chr6,44858567,44858806,1nM,weak,0,0,0
chr6,46974863,46975158,1nM,weak,0,0,0
chr6,49698491,49698762,1nM,weak,0,0,0
chr6,49938838,49939052,1nM,weak,0,0,0
chr6,53133893,53134089,1nM,weak,0,0,0
chr6,53216022,53216250,1nM,weak,0,0,0
chr6,53236585,53236819,1nM,weak,0,0,0
chr6,63435018,63435228,1nM,weak,0,0,0
chr6,63491081,63491372,1nM,weak,0,0,0
chr6,69594483,69594680,1nM,weak,0,0,0
chr6,73032005,73032246,1nM,weak,0,1,0
chr6,82048113,82048293,1nM,weak,0,0,0
chr6,82261654,82261920,1nM,weak,0,0,0
chr6,82579859,82580043,1nM,weak,0,0,0
chr6,95765842,95766081,1nM,weak,0,0,0
chr6,97947772,97948037,1nM,weak,0,0,0
chr6,100119130,100119335,1nM,weak,0,0,0
chr6,109203831,109204010,1nM,weak,0,0,0
chr6,109707083,109707261,1nM,weak,0,0,0
chr6,110557381,110557641,1nM,weak,0,0,0
chr6,112035607,112035807,1nM,weak,0,0,0
chr6,119800927,119801277,1nM,weak,0,0,0
chr6,119967931,119968301,1nM,weak,0,0,0
chr6,120141715,120141899,1nM,weak,0,0,0
chr6,121580769,121580982,1nM,weak,0,0,0
chr6,121817276,121817558,1nM,weak,0,0,0
chr6,122033537,122033717,1nM,weak,0,0,0
chr6,122694633,122694910,1nM,weak,0,0,0
chr6,128594225,128594408,1nM,weak,0,0,0
chr6,136774539,136774736,1nM,weak,0,0,0
chr6,138557542,138557724,1nM,weak,0,0,0
chr6,139512639,139512818,1nM,weak,0,0,0
chr6,140497428,140497651,1nM,weak,0,0,0
chr6,141540246,141540503,1nM,weak,0,0,0
chr6,143542367,143542546,1nM,weak,0,0,0
chr6,148258849,148259083,1nM,weak,0,0,0
chr6,149033032,149033228,1nM,weak,0,0,0
chr6,149082665,149082883,1nM,weak,0,0,0
chr6,153768927,153769174,1nM,weak,0,0,0
chr6,154157765,154158032,1nM,weak,0,0,0
chr6,154569664,154569864,1nM,weak,0,0,0
chr6,156752788,156753054,1nM,weak,0,0,0
chr6,157428405,157428596,1nM,weak,0,0,0
chr6,158061091,158061297,1nM,weak,0,0,0
chr6,158339251,158339446,1nM,weak,0,0,0
chr6,158705499,158705844,1nM,weak,0,0,0
chr6,158707132,158707446,1nM,weak,0,0,0
chr6,158917540,158917761,1nM,weak,0,0,0
chr6,158941434,158941679,1nM,weak,0,0,0
chr6,159221877,159222077,1nM,weak,0,0,0
chr7,305843,306039,1nM,weak,0,0,0
chr7,1713980,1714178,1nM,weak,0,0,0
chr7,1936832,1937064,1nM,weak,0,0,0
chr7,3244366,3244579,1nM,weak,0,0,0
chr7,3261238,3261499,1nM,weak,0,0,0
chr7,10004696,10004887,1nM,weak,0,1,0
chr7,10568994,10569293,1nM,weak,0,0,0
chr7,10652040,10652258,1nM,weak,0,0,0
chr7,15042102,15042284,1nM,weak,0,0,0
chr7,15621063,15621264,1nM,weak,0,0,0
chr7,16842488,16842666,1nM,weak,0,0,1
chr7,17208278,17208505,1nM,weak,1,0,0
chr7,17232676,17232859,1nM,weak,0,0,0
chr7,17556337,17556589,1nM,weak,0,0,0
chr7,19080127,19080345,1nM,weak,0,0,0
chr7,19366488,19366853,1nM,weak,0,0,0
chr7,21713306,21713597,1nM,weak,0,0,0
chr7,23370187,23370449,1nM,weak,0,0,0
chr7,26512879,26513061,1nM,weak,0,0,0
chr7,26553663,26553951,1nM,weak,0,0,0
chr7,26590739,26591075,1nM,weak,0,0,0
chr7,26689685,26689871,1nM,weak,0,0,0
chr7,28102856,28103036,1nM,weak,0,0,0
chr7,28866465,28866687,1nM,weak,0,0,0
chr7,28998263,28998461,1nM,weak,0,0,0
chr7,29100492,29101016,1nM,weak,0,0,0
chr7,29304802,29305048,1nM,weak,0,0,0
chr7,29312403,29312653,1nM,weak,0,0,0
chr7,29457191,29457437,1nM,weak,0,0,0
chr7,29947173,29947460,1nM,weak,0,0,0
chr7,33124643,33124906,1nM,weak,1,0,0
chr7,38712206,38712412,1nM,weak,0,0,0
chr7,41054977,41055178,1nM,weak,0,0,0
chr7,41507887,41508099,1nM,weak,0,0,0
chr7,42462793,42463069,1nM,weak,0,0,0
chr7,43855294,43855472,1nM,weak,0,0,0
chr7,43856477,43856662,1nM,weak,0,0,0
chr7,44150536,44150782,1nM,weak,0,0,0
chr7,45237849,45238046,1nM,weak,0,0,0
chr7,45876435,45876712,1nM,weak,0,0,0
chr7,47783459,47783651,1nM,weak,0,0,0
chr7,48311648,48311840,1nM,weak,0,0,0
chr7,51239070,51239259,1nM,weak,0,0,0
chr7,51265366,51265551,1nM,weak,0,0,0
chr7,51357102,51357332,1nM,weak,0,0,0
chr7,52321971,52322203,1nM,weak,0,0,0
chr7,55234796,55235084,1nM,weak,0,0,0
chr7,63041504,63041717,1nM,weak,0,0,0
chr7,64611500,64611825,1nM,weak,0,0,0
chr7,64658416,64658632,1nM,weak,0,0,0
chr7,64946339,64946604,1nM,weak,0,0,0
chr7,67487894,67488127,1nM,weak,0,0,0
chr7,67914335,67914561,1nM,weak,0,0,0
chr7,70044659,70044860,1nM,weak,0,0,0
chr7,70599261,70599472,1nM,weak,0,0,0
chr7,70752665,70752882,1nM,weak,0,0,0
chr7,74551392,74551616,1nM,weak,0,0,0
chr7,74996403,74996588,1nM,weak,0,0,0
chr7,75000903,75001188,1nM,weak,0,1,1
chr7,79171826,79172025,1nM,weak,0,0,0
chr7,80876880,80877205,1nM,weak,0,0,0
chr7,80998104,80998348,1nM,weak,0,0,0
chr7,81065410,81065690,1nM,weak,0,0,0
chr7,81067973,81068261,1nM,weak,0,0,0
chr7,81168283,81168538,1nM,weak,0,0,0
chr7,81171279,81171545,1nM,weak,0,0,0
chr7,82091134,82091321,1nM,weak,0,0,0
chr7,84529416,84529671,1nM,weak,0,0,0
chr7,84611399,84611761,1nM,weak,0,0,0
chr7,84953150,84953382,1nM,weak,0,0,0
chr7,87376212,87376433,1nM,weak,0,0,0
chr7,87415012,87415268,1nM,weak,0,0,0
chr7,87528883,87529154,1nM,weak,0,0,0
chr7,88339394,88339614,1nM,weak,0,0,0
chr7,91504251,91504483,1nM,weak,0,0,0
chr7,93811296,93811526,1nM,weak,0,0,0
chr7,97772814,97773046,1nM,weak,0,0,0
chr7,98315646,98315932,1nM,weak,0,0,0
chr7,98781832,98782012,1nM,weak,0,1,0
chr7,101352570,101352813,1nM,weak,0,1,0
chr7,102993081,102993347,1nM,weak,0,0,0
chr7,105284061,105284352,1nM,weak,0,0,0
chr7,105656887,105657127,1nM,weak,0,0,0
chr7,105674452,105674676,1nM,weak,0,0,0
chr7,105964769,105965134,1nM,weak,0,0,0
chr7,107494319,107494600,1nM,weak,0,0,0
chr7,108340332,108340535,1nM,weak,0,0,0
chr7,110281450,110281628,1nM,weak,0,0,0
chr7,110761779,110761968,1nM,weak,0,0,0
chr7,111569220,111569419,1nM,weak,0,0,0
chr7,112085172,112085457,1nM,weak,0,0,0
chr7,112144491,112144691,1nM,weak,0,0,0
chr7,113208000,113208226,1nM,weak,0,0,0
chr7,115349744,115350003,1nM,weak,0,0,0
chr7,116426500,116426778,1nM,weak,0,0,0
chr7,116810451,116810726,1nM,weak,0,0,0
chr7,117982502,117982778,1nM,weak,0,0,0
chr7,118628033,118628221,1nM,weak,0,0,1
chr7,118743810,118744019,1nM,weak,0,0,0
chr7,120717113,120717456,1nM,weak,0,0,0
chr7,121328664,121328872,1nM,weak,0,0,0
chr7,123050683,123050877,1nM,weak,0,0,0
chr7,128874871,128875063,1nM,weak,0,0,0
chr7,132829819,132830073,1nM,weak,0,0,0
chr7,133647794,133648100,1nM,weak,0,0,0
chr7,135740573,135740773,1nM,weak,0,0,0
chr7,135936678,135937000,1nM,weak,0,0,0
chr7,137979245,137979478,1nM,weak,1,0,0
chr7,138193960,138194201,1nM,weak,0,0,0
chr7,139318049,139318259,1nM,weak,0,0,0
chr7,139651377,139651605,1nM,weak,0,0,0
chr7,139721825,139722023,1nM,weak,0,0,0
chr7,139726686,139726880,1nM,weak,0,0,0
chr7,139736378,139736591,1nM,weak,0,0,0
chr7,142305203,142305474,1nM,weak,0,0,0
chr7,142336213,142336426,1nM,weak,0,0,0
chr7,143120815,143121021,1nM,weak,0,0,0
chr7,151709005,151709647,1nM,weak,0,0,0
chr7,152611029,152611283,1nM,weak,0,1,0
chr7,155380274,155380500,1nM,weak,0,0,0
chr7,155438921,155439260,1nM,weak,0,0,0
chr7,155867378,155867565,1nM,weak,0,0,0
chr7,155898094,155898353,1nM,weak,0,0,0
chr7,156102771,156102969,1nM,weak,0,0,0
chr7,156401371,156401569,1nM,weak,0,0,0
chr7,157272860,157273137,1nM,weak,0,0,0
chr7,157620959,157621419,1nM,weak,0,0,0
chr7,157875055,157875299,1nM,weak,0,0,0
chr7,157987181,157987519,1nM,weak,0,0,0
chr7,159013129,159013469,1nM,weak,0,0,0
chr7,159024109,159024313,1nM,weak,0,0,0
chr8,363834,364032,1nM,weak,0,0,0
chr8,739839,740018,1nM,weak,0,0,0
chr8,907673,907889,1nM,weak,0,0,0
chr8,1069243,1069480,1nM,weak,0,0,0
chr8,1338920,1339099,1nM,weak,0,0,0
chr8,1623239,1623748,1nM,weak,0,0,0
chr8,9119827,9120081,1nM,weak,0,0,0
chr8,9640617,9640893,1nM,weak,0,0,0
chr8,11575641,11575844,1nM,weak,0,0,0
chr8,11670747,11670943,1nM,weak,0,0,1
chr8,11719089,11719279,1nM,weak,0,0,0
chr8,11778030,11778286,1nM,weak,0,0,0
chr8,13210298,13210495,1nM,weak,0,0,0
chr8,15564594,15564938,1nM,weak,0,0,0
chr8,16716822,16717186,1nM,weak,0,0,0
chr8,17794640,17794890,1nM,weak,0,0,0
chr8,19390677,19390902,1nM,weak,0,0,0
chr8,20879126,20879415,1nM,weak,0,0,0
chr8,21492546,21492792,1nM,weak,0,0,0
chr8,23133686,23133931,1nM,weak,0,1,0
chr8,25248000,25248178,1nM,weak,0,0,0
chr8,26308127,26308335,1nM,weak,0,0,0
chr8,28147790,28148000,1nM,weak,0,0,0
chr8,29115041,29115221,1nM,weak,0,0,0
chr8,29118961,29119235,1nM,weak,0,0,0
chr8,30249401,30249601,1nM,weak,0,0,0
chr8,37063393,37063581,1nM,weak,0,0,0
chr8,37302101,37302325,1nM,weak,0,0,0
chr8,37359705,37359957,1nM,weak,0,0,0
chr8,37550170,37550353,1nM,weak,0,0,0
chr8,37556386,37556579,1nM,weak,0,0,0
chr8,37684510,37684741,1nM,weak,0,0,1
chr8,37853199,37853377,1nM,weak,0,0,0
chr8,38948233,38948437,1nM,weak,0,0,0
chr8,40041637,40042101,1nM,weak,0,0,0
chr8,40066939,40067146,1nM,weak,0,0,0
chr8,40175008,40175198,1nM,weak,0,0,0
chr8,40744292,40744517,1nM,weak,0,0,0
chr8,41367704,41368021,1nM,weak,0,0,0
chr8,41809101,41809279,1nM,weak,0,0,0
chr8,42201655,42201853,1nM,weak,0,0,0
chr8,47218626,47218804,1nM,weak,0,0,0
chr8,51771349,51771576,1nM,weak,0,0,0
chr8,53227530,53227745,1nM,weak,0,0,0
chr8,56007597,56007775,1nM,weak,0,0,0
chr8,56760043,56760281,1nM,weak,0,0,0
chr8,56770824,56771116,1nM,weak,0,0,0
chr8,57799850,57800147,1nM,weak,0,0,0
chr8,58877911,58878104,1nM,weak,0,0,0
chr8,61078115,61078445,1nM,weak,0,0,0
chr8,68877134,68877354,1nM,weak,0,0,0
chr8,73631592,73631776,1nM,weak,0,0,0
chr8,74645536,74645911,1nM,weak,0,1,0
chr8,74757831,74758076,1nM,weak,0,0,0
chr8,76727010,76727228,1nM,weak,0,0,0
chr8,89684997,89685186,1nM,weak,0,0,0
chr8,89802516,89802712,1nM,weak,0,0,0
chr8,93221321,93221549,1nM,weak,0,0,0
chr8,93441197,93441426,1nM,weak,0,0,0
chr8,94037413,94037678,1nM,weak,0,0,0
chr8,97348988,97349228,1nM,weak,0,0,0
chr8,97972854,97973051,1nM,weak,0,0,0
chr8,99348075,99348286,1nM,weak,0,0,0
chr8,100659344,100659584,1nM,weak,0,1,0
chr8,100660417,100660661,1nM,weak,0,0,0
chr8,100695305,100695491,1nM,weak,0,0,0
chr8,101401811,101401999,1nM,weak,0,0,0
chr8,101923418,101923614,1nM,weak,0,0,0
chr8,104124745,104124985,1nM,weak,0,0,0
chr8,107391457,107391693,1nM,weak,0,1,0
chr8,110302605,110302929,1nM,weak,0,0,0
chr8,110542662,110542841,1nM,weak,0,0,0
chr8,110865817,110866113,1nM,weak,0,0,0
chr8,110933751,110933944,1nM,weak,0,0,0
chr8,113253730,113254045,1nM,weak,0,1,0
chr8,116356792,116356978,1nM,weak,0,0,0
chr8,116426271,116426493,1nM,weak,0,0,0
chr8,119644025,119644217,1nM,weak,0,0,0
chr8,119798361,119798589,1nM,weak,0,0,0
chr8,123525266,123525490,1nM,weak,0,0,0
chr8,123559783,123559981,1nM,weak,0,0,0
chr8,123580155,123580435,1nM,weak,0,0,0
chr8,124837065,124837255,1nM,weak,0,0,0
chr8,127342611,127342811,1nM,weak,0,0,0
chr8,129459867,129460047,1nM,weak,0,0,0
chr8,130384031,130384209,1nM,weak,0,0,0
chr8,133073030,133073317,1nM,weak,0,0,0
chr8,133806762,133807039,1nM,weak,0,0,0
chr8,135589700,135589927,1nM,weak,0,0,0
chr8,138961862,138962101,1nM,weak,0,0,0
chr8,139372777,139373014,1nM,weak,0,0,0
chr8,140295932,140296216,1nM,weak,0,0,0
chr8,141685689,141685893,1nM,weak,0,0,0
chr8,142546644,142547037,1nM,weak,0,0,0
chr8,142598051,142598281,1nM,weak,0,0,0
chr8,145058653,145058836,1nM,weak,0,0,0
chr9,2469992,2470260,1nM,weak,0,0,0
chr9,2495569,2495822,1nM,weak,0,0,0
chr9,2700408,2700610,1nM,weak,0,0,0
chr9,4507729,4507907,1nM,weak,0,0,0
chr9,4852747,4852951,1nM,weak,0,0,0
chr9,4929946,4930155,1nM,weak,0,0,0
chr9,7139969,7140251,1nM,weak,0,0,0
chr9,14406682,14406949,1nM,weak,0,0,0
chr9,15219289,15219497,1nM,weak,0,0,0
chr9,16172031,16172209,1nM,weak,0,0,0
chr9,19570736,19571027,1nM,weak,0,0,0
chr9,20431591,20431815,1nM,weak,0,0,0
chr9,25733612,25733817,1nM,weak,0,0,0
chr9,33199905,33200127,1nM,weak,0,0,0
chr9,35193876,35194126,1nM,weak,0,0,0
chr9,38061536,38061727,1nM,weak,0,0,0
chr9,69340293,69340562,1nM,weak,0,0,0
chr9,69942706,69943069,1nM,weak,0,0,0
chr9,71779762,71779994,1nM,weak,0,0,0
chr9,72009806,72010120,1nM,weak,0,0,0
chr9,72026173,72026406,1nM,weak,0,0,0
chr9,76980802,76980986,1nM,weak,0,0,0
chr9,78243190,78243416,1nM,weak,0,0,0
chr9,79266907,79267132,1nM,weak,0,0,0
chr9,79806958,79807138,1nM,weak,0,0,0
chr9,80035711,80035897,1nM,weak,0,0,0
chr9,80059261,80059466,1nM,weak,0,0,0
chr9,81717743,81717950,1nM,weak,0,0,0
chr9,82073737,82073928,1nM,weak,0,0,0
chr9,82531909,82532159,1nM,weak,0,0,0
chr9,84990179,84990385,1nM,weak,0,0,0
chr9,87502390,87502640,1nM,weak,0,0,0
chr9,87827250,87827522,1nM,weak,0,0,0
chr9,90064275,90064520,1nM,weak,0,0,0
chr9,90085789,90086001,1nM,weak,0,0,0
chr9,90156407,90156602,1nM,weak,0,0,0
chr9,90479799,90480035,1nM,weak,0,0,0
chr9,91240890,91241156,1nM,weak,0,0,0
chr9,92752969,92753282,1nM,weak,0,0,0
chr9,95721192,95721421,1nM,weak,0,0,0
chr9,97145728,97145923,1nM,weak,0,0,0
chr9,97571705,97571956,1nM,weak,0,0,0
chr9,98565424,98565602,1nM,weak,0,0,0
chr9,98877289,98877548,1nM,weak,0,0,0
chr9,98882217,98882417,1nM,weak,0,0,0
chr9,99659123,99659390,1nM,weak,0,0,0
chr9,99660544,99660914,1nM,weak,0,0,0
chr9,100266544,100266741,1nM,weak,0,0,0
chr9,105978095,105978327,1nM,weak,0,0,0
chr9,107039023,107039264,1nM,weak,0,0,0
chr9,107805131,107805433,1nM,weak,0,0,1
chr9,108478867,108479284,1nM,weak,0,0,0
chr9,108483820,108484003,1nM,weak,0,0,0
chr9,110153251,110153465,1nM,weak,0,0,0
chr9,112033623,112033804,1nM,weak,0,0,0
chr9,113139524,113139886,1nM,weak,0,0,0
chr9,114529144,114529373,1nM,weak,0,0,0
chr9,122373476,122373702,1nM,weak,0,0,0
chr9,122796985,122797280,1nM,weak,0,0,0
chr9,123054820,123055073,1nM,weak,0,0,0
chr9,123346071,123346290,1nM,weak,0,0,0
chr9,124128636,124128881,1nM,weak,0,0,0
chr9,125561883,125562093,1nM,weak,0,0,0
chr9,127139160,127139343,1nM,weak,0,0,0
chr9,127758903,127759120,1nM,weak,0,0,0
chr9,129558805,129559025,1nM,weak,0,0,0
chr9,130190421,130190611,1nM,weak,0,0,0
chr9,130433738,130433981,1nM,weak,0,0,0
chr9,132134278,132134471,1nM,weak,0,0,0
chr9,133687231,133687416,1nM,weak,0,0,1
chr9,134338317,134338530,1nM,weak,0,0,0
chr9,134395734,134395953,1nM,weak,0,0,0
chr9,135366655,135366884,1nM,weak,0,0,0
chr9,135762639,135762925,1nM,weak,0,1,0
chr9,136021424,136021644,1nM,weak,0,0,0
chr9,136625364,136625601,1nM,weak,0,0,0
chr9,136861040,136861264,1nM,weak,0,0,0
chr9,137000925,137001119,1nM,weak,0,0,0
chrX,2878612,2878877,1nM,weak,0,0,0
chrX,3250719,3250918,1nM,weak,0,0,0
chrX,3376571,3376843,1nM,weak,0,0,0
chrX,8137035,8137220,1nM,weak,0,0,0
chrX,8253910,8254189,1nM,weak,0,0,0
chrX,8388550,8388785,1nM,weak,0,0,0
chrX,10288383,10288592,1nM,weak,0,0,0
chrX,10469892,10470120,1nM,weak,0,0,0
chrX,10596518,10596774,1nM,weak,0,0,0
chrX,10820134,10820401,1nM,weak,0,0,0
chrX,10900661,10900885,1nM,weak,0,0,0
chrX,13076481,13076697,1nM,weak,0,0,0
chrX,16311728,16311975,1nM,weak,0,0,0
chrX,16591510,16591876,1nM,weak,0,0,0
chrX,16640850,16641048,1nM,weak,0,0,0
chrX,17771651,17772146,1nM,weak,0,0,0
chrX,18879959,18880172,1nM,weak,0,0,0
chrX,19097615,19097844,1nM,weak,0,0,0
chrX,19214432,19214777,1nM,weak,0,0,0
chrX,20471479,20471779,1nM,weak,0,0,0
chrX,21604878,21605089,1nM,weak,0,0,0
chrX,23234258,23234473,1nM,weak,0,0,0
chrX,23339488,23339723,1nM,weak,0,0,0
chrX,24057543,24057768,1nM,weak,0,0,0
chrX,24317548,24317824,1nM,weak,0,0,0
chrX,24379658,24379881,1nM,weak,0,0,0
chrX,39000669,39000931,1nM,weak,0,0,0
chrX,39619587,39619864,1nM,weak,0,0,0
chrX,40577463,40577747,1nM,weak,0,0,0
chrX,45295630,45295859,1nM,weak,0,0,0
chrX,53289283,53289508,1nM,weak,0,0,0
chrX,68664953,68665200,1nM,weak,0,0,0
chrX,71630910,71631164,1nM,weak,0,0,0
chrX,72368902,72369119,1nM,weak,0,0,0
chrX,85357916,85358135,1nM,weak,0,0,0
chrX,101451777,101452003,1nM,weak,0,0,0
chrX,116285683,116285861,1nM,weak,0,0,0
chrX,116882147,116882352,1nM,weak,0,0,0
chrX,119094404,119094659,1nM,weak,0,0,0
chrX,119313519,119313744,1nM,weak,0,0,0
chrX,119520327,119520633,1nM,weak,0,0,0
chrX,124157024,124157355,1nM,weak,0,0,0
chrX,129776842,129777057,1nM,weak,0,0,0
chrX,130982902,130983093,1nM,weak,0,0,0
chrX,131443833,131444074,1nM,weak,0,0,0
chrX,132437435,132437680,1nM,weak,0,0,0
chrX,134557659,134557843,1nM,weak,0,0,0
chrX,134633242,134633448,1nM,weak,0,0,0
chrX,134746212,134746487,1nM,weak,0,0,0
chrX,136083552,136083857,1nM,weak,0,0,0
chrX,138944240,138944481,1nM,weak,0,0,0
chrX,140036642,140036841,1nM,weak,0,0,0
chrX,140464777,140464996,1nM,weak,0,0,0
chrX,140741031,140741283,1nM,weak,0,0,0
chrX,150359667,150359899,1nM,weak,0,0,0
chrX,150580795,150580991,1nM,weak,0,0,0
chrX,150807226,150807441,1nM,weak,0,0,0
chr1,1073595,1074136,10nM,strong,0,0,0
chr1,1079461,1079717,10nM,strong,0,0,0
chr1,1433050,1433347,10nM,strong,0,0,0
chr1,1678459,1678642,10nM,strong,0,0,0
chr1,2001770,2002033,10nM,strong,0,0,0
chr1,3213618,3214010,10nM,strong,0,0,0
chr1,6235256,6235467,10nM,strong,0,0,0
chr1,6483179,6483382,10nM,strong,0,0,0
chr1,6622703,6622984,10nM,strong,0,0,0
chr1,6909638,6910353,10nM,strong,0,0,0
chr1,6959461,6959993,10nM,strong,0,0,0
chr1,6960405,6960880,10nM,strong,0,0,0
chr1,7447144,7447382,10nM,strong,0,0,0
chr1,7447797,7448231,10nM,strong,0,0,0
chr1,8194585,8194818,10nM,strong,0,0,0
chr1,8197934,8198340,10nM,strong,0,0,0
chr1,9303084,9303319,10nM,strong,0,0,0
chr1,9345997,9346361,10nM,strong,0,0,0
chr1,9384663,9384985,10nM,strong,0,0,0
chr1,9950424,9950762,10nM,strong,0,0,0
chr1,10516537,10516773,10nM,strong,0,0,0
chr1,10692549,10692835,10nM,strong,0,0,0
chr1,10727788,10728046,10nM,strong,0,0,0
chr1,11374437,11374751,10nM,strong,0,0,0
chr1,12485229,12485971,10nM,strong,0,0,0
chr1,12486325,12486765,10nM,strong,0,0,0
chr1,12549642,12550066,10nM,strong,0,0,0
chr1,12600187,12600756,10nM,strong,0,0,0
chr1,14926044,14926381,10nM,strong,0,0,0
chr1,14977280,14977635,10nM,strong,0,0,0
chr1,15015744,15016323,10nM,strong,0,1,0
chr1,15016846,15017574,10nM,strong,0,1,0
chr1,15021517,15021712,10nM,strong,0,0,0
chr1,15025491,15025993,10nM,strong,0,1,0
chr1,16175922,16176194,10nM,strong,0,0,0
chr1,16212478,16212669,10nM,strong,0,0,0
chr1,16608279,16608889,10nM,strong,0,0,0
chr1,16611942,16612147,10nM,strong,0,0,1
chr1,16614239,16614679,10nM,strong,0,0,0
chr1,17098966,17099219,10nM,strong,0,0,0
chr1,17314769,17315123,10nM,strong,0,0,0
chr1,17520419,17520892,10nM,strong,0,0,0
chr1,17525033,17525457,10nM,strong,0,0,0
chr1,17529428,17530006,10nM,strong,0,1,0
chr1,17561549,17561732,10nM,strong,0,0,0
chr1,18365826,18366503,10nM,strong,0,0,0
chr1,19007548,19007862,10nM,strong,0,0,0
chr1,19425775,19426130,10nM,strong,0,0,0
chr1,19427217,19427584,10nM,strong,0,0,0
chr1,19582182,19582542,10nM,strong,0,0,0
chr1,19596644,19596993,10nM,strong,0,0,0
chr1,20355870,20356140,10nM,strong,0,0,0
chr1,20356843,20357631,10nM,strong,0,0,0
chr1,20358725,20359034,10nM,strong,0,0,0
chr1,21241656,21242035,10nM,strong,0,1,0
chr1,21247156,21247486,10nM,strong,0,0,0
chr1,21251980,21252217,10nM,strong,0,0,0
chr1,21337038,21337261,10nM,strong,0,1,0
chr1,21622191,21622415,10nM,strong,0,0,0
chr1,21625772,21626068,10nM,strong,0,0,0
chr1,21634234,21634743,10nM,strong,0,0,0
chr1,21635650,21635930,10nM,strong,0,0,0
chr1,21638763,21639420,10nM,strong,0,0,0
chr1,22412688,22413243,10nM,strong,0,0,0
chr1,22469452,22469840,10nM,strong,0,1,0
chr1,22472532,22473416,10nM,strong,0,0,0
chr1,23530910,23531208,10nM,strong,0,0,0
chr1,23531805,23532062,10nM,strong,0,0,0
chr1,23957126,23957413,10nM,strong,0,0,0
chr1,24001275,24001699,10nM,strong,0,1,0
chr1,24011643,24011918,10nM,strong,0,0,0
chr1,24018849,24019163,10nM,strong,0,0,0
chr1,24567889,24568509,10nM,strong,0,0,0
chr1,24570410,24570783,10nM,strong,0,0,1
chr1,25568216,25568465,10nM,strong,0,0,0
chr1,25756866,25757517,10nM,strong,0,0,0
chr1,26914112,26914413,10nM,strong,0,0,0
chr1,28520266,28520598,10nM,strong,0,0,0
chr1,29227603,29227929,10nM,strong,0,0,0
chr1,30302743,30303650,10nM,strong,0,0,0
chr1,30345429,30346053,10nM,strong,0,1,0
chr1,31186608,31186900,10nM,strong,0,0,0
chr1,31187059,31187304,10nM,strong,0,0,0
chr1,31368508,31369207,10nM,strong,0,0,0
chr1,31412818,31413141,10nM,strong,0,0,0
chr1,31830343,31831147,10nM,strong,0,0,0
chr1,31842833,31843287,10nM,strong,0,0,0
chr1,31880135,31880536,10nM,strong,0,0,0
chr1,31880898,31881150,10nM,strong,0,0,0
chr1,31938554,31938863,10nM,strong,0,0,0
chr1,32240497,32240764,10nM,strong,0,0,0
chr1,32332832,32333168,10nM,strong,0,0,0
chr1,33660389,33660925,10nM,strong,0,0,0
chr1,34825617,34825962,10nM,strong,0,0,0
chr1,35505975,35506405,10nM,strong,0,0,0
chr1,36204095,36204494,10nM,strong,0,0,0
chr1,37038659,37039042,10nM,strong,0,0,0
chr1,37793305,37793677,10nM,strong,0,0,0
chr1,38418670,38418868,10nM,strong,0,0,0
chr1,39117034,39117264,10nM,strong,0,0,0
chr1,39142806,39143203,10nM,strong,0,0,0
chr1,39178953,39179251,10nM,strong,0,0,0
chr1,39960337,39960572,10nM,strong,0,0,0
chr1,39980652,39980874,10nM,strong,0,0,0
chr1,40094973,40095284,10nM,strong,0,0,0
chr1,40140300,40140551,10nM,strong,0,0,0
chr1,40141062,40141447,10nM,strong,0,0,0
chr1,40899465,40899715,10nM,strong,0,0,0
chr1,40919394,40919740,10nM,strong,0,0,0
chr1,40923685,40923947,10nM,strong,0,0,0
chr1,41500999,41501263,10nM,strong,0,0,0
chr1,41778332,41778743,10nM,strong,0,0,0
chr1,41789411,41790214,10nM,strong,0,0,0
chr1,41860167,41860573,10nM,strong,0,0,0
chr1,41866228,41866678,10nM,strong,0,0,0
chr1,41868169,41868603,10nM,strong,0,0,0
chr1,42165712,42166016,10nM,strong,0,0,0
chr1,42657536,42657906,10nM,strong,0,0,0
chr1,42658053,42658302,10nM,strong,0,0,0
chr1,42973287,42973691,10nM,strong,0,0,0
chr1,42992357,42992799,10nM,strong,0,0,0
chr1,42993605,42993890,10nM,strong,0,0,0
chr1,43069597,43069811,10nM,strong,0,0,0
chr1,43531921,43532104,10nM,strong,0,0,0
chr1,43783772,43784254,10nM,strong,0,1,0
chr1,43830825,43831192,10nM,strong,0,0,0
chr1,43885501,43885684,10nM,strong,0,0,0
chr1,44819469,44819799,10nM,strong,0,1,0
chr1,45304672,45305043,10nM,strong,0,0,0
chr1,45305442,45305649,10nM,strong,0,0,0
chr1,45516779,45517341,10nM,strong,0,1,0
chr1,45519333,45519628,10nM,strong,0,1,0
chr1,45590732,45590928,10nM,strong,0,0,0
chr1,46603500,46603775,10nM,strong,0,0,0
chr1,46757752,46758303,10nM,strong,0,0,0
chr1,47771895,47772256,10nM,strong,0,0,0
chr1,47882612,47882865,10nM,strong,0,0,0
chr1,47894720,47894962,10nM,strong,0,0,0
chr1,49257477,49257667,10nM,strong,0,0,0
chr1,51297485,51297675,10nM,strong,0,1,0
chr1,51306894,51307457,10nM,strong,0,1,0
chr1,51321293,51321788,10nM,strong,0,0,0
chr1,51330424,51330617,10nM,strong,0,0,0
chr1,51541797,51542158,10nM,strong,0,0,1
chr1,51558697,51558916,10nM,strong,0,0,0
chr1,51567494,51568081,10nM,strong,0,0,0
chr1,51578728,51579072,10nM,strong,0,1,0
chr1,53592839,53593172,10nM,strong,0,0,0
chr1,53942466,53942686,10nM,strong,0,0,0
chr1,55694331,55694522,10nM,strong,0,0,0
chr1,56547930,56548131,10nM,strong,0,0,0
chr1,56788228,56788711,10nM,strong,0,0,0
chr1,61215649,61216164,10nM,strong,0,0,0
chr1,61642468,61642661,10nM,strong,0,0,0
chr1,61744310,61744561,10nM,strong,0,0,1
chr1,64983134,64983530,10nM,strong,0,0,0
chr1,65044315,65044759,10nM,strong,0,0,0
chr1,71448575,71449152,10nM,strong,0,1,0
chr1,74485342,74485623,10nM,strong,0,0,0
chr1,74652294,74652973,10nM,strong,0,0,0
chr1,74690142,74690422,10nM,strong,0,0,0
chr1,84759774,84760041,10nM,strong,0,0,0
chr1,85297858,85298182,10nM,strong,0,0,0
chr1,85495554,85495835,10nM,strong,0,0,0
chr1,85550951,85551253,10nM,strong,0,0,0
chr1,85822700,85823080,10nM,strong,0,0,0
chr1,85830545,85830858,10nM,strong,0,0,0
chr1,93779767,93780061,10nM,strong,0,0,0
chr1,93908793,93908998,10nM,strong,0,0,0
chr1,94100980,94101351,10nM,strong,0,0,0
chr1,94117894,94118209,10nM,strong,0,0,0
chr1,94247822,94248046,10nM,strong,0,0,0
chr1,94250358,94250655,10nM,strong,0,0,0
chr1,107756391,107756709,10nM,strong,0,0,0
chr1,107936596,107936950,10nM,strong,0,0,0
chr1,108199185,108199530,10nM,strong,0,0,0
chr1,109096442,109096657,10nM,strong,0,0,0
chr1,109115650,109116009,10nM,strong,0,0,0
chr1,109138000,109138316,10nM,strong,0,0,0
chr1,109151303,109151566,10nM,strong,0,0,0
chr1,109152253,109152511,10nM,strong,0,0,0
chr1,109154564,109154887,10nM,strong,0,0,0
chr1,109199200,109199676,10nM,strong,0,0,0
chr1,109246253,109246549,10nM,strong,0,0,0
chr1,109724280,109724789,10nM,strong,0,1,0
chr1,109725536,109725837,10nM,strong,0,0,0
chr1,109729697,109729990,10nM,strong,0,0,0
chr1,110612495,110612689,10nM,strong,0,0,0
chr1,111513374,111513854,10nM,strong,0,0,0
chr1,113147997,113148208,10nM,strong,0,0,0
chr1,113388205,113388482,10nM,strong,0,0,0
chr1,113388730,113388983,10nM,strong,0,0,0
chr1,113809904,113810188,10nM,strong,0,0,0
chr1,113976601,113976971,10nM,strong,0,0,0
chr1,114000488,114000798,10nM,strong,0,0,0
chr1,114034031,114034404,10nM,strong,0,0,0
chr1,115665413,115665794,10nM,strong,0,0,0
chr1,115713116,115713429,10nM,strong,0,0,0
chr1,116268204,116268471,10nM,strong,0,0,0
chr1,116652640,116653106,10nM,strong,0,0,0
chr1,116858905,116859287,10nM,strong,0,0,0
chr1,116879763,116880023,10nM,strong,0,0,0
chr1,116919897,116920146,10nM,strong,0,0,0
chr1,117268936,117269250,10nM,strong,0,0,0
chr1,117590322,117590506,10nM,strong,0,0,0
chr1,119783439,119783632,10nM,strong,0,0,0
chr1,145708130,145708705,10nM,strong,0,0,1
chr1,145711184,145711503,10nM,strong,0,0,0
chr1,147669258,147670078,10nM,strong,0,0,0
chr1,147716548,147716861,10nM,strong,0,0,0
chr1,148376449,148376868,10nM,strong,0,0,1
chr1,150981728,150982119,10nM,strong,0,0,0
chr1,151004073,151004359,10nM,strong,0,1,0
chr1,151005918,151006207,10nM,strong,0,0,0
chr1,151006644,151006910,10nM,strong,0,0,0
chr1,151007963,151008345,10nM,strong,0,0,0
chr1,151514117,151514475,10nM,strong,0,0,0
chr1,151516446,151516752,10nM,strong,0,1,0
chr1,151969012,151969304,10nM,strong,0,0,0
chr1,151993976,151994412,10nM,strong,0,0,0
chr1,152743126,152743579,10nM,strong,0,0,0
chr1,153510974,153511333,10nM,strong,0,0,0
chr1,153521151,153521361,10nM,strong,0,0,0
chr1,154190589,154190867,10nM,strong,0,0,0
chr1,154193929,154194169,10nM,strong,0,0,0
chr1,154329345,154329602,10nM,strong,0,0,0
chr1,154941531,154941829,10nM,strong,0,0,0
chr1,156616527,156616800,10nM,strong,0,0,0
chr1,157132243,157132459,10nM,strong,0,1,0
chr1,161118933,161119120,10nM,strong,0,0,0
chr1,161566347,161566601,10nM,strong,0,0,0
chr1,161589509,161589747,10nM,strong,0,0,0
chr1,161647734,161648008,10nM,strong,0,0,0
chr1,161671363,161671562,10nM,strong,0,0,0
chr1,162152312,162152532,10nM,strong,0,0,0
chr1,162158707,162158924,10nM,strong,0,0,0
chr1,162159430,162159855,10nM,strong,0,0,0
chr1,162163495,162163765,10nM,strong,0,0,0
chr1,162165561,162166194,10nM,strong,0,0,0
chr1,162168398,162168607,10nM,strong,0,0,0
chr1,162285360,162285588,10nM,strong,0,0,0
chr1,164590755,164591013,10nM,strong,0,1,0
chr1,164598680,164598971,10nM,strong,0,0,0
chr1,164748130,164748913,10nM,strong,0,0,0
chr1,164771746,164771929,10nM,strong,0,0,0
chr1,165162985,165163417,10nM,strong,0,0,0
chr1,168907200,168907460,10nM,strong,0,0,0
chr1,169509381,169509596,10nM,strong,0,0,0
chr1,169529374,169529708,10nM,strong,0,0,0
chr1,171257427,171257815,10nM,strong,0,0,0
chr1,171258574,171258850,10nM,strong,0,0,0
chr1,172530072,172530339,10nM,strong,0,0,0
chr1,175187259,175187453,10nM,strong,0,0,0
chr1,177145227,177145476,10nM,strong,0,0,0
chr1,177440842,177441253,10nM,strong,0,0,0
chr1,177448666,177449138,10nM,strong,0,0,0
chr1,177451131,177451320,10nM,strong,0,0,0
chr1,177476721,177477042,10nM,strong,0,0,0
chr1,177571789,177572065,10nM,strong,0,0,0
chr1,177585636,177585926,10nM,strong,0,0,0
chr1,177620691,177621005,10nM,strong,0,0,0
chr1,178725838,178726115,10nM,strong,0,0,0
chr1,179866630,179866814,10nM,strong,0,1,0
chr1,179883085,179883300,10nM,strong,0,0,0
chr1,180167669,180168247,10nM,strong,0,0,0
chr1,180228489,180228855,10nM,strong,0,0,0
chr1,181126973,181127295,10nM,strong,0,0,0
chr1,181133678,181133884,10nM,strong,0,0,0
chr1,182244412,182244770,10nM,strong,0,0,0
chr1,182315259,182315624,10nM,strong,0,0,0
chr1,182603799,182604028,10nM,strong,0,0,0
chr1,183023818,183024232,10nM,strong,0,0,0
chr1,183262887,183263120,10nM,strong,0,0,0
chr1,183569256,183569442,10nM,strong,0,0,0
chr1,184373208,184373506,10nM,strong,0,0,0
chr1,184482922,184483418,10nM,strong,0,0,0
chr1,184484209,184484470,10nM,strong,0,0,0
chr1,184626639,184627021,10nM,strong,0,0,0
chr1,197485861,197486214,10nM,strong,0,0,0
chr1,200016694,200017258,10nM,strong,0,0,0
chr1,200091152,200091358,10nM,strong,0,0,0
chr1,200302203,200302484,10nM,strong,0,0,0
chr1,201170143,201170388,10nM,strong,0,0,0
chr1,201495425,201495685,10nM,strong,0,0,0
chr1,201598046,201598229,10nM,strong,0,0,0
chr1,202016193,202016455,10nM,strong,0,0,0
chr1,202018717,202018980,10nM,strong,0,0,0
chr1,202023164,202023418,10nM,strong,0,0,0
chr1,202058736,202058949,10nM,strong,0,1,0
chr1,202106369,202106687,10nM,strong,0,0,0
chr1,202108220,202108575,10nM,strong,0,0,0
chr1,202112819,202113201,10nM,strong,0,0,0
chr1,202132054,202132310,10nM,strong,0,0,0
chr1,202132547,202132877,10nM,strong,0,0,0
chr1,202254387,202254623,10nM,strong,0,0,0
chr1,202269664,202270107,10nM,strong,0,0,0
chr1,202334723,202334929,10nM,strong,0,0,0
chr1,202335214,202335802,10nM,strong,0,0,0
chr1,202539644,202539827,10nM,strong,0,0,0
chr1,203086690,203087267,10nM,strong,0,0,0
chr1,203089112,203089880,10nM,strong,0,0,0
chr1,204104157,204104408,10nM,strong,0,0,0
chr1,204148825,204149071,10nM,strong,0,0,0
chr1,204380437,204380871,10nM,strong,0,0,0
chr1,204381157,204381409,10nM,strong,0,0,0
chr1,204763627,204763980,10nM,strong,0,0,0
chr1,205506102,205506374,10nM,strong,0,0,0
chr1,206688870,206689223,10nM,strong,1,0,0
chr1,206841984,206842264,10nM,strong,0,0,0
chr1,206843410,206844153,10nM,strong,0,0,1
chr1,206847532,206847962,10nM,strong,0,0,0
chr1,206895222,206895644,10nM,strong,0,0,0
chr1,206898624,206898922,10nM,strong,0,0,0
chr1,206901246,206901573,10nM,strong,0,0,0
chr1,206903576,206904142,10nM,strong,0,0,0
chr1,206906086,206906327,10nM,strong,0,0,0
chr1,207241536,207241895,10nM,strong,0,0,0
chr1,207316250,207316440,10nM,strong,0,0,0
chr1,207950820,207951248,10nM,strong,0,0,0
chr1,209220010,209220314,10nM,strong,0,0,0
chr1,209546422,209546753,10nM,strong,0,0,0
chr1,210366987,210367234,10nM,strong,0,0,0
chr1,211258864,211259193,10nM,strong,0,0,0
chr1,211521484,211521847,10nM,strong,0,0,0
chr1,211735704,211735942,10nM,strong,0,0,0
chr1,212466926,212467243,10nM,strong,0,0,0
chr1,212467712,212467907,10nM,strong,0,0,0
chr1,212557953,212558288,10nM,strong,0,0,0
chr1,215425159,215425546,10nM,strong,0,0,0
chr1,215481991,215482576,10nM,strong,0,0,0
chr1,215540222,215540609,10nM,strong,0,0,0
chr1,218480807,218481008,10nM,strong,0,0,0
chr1,219884104,219884330,10nM,strong,0,0,0
chr1,223149044,223149483,10nM,strong,0,0,0
chr1,223212525,223212940,10nM,strong,0,0,0
chr1,223319400,223319694,10nM,strong,0,0,0
chr1,223444484,223444868,10nM,strong,0,0,0
chr1,223655007,223655518,10nM,strong,0,0,0
chr1,224204941,224205189,10nM,strong,1,0,0
chr1,227894054,227894335,10nM,strong,0,0,0
chr1,229162241,229162612,10nM,strong,0,0,0
chr1,229165370,229165809,10nM,strong,0,0,0
chr1,229221397,229221742,10nM,strong,0,0,0
chr1,229223410,229223711,10nM,strong,0,0,0
chr1,230057695,230058206,10nM,strong,0,0,0
chr1,232193026,232193373,10nM,strong,0,0,0
chr1,233615338,233615585,10nM,strong,0,0,0
chr1,233636061,233636360,10nM,strong,0,0,0
chr1,233704998,233705618,10nM,strong,0,0,0
chr1,233714911,233715319,10nM,strong,0,0,0
chr1,234724836,234725093,10nM,strong,0,0,0
chr1,234875573,234875843,10nM,strong,0,0,0
chr1,234876196,234876789,10nM,strong,0,0,0
chr1,234960075,234960285,10nM,strong,0,0,0
chr1,234963176,234963521,10nM,strong,0,0,0
chr1,234963633,234963859,10nM,strong,0,0,0
chr1,235068475,235068712,10nM,strong,0,0,0
chr1,235296096,235296335,10nM,strong,0,0,0
chr1,244050175,244050438,10nM,strong,0,0,0
chr1,244239270,244239474,10nM,strong,0,0,0
chr1,247104436,247104645,10nM,strong,0,0,0
chr10,88418,88726,10nM,strong,0,1,0
chr10,90196,90516,10nM,strong,0,0,0
chr10,92525,92810,10nM,strong,0,0,0
chr10,112223,112446,10nM,strong,0,0,0
chr10,126424,127337,10nM,strong,0,0,0
chr10,373507,373755,10nM,strong,0,0,0
chr10,436229,436481,10nM,strong,0,0,0
chr10,517291,517616,10nM,strong,0,0,0
chr10,3468219,3468408,10nM,strong,0,0,0
chr10,3482738,3483079,10nM,strong,0,0,1
chr10,3906344,3906666,10nM,strong,0,0,0
chr10,4127863,4128503,10nM,strong,0,0,0
chr10,4279716,4280078,10nM,strong,0,0,0
chr10,5488217,5488636,10nM,strong,0,1,0
chr10,5496620,5496899,10nM,strong,0,0,0
chr10,5503564,5503830,10nM,strong,0,0,0
chr10,5545031,5545364,10nM,strong,0,0,0
chr10,5546133,5546348,10nM,strong,0,0,0
chr10,5548281,5548491,10nM,strong,0,0,0
chr10,5551577,5551776,10nM,strong,0,0,0
chr10,5656586,5656990,10nM,strong,0,0,0
chr10,5659913,5660632,10nM,strong,0,0,0
chr10,6153321,6153608,10nM,strong,0,1,0
chr10,6154733,6155078,10nM,strong,0,0,0
chr10,6200752,6200961,10nM,strong,0,0,0
chr10,6296725,6297072,10nM,strong,0,0,0
chr10,6297558,6298361,10nM,strong,0,0,0
chr10,8084895,8085167,10nM,strong,0,0,0
chr10,8128288,8128858,10nM,strong,0,0,0
chr10,8725958,8726401,10nM,strong,0,0,0
chr10,8752468,8752836,10nM,strong,0,0,0
chr10,8856906,8857176,10nM,strong,0,0,0
chr10,8951423,8951776,10nM,strong,0,0,0
chr10,9036785,9036977,10nM,strong,0,0,0
chr10,9038170,9038601,10nM,strong,0,0,0
chr10,9187050,9187390,10nM,strong,0,0,0
chr10,9188062,9188882,10nM,strong,0,0,0
chr10,11831577,11831861,10nM,strong,0,0,0
chr10,12605799,12606125,10nM,strong,0,0,0
chr10,12872635,12873040,10nM,strong,0,1,0
chr10,12873155,12873666,10nM,strong,0,1,0
chr10,12881831,12882281,10nM,strong,0,0,0
chr10,14074366,14074706,10nM,strong,0,0,0
chr10,14407567,14407956,10nM,strong,0,0,0
chr10,15461225,15461797,10nM,strong,0,0,1
chr10,17445534,17446195,10nM,strong,0,0,0
chr10,19177794,19178184,10nM,strong,0,0,0
chr10,19232406,19232729,10nM,strong,0,1,0
chr10,22003041,22003224,10nM,strong,0,0,0
chr10,22583683,22584196,10nM,strong,0,0,0
chr10,22633008,22633416,10nM,strong,0,0,0
chr10,22683336,22683626,10nM,strong,0,0,0
chr10,26982142,26982487,10nM,strong,0,0,0
chr10,28495954,28497048,10nM,strong,0,0,0
chr10,28900425,28900611,10nM,strong,0,0,0
chr10,28925367,28925854,10nM,strong,0,0,0
chr10,28939768,28940154,10nM,strong,0,0,0
chr10,29105104,29105305,10nM,strong,0,0,0
chr10,29107927,29108267,10nM,strong,0,0,0
chr10,29124781,29125368,10nM,strong,1,0,0
chr10,29622460,29622774,10nM,strong,0,0,0
chr10,29630232,29630720,10nM,strong,0,0,0
chr10,29812143,29812805,10nM,strong,0,1,0
chr10,31759069,31759373,10nM,strong,0,0,0
chr10,33041995,33042279,10nM,strong,0,0,0
chr10,34427396,34427748,10nM,strong,0,0,0
chr10,43026337,43026808,10nM,strong,0,0,0
chr10,43038024,43038315,10nM,strong,0,0,0
chr10,43044727,43044979,10nM,strong,0,0,0
chr10,43082155,43082431,10nM,strong,0,0,0
chr10,43110712,43111144,10nM,strong,0,0,0
chr10,44173238,44173911,10nM,strong,0,0,0
chr10,44244109,44244298,10nM,strong,0,0,0
chr10,44245042,44245281,10nM,strong,0,0,0
chr10,44259148,44259394,10nM,strong,0,0,0
chr10,44640923,44641310,10nM,strong,0,0,0
chr10,44642083,44642421,10nM,strong,0,0,0
chr10,46033627,46033858,10nM,strong,0,0,0
chr10,46048075,46048436,10nM,strong,0,0,0
chr10,46558696,46558914,10nM,strong,0,0,0
chr10,48287913,48288299,10nM,strong,0,0,0
chr10,48288816,48289113,10nM,strong,0,0,0
chr10,52313337,52313538,10nM,strong,0,0,0
chr10,59323093,59323654,10nM,strong,0,0,0
chr10,60848203,60849068,10nM,strong,0,0,0
chr10,60942914,60943176,10nM,strong,0,0,0
chr10,61409854,61410182,10nM,strong,0,0,0
chr10,63628714,63629007,10nM,strong,0,0,0
chr10,63630549,63631309,10nM,strong,0,0,0
chr10,63711820,63712632,10nM,strong,0,0,0
chr10,67788597,67788882,10nM,strong,0,0,0
chr10,68811552,68811943,10nM,strong,0,1,0
chr10,69213618,69214079,10nM,strong,0,0,0
chr10,69315062,69315477,10nM,strong,0,0,0
chr10,69316187,69316541,10nM,strong,0,0,0
chr10,69319409,69319659,10nM,strong,0,0,0
chr10,69439356,69439692,10nM,strong,0,1,0
chr10,70867104,70867302,10nM,strong,0,1,0
chr10,71512912,71513445,10nM,strong,0,0,0
chr10,72261581,72261781,10nM,strong,0,0,0
chr10,72272605,72272944,10nM,strong,0,0,0
chr10,72331653,72331863,10nM,strong,0,0,0
chr10,73965765,73966095,10nM,strong,0,0,0
chr10,74743358,74743689,10nM,strong,0,0,0
chr10,74821643,74822502,10nM,strong,0,0,0
chr10,74901365,74901755,10nM,strong,0,0,0
chr10,75235801,75236002,10nM,strong,0,0,0
chr10,75245406,75245699,10nM,strong,0,0,0
chr10,75262679,75263031,10nM,strong,0,0,0
chr10,76115352,76115565,10nM,strong,0,0,0
chr10,77287776,77288122,10nM,strong,0,0,0
chr10,77410025,77410474,10nM,strong,0,0,0
chr10,77415290,77415568,10nM,strong,0,0,0
chr10,77416810,77417086,10nM,strong,0,0,0
chr10,77417413,77417706,10nM,strong,0,0,0
chr10,77431242,77431430,10nM,strong,0,0,0
chr10,77480022,77480549,10nM,strong,0,0,0
chr10,77507230,77507790,10nM,strong,0,0,0
chr10,77555033,77555418,10nM,strong,0,0,0
chr10,77606954,77607158,10nM,strong,0,0,0
chr10,77869975,77870311,10nM,strong,0,0,0
chr10,77872270,77872601,10nM,strong,0,0,0
chr10,77887581,77887844,10nM,strong,0,0,0
chr10,77889382,77889750,10nM,strong,0,0,0
chr10,78301925,78302379,10nM,strong,0,0,0
chr10,79128491,79129215,10nM,strong,0,0,0
chr10,79157381,79157640,10nM,strong,0,0,0
chr10,79158482,79158865,10nM,strong,0,0,0
chr10,79162750,79163228,10nM,strong,0,0,0
chr10,79238563,79238786,10nM,strong,0,0,0
chr10,79239540,79239888,10nM,strong,0,0,0
chr10,79240149,79240403,10nM,strong,0,0,0
chr10,80013277,80013831,10nM,strong,0,0,0
chr10,80014647,80015033,10nM,strong,0,1,0
chr10,80205802,80206205,10nM,strong,0,0,0
chr10,80291031,80291332,10nM,strong,0,0,0
chr10,80436479,80436776,10nM,strong,0,0,0
chr10,80964286,80964531,10nM,strong,0,0,0
chr10,80966509,80966959,10nM,strong,0,0,0
chr10,86943392,86943676,10nM,strong,0,0,0
chr10,86968381,86968737,10nM,strong,0,0,0
chr10,87008434,87008709,10nM,strong,0,0,0
chr10,88385575,88385958,10nM,strong,0,0,0
chr10,88951494,88951694,10nM,strong,0,0,0
chr10,90917735,90918075,10nM,strong,0,0,0
chr10,91298721,91298904,10nM,strong,0,0,0
chr10,91556795,91557057,10nM,strong,0,0,0
chr10,91671508,91671845,10nM,strong,0,0,0
chr10,92123112,92123356,10nM,strong,0,0,0
chr10,93071693,93072026,10nM,strong,0,0,0
chr10,93435046,93435577,10nM,strong,0,0,0
chr10,93440614,93440977,10nM,strong,0,0,0
chr10,97337405,97337617,10nM,strong,0,0,0
chr10,97408561,97408886,10nM,strong,0,0,0
chr10,97566398,97566661,10nM,strong,0,0,0
chr10,97571557,97571991,10nM,strong,0,0,0
chr10,98363130,98363421,10nM,strong,0,0,0
chr10,98363806,98364118,10nM,strong,0,0,0
chr10,98366245,98366453,10nM,strong,0,0,0
chr10,100710052,100710454,10nM,strong,0,0,0
chr10,100883249,100883754,10nM,strong,0,0,0
chr10,102208688,102208954,10nM,strong,0,0,0
chr10,102710574,102711074,10nM,strong,0,0,0
chr10,103168448,103168743,10nM,strong,0,0,0
chr10,103890118,103890479,10nM,strong,0,0,0
chr10,103908150,103908344,10nM,strong,0,0,0
chr10,103931262,103931982,10nM,strong,0,0,0
chr10,104254445,104254723,10nM,strong,0,0,0
chr10,104480846,104481205,10nM,strong,0,0,0
chr10,110010456,110010702,10nM,strong,0,0,0
chr10,110789157,110789351,10nM,strong,0,0,0
chr10,110789840,110790213,10nM,strong,0,0,0
chr10,110790766,110791022,10nM,strong,0,0,0
chr10,110791168,110791468,10nM,strong,0,0,0
chr10,110805446,110805716,10nM,strong,0,0,0
chr10,110819515,110819781,10nM,strong,0,0,0
chr10,110822662,110822927,10nM,strong,0,0,0
chr10,110844144,110844367,10nM,strong,0,0,0
chr10,110857624,110857847,10nM,strong,0,0,0
chr10,111107849,111108184,10nM,strong,0,0,0
chr10,112295994,112296561,10nM,strong,0,0,0
chr10,112804410,112804795,10nM,strong,0,0,0
chr10,113678523,113679163,10nM,strong,0,0,0
chr10,113921892,113922391,10nM,strong,0,0,0
chr10,113926121,113926449,10nM,strong,0,1,0
chr10,113927286,113927916,10nM,strong,0,0,0
chr10,113958567,113958931,10nM,strong,0,0,0
chr10,113966932,113967501,10nM,strong,0,0,0
chr10,113982690,113983050,10nM,strong,0,0,0
chr10,113983482,113983737,10nM,strong,0,0,0
chr10,114057054,114057440,10nM,strong,0,0,0
chr10,114178885,114179194,10nM,strong,0,0,0
chr10,114182032,114182260,10nM,strong,0,0,0
chr10,114239019,114239702,10nM,strong,0,0,0
chr10,114349510,114350084,10nM,strong,0,0,0
chr10,114507420,114507690,10nM,strong,0,0,0
chr10,114508051,114508368,10nM,strong,0,0,0
chr10,115664558,115665123,10nM,strong,0,0,0
chr10,116143356,116143659,10nM,strong,0,0,0
chr10,116143761,116144004,10nM,strong,0,0,0
chr10,117005786,117005990,10nM,strong,0,0,0
chr10,119000803,119000986,10nM,strong,0,0,0
chr10,119317519,119317803,10nM,strong,0,0,0
chr10,119542743,119543100,10nM,strong,0,0,0
chr10,119664150,119664469,10nM,strong,0,0,0
chr10,119668008,119668282,10nM,strong,0,0,0
chr10,119689095,119689417,10nM,strong,0,0,0
chr10,120949583,120949808,10nM,strong,0,0,0
chr10,120996734,120996961,10nM,strong,0,0,0
chr10,121500632,121501087,10nM,strong,0,0,0
chr10,121501638,121501952,10nM,strong,0,0,0
chr10,121509659,121509913,10nM,strong,0,1,0
chr10,121510167,121510574,10nM,strong,0,0,0
chr10,121523666,121523950,10nM,strong,0,0,0
chr10,121553803,121554097,10nM,strong,0,0,0
chr10,121554953,121555261,10nM,strong,0,1,0
chr10,123721846,123722296,10nM,strong,0,0,0
chr10,123722883,123723182,10nM,strong,0,0,0
chr10,123743936,123744465,10nM,strong,0,0,0
chr10,123751179,123751785,10nM,strong,0,0,0
chr10,124727363,124727700,10nM,strong,0,0,0
chr10,124893295,124893715,10nM,strong,0,1,0
chr10,125123824,125124145,10nM,strong,0,0,0
chr10,125543655,125544149,10nM,strong,0,0,0
chr10,125624746,125625222,10nM,strong,0,0,0
chr10,125625873,125626242,10nM,strong,0,0,0
chr10,125634216,125634553,10nM,strong,0,0,0
chr10,125690718,125691049,10nM,strong,0,0,0
chr10,125695023,125695488,10nM,strong,0,0,0
chr10,126059460,126060110,10nM,strong,0,0,0
chr10,126175867,126176273,10nM,strong,0,0,0
chr10,126240609,126241090,10nM,strong,0,0,0
chr10,126918278,126918885,10nM,strong,0,0,0
chr10,128540885,128541590,10nM,strong,0,0,0
chr10,129036922,129037269,10nM,strong,0,0,0
chr10,131654858,131655438,10nM,strong,0,0,0
chr10,132163120,132163470,10nM,strong,0,0,0
chr10,132164604,132165009,10nM,strong,0,0,0
chr10,132265660,132266065,10nM,strong,0,0,0
chr10,132452260,132452522,10nM,strong,0,0,0
chr10,132480343,132480526,10nM,strong,0,0,0
chr10,132539364,132539712,10nM,strong,0,0,0
chr10,132556863,132557438,10nM,strong,0,0,0
chr10,132572165,132572438,10nM,strong,0,0,0
chr11,470003,470372,10nM,strong,0,0,0
chr11,1796345,1796988,10nM,strong,0,0,0
chr11,1828550,1828903,10nM,strong,0,0,0
chr11,1829181,1829453,10nM,strong,0,0,0
chr11,1830859,1831203,10nM,strong,0,0,0
chr11,2165266,2165574,10nM,strong,0,0,0
chr11,2169022,2169794,10nM,strong,0,0,0
chr11,2190862,2191169,10nM,strong,0,0,0
chr11,2193243,2193722,10nM,strong,0,0,0
chr11,2483443,2483939,10nM,strong,0,0,0
chr11,9110111,9110346,10nM,strong,0,0,1
chr11,10742755,10743159,10nM,strong,0,0,0
chr11,10743320,10743602,10nM,strong,0,0,0
chr11,12245601,12245921,10nM,strong,0,0,0
chr11,12248514,12248847,10nM,strong,0,0,0
chr11,12249856,12250051,10nM,strong,0,0,0
chr11,14892397,14892603,10nM,strong,0,0,0
chr11,15613262,15613560,10nM,strong,0,0,0
chr11,15615429,15615824,10nM,strong,0,0,0
chr11,15901901,15902121,10nM,strong,0,0,0
chr11,16956688,16957085,10nM,strong,0,0,0
chr11,16986511,16986822,10nM,strong,0,0,0
chr11,16987240,16987448,10nM,strong,0,0,0
chr11,16989372,16989799,10nM,strong,0,0,0
chr11,17405682,17406112,10nM,strong,0,0,0
chr11,17770028,17770407,10nM,strong,0,0,0
chr11,17923815,17924026,10nM,strong,0,0,0
chr11,17924790,17925091,10nM,strong,0,0,0
chr11,17927700,17927989,10nM,strong,0,0,0
chr11,20031753,20032297,10nM,strong,0,0,0
chr11,30521539,30522046,10nM,strong,0,0,0
chr11,30527550,30527903,10nM,strong,0,0,0
chr11,34633649,34633976,10nM,strong,0,0,0
chr11,35295910,35296180,10nM,strong,0,0,0
chr11,35389896,35390234,10nM,strong,0,0,1
chr11,35391015,35391209,10nM,strong,0,0,0
chr11,35553880,35554339,10nM,strong,0,0,0
chr11,44143986,44144279,10nM,strong,0,0,0
chr11,44300815,44301385,10nM,strong,0,0,0
chr11,44950718,44950901,10nM,strong,0,0,0
chr11,45408987,45409327,10nM,strong,0,0,0
chr11,45822109,45822430,10nM,strong,0,0,0
chr11,46338620,46338863,10nM,strong,0,0,0
chr11,46339445,46339674,10nM,strong,0,0,0
chr11,46363598,46364000,10nM,strong,0,0,0
chr11,46616609,46616797,10nM,strong,0,0,0
chr11,60757183,60757555,10nM,strong,0,0,0
chr11,60757667,60757858,10nM,strong,0,0,0
chr11,60880952,60881342,10nM,strong,0,0,0
chr11,62046806,62046996,10nM,strong,0,0,0
chr11,63622478,63622832,10nM,strong,0,0,0
chr11,63869693,63869910,10nM,strong,0,0,0
chr11,63872241,63872538,10nM,strong,0,0,0
chr11,63872903,63873294,10nM,strong,0,0,0
chr11,63874565,63874937,10nM,strong,0,0,0
chr11,64359278,64359588,10nM,strong,0,0,0
chr11,64876852,64877091,10nM,strong,0,0,0
chr11,65379941,65380240,10nM,strong,0,0,0
chr11,65417068,65417355,10nM,strong,0,0,0
chr11,65418404,65418976,10nM,strong,0,0,0
chr11,66124644,66124951,10nM,strong,0,0,0
chr11,67022516,67022846,10nM,strong,0,0,0
chr11,67027682,67028234,10nM,strong,0,0,0
chr11,67028882,67029207,10nM,strong,0,0,0
chr11,67062275,67062478,10nM,strong,0,0,0
chr11,67248670,67248959,10nM,strong,0,0,0
chr11,67683421,67683870,10nM,strong,0,0,1
chr11,68216549,68216864,10nM,strong,0,0,0
chr11,68344100,68344313,10nM,strong,0,1,0
chr11,68817636,68817935,10nM,strong,0,0,0
chr11,68818238,68818550,10nM,strong,0,0,0
chr11,68819457,68819947,10nM,strong,0,0,0
chr11,68946655,68946980,10nM,strong,0,0,0
chr11,68973290,68973646,10nM,strong,0,0,0
chr11,69122793,69123049,10nM,strong,0,0,0
chr11,69301794,69302059,10nM,strong,0,0,0
chr11,69515271,69515869,10nM,strong,0,0,0
chr11,69517731,69517958,10nM,strong,0,0,0
chr11,69533991,69534451,10nM,strong,0,0,0
chr11,69541708,69542029,10nM,strong,0,0,0
chr11,69653985,69654210,10nM,strong,0,0,0
chr11,69654433,69654743,10nM,strong,0,0,0
chr11,69654994,69655184,10nM,strong,0,0,0
chr11,69697209,69697586,10nM,strong,0,0,0
chr11,69888559,69888790,10nM,strong,0,0,0
chr11,69891389,69892301,10nM,strong,0,0,0
chr11,69893086,69893411,10nM,strong,0,0,0
chr11,69894432,69894823,10nM,strong,0,0,0
chr11,69914684,69915022,10nM,strong,0,0,0
chr11,70106123,70106779,10nM,strong,0,0,0
chr11,70116630,70116970,10nM,strong,0,0,0
chr11,70203499,70203738,10nM,strong,0,0,0
chr11,70497119,70497320,10nM,strong,0,0,0
chr11,70760268,70760629,10nM,strong,0,0,0
chr11,70805822,70806202,10nM,strong,0,0,0
chr11,71207626,71207854,10nM,strong,0,0,0
chr11,71251799,71252205,10nM,strong,0,0,0
chr11,71448928,71449322,10nM,strong,0,0,0
chr11,71477600,71477823,10nM,strong,0,0,0
chr11,71481359,71481841,10nM,strong,0,0,0
chr11,72041620,72041862,10nM,strong,0,0,0
chr11,72782741,72782999,10nM,strong,0,0,0
chr11,72786363,72786829,10nM,strong,0,0,1
chr11,73192319,73192737,10nM,strong,0,0,0
chr11,73193813,73194238,10nM,strong,0,0,0
chr11,73194552,73194988,10nM,strong,0,0,0
chr11,73200253,73200614,10nM,strong,0,0,0
chr11,73227721,73228501,10nM,strong,0,0,0
chr11,74069187,74069374,10nM,strong,0,0,0
chr11,74417384,74417760,10nM,strong,0,0,0
chr11,75036016,75036367,10nM,strong,0,0,0
chr11,75333741,75334165,10nM,strong,0,1,0
chr11,75343044,75343227,10nM,strong,0,0,0
chr11,75351092,75351510,10nM,strong,0,0,0
chr11,75366916,75367145,10nM,strong,0,0,0
chr11,75791986,75792418,10nM,strong,0,0,0
chr11,76769780,76769987,10nM,strong,0,0,0
chr11,76772508,76773063,10nM,strong,0,0,0
chr11,76773834,76774138,10nM,strong,0,0,0
chr11,77192086,77192271,10nM,strong,0,0,0
chr11,77407739,77408023,10nM,strong,0,0,0
chr11,78145735,78146029,10nM,strong,1,0,0
chr11,78150698,78151082,10nM,strong,0,0,1
chr11,78156015,78156729,10nM,strong,0,0,0
chr11,78259783,78260536,10nM,strong,0,1,0
chr11,78268205,78268590,10nM,strong,0,0,0
chr11,78311876,78312297,10nM,strong,0,0,0
chr11,78386617,78386841,10nM,strong,0,0,0
chr11,78396534,78396950,10nM,strong,0,1,0
chr11,78420988,78421249,10nM,strong,0,0,0
chr11,79059719,79060614,10nM,strong,0,0,0
chr11,79353663,79354191,10nM,strong,0,0,0
chr11,83004095,83004722,10nM,strong,0,0,0
chr11,83013354,83013650,10nM,strong,0,1,0
chr11,83362053,83362369,10nM,strong,0,0,0
chr11,83410701,83411109,10nM,strong,0,0,0
chr11,84687494,84687809,10nM,strong,0,0,0
chr11,84688517,84688791,10nM,strong,0,0,0
chr11,85137709,85137920,10nM,strong,0,0,0
chr11,86497054,86497425,10nM,strong,0,1,0
chr11,86499714,86500221,10nM,strong,0,0,0
chr11,86670285,86670490,10nM,strong,0,0,0
chr11,86671257,86672011,10nM,strong,0,0,0
chr11,86674051,86674369,10nM,strong,0,0,0
chr11,86706126,86706596,10nM,strong,0,0,0
chr11,86776226,86776626,10nM,strong,0,0,0
chr11,86790310,86790701,10nM,strong,0,0,0
chr11,86791579,86791840,10nM,strong,0,0,0
chr11,94544147,94544425,10nM,strong,0,0,0
chr11,94830876,94831201,10nM,strong,0,0,0
chr11,94831589,94831817,10nM,strong,0,0,0
chr11,94832695,94832981,10nM,strong,0,0,0
chr11,94845605,94845891,10nM,strong,0,0,0
chr11,100632956,100633230,10nM,strong,0,0,0
chr11,101034045,101034527,10nM,strong,0,0,0
chr11,101299182,101299998,10nM,strong,0,0,0
chr11,101300451,101300851,10nM,strong,0,0,0
chr11,101336064,101336582,10nM,strong,0,0,0
chr11,101336854,101337239,10nM,strong,0,0,0
chr11,101436487,101436932,10nM,strong,0,0,0
chr11,101438099,101438532,10nM,strong,0,0,0
chr11,101440146,101440331,10nM,strong,0,0,0
chr11,101441695,101442130,10nM,strong,0,0,0
chr11,101443714,101444070,10nM,strong,0,0,0
chr11,101686739,101687051,10nM,strong,0,0,0
chr11,101775218,101775488,10nM,strong,0,0,0
chr11,111327963,111328217,10nM,strong,0,0,0
chr11,111334624,111335000,10nM,strong,0,0,0
chr11,112293021,112293423,10nM,strong,0,0,0
chr11,113781787,113782131,10nM,strong,0,0,0
chr11,116808354,116808629,10nM,strong,0,0,0
chr11,116832315,116832888,10nM,strong,0,0,0
chr11,116836180,116836536,10nM,strong,0,0,0
chr11,117071312,117071608,10nM,strong,0,0,0
chr11,117183793,117184226,10nM,strong,0,0,0
chr11,117185184,117185501,10nM,strong,1,0,0
chr11,117303080,117303448,10nM,strong,0,0,0
chr11,117498668,117498997,10nM,strong,0,0,0
chr11,117929305,117929502,10nM,strong,0,0,0
chr11,118057305,118057508,10nM,strong,0,0,0
chr11,118057815,118058305,10nM,strong,0,0,0
chr11,118544695,118544943,10nM,strong,0,0,0
chr11,118545608,118545912,10nM,strong,0,0,0
chr11,118620737,118621022,10nM,strong,0,0,0
chr11,119681398,119681637,10nM,strong,0,0,0
chr11,119909849,119910374,10nM,strong,0,0,0
chr11,120301920,120302188,10nM,strong,0,0,0
chr11,120637176,120637463,10nM,strong,0,0,0
chr11,120952519,120952837,10nM,strong,0,0,0
chr11,120985904,120986147,10nM,strong,0,0,0
chr11,121326170,121326460,10nM,strong,0,0,0
chr11,123072358,123072541,10nM,strong,0,1,0
chr11,123096377,123096779,10nM,strong,0,1,0
chr11,123097766,123098046,10nM,strong,0,0,0
chr11,123145257,123145447,10nM,strong,0,0,0
chr11,126083124,126083451,10nM,strong,0,0,0
chr11,126365527,126365719,10nM,strong,0,0,0
chr11,129319317,129319502,10nM,strong,0,0,0
chr11,129324590,129324937,10nM,strong,0,0,0
chr11,129694367,129694906,10nM,strong,0,0,0
chr11,129695920,129696295,10nM,strong,0,0,0
chr11,130653876,130654082,10nM,strong,0,0,0
chr11,131692131,131692628,10nM,strong,0,0,0
chr11,131696542,131697236,10nM,strong,0,0,0
chr11,131700332,131700743,10nM,strong,0,0,0
chr11,131897278,131897666,10nM,strong,0,0,0
chr11,131897952,131898242,10nM,strong,0,0,0
chr11,131900301,131900585,10nM,strong,0,0,0
chr11,133215548,133215862,10nM,strong,0,0,0
chr11,134258625,134258994,10nM,strong,0,0,0
chr11,134398749,134399024,10nM,strong,0,0,0
chr11,134542497,134542791,10nM,strong,0,0,0
chr11,134638428,134638616,10nM,strong,0,0,0
chr11,134639333,134639665,10nM,strong,0,0,0
chr11,134640029,134640436,10nM,strong,0,0,0
chr12,105459,105799,10nM,strong,0,0,0
chr12,458890,459215,10nM,strong,0,0,1
chr12,513438,513818,10nM,strong,0,0,1
chr12,524125,524661,10nM,strong,0,0,0
chr12,1629092,1629369,10nM,strong,0,0,0
chr12,1767867,1768323,10nM,strong,0,0,0
chr12,1830416,1830772,10nM,strong,0,0,0
chr12,1830937,1831163,10nM,strong,0,0,0
chr12,1836759,1837150,10nM,strong,0,0,0
chr12,1841540,1841887,10nM,strong,0,0,0
chr12,1932223,1932569,10nM,strong,0,0,0
chr12,1933722,1934159,10nM,strong,0,0,0
chr12,1934869,1935146,10nM,strong,0,0,0
chr12,2625339,2625574,10nM,strong,0,0,0
chr12,2795902,2796218,10nM,strong,0,0,0
chr12,3315330,3315567,10nM,strong,0,0,0
chr12,3349835,3350219,10nM,strong,0,0,0
chr12,3514041,3514728,10nM,strong,0,0,0
chr12,3747752,3748007,10nM,strong,0,0,0
chr12,4011697,4012004,10nM,strong,0,0,0
chr12,5634989,5635518,10nM,strong,0,0,0
chr12,6065255,6065686,10nM,strong,0,0,0
chr12,6088850,6089210,10nM,strong,0,0,0
chr12,6235502,6235706,10nM,strong,0,0,0
chr12,6237534,6237938,10nM,strong,0,0,0
chr12,6263244,6263532,10nM,strong,0,1,0
chr12,6264753,6265136,10nM,strong,0,0,0
chr12,6278512,6278882,10nM,strong,0,0,0
chr12,6363890,6364272,10nM,strong,0,0,0
chr12,6533661,6533869,10nM,strong,0,0,0
chr12,11661998,11662332,10nM,strong,0,0,0
chr12,11753349,11753616,10nM,strong,0,0,0
chr12,11754331,11754637,10nM,strong,0,0,0
chr12,12267055,12267245,10nM,strong,0,0,0
chr12,12356837,12357041,10nM,strong,0,0,0
chr12,12433414,12433603,10nM,strong,0,0,0
chr12,12586993,12587344,10nM,strong,0,0,0
chr12,12872262,12872699,10nM,strong,0,0,0
chr12,13041235,13041579,10nM,strong,0,0,0
chr12,13045535,13045733,10nM,strong,0,0,0
chr12,13047079,13047464,10nM,strong,0,0,0
chr12,13050079,13050610,10nM,strong,0,0,0
chr12,13051534,13051742,10nM,strong,0,0,0
chr12,14886398,14886621,10nM,strong,0,0,0
chr12,15216382,15216891,10nM,strong,0,0,0
chr12,15243131,15243497,10nM,strong,0,0,0
chr12,15243604,15243904,10nM,strong,0,0,0
chr12,15274592,15274852,10nM,strong,0,0,0
chr12,18343769,18344090,10nM,strong,0,0,0
chr12,23225783,23226371,10nM,strong,0,0,0
chr12,23235105,23235760,10nM,strong,0,0,0
chr12,26101416,26101822,10nM,strong,0,0,0
chr12,26102036,26102558,10nM,strong,0,0,0
chr12,27623521,27624251,10nM,strong,0,0,1
chr12,31240990,31241227,10nM,strong,0,0,0
chr12,31459941,31460376,10nM,strong,0,0,0
chr12,31749258,31749644,10nM,strong,0,0,0
chr12,31760050,31760478,10nM,strong,0,1,0
chr12,31773434,31773810,10nM,strong,0,0,0
chr12,39443162,39443538,10nM,strong,0,0,0
chr12,42012384,42012575,10nM,strong,0,0,0
chr12,43796020,43796212,10nM,strong,0,0,0
chr12,45987677,45987976,10nM,strong,0,0,0
chr12,46201400,46201937,10nM,strong,0,0,1
chr12,46209225,46209611,10nM,strong,0,0,0
chr12,46219400,46219684,10nM,strong,0,0,0
chr12,46259159,46259391,10nM,strong,0,0,0
chr12,46456295,46456662,10nM,strong,0,0,0
chr12,46493730,46494122,10nM,strong,0,0,0
chr12,46508744,46509043,10nM,strong,0,0,0
chr12,47188826,47189136,10nM,strong,0,0,0
chr12,47946597,47946932,10nM,strong,0,0,0
chr12,48013300,48013523,10nM,strong,0,0,1
chr12,48021903,48022306,10nM,strong,0,0,0
chr12,48023607,48023833,10nM,strong,0,0,0
chr12,48024026,48024335,10nM,strong,0,1,0
chr12,48025972,48026178,10nM,strong,0,0,0
chr12,49187902,49188271,10nM,strong,0,0,0
chr12,49276403,49276720,10nM,strong,0,0,0
chr12,49804027,49804341,10nM,strong,0,0,0
chr12,50402623,50402832,10nM,strong,0,0,0
chr12,50765557,50765816,10nM,strong,0,0,0
chr12,51025788,51026184,10nM,strong,0,0,0
chr12,51823829,51824135,10nM,strong,0,0,0
chr12,51824292,51824682,10nM,strong,0,0,0
chr12,52086589,52086848,10nM,strong,0,0,0
chr12,52116235,52116514,10nM,strong,0,0,0
chr12,52119441,52119634,10nM,strong,0,0,0
chr12,52126581,52126874,10nM,strong,0,0,0
chr12,52147439,52147693,10nM,strong,0,0,0
chr12,52148684,52149437,10nM,strong,0,0,0
chr12,52203320,52203941,10nM,strong,0,0,0
chr12,52277784,52278047,10nM,strong,0,0,0
chr12,52344783,52345173,10nM,strong,0,0,0
chr12,52617366,52617728,10nM,strong,0,0,0
chr12,52895168,52895554,10nM,strong,0,0,0
chr12,52906642,52906896,10nM,strong,0,0,0
chr12,52966415,52966681,10nM,strong,0,0,1
chr12,52969855,52970289,10nM,strong,0,0,0
chr12,52971386,52971600,10nM,strong,0,0,0
chr12,52971871,52972378,10nM,strong,0,1,0
chr12,52972488,52972855,10nM,strong,0,1,1
chr12,53004236,53004530,10nM,strong,0,0,0
chr12,53825316,53825666,10nM,strong,0,0,0
chr12,53827271,53827675,10nM,strong,0,0,0
chr12,53977079,53977277,10nM,strong,0,0,0
chr12,53977903,53978335,10nM,strong,0,0,0
chr12,53983271,53983704,10nM,strong,0,0,0
chr12,53990287,53990650,10nM,strong,0,0,0
chr12,54038198,54038436,10nM,strong,0,0,0
chr12,54387677,54387925,10nM,strong,0,0,0
chr12,54892224,54892433,10nM,strong,0,0,0
chr12,54933522,54933737,10nM,strong,0,0,0
chr12,57088604,57088951,10nM,strong,0,0,0
chr12,57522182,57522522,10nM,strong,0,0,0
chr12,57917730,57917956,10nM,strong,0,0,0
chr12,57918114,57918436,10nM,strong,0,0,0
chr12,63086571,63086959,10nM,strong,0,0,0
chr12,64018008,64018277,10nM,strong,0,1,0
chr12,64018964,64019572,10nM,strong,0,0,0
chr12,64080336,64080521,10nM,strong,0,0,0
chr12,64081249,64081592,10nM,strong,0,0,0
chr12,64600304,64600534,10nM,strong,0,0,0
chr12,64600788,64601083,10nM,strong,0,0,1
chr12,64608302,64608501,10nM,strong,0,1,0
chr12,64611045,64611378,10nM,strong,0,0,0
chr12,64625410,64625655,10nM,strong,0,0,0
chr12,67275734,67275987,10nM,strong,0,0,0
chr12,67483753,67484251,10nM,strong,0,0,0
chr12,67545128,67545626,10nM,strong,0,0,0
chr12,68792834,68793026,10nM,strong,0,0,0
chr12,68793150,68793565,10nM,strong,0,0,0
chr12,68794375,68794664,10nM,strong,0,0,0
chr12,68804314,68804602,10nM,strong,0,0,0
chr12,69439743,69440513,10nM,strong,0,0,0
chr12,74871702,74872295,10nM,strong,0,0,0
chr12,74873187,74873487,10nM,strong,0,0,0
chr12,75706127,75706753,10nM,strong,0,0,0
chr12,75711252,75711477,10nM,strong,0,0,0
chr12,75712330,75712582,10nM,strong,0,0,0
chr12,76879632,76879952,10nM,strong,0,0,0
chr12,78101232,78101530,10nM,strong,0,0,0
chr12,79022824,79023461,10nM,strong,0,0,0
chr12,80477649,80477832,10nM,strong,0,0,0
chr12,80838071,80838323,10nM,strong,0,0,0
chr12,87440154,87440487,10nM,strong,0,0,0
chr12,88481119,88481330,10nM,strong,0,0,0
chr12,88684289,88685119,10nM,strong,0,0,0
chr12,89117627,89117810,10nM,strong,0,0,0
chr12,89422445,89422732,10nM,strong,0,0,0
chr12,89424904,89425376,10nM,strong,0,0,0
chr12,89463440,89463643,10nM,strong,0,0,0
chr12,89464423,89464675,10nM,strong,0,1,0
chr12,89464828,89465328,10nM,strong,0,0,0
chr12,89708074,89708299,10nM,strong,0,0,0
chr12,93374467,93374650,10nM,strong,0,0,0
chr12,93697817,93698291,10nM,strong,0,0,0
chr12,97500469,97500968,10nM,strong,0,0,0
chr12,97556410,97556620,10nM,strong,0,0,0
chr12,97567750,97568307,10nM,strong,0,0,0
chr12,97568677,97569116,10nM,strong,0,0,0
chr12,97572338,97572669,10nM,strong,0,0,0
chr12,97701928,97702220,10nM,strong,0,0,0
chr12,100952393,100953032,10nM,strong,0,0,0
chr12,101608451,101608672,10nM,strong,0,0,0
chr12,101696837,101697073,10nM,strong,0,0,0
chr12,101697193,101697877,10nM,strong,0,0,0
chr12,101698518,101698890,10nM,strong,0,0,0
chr12,101714017,101714241,10nM,strong,0,0,0
chr12,102563994,102564293,10nM,strong,0,0,0
chr12,103524393,103524944,10nM,strong,0,0,0
chr12,104656316,104656666,10nM,strong,0,0,0
chr12,106277021,106277366,10nM,strong,0,0,0
chr12,106277581,106277811,10nM,strong,0,0,0
chr12,106279205,106279726,10nM,strong,0,0,0
chr12,106987848,106988166,10nM,strong,0,0,0
chr12,109875491,109875731,10nM,strong,0,0,0
chr12,111403027,111403250,10nM,strong,0,0,0
chr12,112926427,112926825,10nM,strong,0,0,0
chr12,113221885,113222102,10nM,strong,0,0,0
chr12,115649325,115649508,10nM,strong,0,0,0
chr12,115650062,115650413,10nM,strong,0,0,0
chr12,115869034,115869428,10nM,strong,0,0,0
chr12,115870089,115870597,10nM,strong,0,0,0
chr12,115872125,115872559,10nM,strong,0,0,0
chr12,115956765,115957052,10nM,strong,0,0,0
chr12,116385840,116386257,10nM,strong,0,0,0
chr12,116390326,116390951,10nM,strong,0,0,0
chr12,116494208,116494564,10nM,strong,0,0,0
chr12,116495292,116495637,10nM,strong,0,0,0
chr12,116916298,116916534,10nM,strong,0,0,0
chr12,118370970,118371208,10nM,strong,0,0,0
chr12,119171151,119171602,10nM,strong,0,0,0
chr12,119172540,119172787,10nM,strong,0,0,0
chr12,119173147,119173505,10nM,strong,0,0,0
chr12,119178509,119178728,10nM,strong,0,0,0
chr12,119179741,119179972,10nM,strong,0,0,0
chr12,119479384,119479677,10nM,strong,0,0,0
chr12,121131798,121132422,10nM,strong,0,0,0
chr12,121171307,121171658,10nM,strong,0,1,0
chr12,121175929,121176307,10nM,strong,0,0,0
chr12,121202897,121203296,10nM,strong,0,0,0
chr12,121581469,121581714,10nM,strong,0,0,0
chr12,121748731,121749222,10nM,strong,0,0,0
chr12,122098079,122098616,10nM,strong,0,0,0
chr12,122803580,122804524,10nM,strong,0,1,1
chr12,122864535,122864772,10nM,strong,0,0,0
chr12,123062872,123063264,10nM,strong,0,0,0
chr12,123069690,123070262,10nM,strong,0,0,0
chr12,123445768,123446068,10nM,strong,0,1,0
chr12,124360379,124360562,10nM,strong,0,0,0
chr12,124393001,124393367,10nM,strong,0,0,0
chr12,124394205,124394488,10nM,strong,0,0,0
chr12,124518923,124519195,10nM,strong,0,0,0
chr12,124730616,124731163,10nM,strong,0,1,0
chr12,124742087,124742396,10nM,strong,0,0,0
chr12,124745786,124746185,10nM,strong,0,0,0
chr12,124838294,124838522,10nM,strong,0,0,0
chr12,124993891,124994226,10nM,strong,0,0,0
chr12,125049390,125049662,10nM,strong,0,0,0
chr12,131860740,131861204,10nM,strong,0,0,0
chr12,132622327,132622673,10nM,strong,0,0,0
chr13,20021498,20021752,10nM,strong,0,0,0
chr13,20505627,20505977,10nM,strong,0,0,0
chr13,22979070,22979388,10nM,strong,0,0,0
chr13,23488487,23488924,10nM,strong,0,0,0
chr13,23629566,23629888,10nM,strong,0,0,0
chr13,24148862,24149161,10nM,strong,0,0,0
chr13,24149648,24149928,10nM,strong,0,0,0
chr13,25652843,25653151,10nM,strong,0,0,0
chr13,25659091,25659623,10nM,strong,0,0,0
chr13,26983109,26983324,10nM,strong,0,0,0
chr13,27379847,27380126,10nM,strong,0,0,0
chr13,27425286,27425570,10nM,strong,0,0,0
chr13,28035136,28035414,10nM,strong,0,0,0
chr13,28442988,28443268,10nM,strong,0,0,0
chr13,28564240,28564519,10nM,strong,0,0,0
chr13,28568474,28568707,10nM,strong,0,0,0
chr13,29480219,29480476,10nM,strong,0,0,0
chr13,29483124,29483491,10nM,strong,0,0,0
chr13,29908877,29909299,10nM,strong,0,0,0
chr13,29918777,29919086,10nM,strong,0,0,0
chr13,29920119,29920473,10nM,strong,0,0,0
chr13,30108605,30108885,10nM,strong,0,0,0
chr13,30616866,30617090,10nM,strong,0,0,0
chr13,30742981,30743281,10nM,strong,0,0,0
chr13,30743553,30743927,10nM,strong,0,0,0
chr13,30832972,30833420,10nM,strong,0,0,0
chr13,32068254,32068588,10nM,strong,0,0,0
chr13,33090787,33091023,10nM,strong,0,0,0
chr13,33092340,33092528,10nM,strong,0,0,0
chr13,33116528,33116746,10nM,strong,0,0,0
chr13,33119948,33120279,10nM,strong,0,0,0
chr13,33345594,33346075,10nM,strong,0,0,0
chr13,33642697,33643097,10nM,strong,0,0,0
chr13,33648744,33649214,10nM,strong,0,1,0
chr13,33649535,33649816,10nM,strong,0,0,0
chr13,34749144,34749357,10nM,strong,0,0,0
chr13,35714508,35714749,10nM,strong,0,0,0
chr13,36130804,36131101,10nM,strong,0,0,0
chr13,36629642,36629962,10nM,strong,0,0,0
chr13,38636861,38637123,10nM,strong,0,0,0
chr13,38684434,38685212,10nM,strong,0,0,0
chr13,38686039,38686309,10nM,strong,0,0,0
chr13,39803296,39803583,10nM,strong,0,0,0
chr13,40665371,40665743,10nM,strong,0,0,0
chr13,40895670,40896110,10nM,strong,0,0,0
chr13,40975192,40975387,10nM,strong,0,0,0
chr13,40993791,40994205,10nM,strong,0,0,0
chr13,41016361,41016740,10nM,strong,0,1,0
chr13,41017090,41017532,10nM,strong,0,0,0
chr13,41025499,41025686,10nM,strong,0,0,0
chr13,41101863,41102243,10nM,strong,0,0,0
chr13,44268949,44269293,10nM,strong,0,0,0
chr13,44311072,44311455,10nM,strong,0,0,0
chr13,45368477,45368811,10nM,strong,0,0,0
chr13,46120182,46120753,10nM,strong,0,0,0
chr13,46121835,46122141,10nM,strong,0,0,0
chr13,46135218,46135493,10nM,strong,0,0,0
chr13,46143221,46143514,10nM,strong,0,0,0
chr13,46546426,46546629,10nM,strong,0,0,0
chr13,48001355,48001621,10nM,strong,0,0,0
chr13,49775360,49775717,10nM,strong,0,0,0
chr13,51907190,51907470,10nM,strong,0,0,0
chr13,51919593,51919908,10nM,strong,0,0,0
chr13,98293132,98293908,10nM,strong,0,0,0
chr13,98297817,98298243,10nM,strong,0,0,0
chr13,98300923,98301285,10nM,strong,0,0,0
chr13,98416436,98416712,10nM,strong,0,0,0
chr13,98419945,98420314,10nM,strong,0,0,0
chr13,98484902,98485085,10nM,strong,0,0,0
chr13,98650281,98650663,10nM,strong,0,0,0
chr13,106753301,106753626,10nM,strong,0,0,0
chr13,106860841,106861542,10nM,strong,0,1,0
chr13,106861875,106862174,10nM,strong,0,0,0
chr13,108919214,108919736,10nM,strong,0,0,0
chr13,109509608,109509843,10nM,strong,0,0,0
chr13,112968717,112969176,10nM,strong,0,0,0
chr13,113013489,113013713,10nM,strong,0,0,0
chr13,113325645,113325973,10nM,strong,0,0,0
chr13,113427935,113428210,10nM,strong,0,1,0
chr13,113863804,113864103,10nM,strong,0,0,0
chr13,113928592,113929019,10nM,strong,0,0,0
chr14,20633160,20633353,10nM,strong,0,0,0
chr14,22766709,22767094,10nM,strong,0,0,0
chr14,22886753,22887061,10nM,strong,0,0,0
chr14,23072135,23072479,10nM,strong,0,0,0
chr14,23640538,23641172,10nM,strong,0,0,0
chr14,23664665,23664890,10nM,strong,0,0,0
chr14,23665379,23665768,10nM,strong,0,0,0
chr14,31090340,31090657,10nM,strong,0,0,0
chr14,32509699,32510000,10nM,strong,0,0,0
chr14,33780946,33781967,10nM,strong,0,0,0
chr14,35334236,35334516,10nM,strong,0,0,0
chr14,35340836,35341134,10nM,strong,0,0,0
chr14,35403876,35404109,10nM,strong,0,0,0
chr14,36634325,36634688,10nM,strong,0,0,0
chr14,36656227,36656576,10nM,strong,0,0,0
chr14,36701016,36701463,10nM,strong,0,0,0
chr14,36856103,36856526,10nM,strong,0,0,0
chr14,37012732,37013040,10nM,strong,0,0,0
chr14,37013196,37013404,10nM,strong,0,0,0
chr14,37590433,37590632,10nM,strong,0,0,0
chr14,37650495,37651038,10nM,strong,0,0,0
chr14,43898230,43898504,10nM,strong,0,0,0
chr14,43901961,43902213,10nM,strong,0,0,0
chr14,44449673,44450023,10nM,strong,0,0,0
chr14,45891435,45891730,10nM,strong,0,0,0
chr14,45892534,45892923,10nM,strong,0,0,0
chr14,49999498,49999725,10nM,strong,0,0,0
chr14,50003768,50004083,10nM,strong,0,0,0
chr14,50004659,50004905,10nM,strong,0,0,1
chr14,50018354,50018731,10nM,strong,0,0,0
chr14,50040121,50040322,10nM,strong,0,0,0
chr14,50333180,50333405,10nM,strong,0,0,0
chr14,53103855,53104279,10nM,strong,0,0,1
chr14,53152158,53152382,10nM,strong,0,0,0
chr14,53231241,53231629,10nM,strong,0,0,0
chr14,53943496,53943879,10nM,strong,0,0,0
chr14,54651014,54651210,10nM,strong,0,0,0
chr14,55103318,55103706,10nM,strong,0,0,0
chr14,55271818,55272095,10nM,strong,0,0,0
chr14,55740379,55741165,10nM,strong,0,0,0
chr14,58171154,58171337,10nM,strong,0,0,0
chr14,58246949,58247176,10nM,strong,0,0,0
chr14,58299489,58299735,10nM,strong,0,0,0
chr14,59185010,59185300,10nM,strong,0,0,0
chr14,59361197,59361679,10nM,strong,0,0,0
chr14,60862411,60862633,10nM,strong,0,0,0
chr14,61485140,61485496,10nM,strong,0,0,0
chr14,61514127,61514492,10nM,strong,0,0,0
chr14,61515377,61515654,10nM,strong,0,0,0
chr14,61553748,61554112,10nM,strong,0,1,0
chr14,61559234,61559635,10nM,strong,0,0,1
chr14,61714045,61714393,10nM,strong,0,0,0
chr14,63547784,63548340,10nM,strong,0,1,0
chr14,63659862,63660071,10nM,strong,0,0,0
chr14,63677899,63678191,10nM,strong,0,1,0
chr14,64216004,64216256,10nM,strong,0,0,0
chr14,64234938,64235353,10nM,strong,0,0,0
chr14,64539240,64539442,10nM,strong,0,0,0
chr14,64961159,64961443,10nM,strong,0,0,0
chr14,65118079,65118831,10nM,strong,0,0,0
chr14,65256168,65256494,10nM,strong,0,0,0
chr14,67446199,67446539,10nM,strong,0,0,0
chr14,67461820,67462112,10nM,strong,0,0,0
chr14,67480064,67480434,10nM,strong,0,0,0
chr14,67533706,67534094,10nM,strong,0,0,0
chr14,68177701,68178179,10nM,strong,0,0,0
chr14,68255886,68256163,10nM,strong,0,0,0
chr14,68306673,68307344,10nM,strong,0,0,0
chr14,68309436,68309771,10nM,strong,0,0,0
chr14,68393441,68393922,10nM,strong,0,0,0
chr14,68458171,68458535,10nM,strong,0,0,1
chr14,68458939,68459430,10nM,strong,0,0,0
chr14,68468651,68468942,10nM,strong,0,0,0
chr14,68554053,68554429,10nM,strong,0,0,0
chr14,68569972,68570508,10nM,strong,0,0,0
chr14,68924547,68924829,10nM,strong,0,0,0
chr14,68944741,68945043,10nM,strong,0,1,0
chr14,68945842,68946280,10nM,strong,0,0,0
chr14,68977352,68977658,10nM,strong,0,0,0
chr14,69357604,69357889,10nM,strong,0,0,0
chr14,69457474,69457736,10nM,strong,0,1,0
chr14,71471759,71472011,10nM,strong,0,0,0
chr14,71475936,71476229,10nM,strong,0,0,0
chr14,71500631,71501083,10nM,strong,0,1,1
chr14,73602132,73602469,10nM,strong,0,1,0
chr14,73633798,73634127,10nM,strong,0,0,0
chr14,73756606,73756952,10nM,strong,0,0,0
chr14,73775622,73776002,10nM,strong,0,0,0
chr14,73782559,73782911,10nM,strong,0,0,1
chr14,73784741,73785090,10nM,strong,0,0,0
chr14,74018988,74019208,10nM,strong,0,0,0
chr14,74302823,74303051,10nM,strong,0,0,0
chr14,74308752,74309110,10nM,strong,0,1,0
chr14,74922333,74922734,10nM,strong,0,0,0
chr14,75069386,75070022,10nM,strong,0,0,0
chr14,75255015,75255353,10nM,strong,0,0,0
chr14,75258598,75258920,10nM,strong,0,0,0
chr14,75259978,75260936,10nM,strong,0,0,0
chr14,75275262,75275571,10nM,strong,0,0,0
chr14,75283180,75283534,10nM,strong,0,0,0
chr14,75289863,75290258,10nM,strong,0,0,0
chr14,75392736,75393107,10nM,strong,0,0,0
chr14,75521284,75521774,10nM,strong,0,0,0
chr14,75535734,75536373,10nM,strong,0,0,0
chr14,75562046,75562471,10nM,strong,0,0,0
chr14,75566386,75566658,10nM,strong,0,0,0
chr14,76774727,76774922,10nM,strong,0,0,0
chr14,76900492,76900795,10nM,strong,0,0,0
chr14,76905049,76905410,10nM,strong,0,0,0
chr14,76919288,76919614,10nM,strong,0,0,0
chr14,76957573,76957825,10nM,strong,0,0,0
chr14,76976453,76976701,10nM,strong,0,0,0
chr14,76980486,76980864,10nM,strong,0,1,0
chr14,77004719,77005019,10nM,strong,0,0,0
chr14,77007430,77007720,10nM,strong,0,0,0
chr14,77099667,77100060,10nM,strong,0,0,0
chr14,77111194,77111609,10nM,strong,0,0,0
chr14,77374489,77374712,10nM,strong,0,0,0
chr14,77400162,77400689,10nM,strong,0,0,0
chr14,79413397,79413998,10nM,strong,0,0,0
chr14,85587290,85587677,10nM,strong,0,0,0
chr14,90503432,90504254,10nM,strong,0,1,0
chr14,90512205,90512713,10nM,strong,0,0,0
chr14,90513350,90513656,10nM,strong,0,0,0
chr14,90555834,90556146,10nM,strong,0,0,0
chr14,91088584,91088800,10nM,strong,0,0,0
chr14,91109340,91109523,10nM,strong,0,0,0
chr14,91126400,91126648,10nM,strong,0,0,1
chr14,91127541,91127832,10nM,strong,0,0,0
chr14,91173327,91173671,10nM,strong,0,0,0
chr14,91276376,91276795,10nM,strong,0,0,0
chr14,91280195,91280410,10nM,strong,0,0,0
chr14,91325928,91326739,10nM,strong,0,1,0
chr14,91382493,91382895,10nM,strong,0,0,0
chr14,91393021,91393428,10nM,strong,0,0,0
chr14,91394216,91394660,10nM,strong,0,0,0
chr14,91418074,91418588,10nM,strong,0,0,0
chr14,92963650,92964186,10nM,strong,0,0,0
chr14,92973911,92974446,10nM,strong,0,0,0
chr14,92985003,92985269,10nM,strong,0,0,0
chr14,92988109,92988389,10nM,strong,0,0,0
chr14,93005311,93005579,10nM,strong,0,0,0
chr14,93011624,93012101,10nM,strong,0,0,0
chr14,93017332,93017799,10nM,strong,0,0,0
chr14,93032554,93032833,10nM,strong,0,0,0
chr14,93033088,93033363,10nM,strong,0,0,0
chr14,93045071,93045515,10nM,strong,0,0,0
chr14,93959230,93959833,10nM,strong,0,0,0
chr14,94390672,94391079,10nM,strong,0,0,0
chr14,94450157,94450440,10nM,strong,0,0,0
chr14,94636705,94637126,10nM,strong,0,0,0
chr14,95056381,95057107,10nM,strong,0,0,0
chr14,95197688,95197937,10nM,strong,0,0,0
chr14,95273705,95274046,10nM,strong,0,0,0
chr14,95511633,95512208,10nM,strong,0,1,0
chr14,95516104,95516387,10nM,strong,0,0,0
chr14,95530474,95530784,10nM,strong,0,0,0
chr14,95616639,95616982,10nM,strong,0,0,0
chr14,96038893,96039141,10nM,strong,0,0,0
chr14,96039912,96040154,10nM,strong,0,0,0
chr14,96106062,96106361,10nM,strong,0,0,0
chr14,96106606,96106835,10nM,strong,0,0,0
chr14,96117440,96117739,10nM,strong,0,0,0
chr14,96148622,96148940,10nM,strong,0,0,0
chr14,96195629,96195812,10nM,strong,0,0,0
chr14,96263832,96264211,10nM,strong,0,0,0
chr14,96574344,96575593,10nM,strong,0,0,0
chr14,97499982,97500404,10nM,strong,0,0,0
chr14,98129805,98130128,10nM,strong,0,0,0
chr14,98130862,98131115,10nM,strong,0,0,0
chr14,98806492,98806930,10nM,strong,0,0,0
chr14,98826463,98826853,10nM,strong,0,0,0
chr14,98887046,98887264,10nM,strong,0,0,0
chr14,98891204,98891568,10nM,strong,0,0,0
chr14,98899464,98899860,10nM,strong,0,0,0
chr14,98903473,98904161,10nM,strong,0,0,0
chr14,98958103,98958326,10nM,strong,0,0,0
chr14,99004272,99004463,10nM,strong,0,0,0
chr14,99207508,99207832,10nM,strong,0,0,0
chr14,99578792,99579004,10nM,strong,0,0,0
chr14,99590636,99590907,10nM,strong,0,0,0
chr14,99964851,99965462,10nM,strong,0,0,0
chr14,100011723,100011982,10nM,strong,0,0,0
chr14,100012266,100012768,10nM,strong,0,0,0
chr14,100025314,100025567,10nM,strong,0,0,0
chr14,100091547,100091907,10nM,strong,0,0,0
chr14,100096418,100096945,10nM,strong,0,0,0
chr14,100137231,100137603,10nM,strong,0,0,0
chr14,100192727,100192914,10nM,strong,0,0,0
chr14,101408480,101408759,10nM,strong,0,0,0
chr14,101823780,101824017,10nM,strong,0,0,0
chr14,102726336,102726521,10nM,strong,0,1,0
chr14,102868390,102868648,10nM,strong,0,0,0
chr14,102873566,102873845,10nM,strong,0,0,0
chr14,103693370,103693943,10nM,strong,0,0,0
chr14,103737107,103737335,10nM,strong,0,0,1
chr14,103880013,103880292,10nM,strong,0,0,0
chr14,104345436,104345701,10nM,strong,0,0,0
chr14,104346196,104346523,10nM,strong,0,0,0
chr14,105032179,105032715,10nM,strong,1,0,0
chr14,105035673,105035859,10nM,strong,0,1,0
chr14,105050379,105050653,10nM,strong,0,0,0
chr14,105559378,105559760,10nM,strong,0,0,0
chr14,105673562,105673794,10nM,strong,0,0,0
chr15,27410895,27411235,10nM,strong,0,0,0
chr15,29822997,29823335,10nM,strong,0,0,0
chr15,31440985,31441337,10nM,strong,0,0,0
chr15,33067841,33068360,10nM,strong,0,0,0
chr15,38593392,38593932,10nM,strong,0,0,0
chr15,39596384,39596640,10nM,strong,0,0,0
chr15,39629616,39629890,10nM,strong,0,0,0
chr15,39668461,39668840,10nM,strong,0,0,0
chr15,39784917,39785254,10nM,strong,0,0,0
chr15,40334782,40335353,10nM,strong,0,0,0
chr15,41928111,41928308,10nM,strong,0,0,0
chr15,44194532,44194920,10nM,strong,0,0,0
chr15,50181398,50181940,10nM,strong,0,0,0
chr15,50764958,50765376,10nM,strong,0,0,0
chr15,50778170,50778464,10nM,strong,0,0,0
chr15,50854714,50854980,10nM,strong,0,0,0
chr15,51037311,51037494,10nM,strong,0,0,0
chr15,52185275,52185565,10nM,strong,0,0,0
chr15,52653823,52654008,10nM,strong,0,0,0
chr15,53739686,53739964,10nM,strong,0,0,0
chr15,57461614,57461839,10nM,strong,0,0,0
chr15,57591545,57592196,10nM,strong,0,0,0
chr15,57600219,57600469,10nM,strong,0,0,0
chr15,60393062,60393289,10nM,strong,0,0,0
chr15,61171197,61171445,10nM,strong,0,0,0
chr15,61750437,61750809,10nM,strong,0,0,0
chr15,62112970,62113167,10nM,strong,0,0,0
chr15,62832254,62832828,10nM,strong,0,0,0
chr15,63018827,63019151,10nM,strong,0,0,0
chr15,63019645,63019972,10nM,strong,0,0,0
chr15,63379895,63380195,10nM,strong,0,0,0
chr15,63380517,63380867,10nM,strong,0,0,0
chr15,63387784,63388135,10nM,strong,0,0,0
chr15,63391592,63391814,10nM,strong,0,0,0
chr15,63395717,63396070,10nM,strong,0,0,0
chr15,63896673,63897170,10nM,strong,0,0,0
chr15,63945758,63946085,10nM,strong,0,0,0
chr15,64046017,64046253,10nM,strong,0,0,0
chr15,64521888,64522305,10nM,strong,0,0,0
chr15,64703608,64704255,10nM,strong,0,1,0
chr15,64813145,64813394,10nM,strong,0,0,0
chr15,65286214,65286460,10nM,strong,0,0,0
chr15,66763143,66763371,10nM,strong,0,0,0
chr15,67125651,67125863,10nM,strong,0,0,0
chr15,67150077,67150300,10nM,strong,0,0,0
chr15,69481272,69481658,10nM,strong,0,0,0
chr15,69482641,69483086,10nM,strong,0,0,0
chr15,69554306,69554780,10nM,strong,0,0,0
chr15,69576938,69577209,10nM,strong,0,0,0
chr15,69594514,69594739,10nM,strong,0,0,0
chr15,69604052,69604279,10nM,strong,0,0,0
chr15,69987811,69988124,10nM,strong,0,0,0
chr15,69997004,69997190,10nM,strong,0,0,0
chr15,70016093,70016615,10nM,strong,0,0,0
chr15,70024799,70025092,10nM,strong,0,0,0
chr15,70091975,70092188,10nM,strong,0,0,0
chr15,70093304,70093681,10nM,strong,0,0,0
chr15,70308233,70308595,10nM,strong,0,0,0
chr15,70318950,70319345,10nM,strong,0,0,0
chr15,70321022,70321631,10nM,strong,0,0,0
chr15,70322965,70323246,10nM,strong,0,0,0
chr15,70324087,70324484,10nM,strong,0,0,0
chr15,70362300,70362720,10nM,strong,0,0,0
chr15,70375080,70375361,10nM,strong,0,0,0
chr15,70378034,70378474,10nM,strong,0,0,0
chr15,70379499,70379720,10nM,strong,0,0,0
chr15,70385003,70385341,10nM,strong,0,0,0
chr15,70462940,70463516,10nM,strong,0,0,0
chr15,70528338,70528826,10nM,strong,0,0,0
chr15,71079116,71079419,10nM,strong,0,0,0
chr15,71083865,71084193,10nM,strong,0,0,0
chr15,71096585,71097145,10nM,strong,0,0,0
chr15,71104691,71105100,10nM,strong,0,0,0
chr15,71111176,71111428,10nM,strong,0,0,0
chr15,71252054,71252430,10nM,strong,0,0,0
chr15,71294429,71294622,10nM,strong,0,0,0
chr15,71679537,71679790,10nM,strong,0,0,0
chr15,71692466,71692783,10nM,strong,0,0,0
chr15,71968922,71969354,10nM,strong,0,0,0
chr15,71975354,71975790,10nM,strong,0,0,0
chr15,71976711,71976907,10nM,strong,0,0,0
chr15,72169506,72169826,10nM,strong,0,0,0
chr15,73710082,73710503,10nM,strong,0,0,0
chr15,73743058,73743297,10nM,strong,0,0,0
chr15,73951289,73951535,10nM,strong,0,0,0
chr15,74642376,74642610,10nM,strong,0,0,0
chr15,74643300,74643491,10nM,strong,0,0,0
chr15,74724768,74724970,10nM,strong,0,0,0
chr15,74725891,74726151,10nM,strong,0,0,0
chr15,74770963,74771262,10nM,strong,0,0,0
chr15,74789067,74789477,10nM,strong,0,0,0
chr15,74816817,74817003,10nM,strong,0,0,0
chr15,74817181,74817766,10nM,strong,0,1,0
chr15,74937535,74937887,10nM,strong,0,0,0
chr15,75036062,75036612,10nM,strong,0,0,0
chr15,75369665,75369923,10nM,strong,0,0,0
chr15,75682354,75682726,10nM,strong,0,0,0
chr15,76107993,76108412,10nM,strong,0,0,0
chr15,76108951,76109345,10nM,strong,0,0,0
chr15,77596711,77597035,10nM,strong,0,0,0
chr15,78131785,78131989,10nM,strong,0,0,0
chr15,78135246,78135771,10nM,strong,1,1,0
chr15,80664139,80664358,10nM,strong,0,0,0
chr15,80668040,80668340,10nM,strong,0,0,0
chr15,80668774,80669169,10nM,strong,0,0,0
chr15,80679435,80679789,10nM,strong,0,0,0
chr15,80696828,80697083,10nM,strong,0,0,0
chr15,80743334,80743569,10nM,strong,0,0,0
chr15,81091945,81092433,10nM,strong,0,0,0
chr15,81092856,81093090,10nM,strong,0,0,0
chr15,81279847,81280052,10nM,strong,0,0,0
chr15,81303744,81304039,10nM,strong,0,0,0
chr15,81398568,81398840,10nM,strong,0,0,0
chr15,81399090,81399486,10nM,strong,0,0,0
chr15,82919216,82919817,10nM,strong,0,0,0
chr15,82942664,82943009,10nM,strong,0,0,0
chr15,82952094,82952495,10nM,strong,0,0,0
chr15,83210640,83210921,10nM,strong,0,0,0
chr15,83753934,83754353,10nM,strong,0,0,0
chr15,85109773,85109956,10nM,strong,0,0,0
chr15,85165087,85165310,10nM,strong,0,0,0
chr15,85878964,85879220,10nM,strong,0,0,0
chr15,87878063,87878545,10nM,strong,0,0,0
chr15,88648845,88649066,10nM,strong,0,0,0
chr15,89106091,89106355,10nM,strong,0,1,0
chr15,89108872,89109184,10nM,strong,0,0,0
chr15,89115514,89115942,10nM,strong,0,0,0
chr15,89119910,89120385,10nM,strong,0,0,0
chr15,89121397,89121714,10nM,strong,0,0,0
chr15,89125569,89125764,10nM,strong,0,0,0
chr15,89129753,89130109,10nM,strong,0,0,0
chr15,89450406,89450814,10nM,strong,0,0,0
chr15,89693609,89693952,10nM,strong,0,0,0
chr15,89782252,89782589,10nM,strong,0,0,0
chr15,89827924,89828292,10nM,strong,0,0,0
chr15,89828456,89828752,10nM,strong,0,0,0
chr15,89837331,89837542,10nM,strong,0,0,0
chr15,89906051,89906316,10nM,strong,0,0,0
chr15,89998309,89998593,10nM,strong,0,0,0
chr15,90099886,90100087,10nM,strong,0,0,0
chr15,90158213,90158421,10nM,strong,0,0,0
chr15,90231603,90231842,10nM,strong,0,0,0
chr15,90991691,90992139,10nM,strong,0,0,0
chr15,91572129,91572388,10nM,strong,0,0,0
chr15,92188171,92188480,10nM,strong,0,0,0
chr15,92600968,92601264,10nM,strong,0,0,0
chr15,92639181,92639497,10nM,strong,0,0,0
chr15,92644710,92645245,10nM,strong,0,0,0
chr15,92645518,92645972,10nM,strong,0,0,0
chr15,92648177,92648481,10nM,strong,0,0,0
chr15,92745894,92746317,10nM,strong,0,1,0
chr15,93180089,93180732,10nM,strong,0,0,0
chr15,94078138,94078529,10nM,strong,0,0,0
chr15,94792413,94792763,10nM,strong,0,0,0
chr15,95247129,95247512,10nM,strong,0,0,0
chr15,95894343,95894776,10nM,strong,0,0,0
chr15,95895536,95895924,10nM,strong,0,0,0
chr15,95911553,95912013,10nM,strong,0,0,0
chr15,96336896,96337354,10nM,strong,0,0,0
chr15,96339368,96339692,10nM,strong,0,0,0
chr15,98749186,98749536,10nM,strong,0,0,0
chr15,98751977,98752219,10nM,strong,0,0,0
chr15,98758291,98758549,10nM,strong,0,0,0
chr15,98760208,98760689,10nM,strong,0,1,0
chr15,98763526,98764009,10nM,strong,0,0,0
chr15,98845149,98845377,10nM,strong,0,0,0
chr15,99015710,99015946,10nM,strong,0,0,0
chr15,99250787,99251000,10nM,strong,0,0,0
chr15,99564997,99565351,10nM,strong,0,0,0
chr15,100516762,100517597,10nM,strong,0,0,0
chr15,101167264,101167542,10nM,strong,0,0,0
chr15,101167797,101168116,10nM,strong,0,0,0
chr15,101245906,101246143,10nM,strong,0,0,0
chr15,101248269,101248629,10nM,strong,0,0,0
chr15,101611747,101612146,10nM,strong,0,0,0
chr15,101614096,101614327,10nM,strong,0,0,0
chr16,316791,317086,10nM,strong,0,0,0
chr16,327114,327478,10nM,strong,1,0,0
chr16,379607,379866,10nM,strong,0,0,0
chr16,450522,450972,10nM,strong,0,0,0
chr16,451608,451980,10nM,strong,0,1,0
chr16,585345,585530,10nM,strong,0,0,0
chr16,588113,588445,10nM,strong,0,0,1
chr16,641586,641799,10nM,strong,0,0,0
chr16,753515,753841,10nM,strong,0,0,0
chr16,1287646,1288414,10nM,strong,0,0,0
chr16,1293987,1294252,10nM,strong,0,0,0
chr16,1296947,1297281,10nM,strong,0,0,0
chr16,1308670,1308964,10nM,strong,0,0,0
chr16,1378843,1379268,10nM,strong,0,0,0
chr16,1414858,1415169,10nM,strong,0,0,0
chr16,1827565,1827940,10nM,strong,0,0,0
chr16,2329583,2329998,10nM,strong,0,0,0
chr16,2339734,2339997,10nM,strong,0,0,0
chr16,2714520,2714720,10nM,strong,0,0,0
chr16,2719168,2719641,10nM,strong,0,0,0
chr16,2858087,2858297,10nM,strong,0,0,0
chr16,2912406,2912720,10nM,strong,0,0,0
chr16,3166464,3167050,10nM,strong,0,0,0
chr16,3167221,3167454,10nM,strong,0,0,0
chr16,3182497,3182686,10nM,strong,0,1,0
chr16,4113415,4113752,10nM,strong,0,0,0
chr16,4142492,4142890,10nM,strong,0,1,0
chr16,4152152,4152706,10nM,strong,0,0,0
chr16,4153337,4153605,10nM,strong,0,1,0
chr16,4176795,4177097,10nM,strong,0,1,0
chr16,4260425,4260741,10nM,strong,0,0,0
chr16,4368962,4369497,10nM,strong,0,0,0
chr16,4371475,4371826,10nM,strong,0,0,0
chr16,4616465,4616799,10nM,strong,0,0,0
chr16,8673863,8674084,10nM,strong,0,0,0
chr16,8679247,8679558,10nM,strong,0,0,0
chr16,9047655,9048032,10nM,strong,0,0,0
chr16,10577037,10577324,10nM,strong,0,0,0
chr16,10590417,10590758,10nM,strong,0,1,0
chr16,10594412,10594899,10nM,strong,0,0,0
chr16,10628003,10628266,10nM,strong,0,1,0
chr16,11127866,11128433,10nM,strong,0,0,1
chr16,11130472,11130832,10nM,strong,0,0,0
chr16,11162972,11163219,10nM,strong,0,0,0
chr16,11293233,11293513,10nM,strong,0,0,0
chr16,11363222,11363563,10nM,strong,0,0,0
chr16,11612384,11612629,10nM,strong,0,0,0
chr16,12037018,12037251,10nM,strong,0,0,0
chr16,12258136,12258392,10nM,strong,0,0,0
chr16,14020038,14020672,10nM,strong,0,0,0
chr16,14364631,14364857,10nM,strong,0,0,0
chr16,14370236,14370561,10nM,strong,0,0,0
chr16,15487866,15488111,10nM,strong,0,0,0
chr16,15489449,15489720,10nM,strong,0,0,0
chr16,16973768,16974716,10nM,strong,0,0,0
chr16,17171084,17171620,10nM,strong,0,0,0
chr16,17296443,17296813,10nM,strong,0,0,0
chr16,17315681,17316292,10nM,strong,0,0,0
chr16,17458517,17458786,10nM,strong,0,0,0
chr16,17459555,17459913,10nM,strong,0,0,0
chr16,19899300,19899545,10nM,strong,0,0,0
chr16,19987708,19988415,10nM,strong,0,1,0
chr16,20014086,20014443,10nM,strong,0,0,0
chr16,20300367,20300652,10nM,strong,0,0,0
chr16,21511420,21511823,10nM,strong,0,0,0
chr16,21512545,21512880,10nM,strong,0,0,0
chr16,23079227,23080262,10nM,strong,0,0,0
chr16,23137813,23138284,10nM,strong,0,0,0
chr16,23148551,23148921,10nM,strong,0,0,0
chr16,23150175,23150438,10nM,strong,0,0,0
chr16,23362669,23362923,10nM,strong,0,0,0
chr16,25040336,25040997,10nM,strong,0,1,0
chr16,25119584,25119873,10nM,strong,0,0,0
chr16,25120189,25120372,10nM,strong,0,1,0
chr16,27363971,27364227,10nM,strong,0,0,0
chr16,27897630,27898330,10nM,strong,0,0,0
chr16,28609725,28610049,10nM,strong,0,0,1
chr16,29290870,29291180,10nM,strong,0,0,0
chr16,29307831,29308289,10nM,strong,0,0,0
chr16,29310688,29311296,10nM,strong,0,0,0
chr16,30090189,30090555,10nM,strong,0,0,0
chr16,35524006,35524356,10nM,strong,0,0,0
chr16,48235699,48236098,10nM,strong,0,0,0
chr16,49010347,49010611,10nM,strong,0,0,0
chr16,50706258,50706540,10nM,strong,0,0,0
chr16,52564987,52565343,10nM,strong,0,0,0
chr16,53045417,53045865,10nM,strong,0,0,0
chr16,53054707,53054907,10nM,strong,0,0,0
chr16,53099366,53099938,10nM,strong,0,0,0
chr16,53433676,53433916,10nM,strong,0,0,0
chr16,53511821,53512004,10nM,strong,0,0,0
chr16,53775567,53776020,10nM,strong,0,0,0
chr16,54094717,54095020,10nM,strong,0,0,0
chr16,54096013,54096497,10nM,strong,0,0,0
chr16,54424092,54424457,10nM,strong,0,0,0
chr16,54424905,54425258,10nM,strong,0,0,0
chr16,54425648,54426016,10nM,strong,0,0,0
chr16,54431403,54431653,10nM,strong,0,0,0
chr16,54432300,54432612,10nM,strong,0,0,0
chr16,56370782,56371279,10nM,strong,0,0,0
chr16,56373108,56373394,10nM,strong,0,0,0
chr16,57622411,57623087,10nM,strong,0,0,0
chr16,65755855,65756190,10nM,strong,0,1,0
chr16,66278062,66278412,10nM,strong,0,0,0
chr16,67893580,67893806,10nM,strong,0,0,0
chr16,67948185,67948388,10nM,strong,0,0,0
chr16,68234470,68234663,10nM,strong,0,0,0
chr16,68237816,68238098,10nM,strong,0,0,0
chr16,68328082,68328385,10nM,strong,0,0,0
chr16,68416613,68416913,10nM,strong,0,0,0
chr16,68707818,68708203,10nM,strong,0,1,0
chr16,68745639,68745990,10nM,strong,0,1,0
chr16,69324514,69324807,10nM,strong,0,0,0
chr16,70136591,70136977,10nM,strong,0,1,0
chr16,70390776,70391086,10nM,strong,0,0,0
chr16,72849088,72849304,10nM,strong,0,0,0
chr16,72913260,72913862,10nM,strong,0,0,0
chr16,72914351,72914675,10nM,strong,0,0,0
chr16,72927770,72927974,10nM,strong,0,0,0
chr16,72929397,72929780,10nM,strong,0,0,0
chr16,72935997,72936593,10nM,strong,0,0,0
chr16,72944865,72945214,10nM,strong,0,0,0
chr16,72952901,72953259,10nM,strong,0,0,0
chr16,73015623,73016082,10nM,strong,0,0,0
chr16,73043879,73044107,10nM,strong,0,0,0
chr16,73055384,73055683,10nM,strong,0,0,0
chr16,75029867,75030161,10nM,strong,0,1,0
chr16,75310017,75310229,10nM,strong,0,0,0
chr16,79037479,79037971,10nM,strong,0,0,0
chr16,79171712,79172177,10nM,strong,0,0,0
chr16,80613903,80614197,10nM,strong,0,0,0
chr16,80615726,80616110,10nM,strong,0,0,0
chr16,80654185,80654387,10nM,strong,0,0,0
chr16,80676669,80676897,10nM,strong,0,0,0
chr16,80837576,80837994,10nM,strong,0,0,0
chr16,82137193,82137649,10nM,strong,0,0,0
chr16,82137882,82138080,10nM,strong,0,0,0
chr16,82138496,82138828,10nM,strong,0,0,0
chr16,82152619,82152985,10nM,strong,0,1,0
chr16,84724558,84724981,10nM,strong,0,0,0
chr16,84725611,84725818,10nM,strong,0,1,0
chr16,84735910,84736173,10nM,strong,0,0,0
chr16,84786545,84786902,10nM,strong,0,0,0
chr16,85144381,85144690,10nM,strong,0,0,0
chr16,85145131,85145533,10nM,strong,0,0,0
chr16,85147257,85147833,10nM,strong,0,0,0
chr16,85148809,85149183,10nM,strong,0,1,0
chr16,85282224,85282698,10nM,strong,0,1,0
chr16,85288117,85288651,10nM,strong,0,1,0
chr16,85288899,85289311,10nM,strong,0,0,0
chr16,85306052,85306483,10nM,strong,0,1,0
chr16,85311294,85311562,10nM,strong,0,0,0
chr16,85311874,85312206,10nM,strong,0,0,0
chr16,85459042,85459272,10nM,strong,0,0,0
chr16,85462136,85462666,10nM,strong,0,0,0
chr16,85464451,85464634,10nM,strong,0,0,0
chr16,85465949,85466391,10nM,strong,0,0,0
chr16,85472600,85472889,10nM,strong,0,0,0
chr16,85474292,85474514,10nM,strong,0,0,0
chr16,85475287,85475638,10nM,strong,0,0,0
chr16,85491691,85492298,10nM,strong,0,0,0
chr16,85520920,85521369,10nM,strong,0,0,0
chr16,85570461,85570696,10nM,strong,0,0,0
chr16,85602857,85603076,10nM,strong,0,0,0
chr16,85746310,85746719,10nM,strong,0,1,0
chr16,85752955,85753227,10nM,strong,0,0,0
chr16,85753350,85753813,10nM,strong,0,0,0
chr16,86193615,86194317,10nM,strong,0,0,0
chr16,87789986,87790304,10nM,strong,0,0,0
chr16,87806943,87807290,10nM,strong,0,0,0
chr16,88760738,88761061,10nM,strong,0,0,0
chr16,88763351,88763896,10nM,strong,0,0,0
chr16,88771039,88771235,10nM,strong,0,0,0
chr16,88923794,88924233,10nM,strong,0,0,0
chr16,88927041,88927679,10nM,strong,0,0,0
chr16,88928243,88928821,10nM,strong,0,0,0
chr16,88929095,88929384,10nM,strong,0,0,0
chr16,88936246,88936541,10nM,strong,0,0,0
chr16,89153955,89154580,10nM,strong,0,0,0
chr16,89827821,89828017,10nM,strong,0,0,0
chr17,1087766,1087994,10nM,strong,0,0,0
chr17,2401356,2401544,10nM,strong,0,0,0
chr17,3976713,3977006,10nM,strong,0,0,0
chr17,4533685,4534046,10nM,strong,0,0,0
chr17,4534262,4534698,10nM,strong,0,0,0
chr17,4575839,4576178,10nM,strong,0,0,0
chr17,4593629,4594012,10nM,strong,0,0,0
chr17,5877936,5878312,10nM,strong,0,0,0
chr17,5883860,5884165,10nM,strong,0,0,0
chr17,6675992,6676421,10nM,strong,0,0,0
chr17,7141750,7142012,10nM,strong,0,0,0
chr17,7296325,7296528,10nM,strong,0,0,0
chr17,7351853,7352094,10nM,strong,0,0,0
chr17,7477811,7477999,10nM,strong,0,0,0
chr17,7486304,7486575,10nM,strong,0,0,0
chr17,7951720,7952111,10nM,strong,0,0,0
chr17,9054205,9054461,10nM,strong,0,0,0
chr17,9205935,9206175,10nM,strong,0,0,0
chr17,15177958,15178412,10nM,strong,0,0,0
chr17,15659358,15660063,10nM,strong,0,0,0
chr17,16922327,16922656,10nM,strong,0,0,0
chr17,16922843,16923143,10nM,strong,0,0,0
chr17,19554421,19554691,10nM,strong,0,0,0
chr17,19599235,19599653,10nM,strong,0,0,0
chr17,27241700,27242304,10nM,strong,0,1,0
chr17,27247415,27247718,10nM,strong,0,0,0
chr17,27321625,27321924,10nM,strong,0,0,1
chr17,27332447,27332843,10nM,strong,0,0,0
chr17,28497508,28497744,10nM,strong,0,0,0
chr17,28498004,28498334,10nM,strong,0,0,0
chr17,28499799,28500291,10nM,strong,0,0,0
chr17,28525329,28525690,10nM,strong,0,0,0
chr17,28532869,28533207,10nM,strong,0,0,0
chr17,28536752,28537435,10nM,strong,0,0,0
chr17,28540360,28540559,10nM,strong,0,0,0
chr17,28634111,28634626,10nM,strong,0,0,0
chr17,29158782,29159190,10nM,strong,0,0,0
chr17,29761132,29761315,10nM,strong,0,0,0
chr17,31566481,31566952,10nM,strong,0,0,1
chr17,31655006,31655398,10nM,strong,0,0,0
chr17,36731140,36731399,10nM,strong,0,0,0
chr17,38702638,38702821,10nM,strong,0,0,0
chr17,39812506,39812796,10nM,strong,0,0,0
chr17,40023383,40023733,10nM,strong,0,0,0
chr17,40180752,40181065,10nM,strong,0,0,0
chr17,40308279,40308499,10nM,strong,0,0,0
chr17,40311267,40311633,10nM,strong,0,0,0
chr17,40314551,40314841,10nM,strong,0,0,0
chr17,40322229,40322666,10nM,strong,0,0,0
chr17,40448650,40449040,10nM,strong,0,0,0
chr17,40549284,40549550,10nM,strong,0,0,0
chr17,40552514,40552829,10nM,strong,0,0,0
chr17,40576054,40576605,10nM,strong,0,0,0
chr17,40576810,40577034,10nM,strong,0,0,0
chr17,40582272,40582645,10nM,strong,0,0,0
chr17,40684535,40684878,10nM,strong,0,0,0
chr17,40686079,40686563,10nM,strong,0,1,0
chr17,40687113,40687821,10nM,strong,0,0,0
chr17,40701046,40701422,10nM,strong,0,0,1
chr17,40702228,40702460,10nM,strong,0,1,0
chr17,41415969,41416286,10nM,strong,0,0,0
chr17,41421628,41422043,10nM,strong,0,0,0
chr17,41505878,41506315,10nM,strong,0,0,0
chr17,41506609,41507069,10nM,strong,0,0,0
chr17,41507713,41507978,10nM,strong,0,0,0
chr17,41525664,41525956,10nM,strong,0,0,0
chr17,41535971,41536341,10nM,strong,0,0,0
chr17,41793229,41793541,10nM,strong,0,0,0
chr17,44218124,44218428,10nM,strong,0,0,0
chr17,45043123,45043587,10nM,strong,0,1,0
chr17,45124518,45125068,10nM,strong,0,1,0
chr17,45130108,45130315,10nM,strong,0,0,0
chr17,45899263,45900038,10nM,strong,0,0,0
chr17,45901082,45901477,10nM,strong,0,0,0
chr17,47673995,47674368,10nM,strong,0,0,0
chr17,47693135,47693509,10nM,strong,0,0,0
chr17,48500042,48500409,10nM,strong,0,0,0
chr17,48506004,48506203,10nM,strong,0,0,0
chr17,48589473,48589690,10nM,strong,0,0,0
chr17,48800567,48801185,10nM,strong,0,0,0
chr17,49012827,49013177,10nM,strong,0,0,1
chr17,49101478,49101721,10nM,strong,0,0,0
chr17,49887269,49887945,10nM,strong,0,0,0
chr17,50266804,50267128,10nM,strong,0,0,0
chr17,50317263,50317650,10nM,strong,0,0,0
chr17,50652675,50653105,10nM,strong,0,1,0
chr17,50655771,50656092,10nM,strong,0,0,0
chr17,50785174,50785517,10nM,strong,0,0,0
chr17,50845732,50845981,10nM,strong,0,0,0
chr17,50861790,50862018,10nM,strong,0,0,0
chr17,50944312,50944922,10nM,strong,0,0,0
chr17,50948177,50948768,10nM,strong,0,1,0
chr17,50949971,50950335,10nM,strong,0,0,0
chr17,54888960,54889166,10nM,strong,0,0,0
chr17,55750958,55751144,10nM,strong,0,0,0
chr17,56173852,56174255,10nM,strong,0,0,0
chr17,56835049,56835271,10nM,strong,0,0,0
chr17,57085589,57085990,10nM,strong,0,0,0
chr17,57096798,57097122,10nM,strong,0,0,0
chr17,57166727,57167146,10nM,strong,0,0,0
chr17,57215404,57215588,10nM,strong,0,0,0
chr17,57269613,57269925,10nM,strong,0,0,0
chr17,57286570,57286901,10nM,strong,0,0,0
chr17,57296360,57296593,10nM,strong,0,0,0
chr17,57340562,57341001,10nM,strong,0,0,0
chr17,57342829,57343315,10nM,strong,0,0,0
chr17,57343612,57343826,10nM,strong,0,0,0
chr17,57357371,57358276,10nM,strong,0,0,0
chr17,57375745,57376270,10nM,strong,0,0,0
chr17,57410286,57410562,10nM,strong,0,0,0
chr17,57411939,57412247,10nM,strong,0,1,0
chr17,57459149,57459533,10nM,strong,0,0,0
chr17,57834135,57834540,10nM,strong,0,0,0
chr17,57835411,57835837,10nM,strong,0,0,0
chr17,57890250,57890438,10nM,strong,0,0,0
chr17,57899789,57900157,10nM,strong,0,0,0
chr17,57955583,57955917,10nM,strong,0,0,0
chr17,58639630,58640057,10nM,strong,0,1,0
chr17,58640304,58640576,10nM,strong,0,1,0
chr17,59332228,59332518,10nM,strong,0,0,0
chr17,59366894,59367182,10nM,strong,0,0,0
chr17,59854804,59854995,10nM,strong,0,1,0
chr17,60345065,60345505,10nM,strong,0,0,0
chr17,60346809,60347397,10nM,strong,1,1,0
chr17,60567927,60568319,10nM,strong,0,1,0
chr17,61219488,61219677,10nM,strong,0,0,0
chr17,61254346,61254593,10nM,strong,0,1,0
chr17,61336107,61336341,10nM,strong,0,0,0
chr17,61356784,61357029,10nM,strong,0,0,0
chr17,61399262,61399705,10nM,strong,0,0,0
chr17,61401875,61402437,10nM,strong,0,0,0
chr17,61403336,61403688,10nM,strong,0,0,0
chr17,61414835,61415177,10nM,strong,0,0,0
chr17,61450151,61450478,10nM,strong,0,0,0
chr17,61723041,61723725,10nM,strong,0,0,0
chr17,61724889,61725155,10nM,strong,0,0,0
chr17,61725590,61725821,10nM,strong,0,0,1
chr17,61800442,61800659,10nM,strong,0,0,0
chr17,61862013,61862299,10nM,strong,0,0,0
chr17,62170374,62170661,10nM,strong,0,0,0
chr17,62804741,62805121,10nM,strong,0,0,0
chr17,63258887,63259084,10nM,strong,0,0,0
chr17,63435588,63435958,10nM,strong,0,0,0
chr17,63452988,63453446,10nM,strong,0,0,0
chr17,64074160,64074523,10nM,strong,0,0,0
chr17,64147290,64147709,10nM,strong,0,0,0
chr17,65001794,65002030,10nM,strong,0,1,0
chr17,66933430,66933873,10nM,strong,0,0,0
chr17,66934008,66934260,10nM,strong,0,0,0
chr17,66952207,66952751,10nM,strong,0,0,0
chr17,66954173,66954395,10nM,strong,0,0,0
chr17,67390787,67391410,10nM,strong,0,0,0
chr17,67467568,67467950,10nM,strong,0,0,0
chr17,67491186,67491411,10nM,strong,0,0,0
chr17,68292214,68292507,10nM,strong,0,0,0
chr17,68328848,68329216,10nM,strong,0,0,0
chr17,71936979,71937229,10nM,strong,0,0,0
chr17,72126610,72126833,10nM,strong,0,0,0
chr17,72177000,72177277,10nM,strong,0,0,0
chr17,72471411,72471738,10nM,strong,0,1,0
chr17,72517773,72518122,10nM,strong,0,0,0
chr17,72617354,72617558,10nM,strong,0,0,0
chr17,72617709,72618352,10nM,strong,0,0,0
chr17,72640434,72640835,10nM,strong,0,0,0
chr17,72684121,72684372,10nM,strong,0,0,0
chr17,73506545,73506768,10nM,strong,0,0,0
chr17,73559072,73559345,10nM,strong,0,0,0
chr17,73564839,73565146,10nM,strong,0,1,0
chr17,73610965,73611267,10nM,strong,0,0,0
chr17,73612098,73612509,10nM,strong,0,0,0
chr17,74744822,74745091,10nM,strong,0,0,0
chr17,74758217,74758624,10nM,strong,0,0,0
chr17,74760634,74761029,10nM,strong,0,0,0
chr17,74769732,74770247,10nM,strong,0,0,0
chr17,74770646,74770856,10nM,strong,0,0,0
chr17,74771137,74771342,10nM,strong,0,0,0
chr17,74982668,74982939,10nM,strong,0,0,0
chr17,75078641,75078868,10nM,strong,0,0,0
chr17,75084129,75084401,10nM,strong,0,0,0
chr17,75085452,75085775,10nM,strong,0,1,0
chr17,75289641,75289828,10nM,strong,0,0,0
chr17,75549417,75549667,10nM,strong,0,0,0
chr17,75873015,75873349,10nM,strong,0,0,0
chr17,77089153,77089412,10nM,strong,0,0,0
chr17,77126477,77126821,10nM,strong,0,0,0
chr17,77283311,77283620,10nM,strong,0,0,0
chr17,77286274,77286783,10nM,strong,0,0,0
chr17,77286962,77287340,10nM,strong,0,0,0
chr17,77287902,77288131,10nM,strong,0,0,0
chr17,77288864,77289047,10nM,strong,0,0,0
chr17,77779966,77780273,10nM,strong,0,0,0
chr17,78374261,78374444,10nM,strong,0,0,0
chr17,78421098,78421821,10nM,strong,0,0,0
chr17,78782602,78782804,10nM,strong,0,0,0
chr17,79005906,79006163,10nM,strong,0,0,0
chr17,79017560,79017925,10nM,strong,0,0,0
chr17,79812951,79813328,10nM,strong,0,0,0
chr17,79844525,79844825,10nM,strong,0,0,0
chr17,79893129,79893402,10nM,strong,0,0,0
chr17,79897734,79897930,10nM,strong,0,0,0
chr17,79942573,79942838,10nM,strong,0,0,0
chr17,79979520,79979708,10nM,strong,0,0,0
chr17,79992469,79992715,10nM,strong,0,0,0
chr17,80030805,80031013,10nM,strong,0,0,0
chr17,80047229,80047607,10nM,strong,0,0,0
chr17,80068397,80068936,10nM,strong,0,0,0
chr17,80102965,80103260,10nM,strong,0,0,0
chr17,80394660,80394991,10nM,strong,0,0,0
chr17,80405688,80405983,10nM,strong,0,0,0
chr17,81343044,81343272,10nM,strong,0,0,0
chr17,82101007,82101393,10nM,strong,0,0,0
chr17,82103696,82104257,10nM,strong,0,0,0
chr17,82152640,82152868,10nM,strong,0,0,0
chr17,82234880,82235147,10nM,strong,0,0,0
chr17,82522014,82522340,10nM,strong,0,0,1
chr17,82888889,82889420,10nM,strong,0,0,0
chr17,82889589,82889860,10nM,strong,0,0,0
chr17,82892976,82893307,10nM,strong,0,0,0
chr17,83064825,83065069,10nM,strong,0,0,0
chr17,83067563,83067956,10nM,strong,0,0,0
chr17,83180925,83181367,10nM,strong,0,0,0
chr17,83189758,83190061,10nM,strong,0,0,0
chr18,106670,107867,10nM,strong,0,0,0
chr18,108020,108256,10nM,strong,0,0,0
chr18,109244,110107,10nM,strong,0,0,0
chr18,110500,110840,10nM,strong,0,0,0
chr18,110948,111212,10nM,strong,0,0,0
chr18,111398,111727,10nM,strong,0,0,0
chr18,499365,499928,10nM,strong,0,0,0
chr18,2385216,2385960,10nM,strong,0,0,1
chr18,2894657,2894974,10nM,strong,0,0,0
chr18,3045458,3045741,10nM,strong,0,0,0
chr18,3395490,3395764,10nM,strong,0,0,0
chr18,3689029,3689568,10nM,strong,0,0,0
chr18,3710821,3711086,10nM,strong,0,0,0
chr18,3722590,3722817,10nM,strong,0,0,0
chr18,5410576,5410881,10nM,strong,0,0,0
chr18,5787907,5788351,10nM,strong,0,0,0
chr18,6510069,6510416,10nM,strong,0,0,0
chr18,9494868,9495168,10nM,strong,0,0,0
chr18,9495933,9496378,10nM,strong,0,0,0
chr18,9717708,9717919,10nM,strong,0,0,1
chr18,9736905,9737349,10nM,strong,0,0,0
chr18,9757637,9758224,10nM,strong,0,0,0
chr18,9804067,9804508,10nM,strong,0,0,0
chr18,9808543,9808857,10nM,strong,0,0,0
chr18,10121957,10122629,10nM,strong,0,0,0
chr18,10131967,10132395,10nM,strong,0,0,0
chr18,10893203,10893547,10nM,strong,0,0,0
chr18,11136354,11136579,10nM,strong,0,0,0
chr18,11268963,11269393,10nM,strong,0,0,0
chr18,11983630,11983988,10nM,strong,0,0,0
chr18,13223579,13223958,10nM,strong,0,0,0
chr18,13394935,13395448,10nM,strong,0,0,0
chr18,13425857,13426192,10nM,strong,0,0,0
chr18,13539769,13540420,10nM,strong,0,0,0
chr18,13808709,13809180,10nM,strong,0,0,0
chr18,22254296,22254699,10nM,strong,0,0,0
chr18,23257833,23258138,10nM,strong,0,0,0
chr18,23585665,23585890,10nM,strong,0,0,0
chr18,23626669,23627760,10nM,strong,0,0,0
chr18,23629402,23629901,10nM,strong,0,0,0
chr18,23722661,23722978,10nM,strong,0,0,0
chr18,26575375,26575727,10nM,strong,0,0,0
chr18,26745392,26745707,10nM,strong,0,0,0
chr18,36099267,36099708,10nM,strong,0,0,0
chr18,39523315,39523614,10nM,strong,0,0,0
chr18,44916414,44916667,10nM,strong,0,0,0
chr18,44918067,44918394,10nM,strong,0,0,0
chr18,45359454,45359959,10nM,strong,0,0,0
chr18,45793298,45793838,10nM,strong,0,0,0
chr18,45802630,45803040,10nM,strong,0,0,0
chr18,46113780,46114360,10nM,strong,0,0,0
chr18,46273748,46274054,10nM,strong,0,0,0
chr18,47522675,47522988,10nM,strong,0,0,0
chr18,48123917,48124304,10nM,strong,0,0,0
chr18,48126717,48127033,10nM,strong,0,0,0
chr18,48308122,48308514,10nM,strong,0,0,0
chr18,48453455,48453801,10nM,strong,0,0,0
chr18,48454115,48454375,10nM,strong,0,0,0
chr18,48548235,48548569,10nM,strong,0,0,0
chr18,48974629,48974937,10nM,strong,0,0,0
chr18,48982927,48983356,10nM,strong,0,0,0
chr18,48984043,48984251,10nM,strong,0,0,1
chr18,48990808,48991305,10nM,strong,0,0,0
chr18,48994137,48994392,10nM,strong,0,0,0
chr18,48996957,48997304,10nM,strong,0,0,0
chr18,49021573,49021892,10nM,strong,0,0,0
chr18,50374695,50374938,10nM,strong,0,0,0
chr18,54958679,54959066,10nM,strong,0,0,0
chr18,57242337,57242690,10nM,strong,0,0,0
chr18,57437523,57437752,10nM,strong,0,0,0
chr18,57581476,57581738,10nM,strong,0,0,0
chr18,57793658,57794057,10nM,strong,0,0,0
chr18,57794351,57794639,10nM,strong,0,0,0
chr18,58087863,58088062,10nM,strong,0,1,0
chr18,59953344,59953564,10nM,strong,0,1,0
chr18,59954275,59954582,10nM,strong,0,0,0
chr18,59958064,59958290,10nM,strong,0,0,0
chr18,63132481,63132805,10nM,strong,0,0,0
chr18,63155627,63155990,10nM,strong,0,0,0
chr18,63156208,63156498,10nM,strong,0,0,0
chr18,63225704,63226093,10nM,strong,0,0,0
chr18,63241357,63242006,10nM,strong,0,0,0
chr18,63254660,63255218,10nM,strong,0,0,0
chr18,63257306,63257676,10nM,strong,0,0,0
chr18,63259477,63259832,10nM,strong,0,0,0
chr18,63260463,63260662,10nM,strong,0,0,0
chr18,63261754,63261989,10nM,strong,0,1,0
chr18,63265281,63265603,10nM,strong,0,0,0
chr18,74242632,74243082,10nM,strong,0,0,0
chr18,74282637,74282864,10nM,strong,0,0,0
chr18,74283706,74284124,10nM,strong,0,1,0
chr18,74526602,74526860,10nM,strong,0,0,0
chr18,74546801,74547209,10nM,strong,0,0,0
chr18,74929201,74929451,10nM,strong,0,0,0
chr18,76657382,76657625,10nM,strong,0,0,0
chr18,76686882,76687205,10nM,strong,0,0,0
chr18,76857513,76857924,10nM,strong,0,0,0
chr18,77043347,77043741,10nM,strong,0,0,0
chr18,77054743,77055058,10nM,strong,0,0,0
chr18,77055163,77055444,10nM,strong,0,0,0
chr18,77093395,77093623,10nM,strong,0,0,0
chr18,77115039,77115324,10nM,strong,0,0,0
chr18,78892827,78893180,10nM,strong,0,0,0
chr18,78893540,78893904,10nM,strong,0,0,0
chr18,78894099,78894391,10nM,strong,0,0,0
chr18,78974640,78975017,10nM,strong,0,0,0
chr18,79062834,79063175,10nM,strong,0,0,0
chr18,79063366,79063597,10nM,strong,0,0,0
chr18,79405237,79405782,10nM,strong,0,0,0
chr18,79413918,79414251,10nM,strong,0,0,0
chr19,1166824,1167158,10nM,strong,0,0,0
chr19,1181557,1182177,10nM,strong,0,0,0
chr19,1184931,1185179,10nM,strong,0,1,0
chr19,1185628,1185965,10nM,strong,0,1,0
chr19,1208022,1208309,10nM,strong,1,0,0
chr19,1513100,1513715,10nM,strong,0,0,0
chr19,1871223,1871582,10nM,strong,0,0,0
chr19,2168783,2169343,10nM,strong,0,1,0
chr19,2489311,2489573,10nM,strong,0,0,0
chr19,2520155,2520486,10nM,strong,0,1,0
chr19,2524975,2525388,10nM,strong,0,0,0
chr19,2529511,2529771,10nM,strong,0,1,0
chr19,2576160,2576582,10nM,strong,0,0,1
chr19,2579056,2579563,10nM,strong,0,0,0
chr19,3336732,3337013,10nM,strong,0,0,0
chr19,3384922,3385210,10nM,strong,0,0,0
chr19,3387705,3388007,10nM,strong,0,0,0
chr19,3389988,3390316,10nM,strong,0,1,0
chr19,3606283,3606645,10nM,strong,0,0,0
chr19,3708685,3708917,10nM,strong,0,0,0
chr19,3713072,3713505,10nM,strong,0,0,0
chr19,4042810,4043030,10nM,strong,0,0,0
chr19,4061895,4062132,10nM,strong,0,0,0
chr19,4063149,4063453,10nM,strong,0,0,0
chr19,4536726,4537097,10nM,strong,0,0,0
chr19,4538381,4538716,10nM,strong,0,0,0
chr19,4539895,4540180,10nM,strong,0,0,0
chr19,4792332,4792524,10nM,strong,0,0,0
chr19,4970784,4971118,10nM,strong,0,0,0
chr19,4971680,4971975,10nM,strong,0,0,0
chr19,4991610,4992333,10nM,strong,0,0,0
chr19,7254665,7254955,10nM,strong,0,0,0
chr19,7398826,7399054,10nM,strong,0,0,0
chr19,7421920,7422223,10nM,strong,0,0,0
chr19,7888637,7888862,10nM,strong,0,0,0
chr19,7904058,7904492,10nM,strong,0,0,0
chr19,8323921,8324143,10nM,strong,0,0,1
chr19,10501939,10502303,10nM,strong,0,0,0
chr19,10502436,10502713,10nM,strong,0,0,0
chr19,10863445,10863695,10nM,strong,0,1,0
chr19,10939397,10939593,10nM,strong,0,1,0
chr19,11477011,11477198,10nM,strong,0,0,0
chr19,11729663,11729984,10nM,strong,0,1,0
chr19,11737992,11738265,10nM,strong,0,0,0
chr19,12293889,12294072,10nM,strong,0,0,0
chr19,14118821,14119111,10nM,strong,0,0,0
chr19,14119662,14119889,10nM,strong,0,0,0
chr19,15073040,15073337,10nM,strong,0,0,0
chr19,15479425,15479758,10nM,strong,0,0,0
chr19,15480126,15480440,10nM,strong,0,0,0
chr19,15485755,15486082,10nM,strong,0,1,0
chr19,15488503,15489051,10nM,strong,0,0,0
chr19,15562885,15563450,10nM,strong,0,0,0
chr19,15902288,15902558,10nM,strong,0,0,0
chr19,15934948,15935386,10nM,strong,0,0,0
chr19,15975777,15976200,10nM,strong,0,0,0
chr19,16093676,16093869,10nM,strong,0,0,0
chr19,16098087,16098311,10nM,strong,0,1,0
chr19,16143430,16143632,10nM,strong,0,0,0
chr19,16462932,16463181,10nM,strong,0,0,0
chr19,16463709,16464289,10nM,strong,0,0,0
chr19,16824727,16824984,10nM,strong,0,0,0
chr19,17244726,17244962,10nM,strong,0,0,0
chr19,17248396,17248687,10nM,strong,0,0,0
chr19,17791274,17791601,10nM,strong,0,1,0
chr19,18380234,18380494,10nM,strong,0,0,0
chr19,18486173,18486505,10nM,strong,0,0,0
chr19,18488122,18488353,10nM,strong,0,0,0
chr19,18489061,18489457,10nM,strong,0,0,0
chr19,18832516,18833089,10nM,strong,0,0,0
chr19,18999420,19000003,10nM,strong,0,0,0
chr19,19063233,19063640,10nM,strong,0,0,0
chr19,19549817,19550114,10nM,strong,0,0,0
chr19,22426651,22427167,10nM,strong,0,0,0
chr19,23399685,23399902,10nM,strong,0,0,0
chr19,23400258,23400881,10nM,strong,0,1,0
chr19,23401968,23402921,10nM,strong,0,0,0
chr19,23403626,23403843,10nM,strong,0,0,0
chr19,23817700,23817936,10nM,strong,0,0,0
chr19,23822818,23823236,10nM,strong,0,0,0
chr19,29671347,29671707,10nM,strong,0,0,0
chr19,30698471,30699108,10nM,strong,0,0,0
chr19,31280463,31280777,10nM,strong,0,0,0
chr19,31451781,31452080,10nM,strong,0,0,0
chr19,32222634,32223034,10nM,strong,0,0,0
chr19,33541660,33542311,10nM,strong,0,0,0
chr19,33580328,33580696,10nM,strong,0,0,0
chr19,33627490,33628179,10nM,strong,0,0,0
chr19,33629512,33629862,10nM,strong,0,0,0
chr19,33630071,33630306,10nM,strong,0,0,0
chr19,33879783,33880193,10nM,strong,0,0,0
chr19,35000308,35000628,10nM,strong,0,0,0
chr19,35040966,35041294,10nM,strong,0,0,0
chr19,35310415,35310659,10nM,strong,0,0,0
chr19,35315978,35316237,10nM,strong,0,0,0
chr19,35317407,35317839,10nM,strong,0,0,0
chr19,35319054,35319390,10nM,strong,0,0,0
chr19,36246615,36246969,10nM,strong,0,0,0
chr19,37932452,37932718,10nM,strong,0,0,0
chr19,37941710,37942085,10nM,strong,0,0,0
chr19,37966782,37967121,10nM,strong,0,0,0
chr19,37969751,37970002,10nM,strong,0,0,0
chr19,38298901,38299636,10nM,strong,0,0,1
chr19,38321592,38321955,10nM,strong,0,0,0
chr19,38681463,38681719,10nM,strong,0,0,0
chr19,38683593,38683942,10nM,strong,0,0,0
chr19,38684200,38684395,10nM,strong,0,0,0
chr19,38714434,38714811,10nM,strong,0,0,0
chr19,38835612,38835805,10nM,strong,0,0,1
chr19,39130348,39130766,10nM,strong,0,0,0
chr19,39144384,39144652,10nM,strong,0,0,0
chr19,39150945,39151340,10nM,strong,0,0,0
chr19,39160354,39160540,10nM,strong,0,0,0
chr19,39409507,39409795,10nM,strong,0,0,0
chr19,40226809,40227127,10nM,strong,1,0,0
chr19,40249784,40250026,10nM,strong,0,0,0
chr19,40466038,40466493,10nM,strong,0,0,0
chr19,40480197,40480530,10nM,strong,1,0,1
chr19,40920899,40921842,10nM,strong,0,0,0
chr19,41052256,41052781,10nM,strong,0,1,0
chr19,42487449,42487719,10nM,strong,0,0,0
chr19,42488823,42489181,10nM,strong,0,1,0
chr19,43595206,43595428,10nM,strong,0,0,0
chr19,44694709,44694908,10nM,strong,0,0,1
chr19,44718384,44718918,10nM,strong,0,0,0
chr19,44737744,44737961,10nM,strong,0,0,0
chr19,44741969,44742339,10nM,strong,0,0,0
chr19,44742823,44743097,10nM,strong,0,0,0
chr19,44748436,44748660,10nM,strong,0,0,0
chr19,46193078,46193444,10nM,strong,0,1,0
chr19,46784721,46784980,10nM,strong,0,0,0
chr19,46903460,46903805,10nM,strong,0,0,0
chr19,46925259,46925492,10nM,strong,0,0,0
chr19,47037371,47037592,10nM,strong,0,0,0
chr19,47081183,47081499,10nM,strong,0,0,0
chr19,47096060,47096635,10nM,strong,0,0,0
chr19,47152357,47152549,10nM,strong,0,0,0
chr19,47336882,47337214,10nM,strong,0,0,0
chr19,47610729,47611258,10nM,strong,0,0,0
chr19,47648273,47648538,10nM,strong,0,0,0
chr19,47723448,47723744,10nM,strong,0,1,1
chr19,48062725,48063000,10nM,strong,0,0,0
chr19,48553837,48554184,10nM,strong,0,0,0
chr19,48554655,48554955,10nM,strong,0,1,0
chr19,48568527,48568731,10nM,strong,0,0,0
chr19,48569628,48569888,10nM,strong,0,1,1
chr19,48613562,48613911,10nM,strong,0,0,0
chr19,49570620,49570919,10nM,strong,0,0,0
chr19,50721322,50721602,10nM,strong,0,0,0
chr19,51044380,51044704,10nM,strong,0,1,0
chr19,51807383,51807719,10nM,strong,0,0,0
chr19,54096929,54097326,10nM,strong,0,0,0
chr19,54156950,54157151,10nM,strong,0,0,0
chr19,55207207,55207536,10nM,strong,0,0,0
chr19,57798690,57798969,10nM,strong,1,0,0
chr19,57814003,57814355,10nM,strong,0,1,0
chr19,58518153,58518484,10nM,strong,0,0,0
chr2,260767,261394,10nM,strong,0,0,0
chr2,566985,567368,10nM,strong,0,0,0
chr2,1617676,1617999,10nM,strong,0,0,0
chr2,1618213,1618473,10nM,strong,0,0,0
chr2,1692608,1692940,10nM,strong,0,0,0
chr2,1913621,1913860,10nM,strong,0,0,0
chr2,1940254,1940782,10nM,strong,0,0,0
chr2,2083394,2083634,10nM,strong,0,0,0
chr2,3222665,3223344,10nM,strong,0,0,0
chr2,5195661,5195887,10nM,strong,0,0,0
chr2,6917738,6918137,10nM,strong,0,0,0
chr2,7748997,7749293,10nM,strong,0,0,0
chr2,7792326,7792526,10nM,strong,0,0,0
chr2,8525462,8525743,10nM,strong,0,0,0
chr2,8573839,8574052,10nM,strong,0,0,0
chr2,9168105,9168421,10nM,strong,0,0,0
chr2,9806254,9806595,10nM,strong,0,0,0
chr2,9807762,9808148,10nM,strong,0,0,0
chr2,9809112,9809303,10nM,strong,0,0,0
chr2,9812561,9812829,10nM,strong,0,1,0
chr2,10021757,10022064,10nM,strong,0,0,0
chr2,10022441,10022637,10nM,strong,0,0,0
chr2,10326832,10327162,10nM,strong,0,0,0
chr2,10490798,10491081,10nM,strong,0,1,0
chr2,10733617,10733871,10nM,strong,0,0,0
chr2,10752419,10752602,10nM,strong,0,0,0
chr2,10757179,10758086,10nM,strong,0,1,0
chr2,10759473,10759656,10nM,strong,0,0,0
chr2,11122296,11122693,10nM,strong,0,0,0
chr2,11125885,11126123,10nM,strong,0,0,0
chr2,11480846,11481052,10nM,strong,0,0,0
chr2,11494598,11494933,10nM,strong,0,0,0
chr2,11497933,11498283,10nM,strong,0,0,1
chr2,11498450,11498964,10nM,strong,0,0,0
chr2,11501200,11501547,10nM,strong,0,1,0
chr2,11502540,11502812,10nM,strong,0,0,0
chr2,11512693,11513112,10nM,strong,0,0,0
chr2,11515514,11515804,10nM,strong,0,0,0
chr2,11524382,11524793,10nM,strong,0,0,0
chr2,11530959,11531332,10nM,strong,0,0,0
chr2,11532308,11532770,10nM,strong,0,0,0
chr2,11539459,11540098,10nM,strong,0,0,0
chr2,11550959,11551249,10nM,strong,0,0,0
chr2,11558657,11558952,10nM,strong,0,0,0
chr2,11788631,11788992,10nM,strong,0,0,0
chr2,13545373,13545724,10nM,strong,0,0,0
chr2,14178772,14179197,10nM,strong,0,0,0
chr2,14543392,14543727,10nM,strong,0,0,0
chr2,15142703,15143256,10nM,strong,0,0,0
chr2,15642236,15642829,10nM,strong,0,0,0
chr2,15766350,15766704,10nM,strong,0,0,0
chr2,16019291,16019624,10nM,strong,0,0,0
chr2,16425800,16426016,10nM,strong,0,0,0
chr2,16506278,16506635,10nM,strong,0,0,0
chr2,19003664,19003894,10nM,strong,0,0,0
chr2,19009502,19009752,10nM,strong,0,0,0
chr2,19138406,19138700,10nM,strong,0,0,0
chr2,20071605,20072176,10nM,strong,0,0,0
chr2,20113931,20114342,10nM,strong,0,0,0
chr2,20351550,20351840,10nM,strong,0,0,0
chr2,20374913,20375243,10nM,strong,0,0,0
chr2,20378709,20378966,10nM,strong,0,0,0
chr2,20381318,20381730,10nM,strong,0,0,0
chr2,20468902,20469433,10nM,strong,0,0,0
chr2,20471669,20472058,10nM,strong,0,0,0
chr2,20472366,20472578,10nM,strong,0,0,0
chr2,20474191,20474649,10nM,strong,0,0,0
chr2,20474786,20475340,10nM,strong,0,0,0
chr2,24084178,24084476,10nM,strong,0,0,0
chr2,25078971,25079423,10nM,strong,0,0,0
chr2,25673918,25674164,10nM,strong,0,0,0
chr2,26012606,26012800,10nM,strong,0,0,0
chr2,26360046,26360291,10nM,strong,0,0,0
chr2,26367992,26368278,10nM,strong,0,0,0
chr2,26757983,26758297,10nM,strong,0,0,0
chr2,26758465,26758728,10nM,strong,0,0,0
chr2,26772561,26773088,10nM,strong,0,0,0
chr2,26978070,26978352,10nM,strong,0,0,0
chr2,28377182,28377515,10nM,strong,0,0,0
chr2,32946093,32946355,10nM,strong,0,0,0
chr2,35297408,35297796,10nM,strong,0,0,0
chr2,35298627,35298836,10nM,strong,0,0,0
chr2,38076077,38076599,10nM,strong,0,0,0
chr2,38096246,38096558,10nM,strong,0,0,0
chr2,38514662,38515221,10nM,strong,0,0,1
chr2,38690708,38691036,10nM,strong,0,0,1
chr2,39180243,39180689,10nM,strong,0,1,0
chr2,41774205,41774805,10nM,strong,0,1,0
chr2,41775739,41776097,10nM,strong,0,0,0
chr2,42010761,42011120,10nM,strong,0,0,0
chr2,42025410,42025630,10nM,strong,0,0,0
chr2,42342499,42342868,10nM,strong,0,0,0
chr2,42782697,42783153,10nM,strong,0,0,0
chr2,42784559,42784984,10nM,strong,0,0,0
chr2,42787483,42787697,10nM,strong,0,0,0
chr2,42788796,42789290,10nM,strong,0,0,0
chr2,42876486,42876737,10nM,strong,0,0,0
chr2,43273616,43273929,10nM,strong,0,0,0
chr2,43276610,43276883,10nM,strong,0,0,0
chr2,45752535,45752948,10nM,strong,0,0,0
chr2,45753431,45753729,10nM,strong,0,0,0
chr2,45820682,45820997,10nM,strong,0,0,0
chr2,45822465,45822710,10nM,strong,0,0,0
chr2,47029057,47029287,10nM,strong,0,0,0
chr2,53987319,53987614,10nM,strong,0,0,0
chr2,53989319,53989831,10nM,strong,0,0,0
chr2,54574424,54574808,10nM,strong,0,0,0
chr2,54953296,54953534,10nM,strong,0,0,0
chr2,55163801,55164150,10nM,strong,0,0,0
chr2,62858282,62858862,10nM,strong,0,0,0
chr2,64273532,64273922,10nM,strong,0,0,0
chr2,64482896,64483130,10nM,strong,0,0,0
chr2,64906807,64907366,10nM,strong,0,0,0
chr2,64975310,64975751,10nM,strong,0,0,0
chr2,65300206,65300527,10nM,strong,0,0,0
chr2,65388265,65388451,10nM,strong,0,0,0
chr2,65576642,65576851,10nM,strong,0,0,0
chr2,65604266,65604657,10nM,strong,0,0,0
chr2,65639528,65639717,10nM,strong,0,0,0
chr2,66554178,66554530,10nM,strong,0,0,0
chr2,70258552,70258852,10nM,strong,0,0,0
chr2,70381875,70382375,10nM,strong,0,0,0
chr2,70616242,70616585,10nM,strong,0,0,0
chr2,73254528,73254828,10nM,strong,0,0,1
chr2,73268480,73268690,10nM,strong,0,0,0
chr2,73431869,73432281,10nM,strong,0,0,0
chr2,74441876,74442264,10nM,strong,0,0,0
chr2,74772172,74772649,10nM,strong,0,0,0
chr2,74845238,74845594,10nM,strong,0,0,0
chr2,74845859,74846407,10nM,strong,0,0,0
chr2,74897830,74898235,10nM,strong,0,0,0
chr2,75153408,75153666,10nM,strong,0,0,0
chr2,85133759,85133985,10nM,strong,0,0,0
chr2,85397942,85398175,10nM,strong,0,0,0
chr2,85517086,85517405,10nM,strong,0,0,0
chr2,85524724,85524978,10nM,strong,0,0,0
chr2,85954520,85955409,10nM,strong,0,0,0
chr2,86264159,86264523,10nM,strong,0,0,0
chr2,88191357,88191683,10nM,strong,0,0,0
chr2,95526489,95526800,10nM,strong,0,0,0
chr2,96147096,96147280,10nM,strong,0,0,0
chr2,96964642,96965425,10nM,strong,0,1,0
chr2,98058483,98058695,10nM,strong,0,0,0
chr2,98233837,98234309,10nM,strong,0,0,0
chr2,99609753,99610262,10nM,strong,0,0,0
chr2,99617877,99618274,10nM,strong,0,1,0
chr2,99618958,99619209,10nM,strong,0,0,1
chr2,99636613,99637060,10nM,strong,0,0,0
chr2,99806824,99807038,10nM,strong,0,0,0
chr2,100066922,100067183,10nM,strong,0,0,0
chr2,100292074,100292304,10nM,strong,0,0,0
chr2,100322306,100322565,10nM,strong,0,0,0
chr2,101234646,101235009,10nM,strong,0,0,1
chr2,104481568,104481985,10nM,strong,0,0,0
chr2,105377934,105378174,10nM,strong,0,0,0
chr2,105399100,105399307,10nM,strong,0,0,0
chr2,105404051,105404348,10nM,strong,0,0,0
chr2,105522650,105523158,10nM,strong,0,1,0
chr2,106274523,106274828,10nM,strong,0,0,0
chr2,108295627,108296005,10nM,strong,0,0,1
chr2,108594992,108595279,10nM,strong,0,0,0
chr2,108786451,108786685,10nM,strong,0,0,0
chr2,108905212,108905496,10nM,strong,0,0,0
chr2,109351193,109351509,10nM,strong,0,0,0
chr2,109407764,109408036,10nM,strong,0,0,0
chr2,109472594,109473063,10nM,strong,0,0,0
chr2,109480473,109480974,10nM,strong,0,0,0
chr2,109482434,109482642,10nM,strong,0,0,0
chr2,109690836,109691104,10nM,strong,0,0,0
chr2,111048754,111049525,10nM,strong,0,0,0
chr2,111535374,111535765,10nM,strong,0,0,0
chr2,112591401,112591743,10nM,strong,0,0,0
chr2,113236549,113236767,10nM,strong,0,0,0
chr2,118080503,118080944,10nM,strong,0,0,0
chr2,118085805,118086110,10nM,strong,0,0,0
chr2,120228593,120228872,10nM,strong,0,0,0
chr2,120404106,120404480,10nM,strong,0,0,0
chr2,120405826,120406119,10nM,strong,0,0,0
chr2,120406736,120407198,10nM,strong,0,0,0
chr2,120564353,120564595,10nM,strong,0,0,0
chr2,128448911,128449311,10nM,strong,0,0,0
chr2,130239588,130239916,10nM,strong,0,0,0
chr2,131434392,131434693,10nM,strong,0,0,0
chr2,131661179,131661467,10nM,strong,0,0,0
chr2,131672402,131672612,10nM,strong,0,0,0
chr2,133331428,133332022,10nM,strong,0,0,0
chr2,133492929,133493316,10nM,strong,0,0,0
chr2,133504867,133505465,10nM,strong,0,0,0
chr2,137508813,137509150,10nM,strong,0,0,0
chr2,137511515,137511787,10nM,strong,0,0,0
chr2,137528709,137528963,10nM,strong,0,0,0
chr2,137675963,137676270,10nM,strong,0,0,0
chr2,138435738,138436091,10nM,strong,0,0,0
chr2,139245178,139245720,10nM,strong,0,0,0
chr2,142980217,142980503,10nM,strong,0,0,0
chr2,148594153,148594470,10nM,strong,0,0,0
chr2,156182077,156182395,10nM,strong,0,0,0
chr2,156399434,156399754,10nM,strong,0,0,0
chr2,156933970,156934336,10nM,strong,0,0,0
chr2,157125250,157125853,10nM,strong,0,0,0
chr2,157628590,157628791,10nM,strong,0,0,0
chr2,158507299,158507598,10nM,strong,0,0,0
chr2,158723471,158724300,10nM,strong,0,0,0
chr2,158727271,158727707,10nM,strong,0,0,0
chr2,159043663,159044090,10nM,strong,0,0,0
chr2,159064481,159065145,10nM,strong,0,0,0
chr2,159099548,159099873,10nM,strong,0,0,0
chr2,159111310,159111911,10nM,strong,0,0,0
chr2,159119294,159119901,10nM,strong,0,0,0
chr2,160221781,160222355,10nM,strong,0,0,0
chr2,160993564,160994031,10nM,strong,0,0,0
chr2,164955524,164955795,10nM,strong,0,0,0
chr2,168455936,168456225,10nM,strong,0,0,0
chr2,170238724,170239166,10nM,strong,0,0,0
chr2,173972394,173972879,10nM,strong,0,0,1
chr2,173985599,173985987,10nM,strong,0,0,0
chr2,173997881,173998181,10nM,strong,0,0,0
chr2,176637996,176638182,10nM,strong,0,0,0
chr2,176814377,176814604,10nM,strong,0,0,0
chr2,176845657,176846057,10nM,strong,0,0,0
chr2,177521062,177521362,10nM,strong,0,0,0
chr2,179574216,179574601,10nM,strong,0,0,0
chr2,179580696,179581085,10nM,strong,0,0,0
chr2,179646631,179647212,10nM,strong,0,0,0
chr2,180360172,180360417,10nM,strong,0,0,0
chr2,185187290,185187753,10nM,strong,0,0,0
chr2,189541284,189542048,10nM,strong,0,0,0
chr2,190785544,190785758,10nM,strong,0,0,0
chr2,190786328,190787190,10nM,strong,0,1,0
chr2,197842812,197843208,10nM,strong,0,0,0
chr2,200185078,200185342,10nM,strong,0,0,0
chr2,200259636,200259921,10nM,strong,0,0,0
chr2,200288606,200288975,10nM,strong,0,0,0
chr2,200300640,200301161,10nM,strong,0,0,0
chr2,200310680,200311132,10nM,strong,0,0,0
chr2,200665772,200666181,10nM,strong,0,0,0
chr2,200746961,200747291,10nM,strong,0,0,1
chr2,200747910,200748385,10nM,strong,0,0,0
chr2,200786248,200786886,10nM,strong,0,0,0
chr2,201949302,201949627,10nM,strong,0,0,0
chr2,201985725,201986085,10nM,strong,0,0,0
chr2,201986292,201986624,10nM,strong,0,0,0
chr2,202039565,202039778,10nM,strong,0,0,0
chr2,204109615,204109992,10nM,strong,0,0,0
chr2,211423037,211423433,10nM,strong,0,0,0
chr2,214376484,214376906,10nM,strong,0,0,0
chr2,214378310,214379198,10nM,strong,0,0,0
chr2,215216817,215217238,10nM,strong,0,0,0
chr2,215966298,215966666,10nM,strong,0,1,0
chr2,215979084,215979308,10nM,strong,0,1,0
chr2,215979657,215979975,10nM,strong,0,0,0
chr2,215980177,215980471,10nM,strong,0,0,0
chr2,215982473,215982957,10nM,strong,0,0,0
chr2,216551144,216551438,10nM,strong,0,0,0
chr2,217092577,217092978,10nM,strong,0,0,0
chr2,217247466,217247822,10nM,strong,0,0,0
chr2,217331622,217332295,10nM,strong,0,0,0
chr2,217366910,217367244,10nM,strong,0,0,0
chr2,217387465,217387854,10nM,strong,0,0,0
chr2,217387977,217388470,10nM,strong,0,1,0
chr2,217943564,217943892,10nM,strong,0,0,0
chr2,217944168,217944353,10nM,strong,0,0,0
chr2,218010127,218010380,10nM,strong,0,0,0
chr2,218322384,218322767,10nM,strong,0,0,0
chr2,219398881,219399290,10nM,strong,0,0,0
chr2,219399914,219400531,10nM,strong,0,0,0
chr2,219478481,219478898,10nM,strong,0,0,0
chr2,224331662,224332228,10nM,strong,1,0,0
chr2,225614868,225615284,10nM,strong,0,0,0
chr2,225615525,225615881,10nM,strong,0,0,0
chr2,225616392,225616717,10nM,strong,0,0,0
chr2,226151158,226151473,10nM,strong,0,0,0
chr2,227703275,227703609,10nM,strong,0,0,0
chr2,227703768,227704131,10nM,strong,0,0,0
chr2,229815390,229815857,10nM,strong,0,0,0
chr2,229848525,229848802,10nM,strong,0,0,0
chr2,231222921,231223413,10nM,strong,0,0,0
chr2,231519458,231519758,10nM,strong,0,0,0
chr2,231706184,231706551,10nM,strong,0,0,0
chr2,231707717,231708078,10nM,strong,0,0,0
chr2,232745172,232745490,10nM,strong,0,0,0
chr2,233271938,233272176,10nM,strong,0,0,0
chr2,234976439,234976992,10nM,strong,0,0,0
chr2,236592715,236593403,10nM,strong,0,0,0
chr2,236611519,236611966,10nM,strong,0,0,0
chr2,236691945,236692216,10nM,strong,0,0,0
chr2,236692832,236693363,10nM,strong,0,1,0
chr2,236818521,236818902,10nM,strong,0,0,0
chr2,236824888,236825439,10nM,strong,0,0,0
chr2,236874915,236875172,10nM,strong,0,0,0
chr2,236967150,236967511,10nM,strong,0,0,0
chr2,237025299,237025554,10nM,strong,0,0,0
chr2,237025771,237026122,10nM,strong,0,0,0
chr2,237041265,237041674,10nM,strong,0,0,0
chr2,237043999,237044724,10nM,strong,0,0,0
chr2,237075986,237076342,10nM,strong,0,0,0
chr2,237235366,237235923,10nM,strong,0,0,0
chr2,237487156,237487440,10nM,strong,0,0,0
chr2,237496417,237496754,10nM,strong,0,0,0
chr2,237502510,237502830,10nM,strong,0,0,0
chr2,237510073,237510449,10nM,strong,0,0,0
chr2,237558961,237559369,10nM,strong,0,0,0
chr2,237691134,237691350,10nM,strong,0,0,0
chr2,237940879,237941137,10nM,strong,0,0,0
chr2,239268209,239268794,10nM,strong,0,0,0
chr2,240069861,240070374,10nM,strong,0,0,0
chr2,240251022,240251288,10nM,strong,0,0,0
chr2,240251554,240252118,10nM,strong,0,0,0
chr2,240368685,240369082,10nM,strong,0,0,0
chr2,240369333,240369752,10nM,strong,0,0,0
chr2,240565972,240566220,10nM,strong,0,0,0
chr2,240893476,240893708,10nM,strong,0,0,0
chr2,240898314,240898533,10nM,strong,0,0,0
chr2,240959675,240959947,10nM,strong,0,0,0
chr2,240960439,240960785,10nM,strong,0,0,0
chr20,753983,754198,10nM,strong,0,0,0
chr20,754309,754544,10nM,strong,0,1,0
chr20,829035,829363,10nM,strong,0,0,0
chr20,2207736,2208061,10nM,strong,0,0,0
chr20,2244543,2245127,10nM,strong,0,0,0
chr20,4109689,4110073,10nM,strong,0,0,0
chr20,4134624,4134825,10nM,strong,0,0,0
chr20,4135383,4135701,10nM,strong,0,0,0
chr20,4136506,4136920,10nM,strong,0,0,0
chr20,4161385,4161639,10nM,strong,0,0,0
chr20,4161976,4162253,10nM,strong,0,0,0
chr20,15039148,15039546,10nM,strong,0,0,0
chr20,16542554,16542798,10nM,strong,0,0,0
chr20,17567519,17567816,10nM,strong,0,1,0
chr20,18058774,18059126,10nM,strong,0,0,0
chr20,19130114,19130535,10nM,strong,0,0,0
chr20,19283499,19283874,10nM,strong,0,0,0
chr20,19767170,19767418,10nM,strong,0,0,0
chr20,19784060,19784395,10nM,strong,0,0,0
chr20,20079504,20079774,10nM,strong,0,0,0
chr20,20772550,20772981,10nM,strong,0,0,0
chr20,22296138,22296590,10nM,strong,0,0,0
chr20,22680214,22680633,10nM,strong,0,0,0
chr20,23357786,23358078,10nM,strong,0,0,0
chr20,23361111,23361343,10nM,strong,0,0,0
chr20,24649887,24650376,10nM,strong,0,0,0
chr20,25018502,25018735,10nM,strong,0,0,0
chr20,25056101,25056477,10nM,strong,0,0,0
chr20,30594210,30594420,10nM,strong,0,0,0
chr20,31559838,31560159,10nM,strong,0,0,0
chr20,31672508,31672878,10nM,strong,0,0,0
chr20,31680454,31680704,10nM,strong,0,0,0
chr20,31704485,31704669,10nM,strong,0,0,0
chr20,31822530,31822790,10nM,strong,0,0,0
chr20,32040729,32041105,10nM,strong,0,1,0
chr20,32741954,32742213,10nM,strong,0,1,0
chr20,33674502,33674776,10nM,strong,0,0,0
chr20,34350185,34350497,10nM,strong,0,0,0
chr20,35093146,35093343,10nM,strong,0,0,0
chr20,35277191,35277376,10nM,strong,0,0,0
chr20,36027212,36027605,10nM,strong,0,0,0
chr20,36062717,36063131,10nM,strong,0,0,0
chr20,36064817,36065052,10nM,strong,0,0,0
chr20,36083267,36083627,10nM,strong,0,0,0
chr20,36587243,36587639,10nM,strong,0,0,0
chr20,36774264,36774554,10nM,strong,0,0,0
chr20,37279507,37279959,10nM,strong,0,1,0
chr20,38108480,38109007,10nM,strong,0,0,0
chr20,38109241,38110530,10nM,strong,0,0,0
chr20,38139413,38139720,10nM,strong,0,0,0
chr20,38145005,38145357,10nM,strong,0,0,0
chr20,39645341,39645909,10nM,strong,0,0,0
chr20,39849571,39850013,10nM,strong,0,0,0
chr20,40286772,40287445,10nM,strong,0,0,0
chr20,40648430,40648744,10nM,strong,0,0,0
chr20,40649076,40649425,10nM,strong,0,0,0
chr20,41086897,41087191,10nM,strong,0,0,0
chr20,43670450,43670958,10nM,strong,0,1,0
chr20,44182011,44182482,10nM,strong,0,0,0
chr20,44287322,44287652,10nM,strong,0,0,0
chr20,44294890,44295094,10nM,strong,0,0,0
chr20,44302257,44302717,10nM,strong,0,0,0
chr20,44304641,44304824,10nM,strong,0,0,0
chr20,44714665,44714982,10nM,strong,0,0,0
chr20,44765132,44765945,10nM,strong,0,0,0
chr20,45321881,45322153,10nM,strong,0,1,0
chr20,45340415,45340787,10nM,strong,0,0,0
chr20,45341590,45341792,10nM,strong,0,0,0
chr20,45342149,45342485,10nM,strong,0,0,0
chr20,45373176,45373516,10nM,strong,0,0,0
chr20,45995618,45995857,10nM,strong,0,0,0
chr20,47318820,47319317,10nM,strong,0,0,0
chr20,47340826,47341327,10nM,strong,0,1,0
chr20,47343346,47343705,10nM,strong,0,1,0
chr20,47345106,47345635,10nM,strong,0,1,1
chr20,47352559,47353027,10nM,strong,0,0,0
chr20,47382627,47383035,10nM,strong,0,0,0
chr20,47383822,47384046,10nM,strong,0,0,0
chr20,47493212,47493424,10nM,strong,0,0,0
chr20,47911950,47912417,10nM,strong,0,0,0
chr20,48075770,48076615,10nM,strong,0,0,0
chr20,48078458,48078829,10nM,strong,0,0,0
chr20,48079071,48079433,10nM,strong,0,0,0
chr20,48094319,48094664,10nM,strong,0,0,0
chr20,48157989,48158408,10nM,strong,0,0,0
chr20,48246397,48246971,10nM,strong,0,0,0
chr20,48572172,48572569,10nM,strong,0,0,0
chr20,48597280,48597933,10nM,strong,0,0,0
chr20,48616718,48616948,10nM,strong,0,0,0
chr20,48663714,48664157,10nM,strong,1,0,0
chr20,48686169,48686380,10nM,strong,0,0,0
chr20,48686525,48686903,10nM,strong,0,0,0
chr20,48697789,48698538,10nM,strong,0,0,0
chr20,48705311,48705696,10nM,strong,0,0,0
chr20,48804865,48805083,10nM,strong,0,0,0
chr20,48864293,48865148,10nM,strong,0,0,0
chr20,48870458,48870788,10nM,strong,0,1,0
chr20,48945941,48946244,10nM,strong,0,0,0
chr20,49812482,49812665,10nM,strong,0,0,0
chr20,49982023,49982307,10nM,strong,0,0,0
chr20,50076648,50077050,10nM,strong,0,1,0
chr20,50142844,50143052,10nM,strong,0,0,0
chr20,50283539,50283794,10nM,strong,0,0,0
chr20,50284709,50285154,10nM,strong,0,0,0
chr20,50377010,50377298,10nM,strong,0,0,0
chr20,50414804,50415194,10nM,strong,0,0,0
chr20,50440721,50441052,10nM,strong,0,0,0
chr20,50727309,50727997,10nM,strong,0,0,0
chr20,50762417,50762631,10nM,strong,0,0,1
chr20,50764000,50764582,10nM,strong,0,1,1
chr20,50798707,50799035,10nM,strong,0,0,0
chr20,51716013,51716240,10nM,strong,0,0,0
chr20,51735025,51735254,10nM,strong,0,0,0
chr20,51917899,51918327,10nM,strong,0,0,0
chr20,53346159,53346749,10nM,strong,0,0,0
chr20,53515672,53515917,10nM,strong,0,0,0
chr20,53601147,53601333,10nM,strong,0,0,0
chr20,53608249,53608552,10nM,strong,0,0,0
chr20,53654789,53655106,10nM,strong,0,1,0
chr20,53661047,53661527,10nM,strong,0,0,0
chr20,53661751,53662164,10nM,strong,0,1,0
chr20,53711293,53711546,10nM,strong,0,0,1
chr20,53725176,53725451,10nM,strong,0,0,0
chr20,53786122,53786437,10nM,strong,0,0,0
chr20,53852226,53852430,10nM,strong,0,0,0
chr20,53864402,53864600,10nM,strong,0,0,0
chr20,54070652,54070934,10nM,strong,0,0,0
chr20,54086318,54086513,10nM,strong,0,0,0
chr20,54087039,54087395,10nM,strong,0,1,0
chr20,54099634,54099818,10nM,strong,0,0,0
chr20,54104093,54104432,10nM,strong,0,0,0
chr20,54123540,54124082,10nM,strong,0,0,0
chr20,54126894,54127499,10nM,strong,0,0,0
chr20,54148995,54149494,10nM,strong,0,0,0
chr20,54151920,54152133,10nM,strong,0,0,0
chr20,54194948,54195672,10nM,strong,0,0,0
chr20,54197227,54197455,10nM,strong,0,0,0
chr20,54456544,54456767,10nM,strong,0,0,0
chr20,56606660,56606892,10nM,strong,0,0,0
chr20,56629232,56629579,10nM,strong,0,0,0
chr20,56734047,56734272,10nM,strong,0,0,0
chr20,56735209,56735681,10nM,strong,0,0,0
chr20,56758705,56759201,10nM,strong,0,0,0
chr20,56890003,56890491,10nM,strong,0,1,0
chr20,56936621,56936988,10nM,strong,0,1,0
chr20,56988166,56988411,10nM,strong,0,0,0
chr20,57071242,57071548,10nM,strong,0,0,0
chr20,57108960,57109245,10nM,strong,0,0,0
chr20,57157483,57157844,10nM,strong,0,0,0
chr20,57159403,57159687,10nM,strong,0,0,0
chr20,57178427,57178644,10nM,strong,0,0,0
chr20,57263016,57263381,10nM,strong,0,0,0
chr20,57270475,57270704,10nM,strong,0,0,0
chr20,57692807,57693097,10nM,strong,0,0,0
chr20,57693679,57694283,10nM,strong,0,0,0
chr20,58017107,58017419,10nM,strong,0,0,0
chr20,58054805,58055181,10nM,strong,0,0,0
chr20,58142482,58142685,10nM,strong,0,0,0
chr20,60062872,60063426,10nM,strong,0,0,0
chr20,61303834,61304136,10nM,strong,0,0,0
chr20,62406530,62406918,10nM,strong,0,0,0
chr20,62407733,62407987,10nM,strong,0,0,0
chr20,62470150,62470461,10nM,strong,0,0,0
chr20,63069727,63070087,10nM,strong,0,0,0
chr20,63102352,63102574,10nM,strong,0,0,0
chr20,63846163,63846416,10nM,strong,0,0,0
chr20,63863070,63863369,10nM,strong,0,0,0
chr20,63864119,63864408,10nM,strong,0,0,0
chr21,14270623,14270936,10nM,strong,0,0,0
chr21,14863353,14863696,10nM,strong,0,0,0
chr21,14870945,14871165,10nM,strong,0,0,0
chr21,15003345,15003808,10nM,strong,0,0,0
chr21,15005311,15005772,10nM,strong,0,0,0
chr21,15065491,15065772,10nM,strong,0,0,0
chr21,15132767,15133156,10nM,strong,0,0,0
chr21,15190931,15191183,10nM,strong,0,0,0
chr21,15199546,15199757,10nM,strong,0,0,0
chr21,15199932,15200350,10nM,strong,0,0,0
chr21,15200664,15200868,10nM,strong,0,0,0
chr21,15203625,15204090,10nM,strong,0,0,0
chr21,15204196,15204638,10nM,strong,0,0,0
chr21,15204898,15205241,10nM,strong,0,0,0
chr21,15208020,15208298,10nM,strong,0,0,0
chr21,15210088,15210703,10nM,strong,0,0,0
chr21,15211689,15211894,10nM,strong,0,0,0
chr21,15342465,15343288,10nM,strong,0,0,0
chr21,15494053,15494251,10nM,strong,0,0,0
chr21,15586850,15587400,10nM,strong,0,0,0
chr21,17128343,17128668,10nM,strong,0,0,0
chr21,17746081,17746404,10nM,strong,0,0,0
chr21,19620820,19621134,10nM,strong,0,0,0
chr21,20996957,20997328,10nM,strong,0,0,0
chr21,21007587,21007895,10nM,strong,0,0,0
chr21,21897617,21897913,10nM,strong,0,0,0
chr21,25970655,25970891,10nM,strong,0,0,0
chr21,27761509,27761826,10nM,strong,0,0,0
chr21,29378710,29378966,10nM,strong,0,0,0
chr21,29386178,29386508,10nM,strong,0,1,0
chr21,31529378,31529759,10nM,strong,0,0,0
chr21,32393437,32393708,10nM,strong,0,0,0
chr21,33854668,33854976,10nM,strong,0,0,0
chr21,34728291,34728872,10nM,strong,0,0,0
chr21,35261799,35262917,10nM,strong,0,0,0
chr21,35952203,35952455,10nM,strong,0,1,0
chr21,35953644,35953992,10nM,strong,0,0,0
chr21,36188113,36188626,10nM,strong,0,0,0
chr21,36193333,36193567,10nM,strong,0,0,0
chr21,36235117,36235491,10nM,strong,0,0,1
chr21,36246250,36246433,10nM,strong,0,0,0
chr21,36613019,36613347,10nM,strong,0,0,0
chr21,37267847,37268233,10nM,strong,0,0,0
chr21,37564728,37565066,10nM,strong,0,0,0
chr21,38661242,38661623,10nM,strong,0,0,0
chr21,38914661,38915008,10nM,strong,0,0,0
chr21,39314680,39314946,10nM,strong,0,0,0
chr21,39322034,39322231,10nM,strong,0,1,0
chr21,39445325,39445593,10nM,strong,0,0,0
chr21,39523636,39524292,10nM,strong,0,0,0
chr21,39527683,39528168,10nM,strong,0,0,0
chr21,39593546,39593782,10nM,strong,0,0,1
chr21,39594637,39594977,10nM,strong,0,0,0
chr21,39666841,39667403,10nM,strong,0,0,0
chr21,39669898,39670193,10nM,strong,0,0,0
chr21,40318531,40319076,10nM,strong,0,0,0
chr21,40320851,40321325,10nM,strong,0,0,0
chr21,40324451,40325129,10nM,strong,0,0,0
chr21,40339180,40339385,10nM,strong,0,0,0
chr21,40382947,40383130,10nM,strong,0,1,0
chr21,41148759,41149664,10nM,strong,0,0,0
chr21,41322149,41322421,10nM,strong,0,0,0
chr21,41322567,41322804,10nM,strong,0,0,0
chr21,41583289,41583638,10nM,strong,0,0,0
chr21,41605444,41605929,10nM,strong,0,0,0
chr21,41656940,41657285,10nM,strong,0,0,0
chr21,41681222,41681449,10nM,strong,0,0,0
chr21,42056374,42056951,10nM,strong,0,0,0
chr21,42057057,42057379,10nM,strong,0,0,0
chr21,42059985,42060371,10nM,strong,0,0,0
chr21,42085860,42086545,10nM,strong,0,0,0
chr21,42120149,42120352,10nM,strong,0,0,0
chr21,42363564,42363755,10nM,strong,0,0,0
chr21,42364598,42364857,10nM,strong,0,0,0
chr21,42366325,42367048,10nM,strong,0,1,0
chr21,42375449,42375834,10nM,strong,0,0,0
chr21,42376247,42376719,10nM,strong,0,0,0
chr21,42390758,42391110,10nM,strong,0,0,0
chr21,42516278,42516555,10nM,strong,0,0,0
chr21,42919809,42920140,10nM,strong,0,0,0
chr21,43006635,43007233,10nM,strong,0,0,0
chr21,43343069,43343623,10nM,strong,0,0,0
chr21,43344492,43344860,10nM,strong,0,0,0
chr21,43609824,43610063,10nM,strong,0,0,0
chr21,44195985,44196210,10nM,strong,0,0,0
chr21,44704328,44704570,10nM,strong,0,0,0
chr21,44709822,44710028,10nM,strong,0,0,0
chr21,44747924,44748206,10nM,strong,0,0,1
chr21,44764750,44765103,10nM,strong,0,0,0
chr21,44773734,44773983,10nM,strong,0,0,0
chr21,44872397,44872593,10nM,strong,0,0,0
chr21,45073271,45073719,10nM,strong,0,0,0
chr21,45327242,45327527,10nM,strong,0,0,0
chr21,45330162,45330650,10nM,strong,0,0,0
chr21,45352842,45353163,10nM,strong,0,0,0
chr21,45386673,45387122,10nM,strong,0,0,0
chr21,45403325,45403568,10nM,strong,0,0,0
chr21,45421744,45421996,10nM,strong,0,0,0
chr21,45542857,45543153,10nM,strong,0,0,0
chr21,45868195,45868915,10nM,strong,0,0,0
chr21,45915132,45915405,10nM,strong,0,0,0
chr21,46294556,46294834,10nM,strong,0,0,0
chr22,11618149,11618399,10nM,strong,0,1,0
chr22,18119593,18120070,10nM,strong,0,0,0
chr22,19173121,19173367,10nM,strong,0,0,0
chr22,19749396,19749721,10nM,strong,0,0,0
chr22,20884924,20885294,10nM,strong,0,1,0
chr22,20885776,20886029,10nM,strong,0,0,0
chr22,20887489,20887924,10nM,strong,0,0,0
chr22,20916716,20917143,10nM,strong,0,0,0
chr22,23192158,23192649,10nM,strong,0,0,0
chr22,23269568,23270089,10nM,strong,0,0,0
chr22,24138752,24138973,10nM,strong,0,0,0
chr22,24139531,24139716,10nM,strong,0,1,0
chr22,24189856,24190089,10nM,strong,0,0,0
chr22,24195750,24196101,10nM,strong,0,0,1
chr22,24196647,24196874,10nM,strong,0,0,0
chr22,24206880,24207292,10nM,strong,0,0,0
chr22,24303444,24303627,10nM,strong,0,0,0
chr22,24352060,24352702,10nM,strong,0,0,0
chr22,24392199,24392758,10nM,strong,0,0,0
chr22,24402694,24403079,10nM,strong,0,0,0
chr22,24525395,24525593,10nM,strong,0,0,0
chr22,24526115,24526528,10nM,strong,0,0,0
chr22,24531981,24532590,10nM,strong,1,1,0
chr22,25400858,25401121,10nM,strong,0,0,0
chr22,25729050,25729311,10nM,strong,0,0,0
chr22,25930815,25931236,10nM,strong,0,0,0
chr22,25942948,25943360,10nM,strong,0,0,0
chr22,26684697,26685033,10nM,strong,0,0,1
chr22,26777506,26777767,10nM,strong,0,0,0
chr22,27345370,27345717,10nM,strong,0,0,0
chr22,27799607,27799976,10nM,strong,0,0,0
chr22,28790703,28791027,10nM,strong,0,1,0
chr22,28813592,28814317,10nM,strong,0,1,1
chr22,28818600,28818923,10nM,strong,0,0,0
chr22,28819359,28820119,10nM,strong,0,0,1
chr22,28822478,28822664,10nM,strong,0,1,0
chr22,28822910,28823282,10nM,strong,0,0,0
chr22,28823779,28824131,10nM,strong,0,1,0
chr22,29378071,29378454,10nM,strong,0,0,1
chr22,29385537,29385906,10nM,strong,0,0,0
chr22,29386121,29386554,10nM,strong,0,0,0
chr22,29481715,29482135,10nM,strong,0,0,0
chr22,29482485,29482740,10nM,strong,0,0,0
chr22,29517088,29517915,10nM,strong,0,0,0
chr22,29798777,29799174,10nM,strong,0,0,0
chr22,30291080,30291423,10nM,strong,0,0,0
chr22,30298353,30298627,10nM,strong,0,0,0
chr22,31579922,31580105,10nM,strong,0,0,0
chr22,33540281,33540684,10nM,strong,0,0,0
chr22,33543638,33543887,10nM,strong,0,0,0
chr22,33860332,33860635,10nM,strong,0,0,0
chr22,33865239,33865547,10nM,strong,0,0,0
chr22,34282241,34282469,10nM,strong,0,0,0
chr22,34637809,34638071,10nM,strong,0,0,0
chr22,35265309,35265611,10nM,strong,0,0,0
chr22,35299288,35299505,10nM,strong,0,0,0
chr22,35623225,35623459,10nM,strong,0,0,0
chr22,36465711,36465996,10nM,strong,0,0,0
chr22,37021162,37021405,10nM,strong,0,0,0
chr22,37178384,37178614,10nM,strong,0,0,0
chr22,37189119,37189565,10nM,strong,0,0,0
chr22,37196629,37197208,10nM,strong,0,0,0
chr22,37197718,37198146,10nM,strong,0,0,0
chr22,37563686,37563975,10nM,strong,0,0,0
chr22,37570138,37570671,10nM,strong,0,0,0
chr22,37607356,37607627,10nM,strong,0,0,0
chr22,37781461,37781856,10nM,strong,0,0,0
chr22,37887755,37888068,10nM,strong,0,0,0
chr22,37892835,37893174,10nM,strong,0,0,0
chr22,38178072,38178302,10nM,strong,0,0,1
chr22,38180912,38181260,10nM,strong,0,0,0
chr22,38222838,38223116,10nM,strong,0,0,0
chr22,38802852,38803104,10nM,strong,0,0,0
chr22,39283731,39283956,10nM,strong,0,0,0
chr22,39290717,39291003,10nM,strong,0,0,0
chr22,39292849,39293232,10nM,strong,0,1,0
chr22,39293737,39294076,10nM,strong,0,0,0
chr22,39299855,39300699,10nM,strong,0,0,0
chr22,39301156,39301417,10nM,strong,0,1,0
chr22,39482785,39483159,10nM,strong,0,0,0
chr22,40006708,40007068,10nM,strong,0,0,0
chr22,40711496,40711733,10nM,strong,0,0,1
chr22,40721214,40721537,10nM,strong,0,0,0
chr22,40728924,40729280,10nM,strong,0,0,0
chr22,40732690,40733098,10nM,strong,0,0,0
chr22,41381001,41381302,10nM,strong,0,0,0
chr22,42734444,42734779,10nM,strong,0,0,0
chr22,42800780,42801197,10nM,strong,0,0,0
chr22,42803551,42804046,10nM,strong,0,0,1
chr22,42804699,42804958,10nM,strong,0,1,0
chr22,42805078,42805321,10nM,strong,0,0,0
chr22,43391228,43391696,10nM,strong,0,0,0
chr22,44455372,44456095,10nM,strong,0,0,0
chr22,44710757,44711088,10nM,strong,0,0,0
chr22,44743568,44744233,10nM,strong,0,0,0
chr22,44759605,44760096,10nM,strong,0,0,0
chr22,45010553,45010824,10nM,strong,0,0,0
chr22,45198265,45198484,10nM,strong,0,0,0
chr22,45273594,45273777,10nM,strong,0,0,0
chr22,45279556,45279991,10nM,strong,0,0,1
chr22,45280660,45280931,10nM,strong,0,0,0
chr22,45284632,45284929,10nM,strong,0,0,0
chr22,46377608,46377879,10nM,strong,0,0,0
chr22,46465766,46466426,10nM,strong,0,0,0
chr22,46491925,46492324,10nM,strong,0,0,0
chr22,46742929,46743124,10nM,strong,0,0,0
chr22,47461024,47461267,10nM,strong,0,0,0
chr22,48089741,48090411,10nM,strong,0,0,0
chr22,48254371,48254804,10nM,strong,0,0,0
chr22,48477368,48477703,10nM,strong,0,0,0
chr22,49855788,49856025,10nM,strong,0,0,0
chr22,49857333,49857984,10nM,strong,0,1,0
chr22,49971299,49971579,10nM,strong,0,0,0
chr22,50397073,50397364,10nM,strong,0,0,0
chr3,4355377,4356039,10nM,strong,0,0,0
chr3,4438382,4438628,10nM,strong,0,0,0
chr3,4581636,4582104,10nM,strong,0,0,0
chr3,4595664,4596138,10nM,strong,0,0,0
chr3,4687299,4687482,10nM,strong,0,0,0
chr3,4714034,4714306,10nM,strong,0,0,0
chr3,4750188,4750570,10nM,strong,0,0,0
chr3,4977419,4977865,10nM,strong,0,0,0
chr3,4978258,4978658,10nM,strong,0,0,0
chr3,5026179,5026503,10nM,strong,0,0,0
chr3,8318049,8318447,10nM,strong,0,0,0
chr3,8456434,8456679,10nM,strong,0,0,0
chr3,8456869,8457140,10nM,strong,0,0,0
chr3,13112158,13112345,10nM,strong,0,0,0
chr3,13476181,13476481,10nM,strong,0,0,0
chr3,14265265,14265801,10nM,strong,0,0,0
chr3,14412913,14413261,10nM,strong,0,0,0
chr3,15292822,15293211,10nM,strong,0,1,0
chr3,15634207,15634444,10nM,strong,0,0,0
chr3,15636100,15636373,10nM,strong,0,0,0
chr3,15637564,15637826,10nM,strong,0,0,0
chr3,29939769,29940077,10nM,strong,0,0,0
chr3,30354485,30354868,10nM,strong,0,0,0
chr3,30355129,30355696,10nM,strong,0,0,0
chr3,31947939,31948341,10nM,strong,0,0,0
chr3,32110285,32110633,10nM,strong,0,0,0
chr3,32111650,32111833,10nM,strong,0,0,0
chr3,33718273,33718577,10nM,strong,0,0,0
chr3,33798065,33798472,10nM,strong,0,0,0
chr3,39150357,39150595,10nM,strong,0,0,0
chr3,40418114,40418478,10nM,strong,0,0,0
chr3,42544450,42544974,10nM,strong,0,0,0
chr3,42819920,42820260,10nM,strong,0,0,0
chr3,43185227,43186067,10nM,strong,0,0,0
chr3,43214575,43214918,10nM,strong,0,0,0
chr3,43769859,43770464,10nM,strong,0,0,0
chr3,45987795,45988186,10nM,strong,0,0,0
chr3,46163046,46163299,10nM,strong,0,0,0
chr3,46443147,46443485,10nM,strong,0,0,0
chr3,46660831,46661183,10nM,strong,0,0,0
chr3,46663058,46663268,10nM,strong,0,0,0
chr3,46664801,46665082,10nM,strong,0,0,0
chr3,46665457,46666137,10nM,strong,0,0,0
chr3,46666578,46667023,10nM,strong,0,0,0
chr3,46693266,46693490,10nM,strong,0,0,0
chr3,46935511,46935695,10nM,strong,0,0,0
chr3,46947232,46947489,10nM,strong,0,0,0
chr3,46947953,46948290,10nM,strong,0,0,0
chr3,46963066,46963378,10nM,strong,0,0,0
chr3,47164148,47164544,10nM,strong,0,0,0
chr3,50126970,50127749,10nM,strong,0,1,0
chr3,50150765,50150996,10nM,strong,0,0,0
chr3,50265164,50265479,10nM,strong,0,0,0
chr3,50605028,50605418,10nM,strong,0,0,0
chr3,51024848,51025431,10nM,strong,0,0,0
chr3,52237693,52238010,10nM,strong,0,0,0
chr3,52240707,52241033,10nM,strong,0,0,0
chr3,52246136,52246541,10nM,strong,0,0,0
chr3,52432796,52433230,10nM,strong,0,0,0
chr3,53022982,53023372,10nM,strong,0,0,0
chr3,53145260,53145642,10nM,strong,0,0,0
chr3,53551171,53551621,10nM,strong,0,0,0
chr3,53753931,53754203,10nM,strong,0,0,0
chr3,53843003,53843212,10nM,strong,0,0,0
chr3,57029609,57030244,10nM,strong,0,0,0
chr3,57039346,57040016,10nM,strong,0,0,0
chr3,57951574,57951824,10nM,strong,0,0,0
chr3,58040113,58040396,10nM,strong,0,1,0
chr3,58041618,58041802,10nM,strong,0,0,0
chr3,58051757,58052071,10nM,strong,0,1,0
chr3,58052513,58052850,10nM,strong,0,0,0
chr3,58059620,58059861,10nM,strong,0,0,0
chr3,58065661,58065939,10nM,strong,0,0,0
chr3,58096852,58097193,10nM,strong,0,0,0
chr3,58102019,58102258,10nM,strong,0,0,0
chr3,58102997,58103347,10nM,strong,0,0,0
chr3,58467164,58467570,10nM,strong,0,0,0
chr3,58471316,58471601,10nM,strong,0,0,0
chr3,61627784,61628153,10nM,strong,0,0,0
chr3,61688657,61689032,10nM,strong,0,0,0
chr3,61706245,61706558,10nM,strong,0,1,0
chr3,61707560,61707833,10nM,strong,0,0,1
chr3,61708045,61708577,10nM,strong,1,0,1
chr3,61709034,61709346,10nM,strong,0,1,0
chr3,61805459,61805838,10nM,strong,0,0,0
chr3,61807216,61808195,10nM,strong,0,0,0
chr3,61841363,61841705,10nM,strong,0,0,0
chr3,61853513,61854008,10nM,strong,0,0,0
chr3,62169336,62169648,10nM,strong,0,0,0
chr3,62177095,62177703,10nM,strong,0,0,1
chr3,62873724,62873978,10nM,strong,0,0,0
chr3,63562000,63562685,10nM,strong,0,0,0
chr3,63576897,63577154,10nM,strong,0,0,0
chr3,63878502,63878793,10nM,strong,0,0,0
chr3,63913574,63913855,10nM,strong,0,0,0
chr3,63920346,63920678,10nM,strong,0,0,0
chr3,63932746,63933287,10nM,strong,0,0,0
chr3,63936671,63936864,10nM,strong,0,0,0
chr3,63937994,63938194,10nM,strong,0,0,0
chr3,64158391,64158621,10nM,strong,0,0,0
chr3,64208141,64208385,10nM,strong,0,0,0
chr3,64255883,64256154,10nM,strong,0,0,0
chr3,64491340,64491750,10nM,strong,0,0,0
chr3,64501468,64501767,10nM,strong,0,0,0
chr3,64602006,64602279,10nM,strong,0,0,0
chr3,64612830,64613681,10nM,strong,0,0,0
chr3,65689406,65689714,10nM,strong,0,0,0
chr3,65953366,65953697,10nM,strong,0,0,0
chr3,66415986,66416479,10nM,strong,0,0,0
chr3,66475507,66475936,10nM,strong,0,0,0
chr3,66477159,66477505,10nM,strong,0,0,0
chr3,66483317,66483730,10nM,strong,0,0,0
chr3,71065130,71065389,10nM,strong,0,0,0
chr3,71110630,71111275,10nM,strong,0,0,0
chr3,87333449,87333770,10nM,strong,0,0,0
chr3,87367738,87368098,10nM,strong,0,0,0
chr3,96192917,96193283,10nM,strong,0,0,0
chr3,100104110,100104497,10nM,strong,0,0,0
chr3,100864991,100865353,10nM,strong,0,0,0
chr3,102180731,102181035,10nM,strong,0,0,0
chr3,104611368,104611577,10nM,strong,0,0,0
chr3,107824005,107824325,10nM,strong,0,0,0
chr3,107824463,107825046,10nM,strong,0,0,0
chr3,107825616,107826177,10nM,strong,0,0,0
chr3,107826458,107826910,10nM,strong,0,0,0
chr3,107940756,107941117,10nM,strong,0,0,0
chr3,107941530,107941722,10nM,strong,0,0,0
chr3,107986596,107986995,10nM,strong,0,0,0
chr3,107999301,107999952,10nM,strong,1,0,0
chr3,108000912,108001234,10nM,strong,0,0,0
chr3,108006131,108006522,10nM,strong,0,0,0
chr3,112646713,112646907,10nM,strong,0,0,0
chr3,120098805,120098988,10nM,strong,0,0,0
chr3,120349448,120349767,10nM,strong,0,0,0
chr3,120661117,120661605,10nM,strong,0,0,0
chr3,120661750,120662039,10nM,strong,0,0,0
chr3,122568420,122568686,10nM,strong,0,0,0
chr3,122569148,122569371,10nM,strong,0,0,0
chr3,123605879,123606246,10nM,strong,0,0,1
chr3,123621923,123622288,10nM,strong,0,0,0
chr3,123626953,123627278,10nM,strong,0,0,0
chr3,123627714,123628013,10nM,strong,0,0,0
chr3,123637164,123637488,10nM,strong,0,0,0
chr3,124266500,124266909,10nM,strong,0,0,0
chr3,124298731,124298965,10nM,strong,0,0,0
chr3,124513319,124513543,10nM,strong,0,0,0
chr3,124761989,124762206,10nM,strong,0,0,0
chr3,125062713,125063486,10nM,strong,0,0,0
chr3,125395185,125395470,10nM,strong,0,1,0
chr3,125520643,125520826,10nM,strong,0,1,0
chr3,125916996,125917179,10nM,strong,0,0,0
chr3,125924729,125925054,10nM,strong,0,0,0
chr3,126130140,126130490,10nM,strong,0,0,0
chr3,126211733,126212110,10nM,strong,0,0,0
chr3,126389184,126389383,10nM,strong,0,0,0
chr3,127632162,127632666,10nM,strong,0,0,0
chr3,128084351,128084901,10nM,strong,0,0,0
chr3,128335480,128335723,10nM,strong,0,0,0
chr3,128383531,128383729,10nM,strong,0,0,0
chr3,128435584,128435822,10nM,strong,0,0,0
chr3,129369074,129369439,10nM,strong,0,0,0
chr3,129485889,129486110,10nM,strong,0,0,0
chr3,129507671,129507959,10nM,strong,0,0,0
chr3,129662956,129663230,10nM,strong,0,0,0
chr3,129694339,129694696,10nM,strong,0,0,0
chr3,129878484,129878809,10nM,strong,0,0,0
chr3,129908418,129908713,10nM,strong,0,0,0
chr3,129971482,129971771,10nM,strong,0,0,0
chr3,132029093,132029436,10nM,strong,0,0,0
chr3,133428625,133428962,10nM,strong,0,0,0
chr3,133448657,133449092,10nM,strong,0,0,0
chr3,133452924,133453337,10nM,strong,0,0,0
chr3,133456032,133457316,10nM,strong,0,0,1
chr3,133461236,133461905,10nM,strong,0,0,0
chr3,134029717,134029928,10nM,strong,0,0,0
chr3,134375045,134375274,10nM,strong,0,0,0
chr3,134487478,134487698,10nM,strong,0,0,0
chr3,139313975,139314197,10nM,strong,0,0,0
chr3,140941414,140941738,10nM,strong,0,0,0
chr3,141426880,141427226,10nM,strong,0,0,0
chr3,143306505,143306772,10nM,strong,0,0,0
chr3,146160447,146160771,10nM,strong,0,0,0
chr3,149506640,149507274,10nM,strong,0,0,0
chr3,149507609,149508012,10nM,strong,0,0,0
chr3,150237541,150237910,10nM,strong,0,0,0
chr3,150238238,150238830,10nM,strong,0,0,0
chr3,150240687,150241145,10nM,strong,0,0,0
chr3,150275246,150275475,10nM,strong,0,0,0
chr3,150278816,150279138,10nM,strong,0,0,0
chr3,150737179,150737697,10nM,strong,0,0,0
chr3,150756503,150756983,10nM,strong,0,0,0
chr3,150757899,150758119,10nM,strong,0,0,0
chr3,150773539,150773902,10nM,strong,0,0,0
chr3,150844485,150844996,10nM,strong,0,0,0
chr3,151085247,151085490,10nM,strong,0,0,0
chr3,154090047,154090331,10nM,strong,0,0,0
chr3,154218737,154219136,10nM,strong,0,0,0
chr3,154224449,154224737,10nM,strong,0,0,0
chr3,156542323,156542663,10nM,strong,0,0,0
chr3,156674133,156674338,10nM,strong,0,0,0
chr3,156812375,156812936,10nM,strong,0,0,0
chr3,157500214,157500551,10nM,strong,0,0,0
chr3,161100908,161101210,10nM,strong,0,0,0
chr3,161339455,161340173,10nM,strong,0,0,0
chr3,161412208,161412415,10nM,strong,0,0,0
chr3,164380210,164380606,10nM,strong,0,0,0
chr3,168671154,168671503,10nM,strong,0,0,0
chr3,168870792,168871135,10nM,strong,0,0,0
chr3,168888518,168888731,10nM,strong,0,0,0
chr3,169324455,169324638,10nM,strong,0,0,0
chr3,169612962,169613170,10nM,strong,0,0,0
chr3,169613383,169613777,10nM,strong,0,0,0
chr3,169623914,169624323,10nM,strong,0,0,0
chr3,169861938,169862169,10nM,strong,0,0,0
chr3,169948955,169949352,10nM,strong,0,0,0
chr3,170049423,170049694,10nM,strong,0,0,0
chr3,170320507,170320856,10nM,strong,0,0,0
chr3,170343917,170344216,10nM,strong,0,0,0
chr3,172516962,172517162,10nM,strong,0,0,0
chr3,172523119,172523371,10nM,strong,0,0,0
chr3,172638019,172638216,10nM,strong,1,1,0
chr3,175127087,175127623,10nM,strong,0,0,0
chr3,175685788,175686170,10nM,strong,0,0,0
chr3,176953665,176954338,10nM,strong,0,0,0
chr3,178712292,178712496,10nM,strong,0,0,0
chr3,180912186,180912414,10nM,strong,0,0,0
chr3,182284976,182285180,10nM,strong,0,0,0
chr3,182524743,182525330,10nM,strong,0,0,0
chr3,182702346,182703010,10nM,strong,0,0,0
chr3,182708902,182709146,10nM,strong,0,0,0
chr3,183826630,183826907,10nM,strong,0,0,0
chr3,183845694,183846064,10nM,strong,0,0,0
chr3,184011268,184011803,10nM,strong,0,0,0
chr3,184018157,184018425,10nM,strong,0,0,0
chr3,184597882,184598313,10nM,strong,0,0,0
chr3,185205980,185206345,10nM,strong,0,0,0
chr3,185211508,185211918,10nM,strong,0,0,0
chr3,186566942,186567141,10nM,strong,0,0,0
chr3,186760534,186760770,10nM,strong,0,0,0
chr3,186772690,186773057,10nM,strong,0,0,0
chr3,187739415,187739626,10nM,strong,0,0,0
chr3,187809008,187809218,10nM,strong,0,0,0
chr3,187917141,187917541,10nM,strong,0,0,0
chr3,188175842,188176237,10nM,strong,0,0,0
chr3,188176397,188176586,10nM,strong,0,0,0
chr3,188282920,188283614,10nM,strong,0,0,0
chr3,189099066,189099415,10nM,strong,0,0,0
chr3,189304576,189304768,10nM,strong,0,0,0
chr3,189311470,189311840,10nM,strong,0,0,0
chr3,189322621,189322903,10nM,strong,0,0,0
chr3,189323976,189324163,10nM,strong,0,0,0
chr3,189324604,189324814,10nM,strong,0,0,0
chr3,189330148,189330414,10nM,strong,0,0,0
chr3,189458466,189458885,10nM,strong,0,0,0
chr3,189772937,189773291,10nM,strong,0,0,0
chr3,189842616,189843329,10nM,strong,0,0,0
chr3,189944290,189944691,10nM,strong,0,0,0
chr3,189944840,189945268,10nM,strong,0,0,0
chr3,189947591,189947825,10nM,strong,0,0,0
chr3,190586609,190586828,10nM,strong,0,0,0
chr3,192818903,192819259,10nM,strong,0,0,0
chr3,193207873,193208298,10nM,strong,0,0,0
chr3,193837114,193837402,10nM,strong,0,0,0
chr3,193870384,193870796,10nM,strong,0,0,0
chr3,193870944,193871319,10nM,strong,0,0,0
chr3,193872306,193872632,10nM,strong,0,0,0
chr3,193878501,193878851,10nM,strong,0,0,1
chr3,193879521,193880276,10nM,strong,0,0,0
chr3,193910373,193910564,10nM,strong,0,0,0
chr3,193921394,193921893,10nM,strong,0,0,0
chr3,193922375,193922585,10nM,strong,0,0,0
chr3,194072709,194072986,10nM,strong,0,0,0
chr3,194158933,194159385,10nM,strong,0,0,0
chr3,194160177,194160415,10nM,strong,0,0,0
chr3,194168317,194168755,10nM,strong,0,0,0
chr3,194270541,194270941,10nM,strong,0,0,0
chr3,194323887,194324367,10nM,strong,0,0,0
chr3,194333161,194333423,10nM,strong,0,0,0
chr3,194370637,194370859,10nM,strong,0,0,0
chr3,194494343,194494597,10nM,strong,0,1,0
chr3,194495002,194495354,10nM,strong,0,0,0
chr3,194853164,194853354,10nM,strong,0,0,0
chr3,194875795,194876124,10nM,strong,0,0,0
chr3,195897210,195897615,10nM,strong,0,0,1
chr3,195911494,195911708,10nM,strong,0,0,0
chr3,196147046,196147617,10nM,strong,0,1,0
chr3,196150071,196150552,10nM,strong,0,0,0
chr3,196287280,196287946,10nM,strong,0,0,0
chr3,196754957,196755284,10nM,strong,0,0,0
chr3,196793410,196793598,10nM,strong,0,0,0
chr3,197352261,197352682,10nM,strong,0,0,0
chr3,197353093,197353553,10nM,strong,0,0,0
chr4,472829,473053,10nM,strong,0,0,0
chr4,617729,618052,10nM,strong,0,0,0
chr4,721453,721651,10nM,strong,0,0,0
chr4,789008,789245,10nM,strong,0,0,0
chr4,993809,994032,10nM,strong,0,0,0
chr4,997777,998167,10nM,strong,0,0,0
chr4,1245418,1245829,10nM,strong,0,0,0
chr4,1825953,1826259,10nM,strong,0,0,0
chr4,2363435,2363655,10nM,strong,0,0,0
chr4,2419332,2420145,10nM,strong,0,0,0
chr4,2937139,2937440,10nM,strong,0,0,0
chr4,3111509,3111821,10nM,strong,0,0,0
chr4,3460987,3461952,10nM,strong,0,0,0
chr4,3463157,3463698,10nM,strong,0,0,0
chr4,3467003,3467263,10nM,strong,0,0,0
chr4,3484875,3485262,10nM,strong,0,0,0
chr4,3827051,3827265,10nM,strong,0,0,0
chr4,3827523,3827983,10nM,strong,0,0,0
chr4,3954762,3955384,10nM,strong,0,0,0
chr4,3955501,3955826,10nM,strong,0,0,0
chr4,6110389,6110751,10nM,strong,0,0,0
chr4,6280258,6280713,10nM,strong,0,0,0
chr4,6313168,6313485,10nM,strong,0,0,0
chr4,6415267,6415784,10nM,strong,0,0,0
chr4,6633163,6633617,10nM,strong,0,0,0
chr4,6679947,6680152,10nM,strong,0,0,0
chr4,6750899,6751361,10nM,strong,0,0,0
chr4,6917765,6918047,10nM,strong,0,0,0
chr4,7533337,7533882,10nM,strong,0,0,0
chr4,7772652,7773185,10nM,strong,0,0,0
chr4,7773639,7773907,10nM,strong,0,0,0
chr4,7832984,7833227,10nM,strong,0,0,0
chr4,8010077,8010460,10nM,strong,0,0,0
chr4,8194474,8194721,10nM,strong,0,0,0
chr4,8200824,8201162,10nM,strong,0,0,0
chr4,8422486,8422754,10nM,strong,0,0,0
chr4,10656102,10656737,10nM,strong,0,0,0
chr4,12734611,12735279,10nM,strong,0,0,1
chr4,15962922,15963303,10nM,strong,0,0,0
chr4,24482324,24482665,10nM,strong,0,0,0
chr4,30789136,30789397,10nM,strong,0,0,0
chr4,31991979,31992349,10nM,strong,0,0,0
chr4,37480666,37481040,10nM,strong,0,0,0
chr4,37891590,37891893,10nM,strong,0,0,0
chr4,37965513,37965809,10nM,strong,0,1,0
chr4,38621395,38621650,10nM,strong,0,1,0
chr4,38621961,38622144,10nM,strong,0,0,0
chr4,39539380,39539763,10nM,strong,0,0,0
chr4,39540368,39540567,10nM,strong,0,0,0
chr4,39544109,39544413,10nM,strong,0,0,1
chr4,40200696,40201171,10nM,strong,0,0,0
chr4,40322647,40323246,10nM,strong,0,0,0
chr4,40363384,40364111,10nM,strong,0,0,0
chr4,40457425,40457608,10nM,strong,0,1,0
chr4,40550995,40551331,10nM,strong,0,0,0
chr4,41132275,41132603,10nM,strong,0,0,0
chr4,41156880,41157178,10nM,strong,0,1,0
chr4,41319452,41319799,10nM,strong,0,0,0
chr4,41475498,41475767,10nM,strong,0,0,0
chr4,48047775,48048402,10nM,strong,0,0,0
chr4,48059249,48059524,10nM,strong,0,0,0
chr4,48954701,48955102,10nM,strong,0,0,0
chr4,49175586,49175794,10nM,strong,0,0,0
chr4,52792039,52792333,10nM,strong,0,0,0
chr4,52840900,52841238,10nM,strong,0,0,0
chr4,54658896,54659129,10nM,strong,0,0,0
chr4,54841428,54841718,10nM,strong,0,0,0
chr4,54842262,54842813,10nM,strong,0,0,0
chr4,54843453,54843838,10nM,strong,0,0,0
chr4,55346436,55346650,10nM,strong,0,0,0
chr4,55347004,55347226,10nM,strong,0,0,0
chr4,55947118,55947424,10nM,strong,0,0,0
chr4,56743576,56743923,10nM,strong,0,0,0
chr4,67928632,67929031,10nM,strong,0,0,0
chr4,70687782,70687999,10nM,strong,0,0,0
chr4,74374931,74375130,10nM,strong,0,0,0
chr4,74579946,74580222,10nM,strong,0,0,0
chr4,76513503,76513910,10nM,strong,0,1,0
chr4,76562240,76562565,10nM,strong,0,0,0
chr4,76563477,76563848,10nM,strong,0,0,0
chr4,76569174,76569594,10nM,strong,0,0,0
chr4,76570067,76570636,10nM,strong,0,0,0
chr4,76572152,76572545,10nM,strong,0,0,0
chr4,76611473,76611933,10nM,strong,0,0,0
chr4,76768047,76768361,10nM,strong,0,0,0
chr4,78310702,78311084,10nM,strong,0,0,0
chr4,78551808,78552088,10nM,strong,0,0,0
chr4,84582437,84582627,10nM,strong,0,0,0
chr4,85489310,85489668,10nM,strong,0,0,0
chr4,86934535,86934936,10nM,strong,0,0,0
chr4,87089314,87089640,10nM,strong,0,0,0
chr4,87120883,87121467,10nM,strong,0,0,0
chr4,88084415,88084794,10nM,strong,0,0,0
chr4,88158934,88159271,10nM,strong,0,0,0
chr4,88177903,88178180,10nM,strong,0,0,0
chr4,88178860,88179100,10nM,strong,0,0,0
chr4,88241765,88241948,10nM,strong,0,1,0
chr4,88242095,88243008,10nM,strong,0,0,0
chr4,88334938,88335320,10nM,strong,0,0,0
chr4,90160148,90160382,10nM,strong,0,0,0
chr4,92483395,92483764,10nM,strong,0,0,0
chr4,100778518,100778823,10nM,strong,0,0,0
chr4,101397084,101397556,10nM,strong,0,0,0
chr4,105633269,105633546,10nM,strong,0,0,0
chr4,128254716,128255132,10nM,strong,0,0,0
chr4,128255458,128256166,10nM,strong,0,0,0
chr4,132540389,132540978,10nM,strong,0,0,0
chr4,138910732,138911130,10nM,strong,0,0,0
chr4,139676974,139677555,10nM,strong,0,1,0
chr4,139841917,139842404,10nM,strong,0,0,0
chr4,139849304,139849644,10nM,strong,0,0,0
chr4,139850253,139850497,10nM,strong,0,0,0
chr4,139851130,139851418,10nM,strong,0,0,0
chr4,139875419,139875754,10nM,strong,0,0,0
chr4,140250093,140250571,10nM,strong,0,1,0
chr4,140252585,140253285,10nM,strong,0,0,0
chr4,140635756,140636010,10nM,strong,0,0,0
chr4,140654139,140654326,10nM,strong,0,0,0
chr4,140660132,140660339,10nM,strong,0,0,0
chr4,140691402,140691613,10nM,strong,0,0,0
chr4,140720726,140721016,10nM,strong,0,0,0
chr4,140726796,140727122,10nM,strong,0,0,0
chr4,142615242,142615653,10nM,strong,0,0,0
chr4,144338872,144339222,10nM,strong,0,0,0
chr4,145003756,145004004,10nM,strong,0,0,0
chr4,145736273,145736722,10nM,strong,0,0,0
chr4,145739799,145740107,10nM,strong,0,0,0
chr4,153222780,153223037,10nM,strong,0,0,0
chr4,163385590,163385964,10nM,strong,0,0,0
chr4,163448473,163448817,10nM,strong,0,0,0
chr4,168501152,168501663,10nM,strong,0,0,1
chr4,168675183,168675418,10nM,strong,0,0,0
chr4,168677187,168677453,10nM,strong,0,0,0
chr4,168679753,168680019,10nM,strong,0,0,0
chr4,168691644,168692349,10nM,strong,0,0,0
chr4,168694007,168694198,10nM,strong,0,0,0
chr4,168816655,168816951,10nM,strong,0,0,0
chr4,173170016,173170229,10nM,strong,0,0,0
chr4,183797770,183798120,10nM,strong,0,0,0
chr4,185513796,185514174,10nM,strong,0,0,0
chr4,185637642,185637940,10nM,strong,0,0,0
chr5,301623,302950,10nM,strong,0,0,0
chr5,429781,430037,10nM,strong,0,0,0
chr5,505895,506118,10nM,strong,0,0,0
chr5,1129675,1129982,10nM,strong,0,0,0
chr5,1516228,1516482,10nM,strong,0,0,0
chr5,1539847,1540048,10nM,strong,0,0,0
chr5,1864923,1865313,10nM,strong,0,0,0
chr5,6491546,6491929,10nM,strong,0,0,0
chr5,6493334,6493578,10nM,strong,0,0,0
chr5,6495804,6496297,10nM,strong,0,0,0
chr5,6497467,6497686,10nM,strong,0,0,0
chr5,6498757,6498991,10nM,strong,0,0,0
chr5,6499529,6499829,10nM,strong,0,0,0
chr5,6518930,6519270,10nM,strong,0,0,0
chr5,16569407,16569624,10nM,strong,0,0,0
chr5,16573381,16573622,10nM,strong,0,0,0
chr5,16588360,16589172,10nM,strong,0,0,0
chr5,16590090,16590456,10nM,strong,0,0,0
chr5,16626510,16627035,10nM,strong,0,0,0
chr5,17305967,17306233,10nM,strong,0,0,0
chr5,19734722,19735377,10nM,strong,0,0,0
chr5,32329725,32329999,10nM,strong,0,0,0
chr5,32331338,32331552,10nM,strong,0,0,0
chr5,33550029,33550429,10nM,strong,0,0,0
chr5,33615920,33616234,10nM,strong,0,0,0
chr5,35188193,35188376,10nM,strong,0,0,0
chr5,35205649,35206001,10nM,strong,0,0,0
chr5,35306753,35307180,10nM,strong,0,0,0
chr5,36040782,36041184,10nM,strong,0,0,0
chr5,36731841,36732594,10nM,strong,0,0,0
chr5,38831134,38831482,10nM,strong,0,0,0
chr5,44002587,44002956,10nM,strong,0,0,0
chr5,51378831,51379137,10nM,strong,0,0,0
chr5,53089327,53089924,10nM,strong,0,0,0
chr5,53090330,53090582,10nM,strong,0,0,0
chr5,53476866,53477452,10nM,strong,0,0,0
chr5,53479898,53480163,10nM,strong,0,0,0
chr5,53482382,53482743,10nM,strong,0,0,0
chr5,54822046,54822380,10nM,strong,0,0,0
chr5,56029891,56030232,10nM,strong,0,0,0
chr5,56421906,56422270,10nM,strong,0,0,0
chr5,56429007,56429557,10nM,strong,0,0,0
chr5,56454089,56454409,10nM,strong,0,0,0
chr5,56460582,56460871,10nM,strong,0,0,0
chr5,56476432,56476820,10nM,strong,0,0,0
chr5,56480195,56480491,10nM,strong,0,0,0
chr5,56517183,56517524,10nM,strong,0,0,0
chr5,56534687,56535017,10nM,strong,0,0,0
chr5,56668853,56669775,10nM,strong,0,0,0
chr5,57862647,57862830,10nM,strong,0,0,0
chr5,59380340,59381400,10nM,strong,0,0,0
chr5,60355069,60355477,10nM,strong,0,0,0
chr5,61178861,61179157,10nM,strong,0,0,0
chr5,61304595,61304909,10nM,strong,0,0,0
chr5,61333697,61334070,10nM,strong,0,0,0
chr5,64632301,64632702,10nM,strong,0,0,0
chr5,65480289,65480516,10nM,strong,0,0,0
chr5,66680457,66681064,10nM,strong,0,0,0
chr5,66741445,66741791,10nM,strong,0,0,0
chr5,67212279,67212522,10nM,strong,0,0,0
chr5,67215095,67215421,10nM,strong,0,0,0
chr5,67215680,67216433,10nM,strong,0,0,0
chr5,67234753,67235101,10nM,strong,0,0,0
chr5,67235690,67236165,10nM,strong,0,0,0
chr5,67236827,67237138,10nM,strong,0,0,0
chr5,67248828,67249071,10nM,strong,0,0,0
chr5,69329904,69330339,10nM,strong,0,1,0
chr5,69332798,69333033,10nM,strong,0,0,0
chr5,71631334,71631635,10nM,strong,1,0,0
chr5,71748476,71748801,10nM,strong,0,0,0
chr5,72835818,72836103,10nM,strong,0,0,0
chr5,73513683,73514011,10nM,strong,0,0,0
chr5,73630239,73630782,10nM,strong,0,0,0
chr5,75037288,75037611,10nM,strong,0,1,0
chr5,77167078,77167587,10nM,strong,0,0,0
chr5,77168043,77168476,10nM,strong,0,0,0
chr5,77775247,77775628,10nM,strong,0,0,0
chr5,77861608,77861977,10nM,strong,0,0,0
chr5,79193792,79194060,10nM,strong,0,0,0
chr5,83473048,83473336,10nM,strong,0,0,0
chr5,87950885,87951933,10nM,strong,0,0,0
chr5,95727731,95728134,10nM,strong,0,0,0
chr5,95728632,95729003,10nM,strong,0,0,0
chr5,100647561,100647932,10nM,strong,0,0,0
chr5,101663707,101663917,10nM,strong,0,0,0
chr5,103444452,103444719,10nM,strong,0,0,0
chr5,106241454,106241986,10nM,strong,0,0,0
chr5,107557404,107557727,10nM,strong,0,0,0
chr5,107571113,107571384,10nM,strong,0,0,0
chr5,107571710,107572031,10nM,strong,0,0,0
chr5,107653827,107654049,10nM,strong,0,0,0
chr5,107668213,107668546,10nM,strong,0,0,0
chr5,115366299,115366568,10nM,strong,0,0,0
chr5,116858655,116859307,10nM,strong,0,0,0
chr5,118009743,118010290,10nM,strong,0,0,0
chr5,118247752,118248060,10nM,strong,0,0,0
chr5,118967132,118967598,10nM,strong,0,0,0
chr5,119564109,119564597,10nM,strong,0,0,0
chr5,119570315,119570762,10nM,strong,0,0,0
chr5,122849205,122849585,10nM,strong,0,0,0
chr5,122852662,122853044,10nM,strong,0,0,0
chr5,122869146,122869673,10nM,strong,0,0,0
chr5,123155440,123155696,10nM,strong,0,0,0
chr5,125408523,125408895,10nM,strong,0,0,0
chr5,125409915,125410421,10nM,strong,0,0,0
chr5,127517146,127517330,10nM,strong,0,0,0
chr5,129241729,129242078,10nM,strong,0,0,0
chr5,132277876,132278152,10nM,strong,0,0,1
chr5,132371197,132371455,10nM,strong,0,1,0
chr5,132378594,132379010,10nM,strong,0,0,0
chr5,132380936,132381233,10nM,strong,0,0,0
chr5,132427457,132427683,10nM,strong,0,0,0
chr5,132488585,132488971,10nM,strong,0,0,0
chr5,133049671,133050117,10nM,strong,0,0,0
chr5,133249276,133250047,10nM,strong,0,0,0
chr5,134020447,134020653,10nM,strong,1,0,0
chr5,134037269,134037578,10nM,strong,0,0,0
chr5,134466396,134466750,10nM,strong,0,0,0
chr5,134905289,134905512,10nM,strong,0,0,0
chr5,134968135,134968571,10nM,strong,0,1,0
chr5,135046735,135047071,10nM,strong,0,0,0
chr5,135047499,135047833,10nM,strong,0,0,0
chr5,137815216,137815892,10nM,strong,0,0,0
chr5,137888703,137889042,10nM,strong,0,0,0
chr5,139492447,139493007,10nM,strong,0,1,0
chr5,139637070,139637576,10nM,strong,0,0,0
chr5,139638115,139638635,10nM,strong,0,0,0
chr5,139643402,139643773,10nM,strong,0,0,0
chr5,139644182,139644511,10nM,strong,0,0,0
chr5,139658245,139658582,10nM,strong,0,0,0
chr5,139660813,139661088,10nM,strong,0,0,0
chr5,139708797,139709589,10nM,strong,0,0,0
chr5,141970353,141970596,10nM,strong,0,0,0
chr5,142239633,142239928,10nM,strong,0,0,1
chr5,142281045,142281832,10nM,strong,0,0,0
chr5,145936938,145937142,10nM,strong,0,0,0
chr5,145945827,145946375,10nM,strong,0,0,0
chr5,145981977,145982290,10nM,strong,0,0,0
chr5,146027724,146028222,10nM,strong,0,0,0
chr5,149810294,149810781,10nM,strong,0,0,0
chr5,149857562,149857820,10nM,strong,0,0,0
chr5,149878078,149878748,10nM,strong,0,0,0
chr5,149904324,149904814,10nM,strong,0,0,0
chr5,149937572,149937810,10nM,strong,0,0,1
chr5,150514952,150515172,10nM,strong,0,0,0
chr5,151078772,151079092,10nM,strong,0,0,0
chr5,152288536,152289151,10nM,strong,0,0,0
chr5,154701191,154701431,10nM,strong,0,0,0
chr5,154829926,154830134,10nM,strong,0,0,0
chr5,154844898,154845172,10nM,strong,0,0,0
chr5,155068657,155069082,10nM,strong,0,0,0
chr5,155069395,155069627,10nM,strong,0,0,0
chr5,155290743,155291224,10nM,strong,0,0,0
chr5,157912932,157913274,10nM,strong,0,0,0
chr5,160169902,160170259,10nM,strong,0,0,0
chr5,160286883,160287259,10nM,strong,0,0,0
chr5,160287563,160287955,10nM,strong,0,0,0
chr5,168307182,168307383,10nM,strong,0,0,0
chr5,168316151,168316733,10nM,strong,0,0,0
chr5,168317676,168317952,10nM,strong,0,0,0
chr5,168347724,168348128,10nM,strong,0,0,0
chr5,168353193,168353458,10nM,strong,0,0,0
chr5,170136309,170136545,10nM,strong,0,0,0
chr5,170151402,170151662,10nM,strong,0,0,0
chr5,170746858,170747093,10nM,strong,0,0,1
chr5,170749822,170750174,10nM,strong,0,0,0
chr5,170751498,170751806,10nM,strong,0,0,0
chr5,172123349,172123583,10nM,strong,0,0,0
chr5,172570404,172570630,10nM,strong,0,0,0
chr5,172688841,172689161,10nM,strong,0,0,0
chr5,173329767,173330045,10nM,strong,0,0,0
chr5,173453231,173453573,10nM,strong,0,0,0
chr5,173454432,173454620,10nM,strong,0,0,0
chr5,173472602,173473164,10nM,strong,0,0,0
chr5,173535507,173535831,10nM,strong,0,0,0
chr5,173590867,173591638,10nM,strong,0,0,0
chr5,173766501,173766725,10nM,strong,0,0,0
chr5,173824047,173824413,10nM,strong,0,0,0
chr5,173869210,173869449,10nM,strong,0,0,0
chr5,174461288,174461652,10nM,strong,0,0,0
chr5,174461820,174462057,10nM,strong,0,0,0
chr5,174482397,174482798,10nM,strong,0,0,0
chr5,174483391,174483809,10nM,strong,0,0,0
chr5,174503539,174503873,10nM,strong,0,0,0
chr5,174777136,174777371,10nM,strong,0,1,0
chr5,176352249,176352798,10nM,strong,0,0,0
chr5,176613751,176614113,10nM,strong,0,0,0
chr5,177023426,177023938,10nM,strong,0,0,0
chr5,177311546,177311771,10nM,strong,0,0,0
chr5,178116392,178116720,10nM,strong,0,0,0
chr5,178642616,178642812,10nM,strong,0,0,0
chr5,178839360,178839547,10nM,strong,0,0,0
chr5,180180343,180180597,10nM,strong,0,0,0
chr5,180595527,180595891,10nM,strong,0,0,0
chr5,180596926,180597225,10nM,strong,0,0,0
chr5,181192043,181192257,10nM,strong,0,0,0
chr6,474154,474418,10nM,strong,0,0,0
chr6,608207,608458,10nM,strong,0,0,0
chr6,617561,617869,10nM,strong,0,0,0
chr6,672795,673174,10nM,strong,0,1,0
chr6,1640233,1640472,10nM,strong,0,0,0
chr6,1641227,1641677,10nM,strong,0,0,0
chr6,2875143,2875349,10nM,strong,0,0,0
chr6,2903306,2903526,10nM,strong,0,0,0
chr6,3226639,3226968,10nM,strong,0,0,0
chr6,3664709,3665048,10nM,strong,0,0,0
chr6,3718166,3718543,10nM,strong,0,0,0
chr6,3748267,3748672,10nM,strong,0,0,0
chr6,4489573,4489824,10nM,strong,0,0,0
chr6,4780735,4780931,10nM,strong,0,0,0
chr6,6703709,6704175,10nM,strong,0,1,0
chr6,6725076,6725270,10nM,strong,0,0,0
chr6,6748576,6748816,10nM,strong,0,0,0
chr6,6758876,6759180,10nM,strong,0,0,0
chr6,6860477,6861324,10nM,strong,0,1,0
chr6,7062421,7062763,10nM,strong,0,0,0
chr6,7198031,7198498,10nM,strong,0,0,0
chr6,7419085,7419341,10nM,strong,0,0,0
chr6,10420553,10420740,10nM,strong,0,0,0
chr6,10423233,10423469,10nM,strong,0,0,0
chr6,11045647,11045830,10nM,strong,0,0,0
chr6,11046422,11046639,10nM,strong,0,0,0
chr6,11046783,11047210,10nM,strong,0,0,0
chr6,11053415,11053911,10nM,strong,0,0,0
chr6,11067304,11067844,10nM,strong,0,0,0
chr6,11287970,11288281,10nM,strong,0,0,0
chr6,11389972,11390268,10nM,strong,0,0,0
chr6,12288237,12288564,10nM,strong,0,0,0
chr6,12343778,12344125,10nM,strong,0,0,0
chr6,12844323,12844659,10nM,strong,0,0,1
chr6,13455632,13455878,10nM,strong,0,0,0
chr6,13747484,13747951,10nM,strong,1,0,0
chr6,15036645,15037238,10nM,strong,0,1,0
chr6,15089743,15089932,10nM,strong,0,0,0
chr6,15090081,15090381,10nM,strong,0,0,0
chr6,15221698,15222279,10nM,strong,0,0,1
chr6,15251416,15251711,10nM,strong,0,1,0
chr6,15504570,15504908,10nM,strong,0,0,0
chr6,15505311,15505551,10nM,strong,0,0,0
chr6,15674884,15675278,10nM,strong,0,0,0
chr6,15952498,15952923,10nM,strong,0,0,0
chr6,16130655,16130864,10nM,strong,0,0,0
chr6,17102516,17102736,10nM,strong,0,0,0
chr6,17106100,17106578,10nM,strong,0,0,0
chr6,17389282,17389714,10nM,strong,0,0,0
chr6,17393761,17394200,10nM,strong,0,0,0
chr6,17472936,17473717,10nM,strong,0,0,0
chr6,18386434,18386715,10nM,strong,0,0,0
chr6,18457011,18457415,10nM,strong,0,1,0
chr6,19026196,19026573,10nM,strong,0,0,0
chr6,20200750,20201101,10nM,strong,0,0,0
chr6,20202781,20203015,10nM,strong,0,0,0
chr6,20210146,20210677,10nM,strong,0,0,0
chr6,21738513,21739187,10nM,strong,0,0,0
chr6,25991970,25992158,10nM,strong,0,0,0
chr6,26257281,26257501,10nM,strong,0,0,0
chr6,26295930,26296669,10nM,strong,0,0,0
chr6,30749384,30749693,10nM,strong,0,0,0
chr6,30751465,30751918,10nM,strong,0,0,0
chr6,30790934,30791261,10nM,strong,0,0,0
chr6,31810372,31810860,10nM,strong,0,0,0
chr6,32554163,32554609,10nM,strong,0,0,0
chr6,32563015,32563274,10nM,strong,0,0,0
chr6,33717207,33717633,10nM,strong,0,0,0
chr6,33732335,33732599,10nM,strong,0,0,0
chr6,33762091,33762431,10nM,strong,0,0,0
chr6,33816862,33817195,10nM,strong,0,0,0
chr6,33896899,33897278,10nM,strong,0,0,0
chr6,34546853,34547036,10nM,strong,0,0,0
chr6,34550915,34551187,10nM,strong,0,0,0
chr6,35485077,35485337,10nM,strong,0,0,0
chr6,36118424,36118753,10nM,strong,0,0,0
chr6,36122034,36122808,10nM,strong,0,0,0
chr6,36616948,36617206,10nM,strong,0,0,0
chr6,37059453,37059813,10nM,strong,0,0,0
chr6,37102157,37102678,10nM,strong,0,0,0
chr6,37103284,37103562,10nM,strong,0,0,0
chr6,37569947,37570202,10nM,strong,0,0,0
chr6,38261648,38262032,10nM,strong,0,0,0
chr6,38262139,38262342,10nM,strong,0,0,0
chr6,38437031,38437369,10nM,strong,0,0,0
chr6,38755445,38755675,10nM,strong,0,0,0
chr6,38792356,38792667,10nM,strong,0,1,0
chr6,39095545,39096004,10nM,strong,0,0,0
chr6,39266804,39267175,10nM,strong,0,0,0
chr6,39269945,39270291,10nM,strong,0,0,0
chr6,39273835,39274071,10nM,strong,0,0,0
chr6,39274756,39275158,10nM,strong,0,0,0
chr6,39275509,39275750,10nM,strong,0,0,0
chr6,39923556,39923818,10nM,strong,0,0,0
chr6,39934206,39934437,10nM,strong,0,0,0
chr6,40708584,40708868,10nM,strong,0,0,1
chr6,41457028,41457223,10nM,strong,0,0,0
chr6,41775889,41776088,10nM,strong,0,0,0
chr6,42075312,42075736,10nM,strong,0,0,0
chr6,42118392,42118575,10nM,strong,0,0,0
chr6,42122747,42123049,10nM,strong,0,0,0
chr6,42226863,42227147,10nM,strong,0,0,0
chr6,43335135,43335699,10nM,strong,0,0,0
chr6,43714291,43714695,10nM,strong,0,0,0
chr6,43804662,43804988,10nM,strong,0,0,0
chr6,43910804,43911022,10nM,strong,0,0,0
chr6,43951658,43951996,10nM,strong,0,0,0
chr6,44223723,44224047,10nM,strong,0,0,0
chr6,44237214,44237511,10nM,strong,0,0,0
chr6,44238046,44238448,10nM,strong,0,0,0
chr6,44661324,44662029,10nM,strong,0,0,0
chr6,45554700,45555047,10nM,strong,0,0,0
chr6,49542072,49542440,10nM,strong,0,0,0
chr6,53326859,53327129,10nM,strong,0,0,0
chr6,53464845,53465327,10nM,strong,0,0,0
chr6,53465741,53466057,10nM,strong,0,0,0
chr6,53469098,53469479,10nM,strong,0,1,0
chr6,54847460,54847870,10nM,strong,0,0,0
chr6,56728581,56728888,10nM,strong,0,1,0
chr6,71122193,71122385,10nM,strong,0,0,0
chr6,73520205,73521305,10nM,strong,0,0,0
chr6,74969302,74970321,10nM,strong,0,0,0
chr6,74970537,74971083,10nM,strong,0,0,0
chr6,74971595,74971988,10nM,strong,0,0,0
chr6,81816395,81816776,10nM,strong,0,0,0
chr6,82567672,82568119,10nM,strong,0,0,0
chr6,82570016,82570501,10nM,strong,0,0,0
chr6,82570607,82570974,10nM,strong,0,0,0
chr6,86723838,86724065,10nM,strong,0,0,0
chr6,86777389,86778510,10nM,strong,0,0,0
chr6,87407948,87408252,10nM,strong,0,0,0
chr6,98835527,98835769,10nM,strong,0,0,0
chr6,106913159,106913431,10nM,strong,0,0,0
chr6,108684888,108685223,10nM,strong,0,0,0
chr6,108946006,108946207,10nM,strong,0,0,0
chr6,109925096,109925521,10nM,strong,0,0,0
chr6,110554914,110555328,10nM,strong,0,0,0
chr6,111592710,111593055,10nM,strong,0,0,0
chr6,112019039,112019324,10nM,strong,0,0,0
chr6,119683053,119683359,10nM,strong,0,0,0
chr6,121187745,121188152,10nM,strong,0,0,0
chr6,122609794,122610009,10nM,strong,0,0,0
chr6,122611191,122611411,10nM,strong,0,0,0
chr6,122620854,122621235,10nM,strong,0,0,0
chr6,122622676,122623088,10nM,strong,0,0,0
chr6,122696863,122697220,10nM,strong,0,0,0
chr6,125154807,125155266,10nM,strong,0,0,0
chr6,125197825,125198257,10nM,strong,0,0,0
chr6,125202166,125202586,10nM,strong,0,0,0
chr6,125205101,125205457,10nM,strong,0,0,0
chr6,125584612,125585113,10nM,strong,0,0,0
chr6,125585394,125585798,10nM,strong,0,0,0
chr6,125717470,125717714,10nM,strong,0,0,0
chr6,133891156,133892024,10nM,strong,0,0,0
chr6,134115662,134115888,10nM,strong,0,0,0
chr6,134117311,134117611,10nM,strong,0,0,0
chr6,134529891,134530287,10nM,strong,0,0,0
chr6,135173722,135174065,10nM,strong,0,0,0
chr6,135182469,135182764,10nM,strong,0,0,0
chr6,135211191,135211655,10nM,strong,0,0,0
chr6,135259072,135259311,10nM,strong,0,1,0
chr6,138107433,138107683,10nM,strong,0,0,0
chr6,138308317,138308544,10nM,strong,0,0,0
chr6,138555635,138555905,10nM,strong,0,0,0
chr6,138572263,138572464,10nM,strong,0,0,0
chr6,138582370,138582906,10nM,strong,0,0,0
chr6,139436823,139437121,10nM,strong,0,0,0
chr6,139531101,139531541,10nM,strong,0,0,0
chr6,139549706,139549995,10nM,strong,0,0,0
chr6,139588034,139588754,10nM,strong,0,0,0
chr6,139879996,139880388,10nM,strong,0,0,0
chr6,139920093,139920354,10nM,strong,0,0,0
chr6,139977824,139978191,10nM,strong,0,0,0
chr6,145187436,145187790,10nM,strong,0,0,0
chr6,148633672,148634194,10nM,strong,0,0,0
chr6,148770735,148771195,10nM,strong,0,0,0
chr6,149080197,149080558,10nM,strong,0,0,0
chr6,149717554,149717812,10nM,strong,0,0,0
chr6,149719308,149719591,10nM,strong,0,0,0
chr6,150659214,150659638,10nM,strong,0,0,0
chr6,151616106,151616520,10nM,strong,0,0,0
chr6,151632706,151632935,10nM,strong,0,0,0
chr6,151658077,151658444,10nM,strong,0,0,0
chr6,151664481,151664677,10nM,strong,0,0,0
chr6,151807142,151807345,10nM,strong,0,0,0
chr6,154293086,154293497,10nM,strong,0,0,0
chr6,154450171,154450767,10nM,strong,0,0,0
chr6,156794921,156795211,10nM,strong,0,0,0
chr6,156822927,156823126,10nM,strong,0,0,0
chr6,156827048,156827740,10nM,strong,0,0,0
chr6,157989891,157990116,10nM,strong,0,0,0
chr6,158039541,158039988,10nM,strong,0,0,0
chr6,158040420,158040744,10nM,strong,0,0,0
chr6,158049209,158049834,10nM,strong,0,0,0
chr6,158799264,158799572,10nM,strong,0,0,0
chr6,158835056,158835408,10nM,strong,0,0,0
chr6,158838480,158838666,10nM,strong,0,0,0
chr6,166627991,166628248,10nM,strong,0,0,0
chr6,166628450,166628639,10nM,strong,0,0,0
chr6,167522026,167522328,10nM,strong,0,0,0
chr6,167751031,167751308,10nM,strong,0,0,0
chr6,168390749,168391102,10nM,strong,0,0,0
chr7,524559,524918,10nM,strong,0,0,0
chr7,2440692,2441220,10nM,strong,0,0,0
chr7,2680853,2681075,10nM,strong,0,0,0
chr7,2687488,2687819,10nM,strong,0,0,0
chr7,2688059,2688323,10nM,strong,0,0,0
chr7,2689142,2689469,10nM,strong,0,0,0
chr7,2811079,2811457,10nM,strong,0,0,0
chr7,4683205,4684128,10nM,strong,0,0,0
chr7,6385670,6385943,10nM,strong,0,0,0
chr7,11261450,11261784,10nM,strong,0,0,0
chr7,12595215,12595574,10nM,strong,0,0,0
chr7,16421506,16421775,10nM,strong,0,0,0
chr7,16880560,16880902,10nM,strong,0,0,0
chr7,16905189,16905490,10nM,strong,0,0,0
chr7,17618487,17619071,10nM,strong,0,0,0
chr7,17619255,17619735,10nM,strong,0,0,0
chr7,20220874,20221256,10nM,strong,0,0,0
chr7,23012837,23013020,10nM,strong,0,0,0
chr7,24713208,24713809,10nM,strong,0,0,0
chr7,26363830,26364207,10nM,strong,0,0,0
chr7,26652990,26653448,10nM,strong,0,0,0
chr7,27160574,27160806,10nM,strong,0,0,0
chr7,27737604,27737965,10nM,strong,0,1,0
chr7,29450224,29450454,10nM,strong,0,0,0
chr7,29562632,29562852,10nM,strong,1,0,0
chr7,30159895,30160303,10nM,strong,0,0,0
chr7,32680578,32680942,10nM,strong,0,0,0
chr7,32732791,32733080,10nM,strong,0,0,0
chr7,33059654,33059903,10nM,strong,0,0,0
chr7,33832465,33832674,10nM,strong,0,0,0
chr7,33832851,33833252,10nM,strong,0,0,0
chr7,33842161,33842422,10nM,strong,0,0,0
chr7,33846067,33846627,10nM,strong,0,0,0
chr7,33848315,33848694,10nM,strong,0,0,0
chr7,34036986,34037350,10nM,strong,0,0,1
chr7,34064646,34064968,10nM,strong,0,0,0
chr7,34069647,34069937,10nM,strong,0,0,0
chr7,34175245,34175457,10nM,strong,0,0,0
chr7,34748242,34748605,10nM,strong,0,0,0
chr7,35025227,35026078,10nM,strong,0,0,0
chr7,35026473,35026691,10nM,strong,0,0,0
chr7,35289336,35290014,10nM,strong,0,0,0
chr7,36084865,36085382,10nM,strong,0,0,0
chr7,36272765,36273321,10nM,strong,0,0,0
chr7,37977729,37977976,10nM,strong,0,0,0
chr7,39623977,39624264,10nM,strong,0,0,0
chr7,42832700,42832978,10nM,strong,0,0,0
chr7,43808502,43808858,10nM,strong,0,0,0
chr7,44150486,44150799,10nM,strong,0,0,0
chr7,44153449,44153885,10nM,strong,0,0,0
chr7,44225095,44225390,10nM,strong,0,0,0
chr7,44633721,44634049,10nM,strong,0,0,0
chr7,45073896,45074211,10nM,strong,0,0,0
chr7,45347914,45348418,10nM,strong,0,0,0
chr7,45543468,45543864,10nM,strong,0,0,0
chr7,45544373,45544653,10nM,strong,0,0,0
chr7,45575705,45575950,10nM,strong,0,0,0
chr7,47380039,47380292,10nM,strong,0,0,0
chr7,47405993,47406333,10nM,strong,0,0,0
chr7,47470640,47470949,10nM,strong,0,0,0
chr7,47471127,47471310,10nM,strong,0,0,0
chr7,47473164,47473401,10nM,strong,0,0,0
chr7,47475500,47476089,10nM,strong,0,0,0
chr7,47477381,47477850,10nM,strong,0,0,0
chr7,47532442,47532742,10nM,strong,0,0,0
chr7,47562091,47562397,10nM,strong,0,1,0
chr7,47576005,47576780,10nM,strong,0,0,0
chr7,47583492,47583813,10nM,strong,0,0,0
chr7,47744051,47744518,10nM,strong,0,0,0
chr7,47747179,47747406,10nM,strong,0,0,0
chr7,50771359,50771581,10nM,strong,0,0,0
chr7,51263712,51263912,10nM,strong,0,0,0
chr7,51350546,51350878,10nM,strong,0,0,0
chr7,55177568,55178066,10nM,strong,0,0,0
chr7,55178414,55179093,10nM,strong,0,0,0
chr7,55964752,55965172,10nM,strong,0,0,0
chr7,64639356,64639959,10nM,strong,0,0,0
chr7,64667395,64667624,10nM,strong,0,0,0
chr7,65984265,65984608,10nM,strong,0,1,0
chr7,66013872,66014230,10nM,strong,0,0,0
chr7,66748871,66749271,10nM,strong,0,0,0
chr7,68731136,68731431,10nM,strong,0,0,0
chr7,69105171,69105462,10nM,strong,0,0,0
chr7,70727876,70728499,10nM,strong,0,1,0
chr7,73706792,73707396,10nM,strong,0,0,0
chr7,73741657,73741866,10nM,strong,0,1,0
chr7,73822429,73822791,10nM,strong,0,0,0
chr7,73891244,73891842,10nM,strong,0,1,0
chr7,74994014,74994295,10nM,strong,0,0,0
chr7,76307043,76307354,10nM,strong,0,1,0
chr7,76310144,76310489,10nM,strong,0,1,0
chr7,80940533,80940779,10nM,strong,0,0,0
chr7,80942860,80943235,10nM,strong,1,0,0
chr7,81159383,81159674,10nM,strong,0,0,0
chr7,82699900,82700178,10nM,strong,0,0,0
chr7,84536137,84536703,10nM,strong,0,0,0
chr7,87091593,87091803,10nM,strong,0,0,0
chr7,87344505,87344796,10nM,strong,0,0,0
chr7,87414140,87414384,10nM,strong,0,0,0
chr7,92134769,92135074,10nM,strong,0,0,0
chr7,92608617,92608912,10nM,strong,0,0,0
chr7,98797132,98797414,10nM,strong,0,0,0
chr7,98826714,98827006,10nM,strong,0,0,0
chr7,100003874,100004686,10nM,strong,0,0,0
chr7,101944586,101945307,10nM,strong,0,0,0
chr7,101972767,101973468,10nM,strong,0,0,0
chr7,102004170,102004545,10nM,strong,0,0,0
chr7,102317209,102317626,10nM,strong,0,0,0
chr7,105316516,105316854,10nM,strong,0,0,0
chr7,105581489,105581754,10nM,strong,0,0,0
chr7,105639824,105640430,10nM,strong,0,0,0
chr7,105642403,105642601,10nM,strong,0,0,0
chr7,105759349,105759604,10nM,strong,0,0,0
chr7,105887767,105888241,10nM,strong,0,0,0
chr7,106009296,106009627,10nM,strong,0,0,0
chr7,106064875,106065500,10nM,strong,0,0,0
chr7,106069179,106069452,10nM,strong,0,0,0
chr7,106070187,106070574,10nM,strong,0,0,0
chr7,106072503,106072735,10nM,strong,0,0,0
chr7,112481895,112482084,10nM,strong,0,0,0
chr7,116442157,116442365,10nM,strong,0,0,0
chr7,117124411,117124950,10nM,strong,0,0,0
chr7,117171238,117171522,10nM,strong,0,0,0
chr7,120674124,120674453,10nM,strong,0,1,0
chr7,121396570,121396829,10nM,strong,0,0,0
chr7,122679344,122679683,10nM,strong,0,0,0
chr7,128259844,128260312,10nM,strong,0,0,0
chr7,128431348,128431562,10nM,strong,0,0,0
chr7,128443954,128444295,10nM,strong,0,0,0
chr7,128863854,128864056,10nM,strong,0,0,0
chr7,129949112,129949372,10nM,strong,0,0,0
chr7,131625758,131626110,10nM,strong,0,0,0
chr7,131626682,131627041,10nM,strong,0,0,0
chr7,131627769,131628025,10nM,strong,0,0,0
chr7,132178421,132178643,10nM,strong,0,0,0
chr7,132214481,132214839,10nM,strong,0,0,0
chr7,135773488,135773747,10nM,strong,0,0,0
chr7,138245333,138245875,10nM,strong,0,0,0
chr7,139075991,139076182,10nM,strong,0,0,0
chr7,139741741,139742303,10nM,strong,0,0,0
chr7,139771083,139771387,10nM,strong,0,0,0
chr7,139771932,139772287,10nM,strong,0,0,0
chr7,140309278,140309544,10nM,strong,0,0,0
chr7,140310328,140310674,10nM,strong,0,0,0
chr7,140992545,140992906,10nM,strong,0,0,0
chr7,142332380,142332618,10nM,strong,0,0,0
chr7,142352655,142353269,10nM,strong,0,0,0
chr7,142356055,142356594,10nM,strong,0,0,0
chr7,142384185,142384825,10nM,strong,0,0,0
chr7,142667059,142667697,10nM,strong,0,0,0
chr7,149498038,149498227,10nM,strong,0,0,0
chr7,151694752,151695374,10nM,strong,0,0,0
chr7,151736058,151736264,10nM,strong,0,0,0
chr7,151851085,151851272,10nM,strong,0,0,0
chr7,151856560,151856932,10nM,strong,0,0,0
chr7,152459745,152459954,10nM,strong,0,0,0
chr7,152574942,152575732,10nM,strong,0,1,0
chr7,152699142,152699806,10nM,strong,0,0,0
chr7,155369796,155370162,10nM,strong,0,0,0
chr7,156516220,156516557,10nM,strong,0,0,0
chr7,157255295,157255743,10nM,strong,0,0,0
chr7,157272795,157273178,10nM,strong,0,0,0
chr7,157277461,157277647,10nM,strong,0,0,0
chr7,158123801,158124048,10nM,strong,0,0,0
chr8,693485,693752,10nM,strong,0,0,0
chr8,694150,694629,10nM,strong,0,0,0
chr8,1260941,1261561,10nM,strong,0,0,0
chr8,1764506,1764747,10nM,strong,0,0,0
chr8,3767041,3767510,10nM,strong,0,0,0
chr8,8236927,8237216,10nM,strong,0,0,0
chr8,8288291,8288771,10nM,strong,0,1,0
chr8,8289069,8289719,10nM,strong,0,0,0
chr8,8290275,8290679,10nM,strong,0,0,0
chr8,8314805,8315157,10nM,strong,0,0,0
chr8,8461427,8461793,10nM,strong,0,0,0
chr8,8462453,8462658,10nM,strong,0,0,0
chr8,8478909,8479149,10nM,strong,0,0,0
chr8,8508019,8508355,10nM,strong,0,0,0
chr8,9102729,9103000,10nM,strong,0,0,0
chr8,9104418,9104695,10nM,strong,0,0,0
chr8,9147855,9148111,10nM,strong,0,0,0
chr8,11713226,11713446,10nM,strong,0,0,0
chr8,11730649,11731040,10nM,strong,0,0,0
chr8,11789695,11789974,10nM,strong,0,0,0
chr8,13116172,13116445,10nM,strong,0,0,0
chr8,13156895,13157313,10nM,strong,0,0,0
chr8,13159305,13159491,10nM,strong,0,0,0
chr8,13275810,13276166,10nM,strong,0,0,0
chr8,13276612,13276925,10nM,strong,0,0,0
chr8,17329590,17330050,10nM,strong,0,0,0
chr8,17527806,17528209,10nM,strong,0,0,0
chr8,17537360,17537873,10nM,strong,0,0,0
chr8,17538818,17539054,10nM,strong,0,0,0
chr8,17749689,17750134,10nM,strong,0,0,0
chr8,17750598,17750825,10nM,strong,0,0,0
chr8,17752007,17752253,10nM,strong,0,0,0
chr8,17755194,17755446,10nM,strong,0,0,0
chr8,17802803,17803035,10nM,strong,0,0,0
chr8,17803345,17803685,10nM,strong,0,1,0
chr8,17836600,17836936,10nM,strong,0,0,0
chr8,17838455,17838759,10nM,strong,0,1,0
chr8,17923102,17923454,10nM,strong,0,0,0
chr8,19421662,19421938,10nM,strong,0,0,0
chr8,22112702,22113014,10nM,strong,0,0,0
chr8,22129884,22130072,10nM,strong,0,0,0
chr8,22734837,22735283,10nM,strong,0,0,0
chr8,22739081,22739522,10nM,strong,0,0,0
chr8,22741543,22741727,10nM,strong,0,0,0
chr8,22743760,22744160,10nM,strong,0,0,0
chr8,26202053,26202661,10nM,strong,0,0,0
chr8,27872678,27872934,10nM,strong,0,0,0
chr8,29282942,29283321,10nM,strong,0,0,0
chr8,29286759,29287157,10nM,strong,0,0,0
chr8,29555574,29555881,10nM,strong,0,0,0
chr8,29579823,29580145,10nM,strong,0,0,0
chr8,29809658,29809961,10nM,strong,0,0,0
chr8,30338868,30339211,10nM,strong,0,0,0
chr8,30339654,30339963,10nM,strong,0,0,0
chr8,30531369,30531976,10nM,strong,0,0,0
chr8,30532962,30533185,10nM,strong,0,0,0
chr8,30552875,30553225,10nM,strong,0,0,0
chr8,33245046,33245397,10nM,strong,0,0,0
chr8,37144836,37145153,10nM,strong,0,0,0
chr8,37546879,37547120,10nM,strong,0,0,0
chr8,37562597,37562891,10nM,strong,0,0,0
chr8,37566945,37567553,10nM,strong,0,0,0
chr8,37590566,37591005,10nM,strong,0,0,0
chr8,37593450,37593863,10nM,strong,0,0,0
chr8,37598545,37598939,10nM,strong,0,0,0
chr8,37599927,37600110,10nM,strong,0,0,0
chr8,37691526,37691724,10nM,strong,0,0,0
chr8,37694280,37694547,10nM,strong,0,0,0
chr8,40174975,40175349,10nM,strong,0,0,0
chr8,40214565,40214820,10nM,strong,0,0,0
chr8,41559443,41559993,10nM,strong,0,1,0
chr8,42893765,42893987,10nM,strong,0,0,0
chr8,42894228,42894527,10nM,strong,0,0,0
chr8,48432786,48433044,10nM,strong,0,0,0
chr8,54106407,54106631,10nM,strong,0,0,0
chr8,57855194,57855578,10nM,strong,0,0,0
chr8,58119853,58120145,10nM,strong,0,0,0
chr8,58235139,58235326,10nM,strong,0,0,0
chr8,58658365,58658598,10nM,strong,0,0,0
chr8,60949993,60950391,10nM,strong,0,0,0
chr8,66022318,66022597,10nM,strong,0,0,0
chr8,66124040,66124354,10nM,strong,0,0,0
chr8,66512789,66513152,10nM,strong,0,0,0
chr8,66522481,66522815,10nM,strong,0,0,0
chr8,66713021,66713300,10nM,strong,0,0,0
chr8,66713937,66714875,10nM,strong,0,0,0
chr8,67381016,67381390,10nM,strong,0,0,0
chr8,67737364,67737762,10nM,strong,0,0,0
chr8,67748364,67748565,10nM,strong,0,0,0
chr8,68853291,68853712,10nM,strong,0,0,0
chr8,68854366,68854860,10nM,strong,0,0,0
chr8,70492008,70492213,10nM,strong,0,0,0
chr8,70494890,70495237,10nM,strong,0,0,0
chr8,73312449,73312654,10nM,strong,0,0,0
chr8,74635480,74635888,10nM,strong,0,0,0
chr8,78644397,78644660,10nM,strong,0,0,0
chr8,86199949,86200278,10nM,strong,0,0,0
chr8,86342109,86342382,10nM,strong,0,0,0
chr8,86343385,86343626,10nM,strong,0,0,0
chr8,87662090,87663104,10nM,strong,0,0,0
chr8,87663983,87664225,10nM,strong,0,0,0
chr8,87915139,87915533,10nM,strong,0,0,0
chr8,88110904,88111213,10nM,strong,0,0,0
chr8,89805149,89805374,10nM,strong,0,0,0
chr8,89983545,89984003,10nM,strong,0,0,0
chr8,90000754,90001006,10nM,strong,0,0,0
chr8,90001424,90002082,10nM,strong,0,0,0
chr8,93404980,93405269,10nM,strong,0,0,0
chr8,94092565,94092953,10nM,strong,0,0,0
chr8,94156084,94156577,10nM,strong,0,0,0
chr8,94164661,94165041,10nM,strong,0,0,0
chr8,95070303,95070604,10nM,strong,0,0,0
chr8,95074966,95075227,10nM,strong,0,0,0
chr8,95112638,95112925,10nM,strong,0,0,0
chr8,95207899,95208248,10nM,strong,0,0,0
chr8,95210008,95210588,10nM,strong,0,0,0
chr8,95211115,95211422,10nM,strong,0,0,0
chr8,95223940,95224308,10nM,strong,0,0,0
chr8,95225438,95225766,10nM,strong,0,0,0
chr8,96359758,96360070,10nM,strong,0,0,0
chr8,96416617,96417083,10nM,strong,0,0,0
chr8,96419523,96419824,10nM,strong,0,0,0
chr8,96581810,96582156,10nM,strong,0,0,0
chr8,96582745,96582984,10nM,strong,0,0,0
chr8,96945828,96946169,10nM,strong,0,0,0
chr8,97008739,97009231,10nM,strong,0,0,0
chr8,97266256,97266823,10nM,strong,0,0,0
chr8,97314311,97314635,10nM,strong,0,0,0
chr8,97568111,97568485,10nM,strong,0,1,0
chr8,97763574,97764822,10nM,strong,0,0,1
chr8,98164975,98165347,10nM,strong,0,0,0
chr8,98167012,98167207,10nM,strong,0,0,0
chr8,98945042,98945228,10nM,strong,0,0,0
chr8,99804290,99804638,10nM,strong,0,0,0
chr8,99818442,99818819,10nM,strong,0,0,0
chr8,99905056,99905901,10nM,strong,0,0,1
chr8,100472198,100472420,10nM,strong,0,0,0
chr8,100487869,100488098,10nM,strong,0,0,0
chr8,100703438,100703642,10nM,strong,0,0,0
chr8,100719702,100720018,10nM,strong,0,0,0
chr8,100746341,100746577,10nM,strong,0,0,0
chr8,101077551,101078193,10nM,strong,0,0,0
chr8,101120619,101121074,10nM,strong,0,0,0
chr8,101437092,101437339,10nM,strong,0,0,0
chr8,101462783,101463086,10nM,strong,0,0,0
chr8,101466640,101467135,10nM,strong,0,0,0
chr8,101474053,101474398,10nM,strong,0,1,0
chr8,101477364,101477605,10nM,strong,0,0,0
chr8,101504023,101504478,10nM,strong,0,0,0
chr8,101512224,101512691,10nM,strong,0,1,0
chr8,101514395,101514716,10nM,strong,0,0,0
chr8,101515489,101515879,10nM,strong,0,0,0
chr8,101606522,101606739,10nM,strong,0,0,0
chr8,101607818,101608089,10nM,strong,0,0,0
chr8,101610931,101611248,10nM,strong,0,0,0
chr8,101636032,101636501,10nM,strong,0,0,0
chr8,102600846,102601310,10nM,strong,0,0,0
chr8,102602398,102602674,10nM,strong,0,0,0
chr8,102652933,102653116,10nM,strong,0,0,0
chr8,102653851,102654062,10nM,strong,0,0,0
chr8,102789084,102789294,10nM,strong,0,0,0
chr8,102808207,102808547,10nM,strong,0,0,0
chr8,102811317,102811599,10nM,strong,0,0,1
chr8,103308709,103309002,10nM,strong,0,0,0
chr8,106623944,106624400,10nM,strong,0,0,0
chr8,109539980,109540297,10nM,strong,0,0,0
chr8,109575379,109576040,10nM,strong,0,0,0
chr8,109577120,109577398,10nM,strong,0,0,0
chr8,109589303,109589584,10nM,strong,0,0,0
chr8,109593751,109594031,10nM,strong,0,0,0
chr8,109606592,109606975,10nM,strong,0,0,0
chr8,109638143,109638434,10nM,strong,0,0,0
chr8,109638555,109638874,10nM,strong,0,0,0
chr8,111114167,111114519,10nM,strong,0,0,0
chr8,115867057,115867840,10nM,strong,0,0,0
chr8,115987856,115988303,10nM,strong,0,0,0
chr8,118620799,118620985,10nM,strong,0,0,0
chr8,119655065,119655425,10nM,strong,0,0,0
chr8,120073228,120073485,10nM,strong,0,0,0
chr8,121145625,121145813,10nM,strong,0,0,0
chr8,121150907,121151316,10nM,strong,0,0,0
chr8,121426809,121427145,10nM,strong,0,0,0
chr8,122846124,122846401,10nM,strong,0,0,0
chr8,123241428,123241655,10nM,strong,0,0,0
chr8,123563541,123564397,10nM,strong,0,0,0
chr8,123596642,123596870,10nM,strong,0,0,0
chr8,124464482,124464774,10nM,strong,0,0,0
chr8,124491328,124491567,10nM,strong,0,0,0
chr8,125069718,125070153,10nM,strong,0,0,0
chr8,127726617,127726878,10nM,strong,0,1,1
chr8,127799833,127800190,10nM,strong,0,0,0
chr8,127800668,127801119,10nM,strong,0,0,0
chr8,127801425,127801782,10nM,strong,0,1,0
chr8,127802197,127802413,10nM,strong,0,1,1
chr8,127819834,127820116,10nM,strong,0,0,0
chr8,127842767,127842971,10nM,strong,0,0,0
chr8,127859528,127860146,10nM,strong,0,0,0
chr8,127866162,127866518,10nM,strong,0,0,0
chr8,127867635,127868201,10nM,strong,0,0,0
chr8,127870022,127871015,10nM,strong,0,1,0
chr8,127876798,127877096,10nM,strong,0,0,0
chr8,127911091,127911542,10nM,strong,0,0,0
chr8,127952086,127952419,10nM,strong,0,1,0
chr8,127953063,127953465,10nM,strong,0,0,0
chr8,128108153,128108394,10nM,strong,0,1,0
chr8,128134056,128134276,10nM,strong,0,0,0
chr8,128141893,128142302,10nM,strong,0,0,0
chr8,128143273,128143578,10nM,strong,0,0,0
chr8,128153035,128153353,10nM,strong,0,0,0
chr8,128168255,128168494,10nM,strong,0,0,0
chr8,128224673,128224995,10nM,strong,0,0,0
chr8,128317129,128317386,10nM,strong,0,0,0
chr8,133243014,133243247,10nM,strong,0,0,0
chr8,133292829,133293149,10nM,strong,0,0,0
chr8,134711484,134711685,10nM,strong,0,1,0
chr8,134733628,134733933,10nM,strong,0,0,0
chr8,134734725,134735243,10nM,strong,0,0,0
chr8,138944983,138945387,10nM,strong,0,0,0
chr8,140257916,140258440,10nM,strong,0,0,0
chr8,140295932,140296241,10nM,strong,0,0,0
chr8,140337365,140337689,10nM,strong,0,0,0
chr8,140653502,140653697,10nM,strong,0,0,0
chr8,141058121,141058468,10nM,strong,0,0,0
chr8,142588012,142588399,10nM,strong,0,0,0
chr8,142609300,142609516,10nM,strong,0,0,0
chr8,143015896,143016155,10nM,strong,0,0,0
chr8,143017885,143018362,10nM,strong,0,0,0
chr8,145021897,145022222,10nM,strong,0,0,0
chr9,1050319,1050678,10nM,strong,0,0,0
chr9,4866270,4866695,10nM,strong,0,0,0
chr9,7147090,7147400,10nM,strong,0,0,0
chr9,16870866,16871091,10nM,strong,0,0,0
chr9,16871779,16872009,10nM,strong,0,0,0
chr9,22104116,22104314,10nM,strong,0,0,0
chr9,33106870,33107197,10nM,strong,0,0,0
chr9,33163811,33164139,10nM,strong,0,0,0
chr9,33221254,33221629,10nM,strong,0,0,0
chr9,33229368,33229610,10nM,strong,0,0,0
chr9,33234079,33234528,10nM,strong,0,0,0
chr9,33329198,33329492,10nM,strong,0,0,0
chr9,33374824,33375056,10nM,strong,0,0,0
chr9,34634060,34634299,10nM,strong,0,0,0
chr9,35517597,35518437,10nM,strong,0,0,0
chr9,35657403,35657611,10nM,strong,0,0,1
chr9,35665067,35665256,10nM,strong,0,0,0
chr9,37465217,37465416,10nM,strong,0,0,0
chr9,37799803,37800211,10nM,strong,0,1,0
chr9,38023141,38023464,10nM,strong,0,0,0
chr9,38024198,38024507,10nM,strong,0,0,0
chr9,42268811,42269070,10nM,strong,0,0,0
chr9,70413035,70413451,10nM,strong,0,0,0
chr9,71783280,71783613,10nM,strong,0,0,0
chr9,75100983,75101542,10nM,strong,0,0,0
chr9,77588576,77588922,10nM,strong,0,0,0
chr9,77596851,77597377,10nM,strong,0,0,0
chr9,77663825,77664100,10nM,strong,0,0,0
chr9,78030663,78030899,10nM,strong,0,0,0
chr9,80061957,80062385,10nM,strong,0,0,0
chr9,80482307,80482622,10nM,strong,0,0,0
chr9,81321078,81321351,10nM,strong,0,0,0
chr9,81396517,81396784,10nM,strong,0,0,0
chr9,81663406,81663731,10nM,strong,1,0,0
chr9,81688509,81688707,10nM,strong,0,0,0
chr9,83041787,83042056,10nM,strong,0,0,0
chr9,83059592,83059922,10nM,strong,0,0,0
chr9,83060748,83060975,10nM,strong,0,0,0
chr9,83432179,83432747,10nM,strong,0,0,0
chr9,84789456,84789683,10nM,strong,0,0,0
chr9,87640526,87640716,10nM,strong,0,0,0
chr9,87675480,87675803,10nM,strong,0,0,0
chr9,88344504,88344978,10nM,strong,0,1,0
chr9,88529954,88530365,10nM,strong,0,0,0
chr9,88535372,88535565,10nM,strong,0,0,0
chr9,89021336,89021559,10nM,strong,0,0,0
chr9,89435457,89435743,10nM,strong,0,0,0
chr9,89440719,89441152,10nM,strong,0,0,0
chr9,89648354,89648558,10nM,strong,0,0,0
chr9,89648665,89649083,10nM,strong,0,0,0
chr9,89664775,89665167,10nM,strong,0,0,0
chr9,89667728,89668087,10nM,strong,0,0,0
chr9,89669365,89669760,10nM,strong,0,0,0
chr9,89676472,89676791,10nM,strong,0,0,0
chr9,89844665,89844944,10nM,strong,0,0,0
chr9,89850842,89851291,10nM,strong,0,0,0
chr9,90032369,90032683,10nM,strong,0,0,0
chr9,90946979,90947162,10nM,strong,0,0,0
chr9,90958269,90958452,10nM,strong,0,0,0
chr9,90961355,90961643,10nM,strong,0,0,0
chr9,92151922,92152396,10nM,strong,0,0,0
chr9,92618682,92619016,10nM,strong,0,0,0
chr9,92665818,92666385,10nM,strong,0,0,0
chr9,92767401,92767656,10nM,strong,0,0,0
chr9,92988417,92988836,10nM,strong,0,0,0
chr9,93134612,93134813,10nM,strong,0,0,0
chr9,93202377,93202572,10nM,strong,0,0,0
chr9,94630874,94631163,10nM,strong,0,0,0
chr9,94638991,94639413,10nM,strong,0,0,0
chr9,94782904,94783565,10nM,strong,0,0,0
chr9,94950966,94951266,10nM,strong,0,0,0
chr9,94991943,94992393,10nM,strong,0,0,0
chr9,94993030,94993397,10nM,strong,0,0,0
chr9,94994794,94995023,10nM,strong,0,1,0
chr9,95003975,95004274,10nM,strong,0,0,0
chr9,95129168,95129623,10nM,strong,0,0,0
chr9,98072575,98072843,10nM,strong,0,1,0
chr9,98172818,98173007,10nM,strong,0,0,0
chr9,98219059,98219421,10nM,strong,0,0,0
chr9,98687056,98687352,10nM,strong,0,0,0
chr9,98848471,98848730,10nM,strong,0,0,0
chr9,105901612,105901968,10nM,strong,0,0,0
chr9,105912693,105913436,10nM,strong,0,0,0
chr9,106340729,106341034,10nM,strong,0,0,0
chr9,107243751,107244236,10nM,strong,0,0,0
chr9,107245567,107245837,10nM,strong,0,0,0
chr9,107504601,107504820,10nM,strong,0,0,0
chr9,107541532,107541983,10nM,strong,0,0,0
chr9,107547793,107548070,10nM,strong,0,0,0
chr9,107755304,107755626,10nM,strong,0,0,0
chr9,110089740,110090178,10nM,strong,0,0,0
chr9,110151542,110152092,10nM,strong,0,1,0
chr9,110207459,110207663,10nM,strong,0,0,0
chr9,111839452,111839781,10nM,strong,0,1,0
chr9,112012095,112012476,10nM,strong,0,0,0
chr9,113465556,113465836,10nM,strong,0,0,0
chr9,114083511,114083777,10nM,strong,0,0,0
chr9,114084209,114084660,10nM,strong,0,0,0
chr9,114219782,114220016,10nM,strong,0,0,0
chr9,114220158,114220544,10nM,strong,0,0,0
chr9,114557631,114557892,10nM,strong,0,0,0
chr9,114558154,114558761,10nM,strong,0,0,0
chr9,114908104,114908549,10nM,strong,0,0,0
chr9,117400125,117400420,10nM,strong,0,0,0
chr9,117406422,117406697,10nM,strong,0,0,0
chr9,120646254,120646661,10nM,strong,0,0,0
chr9,122376340,122376668,10nM,strong,0,0,0
chr9,123327752,123328189,10nM,strong,0,0,0
chr9,124749919,124750189,10nM,strong,0,0,0
chr9,124777810,124778014,10nM,strong,0,0,0
chr9,125450973,125451426,10nM,strong,0,0,0
chr9,125500945,125501263,10nM,strong,0,0,0
chr9,125512383,125512591,10nM,strong,1,0,0
chr9,125538183,125538433,10nM,strong,0,0,0
chr9,125594230,125594541,10nM,strong,0,0,0
chr9,126327316,126327628,10nM,strong,0,0,0
chr9,126642935,126643456,10nM,strong,0,0,0
chr9,126644022,126644224,10nM,strong,0,0,0
chr9,126661108,126661383,10nM,strong,0,0,0
chr9,126722306,126722520,10nM,strong,0,0,0
chr9,127237907,127238216,10nM,strong,0,1,0
chr9,127407574,127407920,10nM,strong,0,0,0
chr9,127417198,127417510,10nM,strong,0,0,0
chr9,127545315,127545696,10nM,strong,0,0,0
chr9,127955675,127956094,10nM,strong,0,0,0
chr9,127969651,127969900,10nM,strong,0,0,0
chr9,127978644,127978875,10nM,strong,0,1,0
chr9,128022207,128022632,10nM,strong,0,1,0
chr9,128026809,128027301,10nM,strong,0,0,0
chr9,128047272,128047615,10nM,strong,0,1,0
chr9,128055719,128056067,10nM,strong,0,0,0
chr9,128057726,128058407,10nM,strong,0,1,1
chr9,128071065,128071342,10nM,strong,0,0,0
chr9,128298823,128299235,10nM,strong,0,0,0
chr9,128635546,128635751,10nM,strong,0,0,0
chr9,129107314,129107696,10nM,strong,0,1,0
chr9,129176370,129176575,10nM,strong,0,0,0
chr9,129193700,129194044,10nM,strong,0,0,0
chr9,129324921,129325235,10nM,strong,0,1,0
chr9,129349369,129349757,10nM,strong,0,0,0
chr9,129406490,129406727,10nM,strong,0,0,0
chr9,129488639,129489236,10nM,strong,0,0,0
chr9,129737962,129738186,10nM,strong,0,0,0
chr9,129755254,129755468,10nM,strong,0,0,0
chr9,130045832,130046123,10nM,strong,0,0,0
chr9,130187122,130187474,10nM,strong,0,0,0
chr9,130451938,130452232,10nM,strong,0,0,0
chr9,133387412,133387725,10nM,strong,0,0,0
chr9,133863267,133863674,10nM,strong,0,0,0
chr9,133873246,133873611,10nM,strong,0,0,0
chr9,133960061,133960436,10nM,strong,0,0,0
chr9,134359342,134359700,10nM,strong,0,0,0
chr9,134370174,134370483,10nM,strong,0,0,0
chr9,134412335,134412614,10nM,strong,0,0,0
chr9,134693082,134693412,10nM,strong,0,1,0
chr9,134896485,134896701,10nM,strong,0,0,0
chr9,134960582,134960900,10nM,strong,0,0,0
chr9,135392397,135392948,10nM,strong,0,0,0
chr9,135394024,135394292,10nM,strong,0,0,0
chr9,135395438,135395776,10nM,strong,0,0,0
chr9,136130939,136131185,10nM,strong,0,0,0
chr9,136171313,136171545,10nM,strong,0,0,0
chr9,136177348,136177547,10nM,strong,0,0,0
chr9,136282471,136282751,10nM,strong,0,0,0
chr9,136328071,136328431,10nM,strong,0,0,0
chr9,137173109,137173544,10nM,strong,0,0,0
chr9,137227170,137227377,10nM,strong,0,0,0
chrX,2894945,2895281,10nM,strong,0,0,0
chrX,2929414,2929599,10nM,strong,0,1,0
chrX,2933627,2933975,10nM,strong,0,0,0
chrX,3470162,3470570,10nM,strong,0,0,0
chrX,5402526,5402857,10nM,strong,0,1,0
chrX,6461348,6461650,10nM,strong,0,0,0
chrX,6729293,6729553,10nM,strong,0,0,0
chrX,6730054,6730237,10nM,strong,0,0,0
chrX,7132364,7132746,10nM,strong,0,0,0
chrX,7218439,7218816,10nM,strong,0,0,0
chrX,7219045,7219467,10nM,strong,0,0,0
chrX,7347434,7348204,10nM,strong,0,0,0
chrX,9206791,9207014,10nM,strong,0,0,0
chrX,9207153,9207507,10nM,strong,0,0,0
chrX,9267480,9267815,10nM,strong,0,0,1
chrX,9268979,9269605,10nM,strong,0,0,0
chrX,9810144,9810572,10nM,strong,0,0,0
chrX,10003933,10004325,10nM,strong,0,0,0
chrX,10005119,10005367,10nM,strong,0,0,0
chrX,10007162,10007437,10nM,strong,0,0,0
chrX,10032316,10032499,10nM,strong,0,0,0
chrX,10033198,10033658,10nM,strong,0,0,0
chrX,10090418,10090673,10nM,strong,0,0,0
chrX,10101097,10101675,10nM,strong,0,0,0
chrX,10156648,10156899,10nM,strong,0,0,0
chrX,10590015,10590255,10nM,strong,0,0,0
chrX,12947866,12948330,10nM,strong,0,0,0
chrX,12988888,12989313,10nM,strong,0,0,0
chrX,12994367,12994695,10nM,strong,0,0,0
chrX,13029057,13029745,10nM,strong,0,0,0
chrX,13029941,13030310,10nM,strong,0,0,0
chrX,16468073,16468392,10nM,strong,0,0,0
chrX,16469015,16469320,10nM,strong,0,0,0
chrX,16470037,16470689,10nM,strong,0,0,1
chrX,16471517,16471931,10nM,strong,0,0,0
chrX,16605335,16605566,10nM,strong,0,1,0
chrX,16617227,16617818,10nM,strong,0,0,0
chrX,16633653,16634161,10nM,strong,0,0,0
chrX,16662273,16662901,10nM,strong,0,0,0
chrX,16871472,16871691,10nM,strong,0,0,0
chrX,16881955,16882249,10nM,strong,0,0,0
chrX,17007265,17007700,10nM,strong,0,0,0
chrX,17291642,17291838,10nM,strong,0,0,0
chrX,18010289,18010523,10nM,strong,0,0,0
chrX,18031606,18031877,10nM,strong,0,0,0
chrX,18099808,18100195,10nM,strong,0,0,0
chrX,18831746,18832078,10nM,strong,0,0,0
chrX,18833344,18833582,10nM,strong,0,0,0
chrX,21914526,21914894,10nM,strong,0,0,1
chrX,21937306,21937709,10nM,strong,0,0,0
chrX,22117184,22117930,10nM,strong,0,0,0
chrX,22164751,22165386,10nM,strong,0,0,0
chrX,23501988,23502386,10nM,strong,0,0,1
chrX,23797487,23797677,10nM,strong,0,0,0
chrX,24056204,24056575,10nM,strong,0,0,0
chrX,24190503,24190753,10nM,strong,0,0,0
chrX,24491791,24492089,10nM,strong,0,0,1
chrX,37904895,37905234,10nM,strong,0,0,0
chrX,39895147,39895465,10nM,strong,0,0,0
chrX,39983870,39984137,10nM,strong,0,0,0
chrX,40518122,40518443,10nM,strong,0,1,0
chrX,54640739,54641105,10nM,strong,0,0,0
chrX,54696182,54696651,10nM,strong,0,0,0
chrX,54747669,54748077,10nM,strong,0,0,0
chrX,54748632,54748881,10nM,strong,0,0,0
chrX,67525080,67525372,10nM,strong,0,0,0
chrX,68355321,68355983,10nM,strong,0,1,0
chrX,68402477,68402906,10nM,strong,0,0,0
chrX,68462281,68462666,10nM,strong,0,1,0
chrX,100745868,100746281,10nM,strong,0,0,0
chrX,104972809,104973067,10nM,strong,0,0,0
chrX,107719487,107719714,10nM,strong,0,0,0
chrX,107726808,107727206,10nM,strong,0,0,0
chrX,109951961,109952316,10nM,strong,0,0,0
chrX,110004430,110004647,10nM,strong,0,0,0
chrX,110005150,110005339,10nM,strong,0,0,0
chrX,110162802,110163201,10nM,strong,0,0,0
chrX,110168213,110168508,10nM,strong,0,0,0
chrX,110173159,110173581,10nM,strong,0,0,0
chrX,110401970,110402347,10nM,strong,0,0,0
chrX,119984792,119984975,10nM,strong,0,0,0
chrX,120486000,120486266,10nM,strong,0,0,0
chrX,122363599,122363959,10nM,strong,0,0,0
chrX,123803658,123803898,10nM,strong,0,0,0
chrX,131493098,131493545,10nM,strong,0,0,0
chrX,131565907,131566310,10nM,strong,0,0,0
chrX,131589161,131589456,10nM,strong,0,0,0
chrX,132169704,132169978,10nM,strong,0,0,0
chrX,132181310,132181639,10nM,strong,0,0,0
chrX,133297319,133297564,10nM,strong,0,0,0
chrX,134569467,134569650,10nM,strong,0,0,0
chrX,134570525,134570856,10nM,strong,0,0,0
chrX,134570970,134571372,10nM,strong,0,0,0
chrX,134651977,134652259,10nM,strong,0,0,0
chrX,134652425,134652613,10nM,strong,0,0,0
chrX,134658509,134658824,10nM,strong,0,0,0
chrX,134718333,134718623,10nM,strong,0,0,0
chrX,134753152,134753576,10nM,strong,0,0,0
chrX,138037493,138037823,10nM,strong,0,0,0
chrX,140040457,140040844,10nM,strong,0,0,0
chrX,140490893,140491326,10nM,strong,0,0,0
chrX,140492195,140492635,10nM,strong,0,0,0
chrX,140508164,140508425,10nM,strong,0,0,0
chrX,141133359,141133554,10nM,strong,0,1,0
chrX,143633960,143634268,10nM,strong,0,0,0
chrX,150041139,150041621,10nM,strong,0,0,0
chrX,150293412,150293937,10nM,strong,0,0,0
chrX,152895751,152896056,10nM,strong,0,0,0
chrX,152915440,152915826,10nM,strong,0,0,0
chrX,154121193,154121469,10nM,strong,0,1,0
chrX,154374430,154374618,10nM,strong,0,0,0
chrX,154419917,154420267,10nM,strong,0,0,0
chrX,154490806,154491167,10nM,strong,0,1,0
chrX,154540842,154541949,10nM,strong,0,0,0
chrX,154542597,154542786,10nM,strong,0,0,0
chrX,154987997,154988493,10nM,strong,0,0,0
chr1,1380547,1380730,10nM,weak,0,0,0
chr1,1984637,1984840,10nM,weak,0,0,0
chr1,3085737,3086230,10nM,weak,0,0,0
chr1,3320440,3320666,10nM,weak,0,0,0
chr1,3366612,3366833,10nM,weak,0,0,0
chr1,3832194,3832638,10nM,weak,0,0,0
chr1,4733681,4733876,10nM,weak,0,0,0
chr1,5434126,5434484,10nM,weak,0,0,0
chr1,5435109,5435374,10nM,weak,0,0,0
chr1,6098173,6098424,10nM,weak,0,0,0
chr1,6819877,6820116,10nM,weak,0,0,0
chr1,7223855,7224124,10nM,weak,0,0,0
chr1,7224829,7225033,10nM,weak,0,0,0
chr1,7343505,7343784,10nM,weak,0,0,0
chr1,7529081,7529403,10nM,weak,0,0,0
chr1,7540866,7541131,10nM,weak,0,0,0
chr1,7609560,7609821,10nM,weak,0,0,0
chr1,8191276,8191588,10nM,weak,0,0,0
chr1,8395501,8395746,10nM,weak,0,0,0
chr1,9315516,9315736,10nM,weak,0,0,0
chr1,9389789,9390134,10nM,weak,0,0,0
chr1,10536596,10536855,10nM,weak,0,0,0
chr1,10735673,10736040,10nM,weak,0,0,0
chr1,10751158,10751418,10nM,weak,0,0,0
chr1,12633040,12633283,10nM,weak,0,0,0
chr1,13241615,13241924,10nM,weak,0,1,0
chr1,13385948,13386153,10nM,weak,0,0,0
chr1,13577595,13577976,10nM,weak,0,0,0
chr1,15172165,15172427,10nM,weak,0,0,1
chr1,15405254,15405629,10nM,weak,0,0,0
chr1,15457874,15458118,10nM,weak,0,0,0
chr1,17056247,17056538,10nM,weak,0,0,0
chr1,17335483,17335737,10nM,weak,0,0,0
chr1,17577633,17577875,10nM,weak,0,0,0
chr1,17599669,17599945,10nM,weak,0,0,0
chr1,17875330,17875514,10nM,weak,0,0,0
chr1,17912035,17912237,10nM,weak,0,0,0
chr1,17994130,17994351,10nM,weak,0,0,0
chr1,18052203,18052389,10nM,weak,0,0,0
chr1,18132192,18132416,10nM,weak,0,0,0
chr1,18323161,18323446,10nM,weak,0,0,0
chr1,18369319,18369733,10nM,weak,0,0,0
chr1,18450523,18450718,10nM,weak,0,0,0
chr1,18619204,18619414,10nM,weak,0,0,0
chr1,19816963,19817182,10nM,weak,0,0,0
chr1,20032007,20032221,10nM,weak,0,0,0
chr1,20109026,20109281,10nM,weak,0,0,0
chr1,20869805,20870152,10nM,weak,0,0,0
chr1,21378223,21378406,10nM,weak,0,0,0
chr1,21514864,21515047,10nM,weak,0,0,0
chr1,21904829,21905019,10nM,weak,0,0,0
chr1,21954606,21954828,10nM,weak,0,1,0
chr1,23110822,23111104,10nM,weak,0,1,1
chr1,23155218,23155579,10nM,weak,0,0,0
chr1,24364619,24364878,10nM,weak,0,0,0
chr1,24420679,24420965,10nM,weak,0,0,0
chr1,24575014,24575293,10nM,weak,0,1,0
chr1,24586116,24586375,10nM,weak,0,0,0
chr1,25033435,25033668,10nM,weak,0,0,0
chr1,25571684,25571875,10nM,weak,0,0,0
chr1,25714767,25715000,10nM,weak,0,0,0
chr1,26268921,26269155,10nM,weak,0,0,0
chr1,26361617,26361911,10nM,weak,0,0,0
chr1,27645058,27645472,10nM,weak,0,0,0
chr1,29251245,29251646,10nM,weak,0,1,0
chr1,29691819,29692002,10nM,weak,0,0,0
chr1,29987012,29987266,10nM,weak,0,0,0
chr1,30218030,30218266,10nM,weak,0,0,0
chr1,30219270,30219563,10nM,weak,0,0,0
chr1,30398075,30398579,10nM,weak,0,0,0
chr1,30461679,30462148,10nM,weak,0,0,0
chr1,31002198,31002498,10nM,weak,0,0,0
chr1,31195907,31196132,10nM,weak,0,1,1
chr1,31196704,31196976,10nM,weak,0,0,0
chr1,31258797,31258983,10nM,weak,0,0,0
chr1,31745231,31745502,10nM,weak,0,0,0
chr1,32406590,32406849,10nM,weak,0,0,0
chr1,33724058,33724241,10nM,weak,0,0,0
chr1,34589716,34589969,10nM,weak,0,0,0
chr1,34787621,34787873,10nM,weak,0,0,0
chr1,34900449,34900667,10nM,weak,0,0,0
chr1,36329830,36330031,10nM,weak,0,0,0
chr1,36543243,36543432,10nM,weak,0,0,0
chr1,36960186,36960369,10nM,weak,0,0,0
chr1,37768126,37768330,10nM,weak,0,0,0
chr1,38652537,38652758,10nM,weak,0,0,0
chr1,38729030,38729300,10nM,weak,0,1,0
chr1,39175020,39175210,10nM,weak,0,0,0
chr1,39953869,39954052,10nM,weak,0,0,0
chr1,41460383,41460566,10nM,weak,0,0,0
chr1,41688051,41688254,10nM,weak,0,0,0
chr1,41710253,41710480,10nM,weak,0,0,0
chr1,41719592,41719863,10nM,weak,0,0,0
chr1,41764880,41765117,10nM,weak,0,0,0
chr1,41829974,41830157,10nM,weak,0,0,0
chr1,44343415,44343613,10nM,weak,0,0,0
chr1,45309485,45309812,10nM,weak,0,1,0
chr1,46501253,46501524,10nM,weak,0,1,0
chr1,46788216,46788552,10nM,weak,0,0,0
chr1,47889331,47889713,10nM,weak,0,0,0
chr1,48758813,48759064,10nM,weak,0,0,0
chr1,53660359,53660542,10nM,weak,0,0,0
chr1,53698737,53698941,10nM,weak,0,0,0
chr1,54266219,54266421,10nM,weak,0,0,0
chr1,54331909,54332123,10nM,weak,0,0,0
chr1,55015294,55015515,10nM,weak,0,0,0
chr1,55311089,55311278,10nM,weak,0,0,0
chr1,55520003,55520226,10nM,weak,0,0,0
chr1,55684106,55684348,10nM,weak,0,0,0
chr1,55686322,55686528,10nM,weak,0,0,0
chr1,55699337,55699545,10nM,weak,0,0,0
chr1,56385201,56385441,10nM,weak,0,0,0
chr1,56439744,56439976,10nM,weak,0,0,0
chr1,57761652,57761884,10nM,weak,0,0,0
chr1,59056025,59056297,10nM,weak,0,0,0
chr1,59976155,59976367,10nM,weak,0,0,0
chr1,60700475,60700672,10nM,weak,0,0,0
chr1,60963328,60963515,10nM,weak,0,0,0
chr1,61498392,61498717,10nM,weak,0,0,0
chr1,61559623,61559937,10nM,weak,0,0,0
chr1,64346464,64346723,10nM,weak,0,0,0
chr1,64903693,64903936,10nM,weak,0,0,0
chr1,67542917,67543136,10nM,weak,0,0,1
chr1,67610583,67610793,10nM,weak,0,0,0
chr1,70985781,70986023,10nM,weak,0,0,0
chr1,71529270,71529607,10nM,weak,0,0,0
chr1,71738276,71738517,10nM,weak,0,0,0
chr1,71781174,71781521,10nM,weak,0,0,0
chr1,74329044,74329248,10nM,weak,0,0,0
chr1,74432335,74432543,10nM,weak,0,0,0
chr1,75218438,75218677,10nM,weak,0,0,0
chr1,76265078,76265408,10nM,weak,0,0,0
chr1,76637622,76637816,10nM,weak,0,0,0
chr1,76772462,76772730,10nM,weak,0,0,0
chr1,78800840,78801162,10nM,weak,0,0,0
chr1,78887893,78888154,10nM,weak,0,0,0
chr1,78927938,78928210,10nM,weak,0,0,0
chr1,80129426,80129622,10nM,weak,0,0,0
chr1,80918397,80918730,10nM,weak,0,0,0
chr1,81167121,81167353,10nM,weak,0,0,0
chr1,81193380,81193570,10nM,weak,0,0,0
chr1,81202379,81202589,10nM,weak,0,0,0
chr1,82386649,82387173,10nM,weak,0,0,0
chr1,82864638,82864920,10nM,weak,0,0,0
chr1,83813557,83813740,10nM,weak,0,0,0
chr1,83831957,83832247,10nM,weak,0,0,0
chr1,84935842,84936093,10nM,weak,0,0,0
chr1,85073679,85073949,10nM,weak,0,0,0
chr1,85134077,85134260,10nM,weak,0,0,0
chr1,87060369,87060581,10nM,weak,0,0,0
chr1,89743435,89743663,10nM,weak,0,0,0
chr1,91582969,91583152,10nM,weak,0,0,0
chr1,91768846,91769079,10nM,weak,0,0,0
chr1,92994190,92994373,10nM,weak,0,0,0
chr1,93599317,93599669,10nM,weak,0,0,0
chr1,93781798,93782050,10nM,weak,0,0,0
chr1,94357721,94357966,10nM,weak,0,0,0
chr1,94406596,94406786,10nM,weak,0,0,0
chr1,94646513,94646723,10nM,weak,0,0,0
chr1,95124875,95125229,10nM,weak,0,0,0
chr1,99599248,99599527,10nM,weak,0,0,0
chr1,99650675,99650884,10nM,weak,0,0,0
chr1,99748481,99748673,10nM,weak,0,0,0
chr1,99887308,99887522,10nM,weak,0,0,0
chr1,100346488,100346676,10nM,weak,0,0,1
chr1,101204151,101204376,10nM,weak,0,0,0
chr1,101258004,101258189,10nM,weak,0,0,0
chr1,101365963,101366327,10nM,weak,0,0,1
chr1,101742008,101742270,10nM,weak,0,0,0
chr1,101907339,101907613,10nM,weak,0,0,0
chr1,102240039,102240225,10nM,weak,0,0,0
chr1,102826075,102826290,10nM,weak,0,0,0
chr1,109286942,109287152,10nM,weak,0,0,0
chr1,109879345,109879543,10nM,weak,0,0,0
chr1,110192549,110192740,10nM,weak,0,0,0
chr1,110236082,110236389,10nM,weak,0,0,0
chr1,110240204,110240387,10nM,weak,0,0,0
chr1,110245946,110246313,10nM,weak,0,0,0
chr1,110535630,110535877,10nM,weak,0,0,0
chr1,110610554,110610890,10nM,weak,0,0,0
chr1,111099316,111099539,10nM,weak,0,0,0
chr1,111471027,111471256,10nM,weak,0,0,0
chr1,112055658,112055878,10nM,weak,0,0,0
chr1,112869326,112869561,10nM,weak,0,0,0
chr1,113281652,113281892,10nM,weak,0,0,0
chr1,113503827,113504066,10nM,weak,0,0,0
chr1,115029127,115029399,10nM,weak,0,0,0
chr1,115166662,115166849,10nM,weak,0,0,0
chr1,115991528,115991712,10nM,weak,0,0,0
chr1,116128225,116128408,10nM,weak,0,0,0
chr1,116160323,116160568,10nM,weak,0,0,0
chr1,116290088,116290447,10nM,weak,0,0,0
chr1,117018068,117018337,10nM,weak,0,0,0
chr1,117303436,117303646,10nM,weak,0,0,0
chr1,118556957,118557181,10nM,weak,0,0,0
chr1,119389790,119390019,10nM,weak,0,0,0
chr1,143714862,143715107,10nM,weak,0,0,1
chr1,148366449,148366786,10nM,weak,0,0,1
chr1,148369072,148369269,10nM,weak,0,0,0
chr1,150811584,150811832,10nM,weak,0,0,0
chr1,154686609,154686805,10nM,weak,0,0,0
chr1,154809882,154810123,10nM,weak,0,0,0
chr1,154829074,154829279,10nM,weak,0,0,0
chr1,154862883,154863088,10nM,weak,0,0,0
chr1,154914794,154915123,10nM,weak,0,1,0
chr1,156831208,156831540,10nM,weak,0,0,0
chr1,156985690,156985948,10nM,weak,0,1,0
chr1,157438555,157438819,10nM,weak,0,0,0
chr1,158157876,158158181,10nM,weak,0,0,0
chr1,160434869,160435196,10nM,weak,0,0,0
chr1,160623393,160623610,10nM,weak,0,0,0
chr1,160945939,160946136,10nM,weak,0,1,0
chr1,162056554,162056779,10nM,weak,0,0,0
chr1,162061047,162061279,10nM,weak,0,0,0
chr1,162741524,162741780,10nM,weak,0,0,0
chr1,165186021,165186231,10nM,weak,0,0,0
chr1,165267799,165268021,10nM,weak,0,0,0
chr1,165490303,165490505,10nM,weak,0,0,0
chr1,165544452,165544635,10nM,weak,0,0,0
chr1,166824592,166824820,10nM,weak,1,0,0
chr1,166825498,166825695,10nM,weak,0,0,0
chr1,169245671,169246009,10nM,weak,0,0,0
chr1,171336022,171336217,10nM,weak,0,0,0
chr1,171343123,171343448,10nM,weak,0,0,0
chr1,171565119,171565362,10nM,weak,0,0,0
chr1,172976777,172976980,10nM,weak,0,0,0
chr1,174351563,174351752,10nM,weak,0,0,0
chr1,174603127,174603314,10nM,weak,0,0,0
chr1,176752690,176752927,10nM,weak,0,0,0
chr1,177276460,177276726,10nM,weak,0,0,0
chr1,177305695,177305947,10nM,weak,0,0,0
chr1,177353021,177353227,10nM,weak,0,0,0
chr1,177619179,177619413,10nM,weak,0,0,0
chr1,177790619,177790908,10nM,weak,0,0,0
chr1,178077438,178077659,10nM,weak,0,0,0
chr1,179332095,179332317,10nM,weak,0,0,0
chr1,179371612,179371831,10nM,weak,0,0,0
chr1,179372276,179372540,10nM,weak,0,0,0
chr1,181492869,181493090,10nM,weak,0,0,0
chr1,182111835,182112041,10nM,weak,0,1,0
chr1,182129082,182129303,10nM,weak,0,0,0
chr1,182363687,182363935,10nM,weak,0,0,0
chr1,183242210,183242543,10nM,weak,0,0,0
chr1,183859763,183859968,10nM,weak,0,0,0
chr1,184536045,184536276,10nM,weak,0,0,0
chr1,184647246,184647538,10nM,weak,0,0,0
chr1,184662371,184662563,10nM,weak,0,0,0
chr1,185715859,185716045,10nM,weak,0,0,0
chr1,186153035,186153285,10nM,weak,0,0,0
chr1,186662827,186663048,10nM,weak,0,0,0
chr1,186765337,186765546,10nM,weak,0,0,0
chr1,186982003,186982195,10nM,weak,0,0,0
chr1,186997958,186998159,10nM,weak,0,0,0
chr1,187189623,187189812,10nM,weak,0,0,0
chr1,187209711,187209954,10nM,weak,0,0,0
chr1,187359645,187359879,10nM,weak,0,0,0
chr1,187381606,187381821,10nM,weak,0,0,0
chr1,188061954,188062159,10nM,weak,0,0,0
chr1,188515535,188515823,10nM,weak,0,0,0
chr1,189740832,189741132,10nM,weak,0,0,0
chr1,190275628,190276050,10nM,weak,0,0,0
chr1,190364884,190365158,10nM,weak,0,0,0
chr1,191150086,191150439,10nM,weak,0,0,0
chr1,192049229,192049564,10nM,weak,0,0,0
chr1,193430548,193430807,10nM,weak,0,0,0
chr1,193457813,193457996,10nM,weak,0,0,0
chr1,197322722,197322968,10nM,weak,0,0,0
chr1,197470784,197471013,10nM,weak,0,0,0
chr1,199294977,199295175,10nM,weak,0,0,0
chr1,199646814,199647203,10nM,weak,0,0,0
chr1,199778331,199778570,10nM,weak,0,1,0
chr1,199995141,199995439,10nM,weak,0,0,0
chr1,200429290,200429486,10nM,weak,0,0,1
chr1,200486751,200487011,10nM,weak,0,0,0
chr1,200889126,200889417,10nM,weak,0,0,0
chr1,200998161,200998355,10nM,weak,0,0,0
chr1,201214998,201215238,10nM,weak,0,0,0
chr1,203131822,203132048,10nM,weak,0,0,0
chr1,203313731,203313960,10nM,weak,0,1,0
chr1,203384327,203384566,10nM,weak,0,0,0
chr1,203409651,203409931,10nM,weak,0,0,0
chr1,203600190,203600400,10nM,weak,0,0,0
chr1,203605546,203605751,10nM,weak,0,0,0
chr1,203756513,203756758,10nM,weak,0,1,0
chr1,204180646,204180883,10nM,weak,0,0,0
chr1,204576065,204576256,10nM,weak,0,0,0
chr1,204716731,204716958,10nM,weak,0,0,0
chr1,205895045,205895320,10nM,weak,0,0,0
chr1,207565476,207565705,10nM,weak,0,0,0
chr1,208069026,208069553,10nM,weak,0,0,0
chr1,209535122,209535376,10nM,weak,0,0,0
chr1,209726835,209727020,10nM,weak,0,0,0
chr1,210419522,210419742,10nM,weak,0,0,0
chr1,210649587,210649774,10nM,weak,0,0,0
chr1,210722872,210723086,10nM,weak,0,0,0
chr1,210730244,210730497,10nM,weak,0,0,0
chr1,211502462,211502759,10nM,weak,0,0,0
chr1,211750814,211751072,10nM,weak,0,0,0
chr1,211920388,211920592,10nM,weak,0,0,0
chr1,212078028,212078357,10nM,weak,0,0,0
chr1,212138524,212139000,10nM,weak,0,0,0
chr1,213075094,213075377,10nM,weak,1,0,0
chr1,213550601,213550858,10nM,weak,0,0,0
chr1,213570556,213570894,10nM,weak,0,0,0
chr1,214050684,214050867,10nM,weak,0,0,0
chr1,214414742,214415021,10nM,weak,0,0,0
chr1,214700433,214700654,10nM,weak,0,0,0
chr1,215544967,215545325,10nM,weak,0,0,0
chr1,216701545,216701751,10nM,weak,0,0,0
chr1,216972519,216972782,10nM,weak,0,0,0
chr1,220365307,220365517,10nM,weak,0,0,0
chr1,222402624,222402845,10nM,weak,0,0,0
chr1,223151286,223151515,10nM,weak,0,0,0
chr1,223357370,223357587,10nM,weak,0,0,0
chr1,223435760,223436023,10nM,weak,0,0,0
chr1,223683504,223683721,10nM,weak,0,0,0
chr1,224212547,224212740,10nM,weak,0,0,0
chr1,224903584,224903878,10nM,weak,0,0,0
chr1,225755221,225755526,10nM,weak,0,0,0
chr1,226862749,226862939,10nM,weak,0,0,0
chr1,227406429,227406655,10nM,weak,0,0,0
chr1,228766801,228767057,10nM,weak,0,0,0
chr1,228853896,228854155,10nM,weak,0,0,0
chr1,228913831,228914043,10nM,weak,0,0,0
chr1,229382001,229382208,10nM,weak,0,0,0
chr1,229892708,229893066,10nM,weak,0,0,0
chr1,230351649,230351988,10nM,weak,0,0,0
chr1,230572843,230573040,10nM,weak,0,0,0
chr1,231507717,231507940,10nM,weak,0,0,0
chr1,231672180,231672680,10nM,weak,0,0,0
chr1,231719661,231719998,10nM,weak,0,0,0
chr1,231770830,231771156,10nM,weak,0,0,0
chr1,231811761,231811972,10nM,weak,0,0,0
chr1,231850937,231851121,10nM,weak,0,0,0
chr1,231853948,231854191,10nM,weak,0,0,0
chr1,232440305,232440674,10nM,weak,0,0,0
chr1,233009975,233010428,10nM,weak,0,0,0
chr1,233972715,233973001,10nM,weak,0,0,0
chr1,234553137,234553400,10nM,weak,0,0,0
chr1,235630556,235630761,10nM,weak,0,0,0
chr1,236412787,236413036,10nM,weak,0,1,0
chr1,236619832,236620047,10nM,weak,0,0,0
chr1,236760945,236761207,10nM,weak,0,0,0
chr1,237983568,237983790,10nM,weak,0,0,0
chr1,241801260,241801466,10nM,weak,0,0,0
chr1,242432877,242433091,10nM,weak,0,0,0
chr1,243902244,243902451,10nM,weak,0,0,0
chr1,245257275,245257503,10nM,weak,0,0,0
chr1,245483308,245483494,10nM,weak,0,0,0
chr1,246268078,246268316,10nM,weak,0,0,0
chr1,246479205,246479492,10nM,weak,0,0,0
chr1,247113217,247113413,10nM,weak,0,0,0
chr10,732692,732905,10nM,weak,0,0,0
chr10,937605,937888,10nM,weak,0,1,0
chr10,1460558,1460785,10nM,weak,0,0,0
chr10,1489252,1489466,10nM,weak,0,0,0
chr10,1660874,1661063,10nM,weak,0,0,0
chr10,2399928,2400311,10nM,weak,0,0,0
chr10,2400492,2400764,10nM,weak,0,0,0
chr10,2443167,2443357,10nM,weak,0,0,0
chr10,2448051,2448310,10nM,weak,0,0,0
chr10,3273018,3273250,10nM,weak,0,0,0
chr10,3667267,3667452,10nM,weak,0,0,0
chr10,3962913,3963189,10nM,weak,0,0,0
chr10,4121271,4121613,10nM,weak,0,1,0
chr10,4450582,4450857,10nM,weak,0,0,0
chr10,4525226,4525530,10nM,weak,0,0,0
chr10,4755394,4755815,10nM,weak,0,0,0
chr10,4853670,4853900,10nM,weak,0,0,0
chr10,5118229,5118551,10nM,weak,0,0,0
chr10,5620212,5620436,10nM,weak,0,0,0
chr10,5832733,5832990,10nM,weak,0,0,0
chr10,7868204,7868616,10nM,weak,0,0,0
chr10,8127527,8127710,10nM,weak,0,0,0
chr10,8353198,8353462,10nM,weak,0,0,0
chr10,8588864,8589119,10nM,weak,0,0,0
chr10,8772547,8772763,10nM,weak,0,0,0
chr10,10479090,10479288,10nM,weak,0,1,0
chr10,11146604,11146966,10nM,weak,0,0,0
chr10,11148460,11148649,10nM,weak,0,0,0
chr10,11662813,11663022,10nM,weak,0,0,0
chr10,11805445,11805652,10nM,weak,0,0,0
chr10,12265377,12265576,10nM,weak,0,0,0
chr10,12299322,12299609,10nM,weak,0,1,0
chr10,12973634,12973882,10nM,weak,0,0,0
chr10,13092808,13093118,10nM,weak,0,0,0
chr10,13538100,13538315,10nM,weak,0,0,0
chr10,13802011,13802273,10nM,weak,0,0,0
chr10,15627789,15628020,10nM,weak,0,0,0
chr10,15797493,15797686,10nM,weak,0,0,0
chr10,17239330,17239577,10nM,weak,0,0,0
chr10,17462909,17463113,10nM,weak,0,0,0
chr10,17654404,17654613,10nM,weak,1,0,0
chr10,18233756,18234000,10nM,weak,0,0,0
chr10,19196340,19196614,10nM,weak,0,0,0
chr10,19205531,19205714,10nM,weak,0,0,0
chr10,19395127,19395440,10nM,weak,0,0,0
chr10,21814892,21815161,10nM,weak,0,0,0
chr10,22118196,22118389,10nM,weak,0,0,0
chr10,22192874,22193192,10nM,weak,0,0,0
chr10,22598535,22598773,10nM,weak,0,0,0
chr10,22726949,22727200,10nM,weak,0,0,1
chr10,22844518,22844793,10nM,weak,0,0,0
chr10,22848026,22848260,10nM,weak,0,0,0
chr10,22974603,22974856,10nM,weak,0,1,0
chr10,23056195,23056395,10nM,weak,0,0,0
chr10,23664115,23664354,10nM,weak,0,0,0
chr10,23818757,23818994,10nM,weak,0,0,0
chr10,23868283,23868481,10nM,weak,0,0,0
chr10,24126759,24127014,10nM,weak,0,0,0
chr10,25057707,25057955,10nM,weak,0,0,0
chr10,25334561,25334824,10nM,weak,0,0,0
chr10,25384736,25384967,10nM,weak,0,0,0
chr10,26494097,26494292,10nM,weak,0,0,0
chr10,28478005,28478262,10nM,weak,0,0,1
chr10,28660290,28660605,10nM,weak,0,0,0
chr10,29049674,29049967,10nM,weak,0,0,0
chr10,29075121,29075477,10nM,weak,0,0,0
chr10,29115298,29115539,10nM,weak,0,0,0
chr10,29746314,29746567,10nM,weak,0,0,0
chr10,29890565,29890836,10nM,weak,0,0,0
chr10,30494300,30494532,10nM,weak,0,0,0
chr10,30536653,30536941,10nM,weak,0,0,0
chr10,31105584,31105814,10nM,weak,0,0,0
chr10,32197676,32197864,10nM,weak,0,0,0
chr10,32360273,32360579,10nM,weak,0,0,0
chr10,33041464,33041695,10nM,weak,0,0,0
chr10,33066931,33067167,10nM,weak,0,0,0
chr10,33271987,33272257,10nM,weak,0,0,0
chr10,33352814,33353116,10nM,weak,0,0,0
chr10,33476363,33476556,10nM,weak,1,0,1
chr10,34338065,34338276,10nM,weak,0,0,0
chr10,34413848,34414086,10nM,weak,0,0,1
chr10,34722394,34722631,10nM,weak,0,0,0
chr10,36364388,36364633,10nM,weak,0,0,0
chr10,36868285,36868468,10nM,weak,0,0,0
chr10,42768849,42769067,10nM,weak,0,0,0
chr10,42981358,42981615,10nM,weak,0,0,0
chr10,43060500,43060772,10nM,weak,0,0,0
chr10,43471573,43471777,10nM,weak,0,0,0
chr10,44144358,44144612,10nM,weak,0,0,0
chr10,47412921,47413145,10nM,weak,0,0,0
chr10,48298968,48299214,10nM,weak,0,0,0
chr10,48343290,48343487,10nM,weak,0,0,0
chr10,48657049,48657253,10nM,weak,0,0,0
chr10,48811943,48812134,10nM,weak,0,0,0
chr10,49058457,49058690,10nM,weak,0,0,0
chr10,49059309,49059499,10nM,weak,0,0,0
chr10,49271396,49271604,10nM,weak,0,0,0
chr10,49549894,49550147,10nM,weak,0,0,0
chr10,50459946,50460202,10nM,weak,0,0,0
chr10,50540028,50540256,10nM,weak,0,0,0
chr10,52243213,52243562,10nM,weak,0,0,0
chr10,53894192,53894378,10nM,weak,0,0,0
chr10,53957471,53957766,10nM,weak,0,0,0
chr10,56052967,56053186,10nM,weak,0,0,0
chr10,56783626,56783927,10nM,weak,0,0,0
chr10,58042645,58042850,10nM,weak,0,0,0
chr10,58101834,58102029,10nM,weak,0,0,0
chr10,58300810,58301256,10nM,weak,0,0,0
chr10,58811012,58811259,10nM,weak,0,0,0
chr10,59867916,59868099,10nM,weak,0,0,0
chr10,60223110,60223338,10nM,weak,0,0,0
chr10,60674773,60675170,10nM,weak,0,0,0
chr10,60691476,60691688,10nM,weak,0,0,0
chr10,60720837,60721088,10nM,weak,0,0,1
chr10,60817218,60817438,10nM,weak,0,0,0
chr10,60865408,60865633,10nM,weak,0,0,0
chr10,61067010,61067210,10nM,weak,0,0,0
chr10,61075658,61076016,10nM,weak,0,0,0
chr10,61272791,61273094,10nM,weak,0,0,0
chr10,61600442,61600626,10nM,weak,0,0,0
chr10,61668350,61668578,10nM,weak,0,0,0
chr10,61669863,61670233,10nM,weak,0,0,0
chr10,61819988,61820177,10nM,weak,0,0,0
chr10,62089808,62090123,10nM,weak,0,0,0
chr10,62766375,62766582,10nM,weak,0,0,0
chr10,63646632,63646867,10nM,weak,0,0,0
chr10,67017227,67017431,10nM,weak,0,0,0
chr10,68155300,68155488,10nM,weak,0,0,0
chr10,69269704,69269949,10nM,weak,0,0,0
chr10,69552584,69552824,10nM,weak,0,0,0
chr10,70121929,70122130,10nM,weak,0,1,0
chr10,70186507,70186690,10nM,weak,0,0,0
chr10,70256445,70256671,10nM,weak,0,0,0
chr10,70791725,70791935,10nM,weak,0,0,0
chr10,70985184,70985383,10nM,weak,0,0,0
chr10,72109016,72109251,10nM,weak,0,0,0
chr10,74557863,74558125,10nM,weak,0,0,0
chr10,74655831,74656022,10nM,weak,0,0,0
chr10,75730301,75730532,10nM,weak,0,0,0
chr10,75887557,75887831,10nM,weak,0,0,0
chr10,76626531,76626845,10nM,weak,0,0,0
chr10,76640981,76641267,10nM,weak,0,0,0
chr10,76964297,76964534,10nM,weak,0,0,0
chr10,77441236,77441443,10nM,weak,0,0,0
chr10,77721043,77721313,10nM,weak,0,0,0
chr10,78185688,78185934,10nM,weak,0,0,0
chr10,78219243,78219488,10nM,weak,0,0,0
chr10,78256261,78256529,10nM,weak,0,0,0
chr10,78400092,78400388,10nM,weak,0,0,0
chr10,78691277,78691542,10nM,weak,0,0,0
chr10,78754368,78754704,10nM,weak,0,0,0
chr10,78814493,78814709,10nM,weak,0,0,0
chr10,78843542,78843734,10nM,weak,0,0,0
chr10,78860471,78860742,10nM,weak,0,0,0
chr10,78969833,78970064,10nM,weak,0,0,0
chr10,78970323,78970579,10nM,weak,0,0,0
chr10,78977891,78978101,10nM,weak,0,0,0
chr10,79046818,79047046,10nM,weak,0,0,0
chr10,79135140,79135363,10nM,weak,0,0,0
chr10,79170171,79170411,10nM,weak,0,0,0
chr10,79453026,79453334,10nM,weak,0,0,0
chr10,79936298,79936529,10nM,weak,1,0,0
chr10,80609864,80610084,10nM,weak,0,0,0
chr10,80944015,80944218,10nM,weak,0,0,0
chr10,82673472,82673658,10nM,weak,0,0,0
chr10,87032857,87033246,10nM,weak,0,0,0
chr10,87635539,87635759,10nM,weak,0,0,0
chr10,88195822,88196079,10nM,weak,0,0,0
chr10,88316490,88316806,10nM,weak,0,0,0
chr10,89225292,89225519,10nM,weak,0,0,0
chr10,89875344,89875551,10nM,weak,0,0,0
chr10,90844058,90844264,10nM,weak,0,0,0
chr10,91102966,91103251,10nM,weak,0,0,0
chr10,91931690,91931882,10nM,weak,0,0,0
chr10,93283311,93283555,10nM,weak,0,0,0
chr10,93369830,93370079,10nM,weak,0,0,0
chr10,93571044,93571254,10nM,weak,0,0,0
chr10,93741399,93741640,10nM,weak,0,0,0
chr10,94058526,94058725,10nM,weak,0,0,0
chr10,94225789,94226015,10nM,weak,0,0,0
chr10,95427253,95427439,10nM,weak,0,0,0
chr10,96196500,96196834,10nM,weak,0,0,0
chr10,96238171,96238408,10nM,weak,0,0,0
chr10,96455348,96455592,10nM,weak,0,0,0
chr10,97093996,97094260,10nM,weak,0,0,0
chr10,98238467,98238685,10nM,weak,0,0,0
chr10,98267226,98267416,10nM,weak,0,0,0
chr10,98301874,98302059,10nM,weak,0,0,0
chr10,98481853,98482201,10nM,weak,0,0,0
chr10,99357620,99357890,10nM,weak,0,0,0
chr10,99568082,99568355,10nM,weak,0,0,0
chr10,100013955,100014204,10nM,weak,0,0,0
chr10,101560352,101560562,10nM,weak,0,0,0
chr10,101631901,101632167,10nM,weak,0,1,0
chr10,101691323,101691578,10nM,weak,0,0,0
chr10,102757588,102757771,10nM,weak,0,0,1
chr10,104008467,104008661,10nM,weak,0,0,0
chr10,104379935,104380255,10nM,weak,0,0,0
chr10,110781296,110781512,10nM,weak,0,0,0
chr10,111094956,111095241,10nM,weak,0,0,0
chr10,111390524,111390880,10nM,weak,0,0,0
chr10,112054019,112054352,10nM,weak,0,0,0
chr10,112485415,112485726,10nM,weak,0,0,0
chr10,112490621,112490820,10nM,weak,0,0,0
chr10,112778735,112778988,10nM,weak,0,0,0
chr10,113589383,113589566,10nM,weak,0,0,0
chr10,113649817,113650059,10nM,weak,0,0,0
chr10,113900423,113900637,10nM,weak,0,0,0
chr10,113938789,113939054,10nM,weak,0,0,0
chr10,114008388,114008663,10nM,weak,0,0,0
chr10,114385279,114385520,10nM,weak,0,0,0
chr10,114593578,114593836,10nM,weak,0,0,0
chr10,114652989,114653208,10nM,weak,0,0,0
chr10,115670679,115670937,10nM,weak,0,0,0
chr10,115870521,115870783,10nM,weak,0,0,0
chr10,115880103,115880322,10nM,weak,0,0,0
chr10,115998315,115998566,10nM,weak,0,0,0
chr10,117903867,117904132,10nM,weak,0,0,0
chr10,118087201,118087399,10nM,weak,0,1,0
chr10,118119575,118119796,10nM,weak,0,0,0
chr10,118281945,118282164,10nM,weak,0,0,0
chr10,118285834,118286148,10nM,weak,0,0,0
chr10,118832419,118832624,10nM,weak,0,0,0
chr10,118962397,118962605,10nM,weak,0,0,0
chr10,119275177,119275392,10nM,weak,0,0,0
chr10,120932108,120932423,10nM,weak,0,0,0
chr10,120951641,120951925,10nM,weak,0,0,0
chr10,121269658,121269865,10nM,weak,0,0,0
chr10,121270406,121270671,10nM,weak,0,0,0
chr10,121366605,121366891,10nM,weak,0,1,0
chr10,121854191,121854381,10nM,weak,0,0,0
chr10,122047388,122047615,10nM,weak,0,0,0
chr10,122213880,122214091,10nM,weak,0,0,0
chr10,122532013,122532357,10nM,weak,0,0,0
chr10,123600389,123600612,10nM,weak,0,0,0
chr10,123782794,123782986,10nM,weak,0,0,0
chr10,123799102,123799527,10nM,weak,0,0,0
chr10,123834229,123834458,10nM,weak,0,0,0
chr10,123942211,123942530,10nM,weak,0,0,0
chr10,124184139,124184343,10nM,weak,0,0,0
chr10,125299478,125299711,10nM,weak,0,0,0
chr10,125304033,125304222,10nM,weak,0,1,0
chr10,125441620,125441806,10nM,weak,0,0,0
chr10,125606321,125606572,10nM,weak,0,0,0
chr10,125689428,125689631,10nM,weak,0,0,0
chr10,125701495,125701836,10nM,weak,0,0,0
chr10,126157835,126158079,10nM,weak,0,0,0
chr10,126250239,126250425,10nM,weak,0,0,0
chr10,126458488,126458681,10nM,weak,0,0,0
chr10,126545177,126545508,10nM,weak,0,0,0
chr10,126642636,126642904,10nM,weak,0,0,0
chr10,126664612,126664856,10nM,weak,0,0,0
chr10,126706073,126706269,10nM,weak,0,0,0
chr10,126840818,126841073,10nM,weak,0,0,0
chr10,126841522,126841791,10nM,weak,0,0,0
chr10,127329109,127329372,10nM,weak,0,0,0
chr10,128533380,128533607,10nM,weak,0,0,0
chr10,128982849,128983032,10nM,weak,0,0,0
chr10,129017410,129017712,10nM,weak,0,0,0
chr10,129117880,129118092,10nM,weak,0,0,0
chr10,129438870,129439088,10nM,weak,0,0,0
chr10,129523946,129524187,10nM,weak,0,0,0
chr10,129656461,129656679,10nM,weak,0,0,0
chr10,130010040,130010285,10nM,weak,0,0,0
chr10,130748692,130749048,10nM,weak,0,0,0
chr10,130773397,130773643,10nM,weak,0,0,0
chr10,131019860,131020165,10nM,weak,0,0,0
chr10,131111652,131111862,10nM,weak,0,0,0
chr10,131236328,131236558,10nM,weak,0,0,0
chr10,131245087,131245282,10nM,weak,0,0,0
chr10,132555497,132555866,10nM,weak,0,0,0
chr10,133560991,133561365,10nM,weak,0,0,0
chr11,408474,408716,10nM,weak,0,0,0
chr11,742156,742339,10nM,weak,1,0,0
chr11,1368413,1368638,10nM,weak,0,0,0
chr11,1486032,1486234,10nM,weak,0,0,0
chr11,1650317,1650609,10nM,weak,0,0,0
chr11,1770766,1770985,10nM,weak,0,0,0
chr11,3895032,3895242,10nM,weak,0,1,0
chr11,7171307,7171569,10nM,weak,0,0,0
chr11,8024794,8024994,10nM,weak,0,0,0
chr11,8068772,8069015,10nM,weak,0,0,0
chr11,10050547,10050800,10nM,weak,0,0,0
chr11,10505454,10505672,10nM,weak,0,0,0
chr11,11972300,11972633,10nM,weak,0,0,0
chr11,12043449,12043684,10nM,weak,0,0,0
chr11,12480902,12481087,10nM,weak,0,0,0
chr11,12558302,12558496,10nM,weak,0,0,0
chr11,12768761,12769024,10nM,weak,0,0,0
chr11,12795189,12795468,10nM,weak,0,0,0
chr11,12945388,12945573,10nM,weak,0,0,0
chr11,13042964,13043232,10nM,weak,0,0,0
chr11,13113283,13113571,10nM,weak,0,0,0
chr11,13718995,13719233,10nM,weak,0,0,0
chr11,13719468,13719700,10nM,weak,0,0,0
chr11,13873333,13873573,10nM,weak,0,0,0
chr11,13929546,13929818,10nM,weak,0,0,0
chr11,14015766,14016033,10nM,weak,0,0,0
chr11,16110822,16111127,10nM,weak,0,0,0
chr11,16112756,16112944,10nM,weak,0,0,0
chr11,16796610,16796823,10nM,weak,0,0,1
chr11,17515479,17515742,10nM,weak,0,0,0
chr11,19269059,19269252,10nM,weak,0,0,0
chr11,19332500,19332699,10nM,weak,0,0,0
chr11,19850110,19850301,10nM,weak,0,0,0
chr11,24807734,24807939,10nM,weak,0,0,0
chr11,30395233,30395550,10nM,weak,0,0,0
chr11,30418549,30418854,10nM,weak,0,0,0
chr11,30433999,30434188,10nM,weak,0,0,0
chr11,30811345,30811623,10nM,weak,0,0,0
chr11,30984418,30984620,10nM,weak,0,0,0
chr11,32229546,32229784,10nM,weak,0,0,0
chr11,32302889,32303072,10nM,weak,0,0,0
chr11,34226406,34226589,10nM,weak,0,0,0
chr11,34290380,34290563,10nM,weak,0,0,1
chr11,34609264,34609481,10nM,weak,0,0,0
chr11,34783311,34783498,10nM,weak,0,0,0
chr11,35097843,35098196,10nM,weak,0,0,0
chr11,35264314,35264596,10nM,weak,0,0,0
chr11,35538550,35538757,10nM,weak,0,0,0
chr11,35797463,35797646,10nM,weak,0,0,0
chr11,35797902,35798130,10nM,weak,0,0,0
chr11,35950058,35950334,10nM,weak,0,0,0
chr11,36016705,36016905,10nM,weak,0,0,0
chr11,36026442,36026663,10nM,weak,0,0,0
chr11,44206306,44206532,10nM,weak,0,0,0
chr11,44307228,44307426,10nM,weak,0,0,0
chr11,44525061,44525279,10nM,weak,0,0,0
chr11,44695756,44695972,10nM,weak,0,0,0
chr11,46489446,46489688,10nM,weak,0,0,0
chr11,46525950,46526207,10nM,weak,0,1,0
chr11,46902975,46903191,10nM,weak,0,0,0
chr11,46915033,46915263,10nM,weak,0,0,0
chr11,47110443,47110629,10nM,weak,0,0,0
chr11,59704095,59704315,10nM,weak,0,0,0
chr11,60332494,60332801,10nM,weak,0,0,0
chr11,60346071,60346279,10nM,weak,0,0,0
chr11,60873929,60874248,10nM,weak,0,0,0
chr11,60998363,60998646,10nM,weak,0,0,0
chr11,61619511,61619698,10nM,weak,0,0,0
chr11,61820932,61821149,10nM,weak,0,0,0
chr11,61832940,61833224,10nM,weak,0,0,0
chr11,62398668,62398856,10nM,weak,0,0,0
chr11,63140412,63140668,10nM,weak,0,0,0
chr11,63250310,63250536,10nM,weak,0,0,0
chr11,63591388,63591659,10nM,weak,0,0,1
chr11,64415102,64415289,10nM,weak,0,0,0
chr11,64453693,64453973,10nM,weak,0,0,0
chr11,64682752,64682968,10nM,weak,0,0,0
chr11,65458499,65458861,10nM,weak,0,1,0
chr11,65709633,65709881,10nM,weak,0,1,0
chr11,66708708,66708947,10nM,weak,0,0,0
chr11,66929011,66929234,10nM,weak,0,0,0
chr11,69312834,69313032,10nM,weak,0,0,0
chr11,69810909,69811127,10nM,weak,0,0,0
chr11,71202791,71202990,10nM,weak,0,0,0
chr11,71626106,71626426,10nM,weak,0,0,0
chr11,71867180,71867514,10nM,weak,0,0,0
chr11,76278294,76278546,10nM,weak,0,0,0
chr11,76711187,76711396,10nM,weak,0,0,0
chr11,76750215,76750483,10nM,weak,0,0,0
chr11,77752596,77752907,10nM,weak,0,0,0
chr11,79317527,79317748,10nM,weak,0,0,0
chr11,79512935,79513154,10nM,weak,0,0,0
chr11,79523590,79523925,10nM,weak,0,0,0
chr11,80206676,80206877,10nM,weak,0,0,0
chr11,80221818,80222046,10nM,weak,0,0,0
chr11,80248241,80248439,10nM,weak,0,0,0
chr11,80272027,80272219,10nM,weak,0,0,0
chr11,80336200,80336494,10nM,weak,0,0,0
chr11,80436119,80436889,10nM,weak,0,0,0
chr11,80479016,80479244,10nM,weak,0,0,0
chr11,81043290,81043552,10nM,weak,0,0,0
chr11,82607726,82607926,10nM,weak,0,0,0
chr11,84407481,84407876,10nM,weak,0,0,0
chr11,84452620,84452818,10nM,weak,0,0,0
chr11,84660393,84660578,10nM,weak,0,0,0
chr11,86210212,86210485,10nM,weak,0,0,0
chr11,86466291,86466544,10nM,weak,0,0,0
chr11,86580065,86580322,10nM,weak,0,0,0
chr11,86762644,86762897,10nM,weak,0,0,0
chr11,90118226,90118412,10nM,weak,0,0,0
chr11,93480677,93480981,10nM,weak,0,0,0
chr11,93559620,93559803,10nM,weak,0,0,0
chr11,93878708,93878903,10nM,weak,0,0,0
chr11,94819619,94819856,10nM,weak,0,0,0
chr11,95285790,95286003,10nM,weak,0,0,0
chr11,95385629,95385879,10nM,weak,0,0,0
chr11,95914645,95914909,10nM,weak,0,0,0
chr11,96464313,96464602,10nM,weak,0,1,0
chr11,100692480,100692722,10nM,weak,0,0,0
chr11,100990528,100990719,10nM,weak,0,0,0
chr11,101078524,101078884,10nM,weak,0,0,0
chr11,101249022,101249244,10nM,weak,0,0,0
chr11,101289958,101290186,10nM,weak,0,0,0
chr11,101407537,101407770,10nM,weak,0,0,0
chr11,101560302,101560485,10nM,weak,0,0,0
chr11,102053685,102053948,10nM,weak,0,0,1
chr11,102468649,102468864,10nM,weak,0,0,0
chr11,102471728,102471969,10nM,weak,0,0,0
chr11,103552582,103552787,10nM,weak,0,0,0
chr11,104055013,104055215,10nM,weak,0,0,0
chr11,105371318,105371542,10nM,weak,0,0,0
chr11,106465462,106465645,10nM,weak,0,0,0
chr11,106624031,106624217,10nM,weak,0,1,0
chr11,107263032,107263264,10nM,weak,0,0,0
chr11,107408816,107409083,10nM,weak,0,0,0
chr11,108529300,108529483,10nM,weak,0,0,1
chr11,108534420,108534654,10nM,weak,0,0,0
chr11,110061538,110061733,10nM,weak,0,0,0
chr11,110339635,110339841,10nM,weak,0,0,0
chr11,111357255,111357552,10nM,weak,0,0,0
chr11,111908039,111908256,10nM,weak,0,0,0
chr11,112216654,112216889,10nM,weak,0,0,0
chr11,112779511,112779695,10nM,weak,0,0,0
chr11,113184680,113184912,10nM,weak,0,0,0
chr11,113405554,113405737,10nM,weak,0,0,0
chr11,113730930,113731131,10nM,weak,0,0,0
chr11,113779253,113779584,10nM,weak,0,0,0
chr11,114055010,114055325,10nM,weak,0,0,0
chr11,114261932,114262128,10nM,weak,0,0,0
chr11,114705187,114705445,10nM,weak,0,0,0
chr11,115044567,115044801,10nM,weak,0,0,0
chr11,115452436,115452628,10nM,weak,0,0,0
chr11,115462391,115462615,10nM,weak,0,0,0
chr11,115550406,115550620,10nM,weak,0,0,0
chr11,116447961,116448226,10nM,weak,0,0,0
chr11,116542996,116543306,10nM,weak,0,0,0
chr11,117586416,117586655,10nM,weak,0,0,0
chr11,119841381,119841661,10nM,weak,0,0,0
chr11,120591865,120592195,10nM,weak,0,0,0
chr11,120663200,120663453,10nM,weak,0,0,0
chr11,120799460,120799757,10nM,weak,0,0,0
chr11,121330810,121331043,10nM,weak,0,0,0
chr11,121758731,121758928,10nM,weak,0,0,0
chr11,122563184,122563480,10nM,weak,0,0,0
chr11,123300945,123301231,10nM,weak,0,0,0
chr11,123439554,123439758,10nM,weak,0,0,0
chr11,123445163,123445439,10nM,weak,0,0,0
chr11,124864714,124864981,10nM,weak,0,0,0
chr11,125390864,125391080,10nM,weak,0,0,0
chr11,125752510,125752721,10nM,weak,0,0,0
chr11,128924855,128925068,10nM,weak,0,0,0
chr11,130368319,130368590,10nM,weak,0,0,0
chr11,130430027,130430341,10nM,weak,0,1,0
chr11,130481710,130482074,10nM,weak,0,0,0
chr11,130706122,130706305,10nM,weak,0,0,0
chr11,131193767,131193979,10nM,weak,0,0,0
chr11,131596059,131596293,10nM,weak,0,0,0
chr11,131682028,131682243,10nM,weak,0,0,0
chr11,131686888,131687149,10nM,weak,0,0,0
chr11,132097312,132097571,10nM,weak,0,0,0
chr11,132646918,132647173,10nM,weak,0,0,0
chr11,132941918,132942116,10nM,weak,0,0,0
chr11,133522221,133522550,10nM,weak,0,0,0
chr11,133975575,133975934,10nM,weak,0,0,0
chr11,134170082,134170637,10nM,weak,0,0,0
chr11,134489080,134489470,10nM,weak,0,0,0
chr11,134527568,134527763,10nM,weak,0,0,0
chr11,134664377,134664671,10nM,weak,0,0,0
chr11,134703314,134703511,10nM,weak,0,0,0
chr11,134976119,134976334,10nM,weak,0,0,0
chr12,169389,169605,10nM,weak,0,0,0
chr12,456133,456453,10nM,weak,0,0,0
chr12,597364,597562,10nM,weak,0,0,0
chr12,1418111,1418410,10nM,weak,0,0,0
chr12,1814296,1814588,10nM,weak,0,0,0
chr12,1927426,1927621,10nM,weak,0,0,0
chr12,1973479,1973726,10nM,weak,0,0,0
chr12,2044589,2044788,10nM,weak,0,0,0
chr12,2171063,2171286,10nM,weak,0,0,0
chr12,2673726,2673953,10nM,weak,0,0,0
chr12,2740882,2741116,10nM,weak,0,0,0
chr12,2764908,2765108,10nM,weak,0,0,0
chr12,2775453,2775729,10nM,weak,0,0,0
chr12,2776886,2777162,10nM,weak,0,0,0
chr12,3485877,3486169,10nM,weak,0,0,0
chr12,3550189,3550527,10nM,weak,0,0,0
chr12,3959893,3960435,10nM,weak,0,0,0
chr12,3962022,3962251,10nM,weak,0,0,0
chr12,4375568,4375805,10nM,weak,0,0,0
chr12,5919204,5919709,10nM,weak,1,0,0
chr12,6441971,6442231,10nM,weak,0,1,0
chr12,7730648,7730889,10nM,weak,0,1,0
chr12,7786563,7786831,10nM,weak,0,0,0
chr12,7915558,7915788,10nM,weak,0,1,0
chr12,9280797,9281104,10nM,weak,0,0,0
chr12,11559317,11559526,10nM,weak,0,0,0
chr12,11967988,11968175,10nM,weak,0,0,0
chr12,12295661,12295876,10nM,weak,0,1,0
chr12,12993831,12994018,10nM,weak,0,0,0
chr12,13070673,13070874,10nM,weak,0,0,0
chr12,14924744,14924964,10nM,weak,0,0,0
chr12,15188240,15188475,10nM,weak,0,0,0
chr12,15754954,15755253,10nM,weak,0,0,0
chr12,15781210,15781428,10nM,weak,0,0,0
chr12,16132470,16132710,10nM,weak,0,0,0
chr12,16310990,16311223,10nM,weak,0,0,0
chr12,16317443,16317635,10nM,weak,0,0,0
chr12,18141788,18142033,10nM,weak,0,0,0
chr12,18152636,18152911,10nM,weak,0,1,0
chr12,18567880,18568127,10nM,weak,0,0,0
chr12,18568594,18568872,10nM,weak,0,0,0
chr12,18634609,18634804,10nM,weak,0,0,0
chr12,18853150,18853385,10nM,weak,0,0,0
chr12,20011144,20011405,10nM,weak,0,0,0
chr12,21151088,21151386,10nM,weak,0,0,0
chr12,21388974,21389244,10nM,weak,0,0,0
chr12,22548501,22548714,10nM,weak,0,0,0
chr12,22598477,22598676,10nM,weak,0,0,0
chr12,22756362,22756705,10nM,weak,0,0,0
chr12,23655757,23656236,10nM,weak,0,0,0
chr12,24162796,24162979,10nM,weak,0,0,0
chr12,25835508,25835769,10nM,weak,0,0,0
chr12,25882054,25882382,10nM,weak,0,0,0
chr12,27257235,27257430,10nM,weak,0,0,0
chr12,27549239,27549424,10nM,weak,0,0,0
chr12,28202752,28202935,10nM,weak,0,0,0
chr12,28214293,28214511,10nM,weak,0,0,0
chr12,29024149,29024332,10nM,weak,0,0,0
chr12,30126106,30126311,10nM,weak,0,0,0
chr12,31423737,31423964,10nM,weak,0,0,0
chr12,31424394,31424676,10nM,weak,0,0,0
chr12,31526232,31526566,10nM,weak,0,0,0
chr12,31769186,31769469,10nM,weak,0,0,1
chr12,31918695,31918950,10nM,weak,0,1,0
chr12,32533033,32533336,10nM,weak,0,0,0
chr12,32661755,32662051,10nM,weak,0,0,0
chr12,39741769,39742051,10nM,weak,0,0,0
chr12,41012084,41012338,10nM,weak,0,0,0
chr12,41959442,41959671,10nM,weak,0,0,0
chr12,42356282,42356544,10nM,weak,0,0,0
chr12,42459215,42459609,10nM,weak,0,0,0
chr12,42576468,42576662,10nM,weak,0,0,0
chr12,42594365,42594597,10nM,weak,0,0,0
chr12,42617703,42617945,10nM,weak,0,0,0
chr12,42718570,42718844,10nM,weak,0,0,1
chr12,42747558,42747800,10nM,weak,0,0,0
chr12,43858012,43858250,10nM,weak,0,0,0
chr12,45623922,45624157,10nM,weak,0,0,0
chr12,47302058,47302350,10nM,weak,0,0,0
chr12,47367821,47368107,10nM,weak,0,0,0
chr12,47998560,47998744,10nM,weak,0,0,0
chr12,48513378,48513589,10nM,weak,0,0,0
chr12,48767559,48767784,10nM,weak,0,0,0
chr12,51043750,51043938,10nM,weak,0,1,0
chr12,51518326,51518521,10nM,weak,0,0,0
chr12,54924765,54925042,10nM,weak,0,0,0
chr12,55057369,55057602,10nM,weak,0,0,0
chr12,58938400,58938583,10nM,weak,0,1,0
chr12,59881475,59881728,10nM,weak,0,0,0
chr12,61915930,61916232,10nM,weak,0,0,0
chr12,62052807,62053032,10nM,weak,0,0,0
chr12,62407708,62407925,10nM,weak,0,0,1
chr12,63084476,63084706,10nM,weak,0,0,0
chr12,63162836,63163111,10nM,weak,0,0,0
chr12,63457058,63457371,10nM,weak,0,0,0
chr12,63599095,63599309,10nM,weak,0,1,0
chr12,64340851,64341069,10nM,weak,0,0,0
chr12,64361310,64361593,10nM,weak,0,0,0
chr12,64385393,64385633,10nM,weak,0,0,0
chr12,64598091,64598302,10nM,weak,0,1,0
chr12,65043845,65044048,10nM,weak,0,0,0
chr12,65394537,65394746,10nM,weak,0,0,0
chr12,67459533,67459842,10nM,weak,0,0,0
chr12,68827419,68827646,10nM,weak,0,0,0
chr12,68937491,68937687,10nM,weak,0,0,0
chr12,68975833,68976019,10nM,weak,0,0,0
chr12,69003063,69003246,10nM,weak,0,0,0
chr12,69934610,69934848,10nM,weak,0,0,0
chr12,70814152,70814335,10nM,weak,0,0,0
chr12,72318379,72318674,10nM,weak,0,0,0
chr12,72790763,72790946,10nM,weak,0,0,0
chr12,73643547,73643796,10nM,weak,0,0,0
chr12,73908928,73909173,10nM,weak,0,0,0
chr12,74194518,74194789,10nM,weak,0,0,0
chr12,74862550,74862795,10nM,weak,0,0,0
chr12,75770578,75770761,10nM,weak,0,0,1
chr12,75815119,75815338,10nM,weak,0,0,0
chr12,75931527,75931723,10nM,weak,0,1,0
chr12,77629248,77629480,10nM,weak,0,0,0
chr12,77763631,77763824,10nM,weak,0,0,0
chr12,77764690,77764908,10nM,weak,0,0,0
chr12,78366712,78366895,10nM,weak,0,0,0
chr12,79020096,79020279,10nM,weak,0,0,0
chr12,79706340,79706538,10nM,weak,0,0,0
chr12,80211387,80211648,10nM,weak,0,0,0
chr12,80260684,80260875,10nM,weak,0,0,0
chr12,80955372,80955569,10nM,weak,0,0,0
chr12,82902520,82902732,10nM,weak,0,0,0
chr12,83076029,83076285,10nM,weak,0,0,0
chr12,83113644,83113922,10nM,weak,0,0,0
chr12,83878593,83878950,10nM,weak,0,0,0
chr12,83963481,83963866,10nM,weak,0,0,0
chr12,86241539,86241726,10nM,weak,0,0,0
chr12,88756267,88756498,10nM,weak,0,0,0
chr12,88803076,88803365,10nM,weak,0,0,0
chr12,89389881,89390109,10nM,weak,0,0,0
chr12,91667844,91668178,10nM,weak,0,0,0
chr12,91726114,91726352,10nM,weak,0,0,0
chr12,91883748,91884045,10nM,weak,0,0,0
chr12,91974514,91974747,10nM,weak,0,0,0
chr12,92434546,92434808,10nM,weak,0,0,0
chr12,93107598,93107882,10nM,weak,0,0,0
chr12,93690712,93690935,10nM,weak,0,0,0
chr12,93854198,93854422,10nM,weak,0,0,0
chr12,93954638,93954870,10nM,weak,0,0,0
chr12,94098970,94099199,10nM,weak,0,0,1
chr12,94929889,94930167,10nM,weak,0,0,0
chr12,95146878,95147084,10nM,weak,0,0,0
chr12,95172523,95172871,10nM,weak,0,0,0
chr12,95661542,95661871,10nM,weak,0,0,0
chr12,96060115,96060424,10nM,weak,0,0,0
chr12,96785318,96785541,10nM,weak,0,0,0
chr12,97899657,97899869,10nM,weak,0,0,0
chr12,97965684,97965978,10nM,weak,0,0,0
chr12,98064316,98064524,10nM,weak,0,0,0
chr12,100400398,100400668,10nM,weak,0,0,0
chr12,101314220,101314403,10nM,weak,1,0,0
chr12,101727264,101727528,10nM,weak,0,0,0
chr12,102502114,102502357,10nM,weak,0,0,0
chr12,102521959,102522179,10nM,weak,0,0,0
chr12,102534928,102535149,10nM,weak,0,0,0
chr12,103031816,103032135,10nM,weak,0,0,0
chr12,103373901,103374085,10nM,weak,0,0,0
chr12,103851913,103852152,10nM,weak,0,0,1
chr12,104775716,104776241,10nM,weak,0,0,0
chr12,105357511,105357713,10nM,weak,0,0,0
chr12,105359867,105360097,10nM,weak,0,0,0
chr12,105879412,105879598,10nM,weak,0,0,0
chr12,106188343,106188597,10nM,weak,0,0,0
chr12,107784423,107784638,10nM,weak,0,0,0
chr12,107848423,107848689,10nM,weak,0,0,0
chr12,108281763,108282058,10nM,weak,0,0,0
chr12,108601954,108602226,10nM,weak,0,0,1
chr12,108945771,108945959,10nM,weak,0,0,0
chr12,109396451,109396802,10nM,weak,0,1,0
chr12,109752430,109752627,10nM,weak,0,0,0
chr12,109868365,109868555,10nM,weak,0,0,0
chr12,109892068,109892298,10nM,weak,0,1,0
chr12,110023573,110023757,10nM,weak,0,0,0
chr12,110074199,110074382,10nM,weak,0,0,0
chr12,110555985,110556295,10nM,weak,0,0,0
chr12,110651414,110651597,10nM,weak,0,0,0
chr12,110829219,110829488,10nM,weak,0,0,0
chr12,110965040,110965302,10nM,weak,0,0,0
chr12,111165189,111165427,10nM,weak,0,0,0
chr12,112901260,112901631,10nM,weak,0,0,0
chr12,115426713,115427046,10nM,weak,0,0,0
chr12,115821578,115821771,10nM,weak,0,0,0
chr12,116283835,116284021,10nM,weak,0,1,0
chr12,116417776,116418046,10nM,weak,0,0,0
chr12,117240429,117240669,10nM,weak,0,0,0
chr12,117371850,117372056,10nM,weak,0,0,0
chr12,119482607,119482861,10nM,weak,0,0,0
chr12,119483846,119484056,10nM,weak,0,0,0
chr12,119543264,119543459,10nM,weak,0,0,0
chr12,119648027,119648257,10nM,weak,0,0,0
chr12,121185107,121185387,10nM,weak,0,0,0
chr12,122368757,122368945,10nM,weak,0,1,0
chr12,122492413,122492663,10nM,weak,0,0,0
chr12,124224704,124224983,10nM,weak,0,0,0
chr12,124660198,124660386,10nM,weak,0,0,0
chr12,124690972,124691255,10nM,weak,0,0,0
chr12,125349731,125349960,10nM,weak,0,0,0
chr12,128013115,128013307,10nM,weak,0,0,0
chr12,128139101,128139287,10nM,weak,0,0,0
chr12,128142547,128142805,10nM,weak,0,1,0
chr12,128612129,128612380,10nM,weak,0,0,0
chr12,128680686,128680909,10nM,weak,0,0,0
chr12,130116241,130116436,10nM,weak,0,1,0
chr12,130569078,130569305,10nM,weak,0,0,0
chr12,131019069,131019292,10nM,weak,0,0,0
chr12,131382213,131382409,10nM,weak,0,0,0
chr12,131382690,131382904,10nM,weak,0,0,0
chr12,131383242,131383648,10nM,weak,0,0,0
chr12,131556964,131557297,10nM,weak,0,0,0
chr12,132165955,132166146,10nM,weak,0,0,0
chr13,19178472,19179059,10nM,weak,0,0,0
chr13,21946800,21947043,10nM,weak,0,0,0
chr13,22702838,22703090,10nM,weak,0,0,0
chr13,22703547,22703759,10nM,weak,0,0,0
chr13,22738428,22738679,10nM,weak,0,0,0
chr13,22872643,22872852,10nM,weak,0,0,0
chr13,23450321,23450683,10nM,weak,0,0,0
chr13,24067647,24067876,10nM,weak,0,1,0
chr13,24260201,24260498,10nM,weak,0,0,0
chr13,25496553,25496888,10nM,weak,0,0,0
chr13,25708772,25709007,10nM,weak,0,0,0
chr13,25920246,25920464,10nM,weak,0,0,0
chr13,26491732,26491973,10nM,weak,0,0,0
chr13,28023613,28023796,10nM,weak,0,0,0
chr13,28450328,28450558,10nM,weak,0,0,0
chr13,28714701,28714934,10nM,weak,0,1,0
chr13,28843689,28843881,10nM,weak,0,0,0
chr13,29898629,29898858,10nM,weak,0,0,0
chr13,30079289,30079515,10nM,weak,0,0,0
chr13,30377419,30377708,10nM,weak,0,0,0
chr13,30928219,30928457,10nM,weak,0,0,0
chr13,30928882,30929065,10nM,weak,0,0,0
chr13,31600198,31600542,10nM,weak,0,0,0
chr13,31683246,31683480,10nM,weak,0,0,0
chr13,32022195,32022479,10nM,weak,0,0,0
chr13,32933005,32933264,10nM,weak,0,0,0
chr13,32981505,32981763,10nM,weak,0,0,0
chr13,33065438,33065633,10nM,weak,0,0,0
chr13,33453259,33453461,10nM,weak,0,0,0
chr13,33692279,33692579,10nM,weak,0,0,0
chr13,34256584,34256780,10nM,weak,0,0,0
chr13,35831492,35831732,10nM,weak,0,0,0
chr13,35983763,35984024,10nM,weak,0,0,0
chr13,36062754,36063215,10nM,weak,0,0,0
chr13,36827936,36828195,10nM,weak,0,0,0
chr13,36870765,36870962,10nM,weak,0,0,0
chr13,38215255,38215439,10nM,weak,0,0,0
chr13,38782620,38782891,10nM,weak,0,0,0
chr13,39553786,39553969,10nM,weak,0,0,0
chr13,39812149,39812382,10nM,weak,0,0,0
chr13,40152985,40153176,10nM,weak,0,0,0
chr13,41508891,41509142,10nM,weak,0,1,0
chr13,41782133,41782326,10nM,weak,0,0,0
chr13,41812346,41812548,10nM,weak,0,0,0
chr13,42546869,42547155,10nM,weak,0,0,0
chr13,42767854,42768321,10nM,weak,0,0,0
chr13,43233034,43233290,10nM,weak,0,0,0
chr13,44109181,44109364,10nM,weak,0,0,0
chr13,44554643,44554879,10nM,weak,0,0,0
chr13,44643640,44643978,10nM,weak,0,0,0
chr13,44874959,44875142,10nM,weak,0,0,0
chr13,45449212,45449475,10nM,weak,0,0,0
chr13,45754074,45754294,10nM,weak,0,0,0
chr13,45876888,45877102,10nM,weak,0,0,0
chr13,48096587,48096875,10nM,weak,0,0,0
chr13,49233940,49234302,10nM,weak,0,0,0
chr13,50146968,50147151,10nM,weak,0,0,0
chr13,50300110,50300371,10nM,weak,0,0,0
chr13,52394940,52395188,10nM,weak,0,0,0
chr13,53010730,53010990,10nM,weak,0,0,0
chr13,53052526,53052878,10nM,weak,0,0,0
chr13,53605354,53605667,10nM,weak,0,0,0
chr13,53800179,53800405,10nM,weak,0,0,0
chr13,53939761,53940027,10nM,weak,0,0,0
chr13,53941406,53941653,10nM,weak,0,0,0
chr13,54591668,54591851,10nM,weak,0,0,0
chr13,60103881,60104152,10nM,weak,0,0,0
chr13,62243143,62243353,10nM,weak,0,0,0
chr13,64218145,64218370,10nM,weak,0,0,0
chr13,65214504,65214890,10nM,weak,0,0,0
chr13,68686506,68686772,10nM,weak,0,0,0
chr13,70870032,70870240,10nM,weak,0,0,0
chr13,71715013,71715391,10nM,weak,0,0,0
chr13,72405504,72405779,10nM,weak,0,0,0
chr13,73133661,73133852,10nM,weak,0,0,0
chr13,73185478,73185674,10nM,weak,0,1,0
chr13,73369227,73369475,10nM,weak,0,0,0
chr13,75414065,75414324,10nM,weak,0,0,0
chr13,78869227,78869529,10nM,weak,0,0,0
chr13,80572294,80572494,10nM,weak,0,0,0
chr13,81390185,81390383,10nM,weak,0,0,0
chr13,81686997,81687181,10nM,weak,0,0,0
chr13,81874302,81874609,10nM,weak,0,0,0
chr13,81992371,81992554,10nM,weak,0,0,0
chr13,82091014,82091323,10nM,weak,0,0,0
chr13,82285247,82285479,10nM,weak,0,0,0
chr13,85209667,85209952,10nM,weak,0,0,0
chr13,90838600,90838809,10nM,weak,0,0,0
chr13,93326546,93326732,10nM,weak,0,0,0
chr13,93366216,93366498,10nM,weak,0,0,0
chr13,95438378,95438567,10nM,weak,0,0,1
chr13,96265621,96265852,10nM,weak,0,0,0
chr13,96540827,96541046,10nM,weak,0,1,0
chr13,97192239,97192442,10nM,weak,0,0,0
chr13,97932116,97932307,10nM,weak,0,0,0
chr13,98544134,98544336,10nM,weak,0,0,0
chr13,99081536,99081725,10nM,weak,0,0,0
chr13,102897803,102898023,10nM,weak,0,0,0
chr13,103640894,103641167,10nM,weak,0,0,0
chr13,103676347,103676625,10nM,weak,0,0,0
chr13,103731720,103731903,10nM,weak,0,0,0
chr13,103798914,103799340,10nM,weak,0,0,0
chr13,105906982,105907216,10nM,weak,0,0,0
chr13,106734281,106734608,10nM,weak,0,0,0
chr13,108314839,108315023,10nM,weak,0,0,0
chr13,108705260,108705452,10nM,weak,0,0,0
chr13,108981553,108981759,10nM,weak,0,0,0
chr13,109026737,109026922,10nM,weak,0,0,0
chr13,109614857,109615167,10nM,weak,0,0,0
chr13,109868981,109869192,10nM,weak,0,0,0
chr13,110509636,110509913,10nM,weak,0,0,0
chr13,110837825,110838008,10nM,weak,0,0,0
chr13,111002536,111002781,10nM,weak,0,0,0
chr13,112094237,112094465,10nM,weak,0,0,0
chr13,112510327,112510518,10nM,weak,0,0,0
chr13,112670142,112670573,10nM,weak,0,1,0
chr13,112761948,112762139,10nM,weak,0,0,0
chr13,112805013,112805196,10nM,weak,0,0,0
chr13,113112659,113112905,10nM,weak,0,0,0
chr13,113411458,113411662,10nM,weak,0,0,0
chr13,113763044,113763243,10nM,weak,0,0,0
chr13,113833491,113834254,10nM,weak,0,0,0
chr13,114182609,114182838,10nM,weak,0,0,0
chr14,20839537,20839795,10nM,weak,0,0,0
chr14,22108582,22108821,10nM,weak,0,0,0
chr14,22796944,22797150,10nM,weak,0,0,0
chr14,23174036,23174220,10nM,weak,0,0,0
chr14,23601879,23602062,10nM,weak,0,0,0
chr14,23790436,23790715,10nM,weak,0,0,0
chr14,23895944,23896234,10nM,weak,0,0,0
chr14,24010359,24010669,10nM,weak,0,0,0
chr14,24061421,24061712,10nM,weak,0,0,0
chr14,24471304,24471552,10nM,weak,0,0,0
chr14,28613454,28613659,10nM,weak,0,0,0
chr14,28811228,28811453,10nM,weak,0,0,0
chr14,29008792,29009002,10nM,weak,0,0,0
chr14,33492778,33493063,10nM,weak,0,0,0
chr14,35196641,35196878,10nM,weak,0,0,0
chr14,36810478,36810671,10nM,weak,0,0,0
chr14,36997846,36998057,10nM,weak,0,0,0
chr14,37110491,37110746,10nM,weak,0,0,0
chr14,38049924,38050140,10nM,weak,0,0,0
chr14,38339287,38339532,10nM,weak,0,0,0
chr14,38383247,38383556,10nM,weak,0,0,0
chr14,38905611,38905869,10nM,weak,0,0,0
chr14,42130662,42130902,10nM,weak,0,0,0
chr14,42198266,42198521,10nM,weak,0,0,0
chr14,42214998,42215305,10nM,weak,0,0,0
chr14,42248550,42248848,10nM,weak,0,0,0
chr14,42720106,42720399,10nM,weak,0,0,0
chr14,43019747,43020070,10nM,weak,0,0,0
chr14,44812107,44812370,10nM,weak,0,0,0
chr14,46240190,46240421,10nM,weak,0,0,0
chr14,49345767,49346025,10nM,weak,0,0,0
chr14,51918116,51918302,10nM,weak,0,0,0
chr14,52206568,52206751,10nM,weak,0,0,0
chr14,52471424,52471649,10nM,weak,0,0,0
chr14,52846831,52847128,10nM,weak,0,0,0
chr14,53145744,53145994,10nM,weak,0,1,0
chr14,53328050,53328233,10nM,weak,0,0,0
chr14,54258363,54258651,10nM,weak,0,0,0
chr14,55721376,55721661,10nM,weak,0,0,0
chr14,56500334,56500584,10nM,weak,0,0,0
chr14,56511590,56512094,10nM,weak,0,0,0
chr14,56929625,56929855,10nM,weak,0,0,0
chr14,56985391,56985589,10nM,weak,0,0,0
chr14,57478150,57478465,10nM,weak,0,0,0
chr14,57479915,57480128,10nM,weak,0,0,0
chr14,57481544,57481760,10nM,weak,0,0,0
chr14,57483619,57483880,10nM,weak,0,0,0
chr14,59299229,59299440,10nM,weak,0,0,0
chr14,59863537,59863733,10nM,weak,0,0,0
chr14,61646630,61646864,10nM,weak,0,0,0
chr14,64275045,64275353,10nM,weak,0,0,0
chr14,64808358,64808559,10nM,weak,0,0,0
chr14,65127109,65127337,10nM,weak,0,0,0
chr14,65940149,65940334,10nM,weak,0,0,0
chr14,66488269,66488515,10nM,weak,0,0,0
chr14,67501288,67501471,10nM,weak,0,0,0
chr14,68382313,68382507,10nM,weak,0,0,0
chr14,68896703,68896896,10nM,weak,0,0,0
chr14,69922375,69922558,10nM,weak,0,0,0
chr14,71163046,71163466,10nM,weak,0,0,0
chr14,71515988,71516213,10nM,weak,0,0,0
chr14,71654561,71654744,10nM,weak,0,0,0
chr14,72123804,72124361,10nM,weak,0,0,0
chr14,72263171,72263438,10nM,weak,0,0,0
chr14,72463655,72463852,10nM,weak,0,0,0
chr14,73260810,73261022,10nM,weak,0,0,0
chr14,75347942,75348198,10nM,weak,0,0,0
chr14,75369619,75369828,10nM,weak,0,0,0
chr14,76861278,76861574,10nM,weak,0,0,0
chr14,77083019,77083213,10nM,weak,0,0,0
chr14,77318166,77318385,10nM,weak,0,0,0
chr14,79515330,79515559,10nM,weak,0,0,0
chr14,79691920,79692163,10nM,weak,0,0,0
chr14,80016797,80017000,10nM,weak,0,0,0
chr14,80054053,80054314,10nM,weak,0,0,0
chr14,81237739,81237972,10nM,weak,0,0,0
chr14,81289530,81289725,10nM,weak,0,0,0
chr14,84224212,84224417,10nM,weak,0,0,0
chr14,84236144,84236461,10nM,weak,0,0,0
chr14,84335851,84336110,10nM,weak,0,0,0
chr14,89565829,89566033,10nM,weak,0,0,0
chr14,90612540,90612828,10nM,weak,0,0,0
chr14,91682229,91682444,10nM,weak,0,0,0
chr14,92337985,92338222,10nM,weak,0,0,0
chr14,92366333,92366573,10nM,weak,0,0,0
chr14,93152320,93152607,10nM,weak,0,0,1
chr14,93172261,93172444,10nM,weak,0,0,1
chr14,93546928,93547176,10nM,weak,0,0,0
chr14,93547437,93547636,10nM,weak,0,0,0
chr14,94028643,94028826,10nM,weak,0,0,0
chr14,94643693,94644190,10nM,weak,0,0,0
chr14,94978498,94978718,10nM,weak,0,0,0
chr14,95364814,95365102,10nM,weak,0,0,0
chr14,95485415,95485624,10nM,weak,0,0,0
chr14,95633963,95634219,10nM,weak,0,0,0
chr14,95692989,95693186,10nM,weak,0,0,0
chr14,95905463,95905683,10nM,weak,0,0,0
chr14,96671806,96672048,10nM,weak,0,0,0
chr14,97353898,97354099,10nM,weak,0,0,0
chr14,97371999,97372275,10nM,weak,0,0,0
chr14,97389194,97389500,10nM,weak,0,0,0
chr14,97497976,97498183,10nM,weak,0,0,0
chr14,97510383,97510668,10nM,weak,0,0,0
chr14,97774330,97774521,10nM,weak,0,0,0
chr14,97946001,97946339,10nM,weak,0,0,0
chr14,97964085,97964313,10nM,weak,0,0,0
chr14,98446997,98447186,10nM,weak,0,0,0
chr14,98525955,98526138,10nM,weak,0,0,0
chr14,98757279,98757576,10nM,weak,0,0,0
chr14,100660524,100660720,10nM,weak,0,0,0
chr14,101336127,101336598,10nM,weak,0,0,0
chr14,102880972,102881179,10nM,weak,0,1,0
chr14,102972932,102973163,10nM,weak,0,0,0
chr14,105182464,105182696,10nM,weak,0,0,0
chr14,105338254,105338441,10nM,weak,0,0,0
chr14,105843385,105843626,10nM,weak,0,0,0
chr14,105858556,105858904,10nM,weak,0,0,0
chr14,105914734,105915080,10nM,weak,0,0,0
chr14,106063905,106064108,10nM,weak,0,0,0
chr14,106166098,106166701,10nM,weak,0,0,0
chr14,106390335,106391034,10nM,weak,0,0,0
chr14,106559140,106559397,10nM,weak,0,0,0
chr14,106683290,106683513,10nM,weak,0,0,0
chr15,22955229,22955415,10nM,weak,0,0,0
chr15,23582478,23582746,10nM,weak,0,1,0
chr15,24895104,24895336,10nM,weak,0,0,0
chr15,24906099,24906315,10nM,weak,0,0,1
chr15,25825129,25825324,10nM,weak,0,0,0
chr15,25861258,25861480,10nM,weak,0,0,0
chr15,27165234,27165417,10nM,weak,0,0,0
chr15,27541123,27541406,10nM,weak,0,0,0
chr15,27549608,27549953,10nM,weak,0,0,0
chr15,27691190,27691456,10nM,weak,0,0,0
chr15,29239485,29239715,10nM,weak,0,0,0
chr15,31200353,31200536,10nM,weak,0,0,0
chr15,36451352,36451566,10nM,weak,0,0,0
chr15,40371034,40371222,10nM,weak,0,0,0
chr15,40968774,40969046,10nM,weak,0,0,1
chr15,42014746,42014967,10nM,weak,0,0,0
chr15,42044889,42045136,10nM,weak,0,0,0
chr15,42063091,42063280,10nM,weak,0,0,0
chr15,42139085,42139294,10nM,weak,0,0,0
chr15,47517852,47518149,10nM,weak,0,0,0
chr15,47624117,47624385,10nM,weak,0,0,0
chr15,50791510,50791734,10nM,weak,0,0,0
chr15,52854591,52854964,10nM,weak,0,0,0
chr15,52866655,52866849,10nM,weak,0,0,0
chr15,53331913,53332136,10nM,weak,0,0,0
chr15,53482587,53482780,10nM,weak,0,0,0
chr15,53552319,53552560,10nM,weak,0,0,0
chr15,56580494,56580864,10nM,weak,0,0,0
chr15,57340964,57341158,10nM,weak,0,0,0
chr15,57460176,57460371,10nM,weak,0,0,0
chr15,58425885,58426175,10nM,weak,0,0,0
chr15,58561097,58561338,10nM,weak,0,0,0
chr15,58758176,58758401,10nM,weak,0,0,1
chr15,59812803,59813109,10nM,weak,0,0,0
chr15,60907366,60907571,10nM,weak,0,0,0
chr15,62800565,62800783,10nM,weak,0,0,0
chr15,62813564,62813871,10nM,weak,0,1,0
chr15,62845471,62845732,10nM,weak,0,0,0
chr15,62978117,62978530,10nM,weak,0,0,0
chr15,63914035,63914236,10nM,weak,0,0,0
chr15,63993143,63993339,10nM,weak,0,0,0
chr15,64522407,64522613,10nM,weak,0,0,0
chr15,64704568,64704751,10nM,weak,0,0,0
chr15,65198147,65198375,10nM,weak,0,0,0
chr15,65227406,65227670,10nM,weak,0,1,0
chr15,65259347,65259537,10nM,weak,0,0,0
chr15,65260843,65261082,10nM,weak,0,0,0
chr15,65263093,65263363,10nM,weak,0,0,0
chr15,65266509,65266828,10nM,weak,0,0,0
chr15,67109249,67109432,10nM,weak,0,0,0
chr15,69000512,69000810,10nM,weak,0,0,0
chr15,69034671,69034860,10nM,weak,0,0,1
chr15,69886868,69887321,10nM,weak,0,0,0
chr15,69921685,69921899,10nM,weak,0,0,0
chr15,69955449,69955665,10nM,weak,0,0,0
chr15,70281781,70282038,10nM,weak,0,0,0
chr15,70417609,70417812,10nM,weak,0,0,0
chr15,70551989,70552293,10nM,weak,0,0,0
chr15,71246432,71246679,10nM,weak,0,0,0
chr15,73777375,73777576,10nM,weak,0,0,0
chr15,73909580,73909786,10nM,weak,0,0,0
chr15,75249056,75249247,10nM,weak,0,0,0
chr15,75706621,75706936,10nM,weak,0,0,0
chr15,76696907,76697241,10nM,weak,0,0,0
chr15,77884516,77884777,10nM,weak,0,0,0
chr15,77892359,77892550,10nM,weak,0,0,0
chr15,79348092,79348315,10nM,weak,0,0,0
chr15,79762808,79763038,10nM,weak,0,0,0
chr15,79777891,79778161,10nM,weak,0,0,0
chr15,79778402,79778708,10nM,weak,0,0,0
chr15,80526988,80527301,10nM,weak,0,0,0
chr15,80920799,80921113,10nM,weak,0,0,0
chr15,81381276,81381501,10nM,weak,0,0,0
chr15,81813156,81813411,10nM,weak,0,0,0
chr15,81845525,81845839,10nM,weak,0,0,0
chr15,82143484,82143717,10nM,weak,0,0,0
chr15,83613614,83613885,10nM,weak,0,0,0
chr15,84109044,84109336,10nM,weak,0,0,0
chr15,86515723,86516016,10nM,weak,0,0,0
chr15,86645487,86645780,10nM,weak,0,0,0
chr15,86882012,86882403,10nM,weak,0,0,0
chr15,86891574,86891844,10nM,weak,0,0,0
chr15,87172546,87172975,10nM,weak,0,0,0
chr15,87200228,87200431,10nM,weak,0,0,0
chr15,87347593,87347819,10nM,weak,0,0,0
chr15,87846290,87846483,10nM,weak,0,0,0
chr15,88310071,88310335,10nM,weak,0,0,0
chr15,89157200,89157429,10nM,weak,0,0,0
chr15,90347295,90347497,10nM,weak,0,0,0
chr15,90537044,90537340,10nM,weak,0,0,0
chr15,91153602,91153833,10nM,weak,0,0,0
chr15,92069307,92069666,10nM,weak,0,0,0
chr15,93305640,93305987,10nM,weak,0,0,0
chr15,93473273,93473559,10nM,weak,0,0,0
chr15,93780886,93781089,10nM,weak,1,0,0
chr15,94063619,94063802,10nM,weak,0,0,0
chr15,94348982,94349224,10nM,weak,0,0,0
chr15,94704289,94704516,10nM,weak,0,0,0
chr15,94780257,94780489,10nM,weak,0,0,0
chr15,94929372,94929567,10nM,weak,0,0,0
chr15,95783294,95783726,10nM,weak,0,0,0
chr15,95825759,95826084,10nM,weak,0,0,0
chr15,96097865,96098124,10nM,weak,0,0,0
chr15,96372780,96373047,10nM,weak,0,0,0
chr15,96694429,96694732,10nM,weak,0,0,0
chr15,97216758,97217099,10nM,weak,0,0,1
chr15,97399357,97399580,10nM,weak,0,0,0
chr15,99326311,99326515,10nM,weak,0,0,0
chr15,99736825,99737089,10nM,weak,0,0,0
chr15,99906790,99907080,10nM,weak,0,0,0
chr15,100208447,100208742,10nM,weak,0,0,0
chr15,100448814,100449281,10nM,weak,0,0,0
chr15,100844928,100845168,10nM,weak,0,0,0
chr15,100874465,100874883,10nM,weak,0,0,0
chr15,100987120,100987429,10nM,weak,0,0,0
chr15,101234345,101234543,10nM,weak,0,0,0
chr16,162690,162879,10nM,weak,0,0,0
chr16,843824,844064,10nM,weak,0,0,0
chr16,872718,872956,10nM,weak,0,0,0
chr16,1056890,1057134,10nM,weak,0,0,0
chr16,1191324,1191511,10nM,weak,0,0,0
chr16,1197533,1197743,10nM,weak,0,0,0
chr16,2017995,2018300,10nM,weak,0,0,0
chr16,2789948,2790221,10nM,weak,0,0,0
chr16,2790995,2791242,10nM,weak,0,0,0
chr16,3965219,3965408,10nM,weak,0,0,0
chr16,5323246,5323520,10nM,weak,0,0,0
chr16,5443268,5443451,10nM,weak,0,1,0
chr16,5552755,5552951,10nM,weak,0,0,0
chr16,8342257,8342516,10nM,weak,0,0,0
chr16,9778311,9778494,10nM,weak,0,0,0
chr16,10502299,10502492,10nM,weak,1,0,0
chr16,10638292,10638497,10nM,weak,0,0,0
chr16,11165949,11166364,10nM,weak,0,0,0
chr16,11183133,11183332,10nM,weak,0,0,0
chr16,11274079,11274356,10nM,weak,0,0,0
chr16,11418264,11418522,10nM,weak,0,0,0
chr16,12764921,12765203,10nM,weak,0,0,0
chr16,13497148,13497370,10nM,weak,0,0,0
chr16,14233356,14233539,10nM,weak,0,1,0
chr16,14345635,14345859,10nM,weak,0,0,0
chr16,16101421,16101917,10nM,weak,0,0,0
chr16,16922929,16923130,10nM,weak,0,1,0
chr16,17288433,17288685,10nM,weak,0,0,0
chr16,19980049,19980232,10nM,weak,0,0,0
chr16,20020234,20020509,10nM,weak,0,0,0
chr16,20673856,20674137,10nM,weak,0,0,0
chr16,20719045,20719494,10nM,weak,0,0,0
chr16,21104547,21104813,10nM,weak,0,0,0
chr16,21610760,21611038,10nM,weak,0,0,0
chr16,22728766,22729119,10nM,weak,0,0,0
chr16,23226646,23226852,10nM,weak,0,0,0
chr16,23267590,23267838,10nM,weak,0,0,0
chr16,23381353,23381667,10nM,weak,0,1,0
chr16,23404250,23404470,10nM,weak,0,0,0
chr16,23540343,23540526,10nM,weak,0,0,0
chr16,24405741,24405934,10nM,weak,0,0,0
chr16,24951827,24952038,10nM,weak,0,0,0
chr16,29175558,29175750,10nM,weak,0,0,0
chr16,29202423,29202706,10nM,weak,0,0,0
chr16,30821357,30821624,10nM,weak,0,0,0
chr16,31531077,31531285,10nM,weak,0,0,0
chr16,31531887,31532128,10nM,weak,0,0,0
chr16,32902716,32902907,10nM,weak,0,0,0
chr16,48815123,48815400,10nM,weak,0,0,0
chr16,49741992,49742228,10nM,weak,0,0,0
chr16,50960608,50960912,10nM,weak,0,0,0
chr16,52192187,52192480,10nM,weak,0,0,0
chr16,52332354,52332571,10nM,weak,0,0,0
chr16,52575645,52575977,10nM,weak,0,0,0
chr16,52725592,52725844,10nM,weak,0,0,0
chr16,53741511,53741719,10nM,weak,0,0,0
chr16,53755127,53755380,10nM,weak,0,0,0
chr16,54649892,54650163,10nM,weak,0,0,0
chr16,54891822,54892041,10nM,weak,0,0,0
chr16,55272859,55273097,10nM,weak,0,0,0
chr16,57501747,57501936,10nM,weak,0,1,0
chr16,58384124,58384474,10nM,weak,0,0,0
chr16,58471326,58471576,10nM,weak,0,0,0
chr16,61640935,61641157,10nM,weak,0,0,0
chr16,64944309,64944778,10nM,weak,0,0,0
chr16,65304516,65304781,10nM,weak,0,0,0
chr16,65483059,65483292,10nM,weak,0,0,0
chr16,65679872,65680122,10nM,weak,0,0,0
chr16,65778471,65778772,10nM,weak,0,0,0
chr16,65831787,65832063,10nM,weak,0,0,0
chr16,65896379,65896681,10nM,weak,0,0,0
chr16,65959653,65959836,10nM,weak,0,0,0
chr16,66258839,66259040,10nM,weak,0,0,0
chr16,67324037,67324265,10nM,weak,0,0,0
chr16,67418448,67418669,10nM,weak,0,1,0
chr16,67594797,67595010,10nM,weak,0,0,0
chr16,67735199,67735411,10nM,weak,0,0,0
chr16,67960264,67960471,10nM,weak,0,0,0
chr16,67979505,67979850,10nM,weak,0,0,0
chr16,69732510,69732693,10nM,weak,0,0,0
chr16,69775170,69775413,10nM,weak,0,0,0
chr16,69779799,69780049,10nM,weak,0,0,0
chr16,71409853,71410149,10nM,weak,0,0,0
chr16,73663212,73663475,10nM,weak,0,0,0
chr16,75594566,75594783,10nM,weak,0,0,0
chr16,75705955,75706151,10nM,weak,0,0,0
chr16,75821181,75821432,10nM,weak,0,0,0
chr16,75838577,75838849,10nM,weak,0,0,0
chr16,75993855,75994112,10nM,weak,0,0,0
chr16,75996714,75996946,10nM,weak,0,0,0
chr16,76222123,76222331,10nM,weak,0,0,0
chr16,76878458,76878749,10nM,weak,0,0,0
chr16,77470794,77471031,10nM,weak,0,0,0
chr16,77757942,77758275,10nM,weak,1,0,0
chr16,78291047,78291276,10nM,weak,0,0,0
chr16,79204589,79204779,10nM,weak,0,0,0
chr16,79250276,79250515,10nM,weak,0,0,0
chr16,79253004,79253275,10nM,weak,0,0,0
chr16,80250771,80250955,10nM,weak,0,0,0
chr16,80485664,80485897,10nM,weak,0,0,0
chr16,80851684,80851953,10nM,weak,0,0,0
chr16,81462782,81462972,10nM,weak,0,0,0
chr16,81838829,81839044,10nM,weak,0,0,0
chr16,82060157,82060360,10nM,weak,0,0,0
chr16,82071535,82071735,10nM,weak,0,0,0
chr16,82083950,82084300,10nM,weak,0,0,0
chr16,82105565,82105842,10nM,weak,0,0,0
chr16,82129960,82130173,10nM,weak,0,1,0
chr16,82266051,82266341,10nM,weak,0,0,0
chr16,84546910,84547119,10nM,weak,0,0,0
chr16,84881357,84881665,10nM,weak,0,0,1
chr16,85318727,85318968,10nM,weak,0,0,0
chr16,86215328,86215561,10nM,weak,0,0,0
chr16,86216341,86216524,10nM,weak,0,0,0
chr16,88168389,88168579,10nM,weak,0,0,0
chr16,88975105,88975288,10nM,weak,0,0,0
chr16,89552849,89553085,10nM,weak,0,0,0
chr17,2178491,2178729,10nM,weak,0,0,0
chr17,3732241,3732498,10nM,weak,0,0,0
chr17,3739991,3740238,10nM,weak,0,0,0
chr17,3850733,3850916,10nM,weak,0,0,0
chr17,3939152,3939382,10nM,weak,0,0,1
chr17,3988816,3989040,10nM,weak,0,0,0
chr17,4311049,4311252,10nM,weak,0,0,1
chr17,4680913,4681152,10nM,weak,0,0,0
chr17,5777274,5777487,10nM,weak,0,0,0
chr17,6765753,6765952,10nM,weak,0,0,0
chr17,6796127,6796334,10nM,weak,0,0,0
chr17,7959670,7959955,10nM,weak,0,0,0
chr17,8982642,8983011,10nM,weak,0,0,0
chr17,10216025,10216328,10nM,weak,0,1,0
chr17,10390343,10390672,10nM,weak,0,0,0
chr17,13187769,13187958,10nM,weak,0,0,0
chr17,13321584,13321869,10nM,weak,0,0,0
chr17,13746657,13746964,10nM,weak,0,0,0
chr17,14006625,14006841,10nM,weak,0,0,0
chr17,15194801,15195096,10nM,weak,0,0,0
chr17,15754898,15755191,10nM,weak,0,1,0
chr17,16672096,16672435,10nM,weak,0,1,0
chr17,16939054,16939313,10nM,weak,0,0,0
chr17,17075540,17075723,10nM,weak,0,0,0
chr17,17514459,17514663,10nM,weak,0,0,0
chr17,17604957,17605277,10nM,weak,0,0,0
chr17,19538794,19539023,10nM,weak,0,0,1
chr17,19647105,19647294,10nM,weak,0,0,0
chr17,19680438,19680757,10nM,weak,0,1,0
chr17,20609693,20609915,10nM,weak,0,0,0
chr17,22342778,22342961,10nM,weak,0,0,0
chr17,27522102,27522298,10nM,weak,0,0,0
chr17,28017847,28018119,10nM,weak,0,0,1
chr17,28125719,28126016,10nM,weak,0,0,0
chr17,28188908,28189146,10nM,weak,0,0,0
chr17,30398404,30398679,10nM,weak,0,0,0
chr17,30398985,30399356,10nM,weak,0,0,0
chr17,30551794,30552157,10nM,weak,0,0,0
chr17,30917893,30918120,10nM,weak,0,0,0
chr17,32104375,32104558,10nM,weak,0,0,0
chr17,32303022,32303249,10nM,weak,0,0,0
chr17,34365269,34365565,10nM,weak,0,0,0
chr17,35663904,35664094,10nM,weak,0,0,0
chr17,35980028,35980346,10nM,weak,0,1,0
chr17,38286935,38287141,10nM,weak,0,0,0
chr17,38506302,38506532,10nM,weak,0,0,0
chr17,38507842,38508028,10nM,weak,0,0,0
chr17,38912306,38912534,10nM,weak,0,0,0
chr17,39380327,39380582,10nM,weak,0,0,0
chr17,40339411,40339614,10nM,weak,0,0,0
chr17,40507451,40507651,10nM,weak,0,0,0
chr17,42284063,42284264,10nM,weak,0,1,0
chr17,42862576,42862762,10nM,weak,0,0,0
chr17,44258848,44259044,10nM,weak,0,0,0
chr17,44655634,44655864,10nM,weak,0,0,1
chr17,48536661,48537004,10nM,weak,0,0,0
chr17,48799311,48799586,10nM,weak,0,0,0
chr17,49122055,49122257,10nM,weak,0,0,0
chr17,49449889,49450072,10nM,weak,0,0,0
chr17,51522685,51523037,10nM,weak,0,0,0
chr17,51703839,51704039,10nM,weak,0,0,0
chr17,56229801,56229988,10nM,weak,0,0,0
chr17,56277893,56278076,10nM,weak,0,0,0
chr17,56315980,56316163,10nM,weak,0,0,0
chr17,56425710,56425903,10nM,weak,0,0,0
chr17,56511686,56511889,10nM,weak,0,0,0
chr17,56864136,56864323,10nM,weak,0,0,0
chr17,56972319,56972574,10nM,weak,0,0,0
chr17,57316305,57316498,10nM,weak,0,0,1
chr17,62782927,62783165,10nM,weak,0,0,0
chr17,62948357,62948558,10nM,weak,0,0,0
chr17,63482319,63482546,10nM,weak,0,1,0
chr17,64683642,64683856,10nM,weak,0,0,1
chr17,65160594,65160809,10nM,weak,0,0,0
chr17,65298084,65298405,10nM,weak,0,0,0
chr17,65333519,65333796,10nM,weak,0,0,0
chr17,66888731,66889007,10nM,weak,0,0,0
chr17,67371010,67371263,10nM,weak,0,0,0
chr17,68319351,68319576,10nM,weak,0,0,0
chr17,68339617,68339957,10nM,weak,0,0,0
chr17,68390240,68390528,10nM,weak,0,0,0
chr17,70271606,70271852,10nM,weak,0,0,0
chr17,70497661,70497897,10nM,weak,0,0,0
chr17,70720247,70720462,10nM,weak,0,0,0
chr17,71543594,71543886,10nM,weak,0,0,0
chr17,72089197,72089380,10nM,weak,0,0,0
chr17,72234006,72234231,10nM,weak,0,0,0
chr17,72380356,72380551,10nM,weak,0,0,0
chr17,72493044,72493283,10nM,weak,0,0,0
chr17,72712779,72713011,10nM,weak,0,0,0
chr17,72766719,72766947,10nM,weak,0,0,0
chr17,73442993,73443241,10nM,weak,0,0,0
chr17,73634643,73634836,10nM,weak,0,0,0
chr17,73635721,73635922,10nM,weak,0,0,0
chr17,73936512,73936726,10nM,weak,0,0,0
chr17,74574800,74575096,10nM,weak,0,1,0
chr17,74715169,74715402,10nM,weak,0,0,0
chr17,74981163,74981352,10nM,weak,0,1,0
chr17,75574076,75574290,10nM,weak,0,0,0
chr17,76024831,76025069,10nM,weak,0,0,0
chr17,76532291,76532522,10nM,weak,0,0,0
chr17,76532891,76533156,10nM,weak,0,0,0
chr17,77119770,77120084,10nM,weak,0,0,0
chr17,77311925,77312164,10nM,weak,0,0,0
chr17,77795801,77796111,10nM,weak,0,0,0
chr17,78571334,78571560,10nM,weak,0,0,0
chr17,79011693,79011888,10nM,weak,0,0,0
chr17,79393678,79393922,10nM,weak,0,0,0
chr17,80085971,80086218,10nM,weak,0,0,0
chr17,80906647,80906884,10nM,weak,0,0,0
chr17,81480647,81480830,10nM,weak,0,0,0
chr17,82048655,82048873,10nM,weak,0,0,0
chr17,82113867,82114335,10nM,weak,0,0,1
chr17,82346573,82346913,10nM,weak,0,0,0
chr17,82390713,82390946,10nM,weak,0,0,0
chr17,82552560,82552828,10nM,weak,0,0,0
chr17,82621325,82621508,10nM,weak,0,1,0
chr17,82923380,82923609,10nM,weak,0,0,0
chr18,339622,339805,10nM,weak,0,0,0
chr18,839569,839766,10nM,weak,0,0,0
chr18,851674,851890,10nM,weak,0,1,0
chr18,2237817,2238046,10nM,weak,0,0,0
chr18,2264575,2264767,10nM,weak,0,0,0
chr18,3150243,3150528,10nM,weak,0,1,0
chr18,3284570,3284772,10nM,weak,0,0,0
chr18,3405149,3405371,10nM,weak,0,1,0
chr18,5078703,5078949,10nM,weak,0,0,0
chr18,5292812,5292999,10nM,weak,0,0,0
chr18,5635296,5635506,10nM,weak,0,0,0
chr18,5639487,5639710,10nM,weak,0,0,0
chr18,7751051,7751249,10nM,weak,0,0,0
chr18,8320637,8320902,10nM,weak,0,0,0
chr18,8321512,8321732,10nM,weak,0,0,0
chr18,8380601,8380867,10nM,weak,0,0,0
chr18,8958001,8958277,10nM,weak,0,0,0
chr18,9017929,9018138,10nM,weak,0,0,0
chr18,10028211,10028485,10nM,weak,0,0,0
chr18,10070429,10070664,10nM,weak,0,0,0
chr18,10096924,10097128,10nM,weak,0,0,0
chr18,10193837,10194215,10nM,weak,0,0,0
chr18,10259955,10260292,10nM,weak,0,0,0
chr18,11132755,11132988,10nM,weak,0,0,0
chr18,11496514,11496758,10nM,weak,0,0,0
chr18,13250805,13250988,10nM,weak,0,0,0
chr18,13296794,13296997,10nM,weak,0,0,0
chr18,13480690,13481061,10nM,weak,0,0,0
chr18,14170415,14170775,10nM,weak,0,0,0
chr18,21251496,21251846,10nM,weak,0,1,0
chr18,21265675,21265894,10nM,weak,0,0,0
chr18,21453638,21453859,10nM,weak,0,0,0
chr18,21550595,21550805,10nM,weak,0,0,0
chr18,22040384,22040818,10nM,weak,0,0,0
chr18,22220290,22220473,10nM,weak,0,0,0
chr18,22336475,22336667,10nM,weak,0,0,0
chr18,22346936,22347149,10nM,weak,0,0,0
chr18,22456362,22456561,10nM,weak,0,0,0
chr18,22458291,22458486,10nM,weak,0,0,0
chr18,23013827,23014010,10nM,weak,0,1,0
chr18,25040022,25040351,10nM,weak,0,0,0
chr18,26685606,26685789,10nM,weak,0,0,0
chr18,27040931,27041114,10nM,weak,0,0,0
chr18,27481849,27482097,10nM,weak,0,0,0
chr18,29004175,29004409,10nM,weak,0,0,0
chr18,32345622,32345936,10nM,weak,0,0,0
chr18,32635379,32635579,10nM,weak,0,0,0
chr18,32920981,32921228,10nM,weak,0,0,0
chr18,32921452,32921640,10nM,weak,0,0,0
chr18,33586160,33586357,10nM,weak,0,0,0
chr18,35874213,35874443,10nM,weak,0,0,0
chr18,36404110,36404404,10nM,weak,0,0,0
chr18,39620271,39620516,10nM,weak,0,0,0
chr18,39623550,39623733,10nM,weak,0,0,0
chr18,39637440,39637662,10nM,weak,0,0,0
chr18,42112269,42112453,10nM,weak,0,0,0
chr18,44741156,44741341,10nM,weak,0,0,0
chr18,44798750,44798945,10nM,weak,0,0,0
chr18,44840013,44840234,10nM,weak,0,0,0
chr18,45367368,45367662,10nM,weak,0,0,0
chr18,45415316,45415504,10nM,weak,0,0,0
chr18,45426973,45427172,10nM,weak,0,0,0
chr18,45565737,45565997,10nM,weak,0,0,0
chr18,45628968,45629165,10nM,weak,0,0,0
chr18,45666647,45666848,10nM,weak,0,0,0
chr18,46473345,46473584,10nM,weak,0,0,0
chr18,47471140,47471323,10nM,weak,0,0,0
chr18,47909664,47909966,10nM,weak,0,0,0
chr18,48643408,48643604,10nM,weak,0,0,0
chr18,48685068,48685301,10nM,weak,0,1,0
chr18,50487452,50487693,10nM,weak,0,0,0
chr18,52439496,52439807,10nM,weak,0,0,0
chr18,54166648,54166931,10nM,weak,0,0,0
chr18,54492272,54492544,10nM,weak,0,0,0
chr18,54554959,54555267,10nM,weak,0,0,0
chr18,54617195,54617389,10nM,weak,0,0,0
chr18,54952171,54952375,10nM,weak,0,0,0
chr18,55034904,55035209,10nM,weak,0,0,0
chr18,55506069,55506262,10nM,weak,0,0,0
chr18,57250415,57250601,10nM,weak,0,0,0
chr18,57728273,57728491,10nM,weak,0,0,0
chr18,59459927,59460128,10nM,weak,0,0,0
chr18,59606243,59606584,10nM,weak,0,0,0
chr18,60619490,60619685,10nM,weak,0,1,0
chr18,61799124,61799330,10nM,weak,0,0,0
chr18,61910162,61910355,10nM,weak,0,0,0
chr18,61922739,61923105,10nM,weak,0,0,0
chr18,62331574,62331779,10nM,weak,0,0,0
chr18,62993211,62993470,10nM,weak,0,0,0
chr18,63024831,63025111,10nM,weak,0,0,0
chr18,63230918,63231113,10nM,weak,0,0,0
chr18,69659478,69659777,10nM,weak,0,0,0
chr18,70127367,70127640,10nM,weak,0,0,0
chr18,73011676,73011965,10nM,weak,0,0,0
chr18,74013085,74013289,10nM,weak,0,0,0
chr18,75859767,75860039,10nM,weak,0,0,0
chr18,76411799,76412070,10nM,weak,0,0,0
chr18,77022124,77022328,10nM,weak,0,0,0
chr18,77380080,77380273,10nM,weak,0,0,0
chr18,77676633,77676896,10nM,weak,0,0,0
chr18,77752156,77752352,10nM,weak,0,0,0
chr18,78622266,78622470,10nM,weak,0,0,0
chr18,78671632,78672028,10nM,weak,0,0,0
chr18,78847898,78848083,10nM,weak,0,0,0
chr18,78966478,78966712,10nM,weak,0,0,0
chr18,79296852,79297479,10nM,weak,0,0,0
chr19,412920,413103,10nM,weak,0,0,0
chr19,1782727,1782920,10nM,weak,0,0,0
chr19,2516845,2517161,10nM,weak,0,0,0
chr19,2664415,2664650,10nM,weak,0,0,0
chr19,3736354,3736655,10nM,weak,0,1,0
chr19,5021135,5021389,10nM,weak,0,1,1
chr19,6492590,6492842,10nM,weak,1,0,0
chr19,9004251,9004503,10nM,weak,0,0,0
chr19,9074943,9075209,10nM,weak,0,0,0
chr19,9224943,9225183,10nM,weak,0,1,0
chr19,9741663,9741908,10nM,weak,0,0,0
chr19,11860618,11860941,10nM,weak,0,0,0
chr19,14636566,14636856,10nM,weak,0,1,0
chr19,14790350,14790608,10nM,weak,0,0,0
chr19,15780531,15780825,10nM,weak,0,0,0
chr19,18696073,18696257,10nM,weak,0,0,0
chr19,18951665,18951852,10nM,weak,0,0,0
chr19,19051765,19051967,10nM,weak,0,0,0
chr19,19059358,19059593,10nM,weak,0,0,0
chr19,19597667,19597869,10nM,weak,0,0,0
chr19,21442576,21442759,10nM,weak,0,0,0
chr19,21485705,21485890,10nM,weak,0,0,0
chr19,21492928,21493181,10nM,weak,0,0,0
chr19,21496478,21496698,10nM,weak,0,0,0
chr19,21874134,21874370,10nM,weak,0,0,0
chr19,21874936,21875246,10nM,weak,0,0,0
chr19,21875985,21876319,10nM,weak,0,0,0
chr19,21877520,21877835,10nM,weak,0,1,0
chr19,21891145,21891376,10nM,weak,0,0,0
chr19,21891800,21892073,10nM,weak,0,0,0
chr19,22258233,22258749,10nM,weak,0,0,0
chr19,22348468,22348811,10nM,weak,0,0,0
chr19,22349071,22349254,10nM,weak,0,0,0
chr19,22916128,22916388,10nM,weak,0,0,0
chr19,23063364,23063582,10nM,weak,0,0,0
chr19,23063750,23064053,10nM,weak,0,0,0
chr19,23095477,23095771,10nM,weak,0,0,0
chr19,23308346,23308657,10nM,weak,0,0,0
chr19,23407651,23407847,10nM,weak,0,0,0
chr19,23407948,23408140,10nM,weak,0,0,0
chr19,23458097,23458701,10nM,weak,0,0,0
chr19,23520154,23520349,10nM,weak,0,0,0
chr19,23520662,23520855,10nM,weak,0,0,0
chr19,23523892,23524110,10nM,weak,0,0,0
chr19,23530464,23530687,10nM,weak,0,0,0
chr19,23544547,23544839,10nM,weak,0,0,0
chr19,23561710,23562110,10nM,weak,0,0,0
chr19,24056497,24056708,10nM,weak,0,0,0
chr19,28523691,28523913,10nM,weak,0,0,0
chr19,29005375,29005634,10nM,weak,0,0,0
chr19,29012872,29013065,10nM,weak,0,0,0
chr19,29052218,29052450,10nM,weak,0,0,0
chr19,29097162,29097408,10nM,weak,0,0,0
chr19,29273179,29273371,10nM,weak,0,0,0
chr19,29309822,29310020,10nM,weak,0,0,0
chr19,29482387,29482655,10nM,weak,0,0,0
chr19,29483663,29483915,10nM,weak,0,0,0
chr19,29928758,29928967,10nM,weak,0,0,0
chr19,30084018,30084446,10nM,weak,0,0,0
chr19,30200435,30200649,10nM,weak,0,0,1
chr19,30528529,30528762,10nM,weak,0,0,0
chr19,30671169,30671371,10nM,weak,0,0,0
chr19,30713205,30713416,10nM,weak,0,0,0
chr19,31255505,31255744,10nM,weak,0,0,0
chr19,31613339,31613650,10nM,weak,0,0,0
chr19,31818878,31819197,10nM,weak,0,0,0
chr19,31823287,31823619,10nM,weak,0,0,0
chr19,31896131,31896400,10nM,weak,0,0,0
chr19,32200389,32200692,10nM,weak,0,0,0
chr19,32465201,32465482,10nM,weak,0,0,0
chr19,32808964,32809152,10nM,weak,0,0,0
chr19,32810435,32810676,10nM,weak,0,0,0
chr19,33725741,33725965,10nM,weak,0,0,0
chr19,34655508,34655704,10nM,weak,0,0,0
chr19,34664400,34664587,10nM,weak,0,0,0
chr19,35083511,35083729,10nM,weak,0,0,0
chr19,35334078,35334307,10nM,weak,0,0,0
chr19,35336069,35336451,10nM,weak,0,0,0
chr19,35455692,35455885,10nM,weak,0,0,0
chr19,35498568,35498786,10nM,weak,0,0,0
chr19,35569259,35569670,10nM,weak,0,0,0
chr19,37869726,37870055,10nM,weak,0,0,0
chr19,39941540,39941735,10nM,weak,0,0,0
chr19,40484369,40484634,10nM,weak,0,0,0
chr19,41544682,41544900,10nM,weak,0,0,0
chr19,41547829,41548047,10nM,weak,0,0,0
chr19,46491999,46492260,10nM,weak,0,0,0
chr19,47058733,47059040,10nM,weak,0,0,0
chr19,47886332,47886535,10nM,weak,0,0,0
chr19,50678432,50678699,10nM,weak,0,0,0
chr19,50889758,50890037,10nM,weak,0,0,0
chr19,51067000,51067256,10nM,weak,0,0,0
chr19,51144573,51144769,10nM,weak,0,0,0
chr19,51151449,51151832,10nM,weak,0,0,0
chr19,51524642,51524920,10nM,weak,0,0,0
chr19,56999910,57000278,10nM,weak,0,1,0
chr19,57003724,57003927,10nM,weak,0,0,0
chr19,57028903,57029177,10nM,weak,0,0,0
chr19,57847182,57847459,10nM,weak,0,0,0
chr2,603073,603312,10nM,weak,0,0,0
chr2,703221,703520,10nM,weak,0,0,0
chr2,905396,905687,10nM,weak,0,0,0
chr2,1110125,1110394,10nM,weak,0,0,0
chr2,1694147,1694346,10nM,weak,0,0,0
chr2,1705357,1705885,10nM,weak,0,0,0
chr2,1901033,1901224,10nM,weak,0,0,0
chr2,2539155,2539447,10nM,weak,0,0,0
chr2,3198710,3198939,10nM,weak,0,0,0
chr2,3203970,3204163,10nM,weak,0,0,0
chr2,3673386,3673714,10nM,weak,0,0,0
chr2,3944348,3944547,10nM,weak,0,0,0
chr2,4806754,4806992,10nM,weak,0,0,0
chr2,4931850,4932080,10nM,weak,0,0,0
chr2,5138862,5139153,10nM,weak,0,0,0
chr2,5341838,5342028,10nM,weak,0,0,0
chr2,5910086,5910419,10nM,weak,0,0,0
chr2,5911177,5911475,10nM,weak,0,0,0
chr2,6108096,6108354,10nM,weak,0,0,0
chr2,6906198,6906416,10nM,weak,0,0,0
chr2,7017705,7017987,10nM,weak,0,0,0
chr2,7724288,7724651,10nM,weak,0,0,0
chr2,8107083,8107280,10nM,weak,0,0,0
chr2,8125746,8126140,10nM,weak,0,0,0
chr2,8446796,8446979,10nM,weak,0,0,0
chr2,10170289,10170513,10nM,weak,0,0,0
chr2,10191193,10191466,10nM,weak,0,0,0
chr2,10222626,10222911,10nM,weak,0,0,0
chr2,10228907,10229116,10nM,weak,0,0,0
chr2,11702569,11702817,10nM,weak,0,0,0
chr2,11742901,11743151,10nM,weak,0,0,0
chr2,13117357,13117708,10nM,weak,0,0,0
chr2,13415078,13415315,10nM,weak,0,0,0
chr2,13701390,13701640,10nM,weak,0,0,0
chr2,13985143,13985395,10nM,weak,0,0,0
chr2,14255758,14256121,10nM,weak,0,1,0
chr2,14270080,14270457,10nM,weak,0,0,0
chr2,14393875,14394168,10nM,weak,0,0,0
chr2,14571948,14572132,10nM,weak,0,0,0
chr2,14863553,14863742,10nM,weak,0,0,0
chr2,15038408,15038629,10nM,weak,0,1,0
chr2,15221250,15221433,10nM,weak,0,0,0
chr2,15719706,15719940,10nM,weak,0,0,0
chr2,15933046,15933249,10nM,weak,0,1,0
chr2,16318305,16318512,10nM,weak,0,0,0
chr2,16319796,16320095,10nM,weak,0,0,0
chr2,16325147,16325360,10nM,weak,0,0,0
chr2,16630883,16631263,10nM,weak,0,0,0
chr2,16631621,16631816,10nM,weak,0,0,0
chr2,16719362,16719632,10nM,weak,0,0,0
chr2,18110433,18110623,10nM,weak,0,0,0
chr2,19128195,19128419,10nM,weak,0,0,0
chr2,19299024,19299217,10nM,weak,0,0,0
chr2,20385036,20385262,10nM,weak,0,0,0
chr2,20501904,20502138,10nM,weak,0,0,0
chr2,20508930,20509113,10nM,weak,0,0,0
chr2,24691232,24691445,10nM,weak,0,0,0
chr2,25087752,25087972,10nM,weak,0,1,0
chr2,25278059,25278310,10nM,weak,0,0,0
chr2,26682290,26682618,10nM,weak,0,0,0
chr2,26886220,26886429,10nM,weak,0,0,0
chr2,27795954,27796176,10nM,weak,0,0,0
chr2,28208053,28208351,10nM,weak,0,0,0
chr2,28218320,28218681,10nM,weak,0,0,0
chr2,28361097,28361317,10nM,weak,0,0,0
chr2,29032889,29033136,10nM,weak,0,0,0
chr2,29049698,29049980,10nM,weak,0,0,0
chr2,30007008,30007245,10nM,weak,0,0,0
chr2,30604913,30605096,10nM,weak,0,0,0
chr2,30681601,30681824,10nM,weak,0,0,0
chr2,30944284,30944478,10nM,weak,0,0,0
chr2,31281169,31281384,10nM,weak,0,0,0
chr2,32652962,32653181,10nM,weak,0,0,0
chr2,33070205,33070465,10nM,weak,0,0,0
chr2,36360996,36361212,10nM,weak,0,0,0
chr2,37614996,37615292,10nM,weak,0,0,0
chr2,37866463,37866714,10nM,weak,0,0,0
chr2,37866873,37867190,10nM,weak,0,0,0
chr2,38167934,38168122,10nM,weak,0,1,0
chr2,38251417,38251721,10nM,weak,0,0,0
chr2,38495483,38495714,10nM,weak,0,0,0
chr2,38634632,38634955,10nM,weak,0,0,0
chr2,38896132,38896319,10nM,weak,0,1,0
chr2,39183556,39183812,10nM,weak,0,0,0
chr2,39679999,39680277,10nM,weak,0,0,0
chr2,41143585,41143768,10nM,weak,0,0,0
chr2,41150808,41151015,10nM,weak,0,0,0
chr2,41723735,41723973,10nM,weak,0,0,0
chr2,42394726,42394909,10nM,weak,0,0,0
chr2,42503263,42503460,10nM,weak,0,0,0
chr2,42774190,42774426,10nM,weak,0,0,0
chr2,43249373,43249569,10nM,weak,0,0,1
chr2,43408726,43408920,10nM,weak,0,0,0
chr2,43726167,43726422,10nM,weak,0,0,0
chr2,44743646,44743829,10nM,weak,0,0,0
chr2,44786008,44786217,10nM,weak,0,1,0
chr2,44906870,44907193,10nM,weak,0,0,0
chr2,45726290,45726523,10nM,weak,0,0,0
chr2,45849121,45849339,10nM,weak,0,0,0
chr2,45952834,45953058,10nM,weak,0,0,0
chr2,45973387,45973570,10nM,weak,0,0,0
chr2,46170655,46170841,10nM,weak,0,0,0
chr2,46283644,46283913,10nM,weak,0,0,0
chr2,46342579,46342838,10nM,weak,0,0,0
chr2,47036101,47036524,10nM,weak,0,0,0
chr2,48500860,48501095,10nM,weak,0,1,0
chr2,48673758,48674100,10nM,weak,0,0,0
chr2,54066872,54067075,10nM,weak,0,0,0
chr2,54516710,54517002,10nM,weak,0,0,0
chr2,54613808,54614020,10nM,weak,0,0,0
chr2,57869609,57869903,10nM,weak,0,0,0
chr2,58314134,58314321,10nM,weak,0,0,0
chr2,58614385,58614572,10nM,weak,0,0,0
chr2,60718287,60718515,10nM,weak,0,1,0
chr2,61602074,61602318,10nM,weak,0,1,0
chr2,61945484,61945710,10nM,weak,0,0,0
chr2,62071337,62071520,10nM,weak,0,0,0
chr2,63300877,63301162,10nM,weak,0,0,0
chr2,64485234,64485463,10nM,weak,0,0,0
chr2,64829293,64829476,10nM,weak,0,0,0
chr2,67165695,67165878,10nM,weak,0,0,0
chr2,67449465,67449659,10nM,weak,0,0,0
chr2,67849458,67849870,10nM,weak,0,0,0
chr2,67874967,67875220,10nM,weak,0,0,0
chr2,68672811,68673042,10nM,weak,0,0,0
chr2,69008848,69009115,10nM,weak,0,0,0
chr2,69143681,69143876,10nM,weak,0,0,0
chr2,70640887,70641532,10nM,weak,0,0,0
chr2,70780661,70780903,10nM,weak,0,0,0
chr2,71506253,71506525,10nM,weak,0,0,0
chr2,71590773,71591069,10nM,weak,0,0,0
chr2,71852682,71852901,10nM,weak,0,0,0
chr2,71990315,71990517,10nM,weak,0,0,0
chr2,72751114,72751346,10nM,weak,0,0,0
chr2,73001183,73001450,10nM,weak,0,0,0
chr2,74873789,74873979,10nM,weak,0,0,0
chr2,75541381,75541638,10nM,weak,0,0,0
chr2,75773317,75773599,10nM,weak,0,0,0
chr2,76378178,76378462,10nM,weak,0,0,0
chr2,76759368,76759568,10nM,weak,0,0,0
chr2,76769088,76769292,10nM,weak,0,0,0
chr2,76775249,76775514,10nM,weak,0,0,0
chr2,76832517,76832879,10nM,weak,0,0,0
chr2,77203345,77203534,10nM,weak,0,0,0
chr2,77203906,77204175,10nM,weak,0,0,0
chr2,77804403,77804656,10nM,weak,0,0,0
chr2,77926413,77926616,10nM,weak,0,0,0
chr2,78778265,78778499,10nM,weak,0,0,0
chr2,85697933,85698131,10nM,weak,0,0,0
chr2,86082811,86083014,10nM,weak,0,0,0
chr2,87229636,87229834,10nM,weak,0,0,0
chr2,87973860,87974147,10nM,weak,0,0,0
chr2,88069009,88069419,10nM,weak,0,0,0
chr2,95676670,95677052,10nM,weak,0,0,0
chr2,95677265,95677656,10nM,weak,0,0,0
chr2,96409309,96409516,10nM,weak,0,0,0
chr2,96796927,96797203,10nM,weak,0,0,0
chr2,97881460,97881698,10nM,weak,0,0,1
chr2,98011116,98011358,10nM,weak,0,0,0
chr2,98043489,98043672,10nM,weak,0,0,0
chr2,99940315,99940559,10nM,weak,0,0,0
chr2,99947295,99947482,10nM,weak,0,1,0
chr2,99998077,99998265,10nM,weak,0,0,0
chr2,102046482,102046671,10nM,weak,0,0,0
chr2,102719689,102719895,10nM,weak,0,0,0
chr2,102870972,102871179,10nM,weak,0,0,0
chr2,105096487,105096826,10nM,weak,0,0,0
chr2,105097089,105097372,10nM,weak,0,0,0
chr2,105428548,105428819,10nM,weak,0,0,0
chr2,105431399,105431686,10nM,weak,0,0,0
chr2,105451600,105451921,10nM,weak,0,0,1
chr2,105554391,105554729,10nM,weak,0,0,0
chr2,105653403,105653595,10nM,weak,0,0,0
chr2,106147260,106147470,10nM,weak,0,0,0
chr2,106762232,106762444,10nM,weak,0,0,0
chr2,108325012,108325356,10nM,weak,0,0,0
chr2,108806431,108806645,10nM,weak,0,0,0
chr2,108853212,108853563,10nM,weak,0,0,1
chr2,109226191,109226468,10nM,weak,0,0,0
chr2,109270479,109270775,10nM,weak,0,0,0
chr2,109287218,109287401,10nM,weak,0,0,0
chr2,109400923,109401135,10nM,weak,0,0,0
chr2,109528018,109528246,10nM,weak,0,0,0
chr2,110658236,110658443,10nM,weak,0,0,0
chr2,111269831,111270020,10nM,weak,0,0,0
chr2,111927661,111927854,10nM,weak,0,0,1
chr2,112967027,112967220,10nM,weak,0,0,0
chr2,113318843,113319266,10nM,weak,0,0,0
chr2,113406496,113406734,10nM,weak,0,0,0
chr2,117470448,117470698,10nM,weak,0,0,0
chr2,118146506,118146717,10nM,weak,0,0,0
chr2,118251300,118251527,10nM,weak,0,0,0
chr2,118923384,118923657,10nM,weak,0,0,0
chr2,119308750,119309071,10nM,weak,0,0,1
chr2,119337789,119338068,10nM,weak,0,0,0
chr2,120313961,120314225,10nM,weak,0,0,0
chr2,120323316,120323535,10nM,weak,0,0,0
chr2,120324896,120325181,10nM,weak,0,0,0
chr2,120385074,120385286,10nM,weak,0,0,0
chr2,120567133,120567475,10nM,weak,0,0,0
chr2,120606688,120606909,10nM,weak,0,0,0
chr2,120647654,120647855,10nM,weak,0,0,0
chr2,121009614,121009822,10nM,weak,0,0,0
chr2,121065039,121065396,10nM,weak,0,0,0
chr2,121136375,121136594,10nM,weak,0,0,0
chr2,121260557,121260929,10nM,weak,0,0,0
chr2,121282797,121283093,10nM,weak,0,0,0
chr2,122052363,122052647,10nM,weak,0,0,0
chr2,123045810,123046061,10nM,weak,0,0,0
chr2,123150204,123150405,10nM,weak,0,0,0
chr2,128435050,128435305,10nM,weak,0,0,0
chr2,129100635,129100890,10nM,weak,0,0,0
chr2,129104365,129104620,10nM,weak,0,0,0
chr2,129358498,129358939,10nM,weak,0,0,0
chr2,130195404,130195653,10nM,weak,0,0,0
chr2,132612543,132612775,10nM,weak,0,0,0
chr2,133341026,133341242,10nM,weak,0,0,0
chr2,133582846,133583149,10nM,weak,0,0,0
chr2,133712188,133712406,10nM,weak,0,0,0
chr2,133875387,133875609,10nM,weak,0,0,0
chr2,134012572,134012778,10nM,weak,0,1,0
chr2,134013655,134013946,10nM,weak,0,0,0
chr2,134068618,134068802,10nM,weak,0,1,0
chr2,136294075,136294271,10nM,weak,0,0,0
chr2,137168703,137168905,10nM,weak,0,0,0
chr2,137366852,137367134,10nM,weak,0,0,0
chr2,137490905,137491250,10nM,weak,0,0,0
chr2,137710696,137710911,10nM,weak,0,0,0
chr2,137745427,137745647,10nM,weak,0,0,0
chr2,137944679,137944990,10nM,weak,0,0,0
chr2,138194313,138194611,10nM,weak,0,0,0
chr2,138282127,138282364,10nM,weak,0,0,0
chr2,138445346,138445559,10nM,weak,0,0,0
chr2,138468660,138468940,10nM,weak,0,0,0
chr2,139199202,139199604,10nM,weak,0,0,0
chr2,139260642,139260982,10nM,weak,0,0,0
chr2,139425788,139425975,10nM,weak,0,0,0
chr2,139623437,139623749,10nM,weak,0,0,0
chr2,140138226,140138412,10nM,weak,0,0,0
chr2,141710660,141710985,10nM,weak,0,0,0
chr2,141884735,141884961,10nM,weak,0,0,0
chr2,141928755,141928938,10nM,weak,0,0,0
chr2,142190311,142190578,10nM,weak,0,0,0
chr2,142605463,142605721,10nM,weak,0,0,0
chr2,143165392,143165581,10nM,weak,0,0,0
chr2,144102478,144102663,10nM,weak,0,0,0
chr2,145299331,145299530,10nM,weak,0,0,0
chr2,149611895,149612131,10nM,weak,0,0,0
chr2,149991059,149991405,10nM,weak,0,0,0
chr2,150285304,150285668,10nM,weak,0,0,0
chr2,150370662,150370927,10nM,weak,0,0,0
chr2,150688542,150688727,10nM,weak,0,0,0
chr2,150972660,150972869,10nM,weak,0,0,0
chr2,151054347,151054542,10nM,weak,0,0,0
chr2,151619597,151619787,10nM,weak,0,0,0
chr2,153163531,153163808,10nM,weak,1,0,0
chr2,153164995,153165302,10nM,weak,0,0,0
chr2,153464510,153464803,10nM,weak,0,0,0
chr2,154403337,154403781,10nM,weak,0,1,0
chr2,154678837,154679148,10nM,weak,0,0,0
chr2,155302067,155302309,10nM,weak,0,0,0
chr2,156071860,156072044,10nM,weak,0,0,0
chr2,156072787,156073089,10nM,weak,0,0,0
chr2,156487366,156487572,10nM,weak,0,0,0
chr2,156538903,156539163,10nM,weak,0,0,0
chr2,156587887,156588168,10nM,weak,0,0,0
chr2,156781737,156781936,10nM,weak,0,0,0
chr2,157005672,157005858,10nM,weak,0,0,0
chr2,157087437,157087670,10nM,weak,0,0,0
chr2,157160238,157160423,10nM,weak,0,0,0
chr2,157269199,157269460,10nM,weak,0,0,0
chr2,158030756,158031012,10nM,weak,0,0,0
chr2,158479741,158479924,10nM,weak,0,0,0
chr2,158814145,158814426,10nM,weak,0,0,0
chr2,158839035,158839359,10nM,weak,0,0,0
chr2,158918518,158918743,10nM,weak,0,0,0
chr2,159047661,159047850,10nM,weak,0,0,0
chr2,160065703,160065911,10nM,weak,0,0,0
chr2,161119556,161120058,10nM,weak,0,0,0
chr2,161867400,161867607,10nM,weak,0,0,0
chr2,161972995,161973196,10nM,weak,0,0,0
chr2,162545394,162545597,10nM,weak,0,0,0
chr2,162564204,162564459,10nM,weak,0,0,0
chr2,163856760,163857037,10nM,weak,0,0,0
chr2,164525329,164525526,10nM,weak,0,0,0
chr2,165439556,165439755,10nM,weak,0,0,0
chr2,165621048,165621254,10nM,weak,0,0,0
chr2,168582583,168582805,10nM,weak,0,0,0
chr2,168690426,168690676,10nM,weak,0,0,0
chr2,169063203,169063477,10nM,weak,0,0,0
chr2,169210261,169210551,10nM,weak,0,0,0
chr2,170265400,170265714,10nM,weak,0,0,0
chr2,170307090,170307353,10nM,weak,0,0,1
chr2,170316362,170316620,10nM,weak,0,0,0
chr2,171798400,171798642,10nM,weak,0,0,0
chr2,173352863,173353047,10nM,weak,0,0,0
chr2,173505064,173505248,10nM,weak,0,0,0
chr2,173840260,173840464,10nM,weak,0,0,0
chr2,174198875,174199066,10nM,weak,0,0,0
chr2,174610669,174610852,10nM,weak,0,0,0
chr2,174617967,174618153,10nM,weak,0,0,0
chr2,175000374,175000593,10nM,weak,0,1,0
chr2,176730916,176731159,10nM,weak,0,0,0
chr2,177276913,177277203,10nM,weak,0,1,0
chr2,177385197,177385807,10nM,weak,0,0,1
chr2,177623817,177624059,10nM,weak,0,0,0
chr2,179639879,179640068,10nM,weak,0,0,0
chr2,180722706,180722918,10nM,weak,0,0,0
chr2,180723670,180723926,10nM,weak,0,0,0
chr2,181097310,181097569,10nM,weak,0,0,0
chr2,181404078,181404355,10nM,weak,0,0,0
chr2,181468463,181468646,10nM,weak,0,0,0
chr2,182172984,182173326,10nM,weak,0,0,0
chr2,182587115,182587327,10nM,weak,0,0,0
chr2,185145827,185146040,10nM,weak,0,0,0
chr2,185224975,185225204,10nM,weak,0,0,0
chr2,185393212,185393548,10nM,weak,0,0,0
chr2,185595488,185595810,10nM,weak,0,0,0
chr2,185598312,185598680,10nM,weak,0,0,0
chr2,188084014,188084197,10nM,weak,0,0,0
chr2,188607284,188607467,10nM,weak,0,0,0
chr2,188850887,188851219,10nM,weak,0,0,0
chr2,189285512,189285736,10nM,weak,0,0,0
chr2,190092224,190092418,10nM,weak,0,0,0
chr2,190120809,190120992,10nM,weak,0,0,0
chr2,190798379,190798620,10nM,weak,0,0,0
chr2,192434633,192434976,10nM,weak,0,0,0
chr2,192438099,192438488,10nM,weak,0,0,0
chr2,194366035,194366458,10nM,weak,0,0,0
chr2,195038165,195038466,10nM,weak,0,0,0
chr2,195594181,195594443,10nM,weak,0,1,0
chr2,199229219,199229418,10nM,weak,0,0,0
chr2,200367258,200367577,10nM,weak,0,0,0
chr2,200655899,200656128,10nM,weak,0,0,0
chr2,201788659,201788937,10nM,weak,0,0,0
chr2,202687260,202687553,10nM,weak,0,0,1
chr2,203081249,203081533,10nM,weak,0,0,0
chr2,205762479,205762681,10nM,weak,0,0,0
chr2,206679374,206679560,10nM,weak,0,0,0
chr2,207351280,207351700,10nM,weak,0,0,0
chr2,207436141,207436408,10nM,weak,0,0,0
chr2,209571174,209571408,10nM,weak,0,0,0
chr2,210710441,210710663,10nM,weak,0,0,0
chr2,210928338,210928603,10nM,weak,0,0,0
chr2,213127127,213127436,10nM,weak,0,0,0
chr2,213587208,213587453,10nM,weak,0,0,0
chr2,213682662,213682878,10nM,weak,0,0,0
chr2,214142456,214142782,10nM,weak,0,0,0
chr2,214159306,214159522,10nM,weak,0,0,0
chr2,215618092,215618301,10nM,weak,0,0,0
chr2,216684319,216684572,10nM,weak,0,0,0
chr2,216684765,216684983,10nM,weak,0,0,0
chr2,217409296,217409561,10nM,weak,0,0,0
chr2,219709613,219709838,10nM,weak,0,0,0
chr2,220534394,220534659,10nM,weak,0,0,0
chr2,220737334,220737517,10nM,weak,0,0,0
chr2,221346329,221346604,10nM,weak,0,0,0
chr2,221787125,221787380,10nM,weak,0,0,0
chr2,221797494,221797745,10nM,weak,0,0,0
chr2,222201389,222201688,10nM,weak,0,0,0
chr2,222795243,222795434,10nM,weak,0,0,0
chr2,222968768,222969028,10nM,weak,0,0,0
chr2,222976944,222977143,10nM,weak,0,0,0
chr2,223130464,223130708,10nM,weak,0,0,0
chr2,223264897,223265085,10nM,weak,0,0,0
chr2,223996132,223996343,10nM,weak,0,0,0
chr2,224266299,224266498,10nM,weak,0,0,0
chr2,224767454,224767699,10nM,weak,0,1,0
chr2,224936282,224936507,10nM,weak,0,0,0
chr2,225463480,225463679,10nM,weak,0,0,0
chr2,225465046,225465386,10nM,weak,0,0,0
chr2,225513620,225513832,10nM,weak,0,0,0
chr2,225683968,225684221,10nM,weak,0,0,0
chr2,226561650,226561905,10nM,weak,0,0,0
chr2,227319121,227319324,10nM,weak,0,0,0
chr2,229280478,229280695,10nM,weak,0,0,0
chr2,229842029,229842335,10nM,weak,0,0,0
chr2,231940650,231940833,10nM,weak,0,0,0
chr2,232442721,232442981,10nM,weak,0,0,0
chr2,232484770,232484994,10nM,weak,0,0,0
chr2,233336939,233337122,10nM,weak,0,0,1
chr2,233384015,233384281,10nM,weak,0,0,0
chr2,234392676,234392892,10nM,weak,0,1,1
chr2,234425636,234425905,10nM,weak,0,0,0
chr2,235315574,235315864,10nM,weak,0,0,0
chr2,236398467,236398731,10nM,weak,0,0,0
chr2,236460182,236460365,10nM,weak,0,0,0
chr2,236510591,236510777,10nM,weak,0,0,0
chr2,236525618,236525844,10nM,weak,0,0,0
chr2,236896721,236897022,10nM,weak,0,0,0
chr2,237204752,237204966,10nM,weak,0,0,0
chr2,237209761,237210147,10nM,weak,0,0,0
chr2,237238051,237238382,10nM,weak,0,0,0
chr2,238564417,238564665,10nM,weak,0,0,0
chr2,238573470,238573725,10nM,weak,0,0,0
chr2,238905325,238905580,10nM,weak,0,0,0
chr2,239115402,239115643,10nM,weak,0,0,0
chr2,239287256,239287525,10nM,weak,0,0,0
chr2,239292547,239292774,10nM,weak,0,0,0
chr2,240090025,240090263,10nM,weak,0,0,0
chr2,240389256,240389473,10nM,weak,0,0,0
chr2,240623203,240623556,10nM,weak,0,0,0
chr20,328768,329006,10nM,weak,0,0,0
chr20,976560,976759,10nM,weak,0,0,0
chr20,977268,977539,10nM,weak,0,0,0
chr20,1025821,1026008,10nM,weak,0,0,0
chr20,2006060,2006243,10nM,weak,0,0,0
chr20,2169218,2169409,10nM,weak,0,0,0
chr20,2349821,2350119,10nM,weak,0,0,0
chr20,5731982,5732232,10nM,weak,0,0,0
chr20,5738100,5738285,10nM,weak,0,0,0
chr20,5833403,5833654,10nM,weak,0,0,0
chr20,7367442,7367699,10nM,weak,0,0,0
chr20,8142188,8142473,10nM,weak,0,0,0
chr20,8243886,8244177,10nM,weak,0,0,0
chr20,8334752,8334949,10nM,weak,0,0,0
chr20,8346231,8346527,10nM,weak,0,0,0
chr20,8768617,8768848,10nM,weak,0,0,0
chr20,9492239,9492489,10nM,weak,0,0,0
chr20,10795738,10795991,10nM,weak,0,0,0
chr20,13058947,13059251,10nM,weak,0,0,0
chr20,13247269,13247551,10nM,weak,0,0,0
chr20,15862335,15862534,10nM,weak,0,0,0
chr20,15961548,15961832,10nM,weak,0,0,0
chr20,16195899,16196158,10nM,weak,0,0,0
chr20,16533563,16533843,10nM,weak,0,0,0
chr20,17461369,17461593,10nM,weak,0,0,0
chr20,17783155,17783342,10nM,weak,0,0,0
chr20,17892561,17892757,10nM,weak,0,0,0
chr20,18700067,18700307,10nM,weak,0,0,0
chr20,18702420,18702710,10nM,weak,0,0,0
chr20,18913627,18913842,10nM,weak,0,0,0
chr20,19095045,19095263,10nM,weak,0,0,0
chr20,19316350,19316773,10nM,weak,0,0,0
chr20,19954320,19954631,10nM,weak,0,0,0
chr20,22383912,22384115,10nM,weak,0,0,0
chr20,23300323,23300506,10nM,weak,0,0,0
chr20,23334116,23334395,10nM,weak,0,0,0
chr20,23887994,23888320,10nM,weak,0,0,0
chr20,23922434,23922675,10nM,weak,0,0,0
chr20,24257540,24257814,10nM,weak,0,0,0
chr20,24660005,24660275,10nM,weak,0,0,0
chr20,24816400,24816643,10nM,weak,0,0,0
chr20,25011786,25012026,10nM,weak,0,0,0
chr20,33285883,33286093,10nM,weak,0,0,0
chr20,33569435,33569647,10nM,weak,0,0,0
chr20,34472171,34472431,10nM,weak,0,1,0
chr20,35189385,35189646,10nM,weak,0,0,0
chr20,37214577,37214851,10nM,weak,0,0,0
chr20,37271421,37271719,10nM,weak,0,0,0
chr20,37562729,37562974,10nM,weak,0,0,0
chr20,38112076,38112331,10nM,weak,0,0,1
chr20,38209095,38209372,10nM,weak,0,0,0
chr20,38998543,38998752,10nM,weak,0,0,0
chr20,39245937,39246123,10nM,weak,0,0,0
chr20,39282977,39283229,10nM,weak,0,0,0
chr20,39490378,39490672,10nM,weak,0,0,0
chr20,39527585,39527842,10nM,weak,0,0,0
chr20,39658520,39658827,10nM,weak,0,0,0
chr20,39840226,39840431,10nM,weak,0,0,0
chr20,39856289,39856534,10nM,weak,0,0,0
chr20,40141057,40141291,10nM,weak,0,0,0
chr20,40296065,40296295,10nM,weak,0,0,0
chr20,40447820,40448065,10nM,weak,0,0,0
chr20,40638583,40638834,10nM,weak,0,0,0
chr20,40782936,40783119,10nM,weak,0,0,0
chr20,44178694,44178889,10nM,weak,0,0,0
chr20,44277562,44277836,10nM,weak,0,0,0
chr20,45683063,45683303,10nM,weak,0,0,0
chr20,45696698,45696992,10nM,weak,0,0,0
chr20,46850148,46850401,10nM,weak,0,0,0
chr20,48244217,48244438,10nM,weak,0,0,0
chr20,49444484,49444809,10nM,weak,0,0,0
chr20,49543915,49544259,10nM,weak,0,0,0
chr20,49587298,49587484,10nM,weak,0,0,0
chr20,49696042,49696252,10nM,weak,0,0,0
chr20,50065489,50065796,10nM,weak,0,0,0
chr20,50327358,50327614,10nM,weak,0,1,0
chr20,50437849,50438126,10nM,weak,1,0,0
chr20,50471124,50471376,10nM,weak,0,0,0
chr20,52892557,52892777,10nM,weak,0,0,0
chr20,53037054,53037249,10nM,weak,0,0,0
chr20,56713607,56713956,10nM,weak,0,0,0
chr20,56762254,56762463,10nM,weak,0,0,0
chr20,56884577,56884768,10nM,weak,0,1,0
chr20,56916483,56916781,10nM,weak,0,0,0
chr20,56926456,56926774,10nM,weak,0,0,0
chr20,56954854,56955074,10nM,weak,0,0,0
chr20,56976061,56976281,10nM,weak,0,0,0
chr20,57013620,57013847,10nM,weak,0,0,0
chr20,57379907,57380114,10nM,weak,0,0,0
chr20,57461144,57461342,10nM,weak,0,0,0
chr20,58182527,58182757,10nM,weak,0,0,0
chr20,59307074,59307273,10nM,weak,0,1,0
chr20,59340178,59340363,10nM,weak,0,0,0
chr20,59342980,59343201,10nM,weak,0,0,0
chr20,59347341,59347844,10nM,weak,0,0,0
chr20,59489032,59489256,10nM,weak,0,0,0
chr20,59870107,59870332,10nM,weak,0,0,0
chr20,59960020,59960307,10nM,weak,0,0,0
chr20,59987478,59987696,10nM,weak,0,0,0
chr20,60308132,60308315,10nM,weak,0,0,0
chr20,60808064,60808299,10nM,weak,0,0,0
chr20,61593031,61593214,10nM,weak,0,0,0
chr20,61699033,61699255,10nM,weak,0,0,0
chr21,5111218,5111429,10nM,weak,0,0,0
chr21,13987520,13987853,10nM,weak,0,0,0
chr21,14227028,14227216,10nM,weak,0,0,0
chr21,14267207,14267390,10nM,weak,0,0,0
chr21,14943600,14943845,10nM,weak,0,0,0
chr21,15116263,15116457,10nM,weak,0,1,0
chr21,15140242,15140437,10nM,weak,0,0,0
chr21,15163686,15163959,10nM,weak,0,0,0
chr21,15374228,15374519,10nM,weak,0,0,0
chr21,15401409,15401694,10nM,weak,0,0,0
chr21,15840625,15840814,10nM,weak,0,0,0
chr21,17120431,17120707,10nM,weak,0,0,0
chr21,17501442,17501738,10nM,weak,0,0,0
chr21,19921992,19922310,10nM,weak,0,0,0
chr21,20622412,20622619,10nM,weak,0,0,0
chr21,20965893,20966079,10nM,weak,0,0,0
chr21,21441818,21442075,10nM,weak,0,0,0
chr21,22490194,22490393,10nM,weak,0,0,0
chr21,22827302,22827503,10nM,weak,0,1,0
chr21,23155395,23155622,10nM,weak,0,0,0
chr21,26388913,26389135,10nM,weak,0,0,0
chr21,26389769,26389952,10nM,weak,0,0,0
chr21,26826986,26827247,10nM,weak,0,1,0
chr21,27340474,27340717,10nM,weak,0,0,0
chr21,27762644,27762873,10nM,weak,0,0,0
chr21,27764898,27765323,10nM,weak,0,0,0
chr21,27781946,27782129,10nM,weak,0,0,0
chr21,28862008,28862356,10nM,weak,0,0,0
chr21,31453353,31453590,10nM,weak,0,1,0
chr21,31517702,31517909,10nM,weak,0,0,0
chr21,31972802,31973020,10nM,weak,0,0,0
chr21,34279285,34279472,10nM,weak,0,0,0
chr21,34573474,34573715,10nM,weak,0,0,0
chr21,35327320,35327584,10nM,weak,0,0,0
chr21,35329935,35330145,10nM,weak,0,0,0
chr21,35838530,35838718,10nM,weak,0,0,0
chr21,36546187,36546407,10nM,weak,0,0,0
chr21,36569912,36570117,10nM,weak,0,0,0
chr21,36847044,36847317,10nM,weak,0,0,0
chr21,38561263,38561513,10nM,weak,0,0,0
chr21,39665575,39665824,10nM,weak,0,0,0
chr21,39709779,39709974,10nM,weak,0,0,0
chr21,39723470,39723789,10nM,weak,0,0,0
chr21,41689032,41689428,10nM,weak,0,0,0
chr21,41699790,41699992,10nM,weak,0,0,0
chr21,42415664,42415904,10nM,weak,0,0,0
chr21,44376072,44376255,10nM,weak,0,0,0
chr21,44903357,44903566,10nM,weak,0,0,0
chr21,45112726,45112909,10nM,weak,0,0,0
chr21,45141635,45141945,10nM,weak,0,0,0
chr21,45202141,45202324,10nM,weak,0,0,0
chr21,45396589,45396820,10nM,weak,0,0,0
chr21,45906276,45906534,10nM,weak,0,0,0
chr22,17116619,17116891,10nM,weak,0,0,0
chr22,20010491,20010749,10nM,weak,0,0,0
chr22,21709626,21709956,10nM,weak,0,0,1
chr22,21718961,21719164,10nM,weak,0,0,0
chr22,21786704,21786892,10nM,weak,0,0,0
chr22,22040494,22040747,10nM,weak,0,0,0
chr22,22043153,22043413,10nM,weak,0,0,0
chr22,22076441,22076631,10nM,weak,0,0,0
chr22,22910062,22910392,10nM,weak,0,0,0
chr22,22953563,22953890,10nM,weak,1,0,0
chr22,22976244,22976478,10nM,weak,0,0,0
chr22,23167475,23167726,10nM,weak,0,0,0
chr22,23431155,23431498,10nM,weak,0,0,0
chr22,23567620,23567809,10nM,weak,0,0,0
chr22,25223548,25223734,10nM,weak,0,0,0
chr22,25719301,25719484,10nM,weak,0,0,0
chr22,25849117,25849324,10nM,weak,0,0,0
chr22,25898669,25899001,10nM,weak,0,0,0
chr22,26831088,26831357,10nM,weak,0,0,0
chr22,27261800,27262014,10nM,weak,0,0,1
chr22,27309806,27310068,10nM,weak,0,0,0
chr22,27642557,27642743,10nM,weak,0,0,0
chr22,28025268,28025515,10nM,weak,0,0,0
chr22,30817843,30818057,10nM,weak,0,0,1
chr22,32725495,32725711,10nM,weak,0,0,0
chr22,32894532,32894744,10nM,weak,0,0,0
chr22,33095238,33095550,10nM,weak,0,0,0
chr22,33523161,33523344,10nM,weak,0,1,0
chr22,34232812,34233157,10nM,weak,0,0,0
chr22,34254322,34254627,10nM,weak,0,0,0
chr22,34308260,34308550,10nM,weak,0,0,0
chr22,35445807,35446080,10nM,weak,1,0,0
chr22,36738033,36738257,10nM,weak,0,0,0
chr22,36948860,36949100,10nM,weak,0,0,0
chr22,36950462,36950707,10nM,weak,0,0,0
chr22,37192383,37192632,10nM,weak,0,0,0
chr22,38514444,38514668,10nM,weak,0,1,0
chr22,39590793,39590988,10nM,weak,0,0,1
chr22,39650535,39650764,10nM,weak,0,0,0
chr22,40010577,40010807,10nM,weak,0,0,0
chr22,42622393,42622672,10nM,weak,0,0,0
chr22,42724054,42724291,10nM,weak,0,0,0
chr22,43198680,43199194,10nM,weak,0,0,0
chr22,43386898,43387132,10nM,weak,0,0,0
chr22,43402735,43403001,10nM,weak,0,0,0
chr22,43821845,43822041,10nM,weak,0,0,0
chr22,43922267,43922594,10nM,weak,0,0,0
chr22,44443134,44443339,10nM,weak,0,0,0
chr22,44719397,44719603,10nM,weak,0,0,0
chr22,45047497,45047685,10nM,weak,0,0,0
chr22,45074616,45074870,10nM,weak,0,0,1
chr22,46151667,46151896,10nM,weak,0,0,0
chr22,47409845,47410082,10nM,weak,0,0,0
chr22,47411230,47411418,10nM,weak,0,0,0
chr22,47462910,47463105,10nM,weak,0,0,0
chr22,47475041,47475254,10nM,weak,0,0,0
chr22,47882915,47883186,10nM,weak,0,0,0
chr22,48091142,48091392,10nM,weak,0,0,0
chr22,48118723,48118985,10nM,weak,0,0,0
chr22,48139418,48139679,10nM,weak,0,0,0
chr22,48249134,48249317,10nM,weak,0,0,0
chr22,49380505,49380758,10nM,weak,0,0,0
chr22,49382466,49382769,10nM,weak,0,0,0
chr22,49526823,49527047,10nM,weak,0,0,0
chr22,49528964,49529195,10nM,weak,0,0,0
chr22,49734246,49734553,10nM,weak,0,0,0
chr22,49930133,49930373,10nM,weak,0,0,0
chr22,50043015,50043238,10nM,weak,0,0,0
chr22,50091895,50092161,10nM,weak,0,0,0
chr22,50300419,50300614,10nM,weak,0,0,0
chr22,50652931,50653155,10nM,weak,0,0,0
chr22,50653546,50653735,10nM,weak,0,0,0
chr3,3687052,3687256,10nM,weak,0,0,0
chr3,3778645,3778927,10nM,weak,0,0,0
chr3,3779439,3779656,10nM,weak,0,0,0
chr3,3992402,3992601,10nM,weak,0,0,0
chr3,4016175,4016536,10nM,weak,0,0,0
chr3,4530050,4530300,10nM,weak,0,0,0
chr3,4782752,4783010,10nM,weak,0,0,0
chr3,5021468,5021744,10nM,weak,0,0,0
chr3,5265210,5265399,10nM,weak,0,0,0
chr3,5876870,5877117,10nM,weak,0,0,0
chr3,8160469,8160701,10nM,weak,0,0,0
chr3,8618085,8618297,10nM,weak,0,0,0
chr3,8660185,8660415,10nM,weak,0,0,0
chr3,8801752,8801946,10nM,weak,0,0,0
chr3,8815341,8815547,10nM,weak,0,0,0
chr3,8968021,8968256,10nM,weak,0,0,0
chr3,9079712,9079918,10nM,weak,0,0,0
chr3,9100733,9100997,10nM,weak,0,0,0
chr3,9754003,9754240,10nM,weak,0,0,1
chr3,10516213,10516435,10nM,weak,0,0,0
chr3,10799012,10799291,10nM,weak,0,0,0
chr3,12371770,12372039,10nM,weak,0,0,0
chr3,12375589,12375921,10nM,weak,0,0,0
chr3,13091915,13092201,10nM,weak,0,0,0
chr3,13654720,13654903,10nM,weak,0,0,0
chr3,13962561,13962763,10nM,weak,0,0,0
chr3,14435016,14435256,10nM,weak,0,0,0
chr3,14522842,14523038,10nM,weak,0,0,0
chr3,14797072,14797365,10nM,weak,0,0,0
chr3,14826299,14826664,10nM,weak,0,0,0
chr3,15381397,15381641,10nM,weak,0,0,0
chr3,15398812,15399047,10nM,weak,0,0,0
chr3,16487167,16487368,10nM,weak,0,0,0
chr3,16715466,16715677,10nM,weak,0,0,0
chr3,17402011,17402255,10nM,weak,0,0,0
chr3,17809007,17809192,10nM,weak,0,0,0
chr3,17877609,17877883,10nM,weak,0,0,0
chr3,17940892,17941261,10nM,weak,0,0,0
chr3,17949552,17949753,10nM,weak,0,0,0
chr3,18118318,18118620,10nM,weak,0,0,0
chr3,18119490,18119697,10nM,weak,0,0,0
chr3,18159655,18159891,10nM,weak,0,0,0
chr3,18161342,18161684,10nM,weak,0,0,0
chr3,18490190,18490564,10nM,weak,0,0,0
chr3,22869197,22869493,10nM,weak,0,0,0
chr3,23068609,23068853,10nM,weak,0,0,0
chr3,23106824,23107041,10nM,weak,0,0,0
chr3,23170964,23171187,10nM,weak,0,0,0
chr3,24268958,24269166,10nM,weak,0,0,0
chr3,25208686,25208908,10nM,weak,0,0,0
chr3,25260651,25260899,10nM,weak,0,0,0
chr3,25835161,25835420,10nM,weak,0,0,0
chr3,27451948,27452159,10nM,weak,0,0,0
chr3,29538628,29538964,10nM,weak,0,0,0
chr3,29539358,29539676,10nM,weak,0,0,0
chr3,29559806,29560036,10nM,weak,0,0,0
chr3,30142118,30142425,10nM,weak,0,0,0
chr3,30374001,30374188,10nM,weak,0,0,0
chr3,31277520,31277733,10nM,weak,0,0,0
chr3,31403284,31403507,10nM,weak,0,0,0
chr3,31403694,31404046,10nM,weak,0,0,0
chr3,32089507,32089734,10nM,weak,0,0,0
chr3,32461133,32461351,10nM,weak,0,0,0
chr3,32584890,32585084,10nM,weak,0,0,0
chr3,33162696,33162969,10nM,weak,0,1,0
chr3,34281823,34282019,10nM,weak,0,0,0
chr3,37477301,37477522,10nM,weak,0,0,0
chr3,37553357,37553573,10nM,weak,0,0,0
chr3,37554193,37554509,10nM,weak,0,0,0
chr3,37964959,37965158,10nM,weak,0,0,0
chr3,39014002,39014218,10nM,weak,0,0,0
chr3,39121849,39122070,10nM,weak,0,1,0
chr3,40161800,40161997,10nM,weak,0,0,0
chr3,40165246,40165563,10nM,weak,0,0,0
chr3,41014555,41014792,10nM,weak,0,0,0
chr3,42278008,42278236,10nM,weak,0,0,0
chr3,42786116,42786378,10nM,weak,0,0,0
chr3,42996749,42996963,10nM,weak,0,0,0
chr3,43181071,43181355,10nM,weak,0,0,0
chr3,43471748,43471985,10nM,weak,0,0,0
chr3,43965275,43965522,10nM,weak,0,0,0
chr3,45205139,45205378,10nM,weak,0,0,0
chr3,46465172,46465408,10nM,weak,0,0,0
chr3,46633764,46633956,10nM,weak,1,0,0
chr3,46673469,46673693,10nM,weak,0,0,0
chr3,47362142,47362325,10nM,weak,0,1,0
chr3,48276412,48276620,10nM,weak,0,0,0
chr3,49249017,49249259,10nM,weak,0,0,0
chr3,49437693,49437881,10nM,weak,0,1,0
chr3,49602163,49602381,10nM,weak,0,0,0
chr3,50375212,50375479,10nM,weak,0,0,0
chr3,52156044,52156233,10nM,weak,0,0,0
chr3,52775447,52775749,10nM,weak,0,0,0
chr3,53260080,53260290,10nM,weak,0,0,0
chr3,53545542,53545740,10nM,weak,0,0,0
chr3,54861100,54861387,10nM,weak,0,0,0
chr3,57145715,57146008,10nM,weak,0,0,0
chr3,57675585,57675807,10nM,weak,0,0,0
chr3,57785279,57785571,10nM,weak,0,0,0
chr3,59273661,59273876,10nM,weak,0,0,0
chr3,59661984,59662303,10nM,weak,0,0,0
chr3,60358463,60358688,10nM,weak,0,0,0
chr3,61132539,61132786,10nM,weak,0,0,0
chr3,61139977,61140279,10nM,weak,0,0,0
chr3,61170213,61170396,10nM,weak,0,0,0
chr3,61294054,61294338,10nM,weak,0,0,0
chr3,61824632,61825023,10nM,weak,0,0,1
chr3,62032872,62033139,10nM,weak,0,0,0
chr3,62391759,62392009,10nM,weak,0,0,0
chr3,62903276,62903571,10nM,weak,0,0,0
chr3,63583070,63583278,10nM,weak,0,0,0
chr3,64830905,64831152,10nM,weak,0,0,0
chr3,65964274,65964481,10nM,weak,0,0,0
chr3,66139638,66139861,10nM,weak,0,0,0
chr3,66197208,66197603,10nM,weak,0,0,0
chr3,66197941,66198409,10nM,weak,0,0,0
chr3,66198625,66199349,10nM,weak,0,0,0
chr3,66199522,66199985,10nM,weak,0,0,0
chr3,66426077,66426291,10nM,weak,0,0,0
chr3,67518216,67518579,10nM,weak,0,0,0
chr3,67625143,67625383,10nM,weak,0,0,0
chr3,70735890,70736093,10nM,weak,0,0,0
chr3,71006903,71007183,10nM,weak,0,0,0
chr3,71142884,71143085,10nM,weak,0,0,0
chr3,71877254,71877524,10nM,weak,0,0,0
chr3,72169561,72169765,10nM,weak,0,0,0
chr3,72251285,72251514,10nM,weak,0,0,0
chr3,72423764,72423989,10nM,weak,0,0,1
chr3,72582554,72582846,10nM,weak,0,0,0
chr3,72766331,72766602,10nM,weak,0,0,0
chr3,73402079,73402338,10nM,weak,0,0,0
chr3,73587680,73587889,10nM,weak,0,0,0
chr3,73609254,73609479,10nM,weak,0,0,0
chr3,73666628,73666926,10nM,weak,0,0,0
chr3,76203553,76203920,10nM,weak,0,0,0
chr3,76466785,76466968,10nM,weak,0,0,0
chr3,76666274,76666488,10nM,weak,0,0,0
chr3,77338225,77338573,10nM,weak,0,0,0
chr3,77566519,77566775,10nM,weak,0,0,0
chr3,77655476,77655692,10nM,weak,0,0,0
chr3,77668049,77668390,10nM,weak,0,0,0
chr3,77668573,77668792,10nM,weak,0,0,0
chr3,77678654,77678852,10nM,weak,0,0,0
chr3,77731934,77732134,10nM,weak,0,0,0
chr3,79765921,79766106,10nM,weak,0,0,0
chr3,81809355,81809707,10nM,weak,0,0,0
chr3,82587254,82587437,10nM,weak,0,0,0
chr3,84181282,84181516,10nM,weak,0,0,1
chr3,85147972,85148209,10nM,weak,0,0,0
chr3,85780352,85780557,10nM,weak,0,0,0
chr3,87148868,87149136,10nM,weak,0,0,0
chr3,87260455,87260669,10nM,weak,0,0,0
chr3,87263137,87263536,10nM,weak,0,0,0
chr3,87858146,87858398,10nM,weak,0,0,0
chr3,94793882,94794074,10nM,weak,0,0,0
chr3,95295678,95295867,10nM,weak,0,0,0
chr3,95916500,95916743,10nM,weak,0,0,0
chr3,96229539,96229812,10nM,weak,0,0,0
chr3,97129760,97129974,10nM,weak,0,0,0
chr3,97612665,97612870,10nM,weak,0,0,0
chr3,98388326,98388518,10nM,weak,0,0,0
chr3,98502259,98502583,10nM,weak,0,0,0
chr3,98919474,98919661,10nM,weak,0,0,0
chr3,100125574,100125809,10nM,weak,0,0,0
chr3,100559579,100559904,10nM,weak,0,0,0
chr3,102153845,102154124,10nM,weak,0,0,0
chr3,103393778,103394121,10nM,weak,0,0,1
chr3,104450718,104450909,10nM,weak,0,0,0
chr3,105466483,105466764,10nM,weak,0,0,0
chr3,105746041,105746283,10nM,weak,0,0,0
chr3,106210473,106210785,10nM,weak,0,0,0
chr3,106425936,106426215,10nM,weak,0,0,0
chr3,106810432,106810688,10nM,weak,0,0,0
chr3,107796832,107797033,10nM,weak,0,0,0
chr3,108241168,108241393,10nM,weak,0,0,0
chr3,108453481,108453729,10nM,weak,0,0,0
chr3,108961272,108961518,10nM,weak,0,0,0
chr3,113930106,113930337,10nM,weak,0,0,0
chr3,114398896,114399161,10nM,weak,0,0,0
chr3,114481986,114482186,10nM,weak,0,0,0
chr3,115038878,115039241,10nM,weak,0,0,0
chr3,121939548,121939732,10nM,weak,0,0,0
chr3,123467015,123467349,10nM,weak,0,0,0
chr3,123797590,123797781,10nM,weak,0,0,0
chr3,124239325,124239545,10nM,weak,0,0,0
chr3,124270460,124270823,10nM,weak,1,0,0
chr3,125427601,125427835,10nM,weak,0,0,0
chr3,126002320,126002509,10nM,weak,0,0,0
chr3,127004347,127004535,10nM,weak,0,0,0
chr3,127208655,127208996,10nM,weak,0,0,0
chr3,127525526,127525728,10nM,weak,0,0,0
chr3,128021766,128022074,10nM,weak,0,0,0
chr3,128410258,128410473,10nM,weak,0,0,0
chr3,128423620,128423830,10nM,weak,0,0,0
chr3,129348270,129348462,10nM,weak,0,0,0
chr3,129356560,129356873,10nM,weak,1,0,0
chr3,129567356,129567606,10nM,weak,0,0,0
chr3,129724288,129724561,10nM,weak,0,0,0
chr3,133956411,133956605,10nM,weak,0,0,0
chr3,134079054,134079274,10nM,weak,0,0,0
chr3,138027383,138027680,10nM,weak,0,0,0
chr3,138399855,138400171,10nM,weak,0,0,0
chr3,138465258,138465463,10nM,weak,0,0,0
chr3,141056752,141056937,10nM,weak,0,0,0
chr3,141621509,141621769,10nM,weak,0,0,0
chr3,142265718,142266205,10nM,weak,0,0,0
chr3,142466950,142467164,10nM,weak,0,0,0
chr3,142917039,142917228,10nM,weak,0,1,0
chr3,143303609,143303852,10nM,weak,0,0,0
chr3,143423857,143424060,10nM,weak,0,0,0
chr3,143525572,143525764,10nM,weak,0,0,0
chr3,144340034,144340270,10nM,weak,0,0,0
chr3,144456205,144456390,10nM,weak,0,0,0
chr3,145341600,145341868,10nM,weak,0,0,0
chr3,146094207,146094430,10nM,weak,0,0,0
chr3,146140033,146140263,10nM,weak,0,0,0
chr3,146360210,146360530,10nM,weak,0,0,0
chr3,146599672,146599946,10nM,weak,0,0,1
chr3,146966965,146967202,10nM,weak,0,0,0
chr3,148121932,148122175,10nM,weak,0,0,0
chr3,149557321,149557564,10nM,weak,0,1,0
chr3,152026039,152026281,10nM,weak,0,0,0
chr3,152062005,152062204,10nM,weak,0,0,0
chr3,152210571,152210780,10nM,weak,0,0,0
chr3,154163505,154163802,10nM,weak,0,0,0
chr3,154214833,154215023,10nM,weak,0,0,0
chr3,154692449,154692761,10nM,weak,0,0,0
chr3,155219093,155219372,10nM,weak,0,0,0
chr3,155887350,155887545,10nM,weak,0,0,0
chr3,156176111,156176416,10nM,weak,0,0,0
chr3,156782475,156782668,10nM,weak,0,0,0
chr3,156940710,156940924,10nM,weak,0,0,0
chr3,156959882,156960161,10nM,weak,0,0,0
chr3,159126698,159126895,10nM,weak,0,0,0
chr3,159604483,159604741,10nM,weak,0,0,0
chr3,159605455,159605691,10nM,weak,0,0,0
chr3,159648166,159648439,10nM,weak,0,0,0
chr3,159654297,159654480,10nM,weak,0,0,0
chr3,159991840,159992028,10nM,weak,0,0,0
chr3,159992764,159993104,10nM,weak,0,0,0
chr3,159994268,159994485,10nM,weak,0,0,0
chr3,160201889,160202130,10nM,weak,0,0,0
chr3,160318712,160318957,10nM,weak,0,0,0
chr3,161051882,161052065,10nM,weak,0,0,0
chr3,161558438,161558643,10nM,weak,0,0,0
chr3,161809002,161809210,10nM,weak,0,0,0
chr3,161867225,161867526,10nM,weak,0,0,0
chr3,162208101,162208365,10nM,weak,0,0,0
chr3,162583459,162583660,10nM,weak,0,0,0
chr3,162606045,162606232,10nM,weak,0,0,0
chr3,164371006,164371209,10nM,weak,0,0,1
chr3,164418472,164418713,10nM,weak,0,0,0
chr3,165680940,165681141,10nM,weak,0,0,0
chr3,166118515,166118781,10nM,weak,0,0,0
chr3,168890955,168891370,10nM,weak,1,0,0
chr3,169105670,169105889,10nM,weak,0,0,0
chr3,169650562,169650805,10nM,weak,0,0,0
chr3,170626812,170626996,10nM,weak,0,1,0
chr3,170651720,170651907,10nM,weak,0,0,0
chr3,171742950,171743196,10nM,weak,0,0,0
chr3,171841253,171841445,10nM,weak,0,0,0
chr3,172550956,172551231,10nM,weak,0,0,0
chr3,174014583,174014883,10nM,weak,0,0,0
chr3,174617481,174617664,10nM,weak,0,0,0
chr3,175064446,175064635,10nM,weak,0,0,0
chr3,175705690,175705911,10nM,weak,0,0,0
chr3,176276244,176276474,10nM,weak,0,0,0
chr3,177635879,177636066,10nM,weak,0,0,0
chr3,179755803,179756042,10nM,weak,0,0,0
chr3,180813290,180813539,10nM,weak,0,0,0
chr3,181875090,181875300,10nM,weak,0,0,1
chr3,182391697,182391924,10nM,weak,0,0,0
chr3,182529380,182529634,10nM,weak,0,1,0
chr3,183182845,183183050,10nM,weak,0,0,1
chr3,184110620,184110836,10nM,weak,0,0,0
chr3,184703797,184704045,10nM,weak,0,0,0
chr3,184758525,184758865,10nM,weak,0,0,0
chr3,184781441,184781692,10nM,weak,0,0,0
chr3,184914802,184915050,10nM,weak,0,0,0
chr3,186870493,186870819,10nM,weak,0,0,0
chr3,187170708,187170927,10nM,weak,0,1,0
chr3,187350907,187351229,10nM,weak,0,0,0
chr3,187507911,187508127,10nM,weak,0,0,0
chr3,187693735,187693945,10nM,weak,0,0,0
chr3,187757638,187757845,10nM,weak,0,0,0
chr3,188513710,188514277,10nM,weak,0,0,0
chr3,188940139,188940334,10nM,weak,0,0,0
chr3,189127457,189127658,10nM,weak,0,0,0
chr3,189191449,189191645,10nM,weak,0,0,0
chr3,189625903,189626161,10nM,weak,0,0,0
chr3,189803114,189803371,10nM,weak,0,1,0
chr3,190071007,190071315,10nM,weak,0,0,0
chr3,190117414,190117683,10nM,weak,0,0,0
chr3,190124013,190124293,10nM,weak,0,0,0
chr3,190667452,190667662,10nM,weak,0,0,0
chr3,191449436,191449749,10nM,weak,0,0,0
chr3,194063784,194063979,10nM,weak,0,0,0
chr3,194342656,194342932,10nM,weak,0,0,0
chr3,194375584,194375767,10nM,weak,0,0,0
chr3,194724334,194724608,10nM,weak,0,0,0
chr3,195014598,195014783,10nM,weak,0,0,0
chr3,195122802,195123082,10nM,weak,0,0,0
chr3,196594436,196594663,10nM,weak,0,0,0
chr3,197450608,197450822,10nM,weak,0,0,0
chr3,197466139,197466421,10nM,weak,0,0,0
chr3,198037607,198037792,10nM,weak,0,1,0
chr4,324623,324806,10nM,weak,0,1,0
chr4,568598,568781,10nM,weak,0,1,0
chr4,1364660,1364852,10nM,weak,0,0,0
chr4,2071866,2072081,10nM,weak,0,0,0
chr4,2273188,2273430,10nM,weak,0,0,0
chr4,2515408,2515605,10nM,weak,0,0,0
chr4,3179563,3179864,10nM,weak,0,0,0
chr4,3320031,3320240,10nM,weak,0,0,0
chr4,3364314,3364575,10nM,weak,0,0,0
chr4,3555643,3555900,10nM,weak,0,0,0
chr4,3686790,3687128,10nM,weak,1,0,0
chr4,3812688,3812959,10nM,weak,0,0,0
chr4,5420072,5420426,10nM,weak,0,0,0
chr4,6165666,6165875,10nM,weak,0,0,0
chr4,6383984,6384277,10nM,weak,0,0,0
chr4,7165114,7165379,10nM,weak,0,0,0
chr4,7288920,7289161,10nM,weak,0,0,0
chr4,7467342,7467555,10nM,weak,0,0,0
chr4,7559362,7559585,10nM,weak,0,0,0
chr4,8232302,8232739,10nM,weak,0,0,0
chr4,8263337,8263565,10nM,weak,0,0,0
chr4,9130447,9130633,10nM,weak,0,0,0
chr4,10215486,10215687,10nM,weak,0,0,0
chr4,10814709,10814940,10nM,weak,0,0,0
chr4,10999868,11000215,10nM,weak,0,0,0
chr4,11730229,11730443,10nM,weak,0,0,0
chr4,12839434,12839730,10nM,weak,0,0,0
chr4,12878111,12878299,10nM,weak,0,0,0
chr4,12937102,12937412,10nM,weak,0,0,0
chr4,15402127,15402347,10nM,weak,0,0,0
chr4,15488590,15488840,10nM,weak,0,0,0
chr4,15662849,15663065,10nM,weak,0,0,0
chr4,15666630,15666884,10nM,weak,0,0,1
chr4,16423556,16423799,10nM,weak,0,0,0
chr4,16989991,16990336,10nM,weak,0,0,0
chr4,17301871,17302218,10nM,weak,0,0,0
chr4,18454448,18454685,10nM,weak,0,0,0
chr4,18457709,18457893,10nM,weak,0,0,0
chr4,19858397,19858718,10nM,weak,0,0,0
chr4,25373520,25373739,10nM,weak,0,0,0
chr4,25523579,25523762,10nM,weak,0,1,0
chr4,25527044,25527298,10nM,weak,0,0,0
chr4,25600819,25601068,10nM,weak,0,0,1
chr4,25606754,25607088,10nM,weak,0,1,0
chr4,26084011,26084393,10nM,weak,0,0,0
chr4,26739032,26739303,10nM,weak,0,0,0
chr4,28181738,28181982,10nM,weak,0,0,0
chr4,28500377,28500661,10nM,weak,0,0,0
chr4,29785135,29785425,10nM,weak,0,0,0
chr4,30500621,30500878,10nM,weak,0,0,0
chr4,32060870,32061173,10nM,weak,0,0,0
chr4,33140159,33140350,10nM,weak,0,1,0
chr4,33481753,33482115,10nM,weak,0,0,0
chr4,36000972,36001347,10nM,weak,0,0,0
chr4,38259634,38259817,10nM,weak,0,0,0
chr4,38966342,38966719,10nM,weak,0,0,0
chr4,39065093,39065369,10nM,weak,0,1,0
chr4,39375408,39375605,10nM,weak,0,0,0
chr4,39429637,39430195,10nM,weak,0,0,0
chr4,40263147,40263363,10nM,weak,0,1,0
chr4,41583966,41584161,10nM,weak,0,0,0
chr4,48038763,48038974,10nM,weak,0,0,0
chr4,52727770,52728018,10nM,weak,0,0,0
chr4,53617233,53617510,10nM,weak,0,0,0
chr4,54418404,54418610,10nM,weak,0,0,0
chr4,54444887,54445103,10nM,weak,0,0,0
chr4,54511405,54511669,10nM,weak,0,0,0
chr4,54845692,54845936,10nM,weak,0,0,0
chr4,54962566,54962836,10nM,weak,0,0,0
chr4,55730751,55730955,10nM,weak,0,0,0
chr4,55927337,55927591,10nM,weak,0,0,0
chr4,56239389,56239581,10nM,weak,0,0,0
chr4,67776803,67777018,10nM,weak,0,0,0
chr4,68265103,68265344,10nM,weak,0,0,0
chr4,69549526,69549825,10nM,weak,0,0,0
chr4,69568964,69569172,10nM,weak,0,0,0
chr4,73941908,73942126,10nM,weak,0,0,0
chr4,74661757,74662006,10nM,weak,0,0,0
chr4,74893012,74893255,10nM,weak,0,0,0
chr4,75062281,75062538,10nM,weak,0,0,0
chr4,76665870,76666053,10nM,weak,0,0,0
chr4,78248747,78248975,10nM,weak,0,0,0
chr4,78628144,78628379,10nM,weak,0,0,1
chr4,79621792,79622007,10nM,weak,0,0,0
chr4,79630288,79630585,10nM,weak,0,0,0
chr4,79630973,79631342,10nM,weak,0,0,0
chr4,79742003,79742362,10nM,weak,0,0,0
chr4,79954127,79954455,10nM,weak,0,0,1
chr4,80840213,80840560,10nM,weak,0,0,0
chr4,81461722,81461958,10nM,weak,0,0,0
chr4,81595534,81595780,10nM,weak,0,0,0
chr4,82107845,82108032,10nM,weak,0,0,0
chr4,83366938,83367187,10nM,weak,0,0,0
chr4,83390966,83391150,10nM,weak,0,0,0
chr4,84318144,84318353,10nM,weak,0,0,0
chr4,85005008,85005277,10nM,weak,0,0,0
chr4,85144606,85144806,10nM,weak,0,0,0
chr4,85365090,85365333,10nM,weak,0,0,0
chr4,85469545,85469731,10nM,weak,0,0,0
chr4,85994022,85994236,10nM,weak,0,0,0
chr4,88090446,88090703,10nM,weak,0,0,0
chr4,88357419,88357609,10nM,weak,0,0,0
chr4,88631004,88631188,10nM,weak,0,1,0
chr4,88766991,88767174,10nM,weak,0,0,0
chr4,89590046,89590292,10nM,weak,0,0,0
chr4,89843832,89844057,10nM,weak,0,0,0
chr4,90536503,90536731,10nM,weak,0,0,0
chr4,90787573,90787911,10nM,weak,0,0,0
chr4,92501595,92501861,10nM,weak,0,0,0
chr4,92544574,92544808,10nM,weak,0,0,0
chr4,92709701,92709914,10nM,weak,0,0,0
chr4,94354063,94354253,10nM,weak,0,0,0
chr4,95284819,95285002,10nM,weak,0,0,0
chr4,96224406,96224610,10nM,weak,0,0,0
chr4,96541353,96541624,10nM,weak,0,0,0
chr4,96606354,96606551,10nM,weak,0,0,0
chr4,96701975,96702271,10nM,weak,0,0,0
chr4,96929869,96930140,10nM,weak,0,0,0
chr4,97028071,97028334,10nM,weak,0,0,0
chr4,97032560,97032838,10nM,weak,0,0,0
chr4,97158104,97158378,10nM,weak,0,0,0
chr4,97159725,97159979,10nM,weak,0,0,0
chr4,98515526,98515713,10nM,weak,0,0,0
chr4,98688523,98688815,10nM,weak,0,0,0
chr4,99378630,99378965,10nM,weak,0,0,0
chr4,99736785,99737008,10nM,weak,0,0,0
chr4,100197574,100197776,10nM,weak,0,0,0
chr4,100447087,100447301,10nM,weak,0,0,0
chr4,100594084,100594372,10nM,weak,0,0,0
chr4,100630430,100630732,10nM,weak,0,0,0
chr4,100658161,100658417,10nM,weak,0,0,0
chr4,100695197,100695453,10nM,weak,0,0,0
chr4,100841572,100841805,10nM,weak,0,0,0
chr4,101252130,101252342,10nM,weak,0,0,0
chr4,101885549,101885841,10nM,weak,0,0,0
chr4,101916255,101916464,10nM,weak,0,0,0
chr4,102404750,102405189,10nM,weak,0,0,0
chr4,103041256,103041450,10nM,weak,0,0,0
chr4,103778703,103778994,10nM,weak,0,0,0
chr4,103786004,103786252,10nM,weak,0,0,0
chr4,104863934,104864182,10nM,weak,0,0,0
chr4,104908060,104908300,10nM,weak,0,0,0
chr4,105116938,105117243,10nM,weak,0,0,0
chr4,105126451,105126761,10nM,weak,0,0,0
chr4,105208008,105208279,10nM,weak,0,0,0
chr4,105210224,105210426,10nM,weak,0,0,0
chr4,107253728,107254035,10nM,weak,0,0,0
chr4,107304975,107305158,10nM,weak,0,0,0
chr4,108053522,108053782,10nM,weak,0,0,0
chr4,108299901,108300266,10nM,weak,0,0,0
chr4,108306199,108306415,10nM,weak,0,0,0
chr4,110088014,110088210,10nM,weak,0,0,0
chr4,110272278,110272541,10nM,weak,0,0,0
chr4,110552456,110552680,10nM,weak,0,0,0
chr4,110604410,110604786,10nM,weak,0,0,0
chr4,110711334,110711552,10nM,weak,0,0,0
chr4,111435892,111436461,10nM,weak,0,0,0
chr4,111499557,111499774,10nM,weak,0,0,0
chr4,111919727,111919914,10nM,weak,0,0,0
chr4,111960256,111960461,10nM,weak,0,0,0
chr4,112109097,112109379,10nM,weak,0,0,0
chr4,114187650,114188077,10nM,weak,0,0,0
chr4,115660539,115660858,10nM,weak,0,0,0
chr4,116358600,116358785,10nM,weak,0,0,0
chr4,118883838,118884186,10nM,weak,0,0,0
chr4,121037340,121037566,10nM,weak,0,0,0
chr4,121774768,121774951,10nM,weak,0,0,0
chr4,121997864,121998199,10nM,weak,0,0,0
chr4,122109797,122110053,10nM,weak,0,0,0
chr4,123342756,123342982,10nM,weak,0,0,0
chr4,123484545,123484728,10nM,weak,0,0,0
chr4,124157806,124158003,10nM,weak,0,0,0
chr4,124535455,124535670,10nM,weak,0,0,0
chr4,125131961,125132266,10nM,weak,0,0,0
chr4,125338973,125339237,10nM,weak,0,1,0
chr4,125639262,125639475,10nM,weak,0,0,0
chr4,129232941,129233201,10nM,weak,0,0,0
chr4,129841273,129841557,10nM,weak,0,0,0
chr4,130421163,130421567,10nM,weak,0,0,0
chr4,130545902,130546100,10nM,weak,0,0,0
chr4,133016311,133016645,10nM,weak,0,0,0
chr4,133162006,133162198,10nM,weak,0,0,0
chr4,134306119,134306310,10nM,weak,0,0,0
chr4,136485886,136486090,10nM,weak,0,0,0
chr4,137510108,137510297,10nM,weak,0,0,0
chr4,137993180,137993378,10nM,weak,0,0,0
chr4,138975781,138975964,10nM,weak,0,0,0
chr4,139126934,139127155,10nM,weak,0,0,0
chr4,139560718,139560986,10nM,weak,0,0,0
chr4,139890509,139890729,10nM,weak,0,0,0
chr4,139956723,139957019,10nM,weak,0,0,0
chr4,141042177,141042449,10nM,weak,0,0,0
chr4,142520821,142521077,10nM,weak,0,0,0
chr4,143036382,143036780,10nM,weak,0,0,0
chr4,144736803,144737010,10nM,weak,0,0,0
chr4,145851886,145852069,10nM,weak,0,0,0
chr4,146107266,146107475,10nM,weak,0,0,0
chr4,146269948,146270197,10nM,weak,0,0,0
chr4,146331163,146331417,10nM,weak,0,0,0
chr4,147512673,147513168,10nM,weak,0,0,0
chr4,149827529,149827745,10nM,weak,0,0,0
chr4,149859168,149859458,10nM,weak,0,1,0
chr4,150005699,150005919,10nM,weak,0,0,0
chr4,150912760,150913023,10nM,weak,0,0,0
chr4,152018460,152018674,10nM,weak,0,0,0
chr4,152545169,152545377,10nM,weak,0,0,1
chr4,152691913,152692190,10nM,weak,0,0,0
chr4,152707957,152708145,10nM,weak,0,0,0
chr4,152928891,152929202,10nM,weak,0,0,0
chr4,155122772,155123019,10nM,weak,0,0,0
chr4,155535815,155536168,10nM,weak,0,0,0
chr4,155881778,155881961,10nM,weak,0,0,0
chr4,156213334,156213545,10nM,weak,0,0,0
chr4,157069995,157070314,10nM,weak,0,0,0
chr4,157405131,157405367,10nM,weak,0,0,0
chr4,157996806,157996994,10nM,weak,0,0,0
chr4,158009753,158010007,10nM,weak,0,0,0
chr4,158161654,158161842,10nM,weak,0,0,0
chr4,159489727,159490115,10nM,weak,0,0,0
chr4,159744917,159745131,10nM,weak,0,0,0
chr4,159829913,159830171,10nM,weak,0,0,0
chr4,159941208,159941454,10nM,weak,0,0,0
chr4,160414635,160414863,10nM,weak,0,0,0
chr4,160417188,160417471,10nM,weak,0,0,0
chr4,161187673,161187949,10nM,weak,0,0,0
chr4,161337156,161337421,10nM,weak,0,0,0
chr4,162715732,162715931,10nM,weak,0,0,0
chr4,162831053,162831290,10nM,weak,0,0,0
chr4,163090801,163091030,10nM,weak,0,0,0
chr4,163461680,163461936,10nM,weak,0,0,0
chr4,165422485,165422689,10nM,weak,0,0,0
chr4,167176036,167176320,10nM,weak,0,0,0
chr4,168026515,168026756,10nM,weak,0,0,0
chr4,169576370,169576553,10nM,weak,0,0,0
chr4,170468059,170468245,10nM,weak,0,0,0
chr4,170536754,170537002,10nM,weak,0,0,0
chr4,171196478,171196693,10nM,weak,0,0,0
chr4,171361432,171361667,10nM,weak,0,0,0
chr4,171641552,171641765,10nM,weak,0,0,0
chr4,172337576,172337847,10nM,weak,0,0,0
chr4,172809409,172809635,10nM,weak,0,0,0
chr4,172870376,172870856,10nM,weak,0,0,0
chr4,172899903,172900147,10nM,weak,0,0,0
chr4,172992741,172993122,10nM,weak,0,0,0
chr4,174225793,174226001,10nM,weak,0,0,0
chr4,174369554,174369745,10nM,weak,0,0,0
chr4,174469803,174470007,10nM,weak,0,0,0
chr4,174516972,174517219,10nM,weak,0,0,0
chr4,174606127,174606353,10nM,weak,0,0,0
chr4,175233664,175234519,10nM,weak,0,0,0
chr4,175457783,175457998,10nM,weak,0,0,0
chr4,175907470,175907867,10nM,weak,0,0,0
chr4,176328094,176328298,10nM,weak,0,0,0
chr4,180146153,180146499,10nM,weak,0,0,0
chr4,186268871,186269114,10nM,weak,0,0,0
chr4,186677171,186677452,10nM,weak,0,0,0
chr4,186750967,186751236,10nM,weak,0,1,0
chr4,186753036,186753355,10nM,weak,0,0,0
chr4,188969742,188969980,10nM,weak,0,0,0
chr4,189870499,189870751,10nM,weak,0,0,0
chr5,497331,497591,10nM,weak,0,0,0
chr5,1353298,1353517,10nM,weak,0,0,0
chr5,1662217,1662406,10nM,weak,0,0,0
chr5,1663175,1663361,10nM,weak,0,0,0
chr5,2262841,2263103,10nM,weak,0,0,0
chr5,2529427,2529612,10nM,weak,0,0,0
chr5,2563210,2563409,10nM,weak,0,0,0
chr5,2569074,2569297,10nM,weak,0,0,0
chr5,2569497,2569776,10nM,weak,0,0,0
chr5,4039129,4039337,10nM,weak,0,0,0
chr5,4079937,4080184,10nM,weak,0,0,0
chr5,5544327,5544580,10nM,weak,0,0,0
chr5,5767530,5767754,10nM,weak,0,0,0
chr5,6003211,6003505,10nM,weak,0,0,0
chr5,6396873,6397223,10nM,weak,0,0,0
chr5,6512829,6513038,10nM,weak,0,0,0
chr5,6691150,6691378,10nM,weak,0,1,0
chr5,6742952,6743209,10nM,weak,0,0,0
chr5,9832777,9833061,10nM,weak,0,0,0
chr5,10954782,10955019,10nM,weak,0,0,0
chr5,11572052,11572240,10nM,weak,0,0,0
chr5,13481559,13481830,10nM,weak,0,0,0
chr5,14089334,14089522,10nM,weak,0,0,0
chr5,14306629,14306903,10nM,weak,0,0,0
chr5,14807628,14807910,10nM,weak,0,0,0
chr5,15021200,15021387,10nM,weak,0,0,0
chr5,15031373,15031556,10nM,weak,0,0,0
chr5,15284394,15284628,10nM,weak,0,0,0
chr5,15383012,15383327,10nM,weak,0,0,0
chr5,15573621,15573922,10nM,weak,0,0,0
chr5,15797138,15797343,10nM,weak,0,0,0
chr5,16005488,16005696,10nM,weak,0,0,0
chr5,16567258,16567442,10nM,weak,0,0,0
chr5,16674866,16675134,10nM,weak,0,0,0
chr5,17091546,17091898,10nM,weak,0,0,0
chr5,18091825,18092008,10nM,weak,0,0,0
chr5,18093741,18093934,10nM,weak,0,0,0
chr5,19048723,19049014,10nM,weak,0,0,0
chr5,19248040,19248231,10nM,weak,0,0,0
chr5,19885075,19885661,10nM,weak,0,0,1
chr5,20087378,20087701,10nM,weak,0,0,0
chr5,20456812,20457037,10nM,weak,0,0,0
chr5,20501882,20502312,10nM,weak,0,0,0
chr5,26847345,26847534,10nM,weak,0,0,0
chr5,28737802,28738022,10nM,weak,0,0,0
chr5,32154903,32155090,10nM,weak,0,1,0
chr5,32871085,32871328,10nM,weak,0,0,0
chr5,33209276,33209674,10nM,weak,0,0,0
chr5,33464007,33464241,10nM,weak,0,0,0
chr5,34697297,34697682,10nM,weak,0,1,0
chr5,35263225,35263411,10nM,weak,0,0,0
chr5,37002240,37002554,10nM,weak,0,0,0
chr5,37755754,37756015,10nM,weak,0,0,0
chr5,37756372,37756567,10nM,weak,0,0,0
chr5,38408673,38408863,10nM,weak,0,0,0
chr5,38810291,38810548,10nM,weak,0,0,0
chr5,39755422,39755703,10nM,weak,0,0,0
chr5,41979883,41980082,10nM,weak,0,0,0
chr5,42854825,42855162,10nM,weak,0,0,0
chr5,42985685,42985901,10nM,weak,0,0,0
chr5,44106845,44107050,10nM,weak,0,0,0
chr5,44261071,44261332,10nM,weak,0,0,0
chr5,44567702,44567983,10nM,weak,0,0,0
chr5,44568516,44568840,10nM,weak,0,0,0
chr5,50740151,50740432,10nM,weak,0,0,0
chr5,50986774,50987038,10nM,weak,0,0,0
chr5,51115823,51116065,10nM,weak,0,0,0
chr5,51838403,51838614,10nM,weak,0,0,0
chr5,51924080,51924305,10nM,weak,0,0,0
chr5,52711317,52711543,10nM,weak,0,0,0
chr5,53426781,53427029,10nM,weak,0,0,0
chr5,53604406,53604607,10nM,weak,0,0,0
chr5,53633236,53633465,10nM,weak,0,0,0
chr5,53726252,53726645,10nM,weak,0,0,0
chr5,55236433,55236627,10nM,weak,0,1,0
chr5,56682060,56682374,10nM,weak,0,0,0
chr5,56687917,56688140,10nM,weak,0,0,0
chr5,56688498,56688787,10nM,weak,0,0,0
chr5,56975407,56975734,10nM,weak,0,0,0
chr5,57050117,57050455,10nM,weak,0,0,0
chr5,57891738,57891969,10nM,weak,0,0,0
chr5,58088732,58088933,10nM,weak,0,0,0
chr5,58369664,58369909,10nM,weak,0,0,0
chr5,58881262,58881471,10nM,weak,0,0,0
chr5,59220195,59220486,10nM,weak,0,0,0
chr5,59401258,59401553,10nM,weak,0,0,1
chr5,60341309,60341577,10nM,weak,0,0,0
chr5,60374508,60374758,10nM,weak,0,0,0
chr5,60387065,60387278,10nM,weak,0,0,0
chr5,60672930,60673156,10nM,weak,0,0,0
chr5,61270258,61270441,10nM,weak,0,0,0
chr5,62347954,62348145,10nM,weak,0,0,0
chr5,64623602,64623785,10nM,weak,0,0,0
chr5,64864216,64864474,10nM,weak,0,0,0
chr5,66360605,66360828,10nM,weak,0,0,0
chr5,66592637,66592955,10nM,weak,0,0,0
chr5,66861460,66861773,10nM,weak,0,0,0
chr5,67936247,67936464,10nM,weak,0,0,0
chr5,68170314,68170637,10nM,weak,0,0,0
chr5,68239475,68239672,10nM,weak,0,0,0
chr5,68647773,68647962,10nM,weak,0,0,0
chr5,70459293,70459486,10nM,weak,0,0,0
chr5,71743964,71744271,10nM,weak,0,0,0
chr5,72792014,72792220,10nM,weak,0,0,0
chr5,73282147,73282390,10nM,weak,0,0,0
chr5,73754700,73754889,10nM,weak,0,0,1
chr5,73903752,73903954,10nM,weak,0,0,0
chr5,73968591,73968789,10nM,weak,0,0,0
chr5,75296613,75296867,10nM,weak,0,1,0
chr5,75753185,75753381,10nM,weak,0,0,0
chr5,76146507,76146697,10nM,weak,0,0,0
chr5,76527857,76528193,10nM,weak,0,0,0
chr5,76585938,76586185,10nM,weak,0,0,0
chr5,76980856,76981085,10nM,weak,0,0,0
chr5,77241471,77241748,10nM,weak,0,0,0
chr5,77911848,77912042,10nM,weak,0,0,0
chr5,78522714,78522919,10nM,weak,0,0,0
chr5,78936410,78936605,10nM,weak,0,1,0
chr5,80956312,80956499,10nM,weak,0,0,0
chr5,81929883,81930151,10nM,weak,0,0,0
chr5,81978544,81978844,10nM,weak,0,0,1
chr5,81980331,81980524,10nM,weak,0,0,0
chr5,82408176,82408439,10nM,weak,0,0,0
chr5,82977031,82977216,10nM,weak,0,0,0
chr5,83101668,83101939,10nM,weak,0,0,0
chr5,83251592,83251884,10nM,weak,0,0,0
chr5,84640842,84641123,10nM,weak,0,0,0
chr5,87576470,87576800,10nM,weak,0,0,0
chr5,87849570,87849852,10nM,weak,0,0,0
chr5,90190177,90190405,10nM,weak,0,0,0
chr5,90538906,90539183,10nM,weak,0,0,0
chr5,91225010,91225199,10nM,weak,0,0,0
chr5,91338770,91338990,10nM,weak,1,0,0
chr5,92147405,92147656,10nM,weak,0,0,0
chr5,92185700,92186016,10nM,weak,0,0,0
chr5,92991621,92991984,10nM,weak,0,0,0
chr5,93034699,93034959,10nM,weak,0,0,0
chr5,93887033,93887280,10nM,weak,0,0,0
chr5,94912686,94912869,10nM,weak,0,0,0
chr5,95913677,95913960,10nM,weak,0,0,0
chr5,95989678,95989985,10nM,weak,0,0,0
chr5,95995104,95995340,10nM,weak,0,0,0
chr5,96329578,96329837,10nM,weak,0,0,0
chr5,96330915,96331143,10nM,weak,0,0,0
chr5,96345728,96345992,10nM,weak,0,0,0
chr5,99791823,99792092,10nM,weak,0,0,0
chr5,100781826,100782010,10nM,weak,0,0,0
chr5,101364252,101364514,10nM,weak,0,0,0
chr5,101364687,101364881,10nM,weak,0,0,0
chr5,103057353,103057566,10nM,weak,0,0,0
chr5,104385966,104386392,10nM,weak,0,0,0
chr5,105397550,105397886,10nM,weak,0,0,0
chr5,105872032,105872309,10nM,weak,0,0,0
chr5,106190560,106190839,10nM,weak,0,0,0
chr5,106617151,106617527,10nM,weak,0,0,0
chr5,106818493,106818760,10nM,weak,0,0,0
chr5,106862983,106863203,10nM,weak,0,0,0
chr5,106940913,106941335,10nM,weak,0,0,0
chr5,107680873,107681137,10nM,weak,0,0,0
chr5,109932337,109932555,10nM,weak,0,0,0
chr5,110530891,110531083,10nM,weak,0,0,0
chr5,111521038,111521304,10nM,weak,0,0,0
chr5,111522139,111522423,10nM,weak,0,0,0
chr5,111550175,111550385,10nM,weak,0,0,1
chr5,111605529,111605798,10nM,weak,0,0,0
chr5,111643212,111643467,10nM,weak,0,0,0
chr5,111645355,111645683,10nM,weak,0,0,0
chr5,112931387,112931659,10nM,weak,0,0,0
chr5,114340823,114341051,10nM,weak,0,0,0
chr5,114366892,114367101,10nM,weak,0,0,0
chr5,115359395,115359850,10nM,weak,0,0,0
chr5,115864302,115864532,10nM,weak,0,0,0
chr5,115893127,115893316,10nM,weak,0,0,0
chr5,116871288,116871599,10nM,weak,0,0,0
chr5,117272235,117272428,10nM,weak,0,0,0
chr5,117357878,117358085,10nM,weak,0,0,0
chr5,118890037,118890310,10nM,weak,0,0,0
chr5,119612083,119612296,10nM,weak,0,0,0
chr5,119747576,119747784,10nM,weak,0,0,0
chr5,123133556,123133798,10nM,weak,0,0,0
chr5,123783849,123784163,10nM,weak,0,0,0
chr5,124000722,124000939,10nM,weak,0,0,0
chr5,124641154,124641369,10nM,weak,0,0,0
chr5,124664593,124664791,10nM,weak,0,0,0
chr5,124856270,124856481,10nM,weak,0,0,0
chr5,125085711,125085997,10nM,weak,0,0,0
chr5,125182247,125182486,10nM,weak,0,0,0
chr5,125186373,125186610,10nM,weak,0,0,0
chr5,125814406,125814597,10nM,weak,0,0,0
chr5,126095097,126095372,10nM,weak,0,0,0
chr5,126104964,126105241,10nM,weak,0,0,0
chr5,126976432,126976665,10nM,weak,0,0,0
chr5,127968898,127969093,10nM,weak,0,0,0
chr5,128700651,128700883,10nM,weak,0,0,0
chr5,129355200,129355531,10nM,weak,0,0,0
chr5,130425527,130425728,10nM,weak,0,0,0
chr5,131868886,131869097,10nM,weak,0,0,0
chr5,132254668,132254966,10nM,weak,0,0,0
chr5,132512477,132512693,10nM,weak,0,1,0
chr5,133265308,133265539,10nM,weak,0,0,0
chr5,133292063,133292295,10nM,weak,0,0,0
chr5,134920159,134920345,10nM,weak,0,0,0
chr5,135208589,135208816,10nM,weak,0,0,0
chr5,135296961,135297392,10nM,weak,0,0,0
chr5,135310612,135310906,10nM,weak,0,0,0
chr5,135410383,135410690,10nM,weak,0,0,0
chr5,135435593,135435834,10nM,weak,0,0,0
chr5,135644352,135644583,10nM,weak,0,0,0
chr5,135725637,135725833,10nM,weak,0,0,0
chr5,137775189,137775443,10nM,weak,0,0,0
chr5,137850045,137850311,10nM,weak,0,0,0
chr5,137867148,137867463,10nM,weak,0,0,0
chr5,137893662,137894007,10nM,weak,0,0,0
chr5,141672982,141673223,10nM,weak,0,0,0
chr5,142296091,142296309,10nM,weak,0,0,0
chr5,142827364,142827663,10nM,weak,0,0,0
chr5,143003282,143003617,10nM,weak,0,0,0
chr5,143110336,143110525,10nM,weak,0,0,0
chr5,143179758,143180020,10nM,weak,0,0,0
chr5,143561177,143561515,10nM,weak,0,0,0
chr5,143676861,143677074,10nM,weak,0,0,0
chr5,143823992,143824260,10nM,weak,0,0,0
chr5,143828121,143828402,10nM,weak,0,0,0
chr5,144104210,144104522,10nM,weak,0,0,0
chr5,144177514,144177800,10nM,weak,0,0,0
chr5,145912660,145912937,10nM,weak,0,0,0
chr5,146032495,146032716,10nM,weak,0,0,0
chr5,147170587,147170776,10nM,weak,0,0,0
chr5,147724908,147725101,10nM,weak,0,0,0
chr5,148196205,148196521,10nM,weak,0,0,0
chr5,148260226,148260466,10nM,weak,0,0,0
chr5,149183920,149184482,10nM,weak,0,0,0
chr5,149388130,149388333,10nM,weak,0,0,0
chr5,149682271,149682557,10nM,weak,0,0,0
chr5,149850222,149850443,10nM,weak,0,0,0
chr5,149867541,149867816,10nM,weak,0,0,0
chr5,149953398,149953637,10nM,weak,0,0,0
chr5,150262062,150262260,10nM,weak,0,0,0
chr5,152144692,152144919,10nM,weak,0,0,0
chr5,152517829,152518039,10nM,weak,0,0,0
chr5,154255427,154255697,10nM,weak,0,0,0
chr5,154276378,154276567,10nM,weak,0,0,0
chr5,155024190,155024470,10nM,weak,0,0,0
chr5,155113239,155113430,10nM,weak,0,0,0
chr5,155281110,155281370,10nM,weak,0,0,1
chr5,155299495,155299699,10nM,weak,0,0,0
chr5,157679969,157680192,10nM,weak,0,0,0
chr5,159949584,159949858,10nM,weak,0,0,0
chr5,160182971,160183244,10nM,weak,0,0,0
chr5,160242701,160242998,10nM,weak,0,0,1
chr5,164257341,164257524,10nM,weak,0,0,0
chr5,165725115,165725435,10nM,weak,0,0,0
chr5,168908196,168908462,10nM,weak,0,0,0
chr5,169181779,169182009,10nM,weak,0,0,0
chr5,170179759,170179942,10nM,weak,0,0,0
chr5,170529957,170530166,10nM,weak,0,0,0
chr5,170665812,170666018,10nM,weak,0,0,0
chr5,172430577,172430767,10nM,weak,0,0,0
chr5,172463048,172463233,10nM,weak,0,0,0
chr5,172594426,172594678,10nM,weak,0,1,0
chr5,173292067,173292363,10nM,weak,0,0,0
chr5,173445829,173446088,10nM,weak,0,0,0
chr5,174633365,174633554,10nM,weak,0,0,0
chr5,176987071,176987362,10nM,weak,0,1,0
chr5,177996759,177997333,10nM,weak,0,0,0
chr5,177999520,177999742,10nM,weak,0,0,0
chr5,178250225,178250455,10nM,weak,0,0,0
chr5,178434151,178434339,10nM,weak,0,0,0
chr5,178630553,178630753,10nM,weak,0,0,0
chr5,179042023,179042318,10nM,weak,0,0,0
chr5,180368110,180368313,10nM,weak,0,0,0
chr5,180647038,180647258,10nM,weak,0,0,0
chr6,699624,699837,10nM,weak,0,0,0
chr6,1103321,1103674,10nM,weak,0,0,0
chr6,1768084,1768296,10nM,weak,0,0,0
chr6,1817568,1817763,10nM,weak,0,0,0
chr6,2041370,2041609,10nM,weak,0,0,0
chr6,2982504,2982689,10nM,weak,0,0,0
chr6,3569021,3569205,10nM,weak,0,0,0
chr6,3660513,3660734,10nM,weak,0,0,0
chr6,3698065,3698303,10nM,weak,0,0,0
chr6,4074962,4075243,10nM,weak,0,1,0
chr6,6321018,6321235,10nM,weak,0,0,0
chr6,6409579,6409888,10nM,weak,0,0,0
chr6,6434165,6434438,10nM,weak,0,0,0
chr6,6530415,6530910,10nM,weak,0,0,0
chr6,6690970,6691234,10nM,weak,0,0,0
chr6,7156253,7156538,10nM,weak,0,0,0
chr6,7520539,7520781,10nM,weak,0,0,0
chr6,7660420,7660720,10nM,weak,0,0,0
chr6,8461453,8461658,10nM,weak,0,1,0
chr6,8581610,8581808,10nM,weak,0,0,0
chr6,9927335,9927648,10nM,weak,0,0,0
chr6,10078524,10078767,10nM,weak,0,0,0
chr6,11166947,11167176,10nM,weak,0,0,0
chr6,11305085,11305492,10nM,weak,0,0,0
chr6,12638995,12639214,10nM,weak,0,0,1
chr6,12686646,12686890,10nM,weak,0,0,1
chr6,12790031,12790445,10nM,weak,0,0,0
chr6,12926973,12927359,10nM,weak,0,0,0
chr6,13148905,13149223,10nM,weak,0,0,0
chr6,13863618,13863812,10nM,weak,0,0,0
chr6,14231803,14231987,10nM,weak,0,0,0
chr6,14558970,14559197,10nM,weak,0,0,0
chr6,14642964,14643158,10nM,weak,0,0,0
chr6,15014132,15014391,10nM,weak,0,1,0
chr6,15159738,15160052,10nM,weak,0,1,0
chr6,15207190,15207397,10nM,weak,0,0,0
chr6,15858839,15859022,10nM,weak,0,0,0
chr6,16033312,16033534,10nM,weak,0,0,0
chr6,16568212,16568405,10nM,weak,0,0,0
chr6,16742206,16742458,10nM,weak,0,0,0
chr6,17311956,17312261,10nM,weak,0,0,0
chr6,18004229,18004416,10nM,weak,0,1,0
chr6,18381717,18382012,10nM,weak,0,0,0
chr6,18497626,18497855,10nM,weak,0,1,0
chr6,18515913,18516118,10nM,weak,0,0,0
chr6,18865196,18865407,10nM,weak,0,0,0
chr6,18914880,18915063,10nM,weak,0,0,0
chr6,19040306,19040493,10nM,weak,0,0,0
chr6,19043842,19044090,10nM,weak,0,0,0
chr6,20740801,20741012,10nM,weak,0,0,0
chr6,21971626,21971830,10nM,weak,0,0,0
chr6,22470468,22470685,10nM,weak,0,0,0
chr6,22895807,22896009,10nM,weak,0,0,0
chr6,22917388,22917598,10nM,weak,0,0,0
chr6,23073812,23074091,10nM,weak,0,0,0
chr6,23115439,23115636,10nM,weak,0,0,0
chr6,23584220,23584462,10nM,weak,0,0,0
chr6,23611834,23612061,10nM,weak,0,0,0
chr6,24350089,24350327,10nM,weak,0,0,0
chr6,24558557,24558795,10nM,weak,0,0,0
chr6,24585960,24586266,10nM,weak,0,1,0
chr6,24755216,24755541,10nM,weak,0,0,0
chr6,24863262,24863539,10nM,weak,0,0,0
chr6,24950946,24951245,10nM,weak,0,0,0
chr6,25640377,25640575,10nM,weak,0,0,0
chr6,25651162,25651442,10nM,weak,0,0,0
chr6,27625412,27625688,10nM,weak,0,0,0
chr6,27751092,27751281,10nM,weak,0,0,0
chr6,28407707,28407906,10nM,weak,0,0,0
chr6,29528163,29528537,10nM,weak,0,0,0
chr6,29706932,29707207,10nM,weak,0,0,0
chr6,30805245,30805483,10nM,weak,0,0,0
chr6,33864575,33864763,10nM,weak,0,0,0
chr6,34149451,34149696,10nM,weak,0,0,0
chr6,34334059,34334341,10nM,weak,0,0,0
chr6,34335165,34335380,10nM,weak,0,0,0
chr6,35107619,35107865,10nM,weak,0,1,0
chr6,36755672,36755904,10nM,weak,0,0,0
chr6,36783861,36784104,10nM,weak,0,0,0
chr6,37068574,37068782,10nM,weak,0,0,0
chr6,37717790,37717980,10nM,weak,0,0,0
chr6,38825602,38825815,10nM,weak,0,0,0
chr6,38991440,38991662,10nM,weak,0,0,0
chr6,39617615,39617903,10nM,weak,0,0,0
chr6,39795121,39795459,10nM,weak,0,0,0
chr6,39836386,39836602,10nM,weak,0,0,0
chr6,39925216,39925499,10nM,weak,0,0,0
chr6,40466102,40466308,10nM,weak,0,0,0
chr6,40810440,40810829,10nM,weak,0,0,0
chr6,43332106,43332361,10nM,weak,0,0,0
chr6,43337327,43337541,10nM,weak,0,0,0
chr6,44577996,44578206,10nM,weak,0,0,0
chr6,44822423,44822784,10nM,weak,0,0,0
chr6,45717122,45717315,10nM,weak,0,0,0
chr6,45721008,45721193,10nM,weak,0,0,0
chr6,46525216,46525415,10nM,weak,0,0,0
chr6,46760986,46761204,10nM,weak,0,0,0
chr6,46918464,46918661,10nM,weak,0,0,0
chr6,46974822,46975271,10nM,weak,0,0,0
chr6,47346927,47347153,10nM,weak,0,0,0
chr6,48916580,48916805,10nM,weak,0,0,0
chr6,49698398,49698781,10nM,weak,0,0,0
chr6,49703645,49703921,10nM,weak,0,0,0
chr6,49938814,49939090,10nM,weak,0,0,0
chr6,50971942,50972282,10nM,weak,0,0,0
chr6,51966076,51966354,10nM,weak,0,0,0
chr6,52011455,52011691,10nM,weak,0,0,0
chr6,52745725,52745918,10nM,weak,0,0,0
chr6,52892588,52892809,10nM,weak,0,0,0
chr6,53216004,53216323,10nM,weak,0,0,0
chr6,53236567,53236869,10nM,weak,0,0,0
chr6,53301039,53301256,10nM,weak,0,0,0
chr6,53859500,53859683,10nM,weak,0,0,0
chr6,54011020,54011203,10nM,weak,0,0,0
chr6,54014659,54014871,10nM,weak,0,0,0
chr6,54494720,54494906,10nM,weak,0,0,0
chr6,54523472,54523794,10nM,weak,0,0,1
chr6,55775065,55775276,10nM,weak,0,0,0
chr6,56290137,56290391,10nM,weak,0,0,0
chr6,56739500,56739775,10nM,weak,0,0,0
chr6,56811605,56811823,10nM,weak,0,1,0
chr6,63434997,63435245,10nM,weak,0,0,0
chr6,63487236,63487468,10nM,weak,0,0,1
chr6,69594373,69594691,10nM,weak,0,0,0
chr6,71253911,71254113,10nM,weak,0,0,0
chr6,73031974,73032329,10nM,weak,0,1,0
chr6,73084997,73085268,10nM,weak,0,0,0
chr6,74402968,74403158,10nM,weak,0,0,0
chr6,74928261,74928534,10nM,weak,0,0,0
chr6,74960839,74961022,10nM,weak,0,0,0
chr6,75326783,75327029,10nM,weak,0,0,0
chr6,75413447,75413681,10nM,weak,0,0,0
chr6,77619918,77620204,10nM,weak,0,0,0
chr6,77651951,77652204,10nM,weak,0,0,0
chr6,78612028,78612306,10nM,weak,0,0,0
chr6,78911072,78911419,10nM,weak,0,0,0
chr6,79858825,79859180,10nM,weak,0,0,0
chr6,81288130,81288387,10nM,weak,0,0,0
chr6,81368436,81368620,10nM,weak,0,0,0
chr6,81859808,81859991,10nM,weak,0,0,0
chr6,82047789,82048345,10nM,weak,0,0,0
chr6,82430862,82431393,10nM,weak,0,0,0
chr6,86730076,86730273,10nM,weak,0,0,0
chr6,89180099,89180297,10nM,weak,0,0,0
chr6,89509152,89509348,10nM,weak,0,0,0
chr6,89522893,89523077,10nM,weak,0,0,0
chr6,90678712,90678980,10nM,weak,0,0,0
chr6,93166119,93166314,10nM,weak,0,0,0
chr6,95530996,95531216,10nM,weak,0,0,0
chr6,95649757,95649997,10nM,weak,0,0,0
chr6,96249774,96250011,10nM,weak,0,0,0
chr6,99210905,99211162,10nM,weak,0,0,0
chr6,99303434,99303700,10nM,weak,0,0,0
chr6,100119072,100119484,10nM,weak,0,0,0
chr6,101117385,101117627,10nM,weak,0,0,0
chr6,101608843,101609042,10nM,weak,0,0,0
chr6,102858098,102858325,10nM,weak,0,0,0
chr6,106186340,106186588,10nM,weak,0,0,0
chr6,106959130,106959401,10nM,weak,0,0,0
chr6,108624043,108624310,10nM,weak,0,0,0
chr6,108708671,108708900,10nM,weak,0,0,0
chr6,108717259,108717442,10nM,weak,0,0,0
chr6,108733531,108733735,10nM,weak,0,0,0
chr6,108735325,108735563,10nM,weak,0,0,0
chr6,108951843,108952091,10nM,weak,0,0,0
chr6,108955405,108955605,10nM,weak,0,0,0
chr6,109270098,109270281,10nM,weak,0,0,0
chr6,109511952,109512219,10nM,weak,0,0,0
chr6,109707055,109707321,10nM,weak,0,0,0
chr6,109714711,109714935,10nM,weak,0,0,0
chr6,109872533,109872759,10nM,weak,0,0,0
chr6,110010039,110010333,10nM,weak,0,0,0
chr6,110140694,110140972,10nM,weak,0,0,0
chr6,110534553,110534768,10nM,weak,0,0,0
chr6,110759651,110759955,10nM,weak,0,0,0
chr6,111772372,111772602,10nM,weak,0,0,0
chr6,112035546,112035843,10nM,weak,0,0,0
chr6,112983925,112984130,10nM,weak,0,0,0
chr6,113583775,113584024,10nM,weak,0,0,0
chr6,114452858,114453061,10nM,weak,0,0,0
chr6,114461248,114461525,10nM,weak,0,0,0
chr6,118668915,118669215,10nM,weak,0,0,0
chr6,119892643,119892921,10nM,weak,0,0,0
chr6,119976059,119976254,10nM,weak,0,0,0
chr6,121580724,121581033,10nM,weak,0,0,0
chr6,121946237,121946508,10nM,weak,0,0,0
chr6,122476235,122476446,10nM,weak,0,0,0
chr6,123733638,123733884,10nM,weak,0,0,0
chr6,125508294,125508573,10nM,weak,0,0,0
chr6,128343823,128344056,10nM,weak,0,0,0
chr6,128594158,128594483,10nM,weak,0,0,0
chr6,128600369,128600572,10nM,weak,0,0,0
chr6,129705814,129706087,10nM,weak,0,0,0
chr6,132764117,132764358,10nM,weak,0,0,0
chr6,132843356,132843540,10nM,weak,0,0,0
chr6,133435194,133435418,10nM,weak,0,0,0
chr6,133644948,133645134,10nM,weak,0,0,0
chr6,134016364,134016658,10nM,weak,0,0,0
chr6,134644776,134645012,10nM,weak,0,0,0
chr6,135096858,135097073,10nM,weak,0,0,0
chr6,136180553,136180897,10nM,weak,0,0,0
chr6,136762970,136763153,10nM,weak,0,0,1
chr6,136766384,136766786,10nM,weak,0,0,0
chr6,136774492,136774756,10nM,weak,0,0,0
chr6,137192437,137192625,10nM,weak,0,0,0
chr6,137680953,137681220,10nM,weak,0,0,0
chr6,137922786,137923068,10nM,weak,0,0,0
chr6,138023020,138023282,10nM,weak,0,0,0
chr6,139379354,139379537,10nM,weak,0,0,1
chr6,139748511,139748701,10nM,weak,0,0,0
chr6,139865314,139865503,10nM,weak,0,0,0
chr6,139876812,139877039,10nM,weak,0,1,0
chr6,140053941,140054125,10nM,weak,0,0,0
chr6,141540234,141540508,10nM,weak,0,0,0
chr6,143544261,143544555,10nM,weak,0,0,0
chr6,143957704,143957890,10nM,weak,0,0,0
chr6,145249249,145249501,10nM,weak,0,1,0
chr6,148386696,148386891,10nM,weak,0,0,0
chr6,149082636,149082904,10nM,weak,0,0,0
chr6,149427857,149428156,10nM,weak,0,0,0
chr6,149445104,149445291,10nM,weak,0,0,0
chr6,150677736,150677949,10nM,weak,0,0,1
chr6,152248787,152249015,10nM,weak,0,0,0
chr6,153570977,153571162,10nM,weak,0,0,0
chr6,153609121,153609353,10nM,weak,0,0,0
chr6,153768868,153769263,10nM,weak,0,0,0
chr6,154157723,154158062,10nM,weak,0,0,0
chr6,154482052,154482488,10nM,weak,0,0,0
chr6,154487866,154488129,10nM,weak,0,0,0
chr6,154569628,154569865,10nM,weak,0,0,0
chr6,156458178,156458409,10nM,weak,0,0,0
chr6,157182753,157183022,10nM,weak,0,0,0
chr6,157469472,157469722,10nM,weak,0,0,0
chr6,157728331,157728593,10nM,weak,0,0,0
chr6,157755018,157755263,10nM,weak,0,0,0
chr6,158897478,158897731,10nM,weak,0,0,0
chr6,159270080,159270265,10nM,weak,0,0,1
chr6,163048375,163048649,10nM,weak,0,0,0
chr6,163083372,163083607,10nM,weak,0,0,0
chr6,164832692,164832879,10nM,weak,0,0,0
chr6,165497450,165497719,10nM,weak,0,0,0
chr6,167120425,167120647,10nM,weak,0,0,0
chr6,167864647,167864861,10nM,weak,0,0,0
chr6,168224399,168224583,10nM,weak,0,0,0
chr6,168453011,168453220,10nM,weak,0,0,0
chr6,168502299,168502516,10nM,weak,0,0,0
chr6,168514901,168515153,10nM,weak,0,0,0
chr6,168641497,168641741,10nM,weak,0,0,0
chr6,169249297,169249483,10nM,weak,0,0,0
chr6,169953700,169953942,10nM,weak,0,0,0
chr7,118839,119049,10nM,weak,0,0,0
chr7,305799,306113,10nM,weak,0,0,0
chr7,367158,367368,10nM,weak,0,0,0
chr7,1360184,1360379,10nM,weak,0,0,0
chr7,1361196,1361395,10nM,weak,0,0,0
chr7,2338484,2338687,10nM,weak,1,1,0
chr7,2622398,2622612,10nM,weak,0,0,0
chr7,3145378,3145561,10nM,weak,0,0,0
chr7,3260962,3261544,10nM,weak,0,0,0
chr7,3432181,3432466,10nM,weak,0,0,0
chr7,4167486,4167697,10nM,weak,0,0,0
chr7,4620863,4621052,10nM,weak,0,1,0
chr7,5866120,5866368,10nM,weak,0,0,1
chr7,6332545,6332742,10nM,weak,0,0,1
chr7,6899359,6899588,10nM,weak,0,0,0
chr7,7419423,7419627,10nM,weak,0,0,0
chr7,7550112,7550303,10nM,weak,0,0,0
chr7,7556781,7556980,10nM,weak,0,0,0
chr7,8621074,8621282,10nM,weak,0,0,0
chr7,9837260,9837489,10nM,weak,0,0,0
chr7,10004683,10005004,10nM,weak,0,1,0
chr7,10568935,10569305,10nM,weak,0,0,0
chr7,10571648,10571938,10nM,weak,0,0,0
chr7,10651976,10652294,10nM,weak,0,0,0
chr7,10662965,10663163,10nM,weak,0,0,0
chr7,10761439,10761639,10nM,weak,0,0,0
chr7,11304517,11304757,10nM,weak,0,0,1
chr7,11424649,11424918,10nM,weak,0,0,0
chr7,12626204,12626387,10nM,weak,0,0,0
chr7,14242250,14242443,10nM,weak,0,0,0
chr7,14320664,14320931,10nM,weak,0,0,0
chr7,15764736,15765049,10nM,weak,0,0,0
chr7,15981232,15981468,10nM,weak,0,1,0
chr7,16542428,16542622,10nM,weak,0,0,0
chr7,16787180,16787377,10nM,weak,0,0,0
chr7,16842461,16842709,10nM,weak,0,0,1
chr7,16860913,16861156,10nM,weak,0,0,0
chr7,17232653,17232903,10nM,weak,0,0,0
chr7,17306317,17306564,10nM,weak,0,0,0
chr7,17372243,17372539,10nM,weak,0,0,0
chr7,17460102,17460317,10nM,weak,0,0,0
chr7,17689588,17689809,10nM,weak,0,0,0
chr7,17945368,17945551,10nM,weak,0,0,0
chr7,18042523,18042706,10nM,weak,0,0,0
chr7,19366472,19366884,10nM,weak,0,0,0
chr7,20643321,20643561,10nM,weak,0,0,0
chr7,21099554,21099791,10nM,weak,0,0,0
chr7,21668181,21668453,10nM,weak,0,0,0
chr7,22337540,22337734,10nM,weak,0,0,0
chr7,22425046,22425276,10nM,weak,0,0,0
chr7,23370193,23370478,10nM,weak,0,0,0
chr7,23410284,23410475,10nM,weak,0,0,1
chr7,25025240,25025514,10nM,weak,0,0,0
chr7,25062445,25062671,10nM,weak,0,0,0
chr7,25778016,25778276,10nM,weak,0,0,0
chr7,26013032,26013233,10nM,weak,0,1,0
chr7,26512836,26513053,10nM,weak,0,0,0
chr7,26538463,26538648,10nM,weak,0,0,0
chr7,26538792,26539037,10nM,weak,0,0,0
chr7,26551533,26551733,10nM,weak,0,0,0
chr7,26556277,26556505,10nM,weak,0,0,0
chr7,26590728,26591087,10nM,weak,0,0,0
chr7,26988798,26989047,10nM,weak,0,0,0
chr7,28102822,28103065,10nM,weak,0,0,0
chr7,28116108,28116377,10nM,weak,0,0,0
chr7,28866451,28866694,10nM,weak,0,0,0
chr7,29304805,29305032,10nM,weak,0,0,0
chr7,29312377,29312707,10nM,weak,0,0,0
chr7,29436403,29436668,10nM,weak,0,0,0
chr7,30019425,30019642,10nM,weak,0,0,0
chr7,30237256,30237460,10nM,weak,0,0,0
chr7,30969189,30969372,10nM,weak,0,0,0
chr7,32816617,32816800,10nM,weak,0,0,0
chr7,33124657,33125083,10nM,weak,1,0,0
chr7,34723240,34723470,10nM,weak,0,0,0
chr7,34961493,34961707,10nM,weak,0,0,0
chr7,36038607,36038790,10nM,weak,0,0,0
chr7,36217380,36217581,10nM,weak,0,0,0
chr7,36877074,36877261,10nM,weak,0,0,0
chr7,37353942,37354181,10nM,weak,0,0,0
chr7,37550891,37551167,10nM,weak,0,0,0
chr7,38709247,38709503,10nM,weak,0,0,0
chr7,38712186,38712429,10nM,weak,0,0,0
chr7,38731469,38731695,10nM,weak,0,0,0
chr7,39322325,39322559,10nM,weak,0,0,0
chr7,40094049,40094263,10nM,weak,0,0,0
chr7,40219451,40219706,10nM,weak,0,0,0
chr7,41378394,41378582,10nM,weak,0,0,0
chr7,41916771,41917022,10nM,weak,0,0,0
chr7,42285451,42285733,10nM,weak,0,0,0
chr7,42348107,42348407,10nM,weak,0,0,0
chr7,42399019,42399204,10nM,weak,0,0,0
chr7,42462761,42463100,10nM,weak,0,0,0
chr7,42720640,42720857,10nM,weak,0,0,0
chr7,42728744,42728974,10nM,weak,0,0,0
chr7,43539604,43539882,10nM,weak,0,0,0
chr7,43852236,43852420,10nM,weak,0,1,0
chr7,43855213,43855565,10nM,weak,0,0,0
chr7,43856408,43856660,10nM,weak,0,0,0
chr7,43856941,43857169,10nM,weak,0,0,0
chr7,44283224,44283425,10nM,weak,0,0,0
chr7,45237791,45238035,10nM,weak,0,0,0
chr7,45244090,45244315,10nM,weak,0,0,0
chr7,45876362,45876753,10nM,weak,0,0,0
chr7,46534706,46534986,10nM,weak,0,0,0
chr7,46714024,46714251,10nM,weak,0,0,0
chr7,46996892,46997151,10nM,weak,0,0,0
chr7,47168309,47168561,10nM,weak,0,0,0
chr7,50506563,50506757,10nM,weak,0,0,0
chr7,51053325,51053524,10nM,weak,0,0,0
chr7,51239001,51239282,10nM,weak,0,0,0
chr7,52352016,52352283,10nM,weak,0,0,0
chr7,52371446,52371629,10nM,weak,0,0,0
chr7,53390942,53391197,10nM,weak,0,0,0
chr7,53472556,53472765,10nM,weak,0,0,0
chr7,53752418,53752668,10nM,weak,0,0,0
chr7,54993185,54993445,10nM,weak,0,0,0
chr7,55184283,55184514,10nM,weak,0,0,0
chr7,55723786,55724006,10nM,weak,0,0,0
chr7,56110827,56111010,10nM,weak,0,1,0
chr7,57324647,57324872,10nM,weak,0,0,0
chr7,63041476,63041776,10nM,weak,0,0,0
chr7,64370972,64371191,10nM,weak,0,0,0
chr7,64400568,64400837,10nM,weak,0,0,0
chr7,64604052,64604277,10nM,weak,0,0,0
chr7,64609190,64609394,10nM,weak,0,0,0
chr7,64611430,64612020,10nM,weak,0,0,0
chr7,64613949,64614211,10nM,weak,0,0,0
chr7,64631703,64631906,10nM,weak,0,0,0
chr7,64632228,64632647,10nM,weak,0,0,0
chr7,64658327,64658670,10nM,weak,0,0,0
chr7,67193339,67193527,10nM,weak,0,1,0
chr7,67360054,67360312,10nM,weak,0,0,0
chr7,67487871,67488126,10nM,weak,0,0,0
chr7,67516862,67517045,10nM,weak,0,0,0
chr7,67914300,67914604,10nM,weak,0,0,0
chr7,68146961,68147196,10nM,weak,0,0,0
chr7,68832619,68832832,10nM,weak,0,0,0
chr7,70044519,70044871,10nM,weak,0,0,0
chr7,70612443,70612719,10nM,weak,0,0,0
chr7,71174185,71174427,10nM,weak,0,0,0
chr7,72326336,72326576,10nM,weak,0,0,0
chr7,73356318,73356517,10nM,weak,0,0,0
chr7,74153925,74154108,10nM,weak,0,0,0
chr7,74551300,74551662,10nM,weak,0,1,0
chr7,75050316,75050514,10nM,weak,0,0,0
chr7,75604057,75604260,10nM,weak,0,0,0
chr7,75827736,75827972,10nM,weak,0,0,0
chr7,75907133,75907334,10nM,weak,0,0,0
chr7,78094951,78095201,10nM,weak,0,0,0
chr7,78709807,78710046,10nM,weak,0,0,0
chr7,78982452,78982704,10nM,weak,0,0,0
chr7,79171832,79172053,10nM,weak,0,0,0
chr7,80330798,80331051,10nM,weak,0,0,0
chr7,80654968,80655233,10nM,weak,0,0,0
chr7,80658956,80659218,10nM,weak,0,0,0
chr7,80767737,80767982,10nM,weak,0,0,0
chr7,80979787,80980021,10nM,weak,1,0,0
chr7,82053586,82053769,10nM,weak,0,0,0
chr7,82091096,82091412,10nM,weak,0,0,0
chr7,84675710,84675893,10nM,weak,0,0,0
chr7,84870131,84870405,10nM,weak,0,0,0
chr7,84953125,84953458,10nM,weak,0,0,0
chr7,87376145,87376450,10nM,weak,0,0,0
chr7,87528875,87529150,10nM,weak,0,0,0
chr7,88260637,88260938,10nM,weak,0,0,0
chr7,88265138,88265366,10nM,weak,0,0,0
chr7,88299292,88299575,10nM,weak,0,0,0
chr7,88339348,88339655,10nM,weak,0,0,0
chr7,89122967,89123150,10nM,weak,0,0,0
chr7,91504201,91504543,10nM,weak,0,0,0
chr7,95043437,95043659,10nM,weak,0,0,0
chr7,95525602,95525825,10nM,weak,0,0,0
chr7,98005227,98005446,10nM,weak,0,0,0
chr7,98678074,98678291,10nM,weak,0,0,0
chr7,98727194,98727398,10nM,weak,0,0,0
chr7,100240499,100240747,10nM,weak,0,1,1
chr7,100906239,100906490,10nM,weak,0,0,0
chr7,101911375,101911702,10nM,weak,0,0,0
chr7,104271546,104271782,10nM,weak,0,0,0
chr7,105935429,105935619,10nM,weak,0,0,0
chr7,105937509,105937745,10nM,weak,0,0,0
chr7,105964728,105965187,10nM,weak,0,0,0
chr7,106134222,106134413,10nM,weak,0,0,0
chr7,106155360,106155567,10nM,weak,0,0,0
chr7,107090385,107090610,10nM,weak,0,0,0
chr7,108028068,108028256,10nM,weak,0,1,0
chr7,108325154,108325369,10nM,weak,0,0,0
chr7,110281415,110281651,10nM,weak,0,0,0
chr7,110382847,110383097,10nM,weak,0,0,0
chr7,110759095,110759428,10nM,weak,0,0,0
chr7,110761743,110762004,10nM,weak,0,0,0
chr7,111164402,111164605,10nM,weak,0,0,0
chr7,111529692,111529911,10nM,weak,0,0,0
chr7,111569195,111569494,10nM,weak,0,0,0
chr7,111587183,111587412,10nM,weak,0,0,0
chr7,111664169,111664390,10nM,weak,0,0,0
chr7,112137592,112137967,10nM,weak,0,0,0
chr7,112144375,112144718,10nM,weak,0,0,0
chr7,113207958,113208267,10nM,weak,0,0,0
chr7,114712841,114713038,10nM,weak,0,1,0
chr7,115349734,115350022,10nM,weak,0,0,0
chr7,115697074,115697320,10nM,weak,0,1,0
chr7,116283935,116284156,10nM,weak,0,0,0
chr7,116814567,116814797,10nM,weak,0,1,0
chr7,117036290,117036511,10nM,weak,0,0,0
chr7,117279870,117280101,10nM,weak,0,0,0
chr7,117685631,117685835,10nM,weak,0,0,0
chr7,118580881,118581214,10nM,weak,0,0,0
chr7,118627999,118628284,10nM,weak,0,0,1
chr7,118743777,118744095,10nM,weak,0,0,0
chr7,118752853,118753106,10nM,weak,0,0,0
chr7,118871301,118871540,10nM,weak,0,0,0
chr7,119134730,119134960,10nM,weak,0,0,0
chr7,120703657,120703891,10nM,weak,0,0,0
chr7,120733512,120733726,10nM,weak,0,0,0
chr7,121328639,121328937,10nM,weak,0,0,0
chr7,121575378,121575561,10nM,weak,0,0,0
chr7,121605549,121605732,10nM,weak,0,0,0
chr7,123050689,123050935,10nM,weak,0,0,0
chr7,127924866,127925065,10nM,weak,0,0,0
chr7,130312832,130313138,10nM,weak,0,0,0
chr7,131013546,131013741,10nM,weak,1,0,0
chr7,132092064,132092256,10nM,weak,0,0,0
chr7,132817695,132817890,10nM,weak,0,0,1
chr7,134669432,134669687,10nM,weak,0,0,0
chr7,135289283,135289497,10nM,weak,0,0,0
chr7,135740555,135740813,10nM,weak,0,0,0
chr7,135936627,135937035,10nM,weak,0,0,0
chr7,138315647,138315941,10nM,weak,0,1,0
chr7,138801522,138801725,10nM,weak,0,0,0
chr7,139736338,139736605,10nM,weak,0,0,0
chr7,140628167,140628446,10nM,weak,0,0,0
chr7,140998369,140998585,10nM,weak,0,0,0
chr7,141412000,141412216,10nM,weak,0,0,0
chr7,141420403,141420646,10nM,weak,0,0,0
chr7,141963213,141963431,10nM,weak,0,0,0
chr7,142001624,142001904,10nM,weak,0,0,0
chr7,142336169,142336461,10nM,weak,0,0,0
chr7,143105008,143105257,10nM,weak,0,0,0
chr7,144043715,144043967,10nM,weak,0,0,0
chr7,146707493,146707748,10nM,weak,0,0,0
chr7,147726521,147726782,10nM,weak,0,0,0
chr7,147741195,147741380,10nM,weak,0,0,0
chr7,150201959,150202184,10nM,weak,0,0,0
chr7,151207850,151208069,10nM,weak,0,0,0
chr7,151375386,151375597,10nM,weak,0,0,0
chr7,151669221,151669478,10nM,weak,0,0,0
chr7,151708971,151709777,10nM,weak,0,0,0
chr7,151716118,151716327,10nM,weak,0,0,0
chr7,152588438,152588665,10nM,weak,0,0,0
chr7,152610994,152611300,10nM,weak,0,1,0
chr7,154685541,154685798,10nM,weak,0,0,0
chr7,154886997,154887206,10nM,weak,0,0,0
chr7,154912044,154912440,10nM,weak,0,0,0
chr7,155549376,155549630,10nM,weak,0,0,0
chr7,155898074,155898352,10nM,weak,0,0,0
chr7,156102721,156103028,10nM,weak,0,0,0
chr7,156236115,156236382,10nM,weak,0,0,1
chr7,156268151,156268399,10nM,weak,0,0,0
chr7,156418182,156418389,10nM,weak,0,0,0
chr7,156438072,156438265,10nM,weak,0,0,0
chr7,156614337,156614618,10nM,weak,0,0,0
chr7,156725939,156726129,10nM,weak,0,0,0
chr7,157164168,157164376,10nM,weak,0,0,1
chr7,157236046,157236412,10nM,weak,0,0,0
chr7,157620927,157621440,10nM,weak,0,0,0
chr7,157706563,157706953,10nM,weak,0,0,0
chr7,157781600,157781813,10nM,weak,0,0,0
chr7,157987124,157987591,10nM,weak,0,0,0
chr7,158067730,158067995,10nM,weak,0,0,0
chr7,158438589,158438869,10nM,weak,0,0,0
chr7,158556684,158556899,10nM,weak,0,0,0
chr7,158849218,158849426,10nM,weak,0,0,0
chr7,159024081,159024366,10nM,weak,0,0,0
chr7,159126793,159127008,10nM,weak,0,0,0
chr8,363816,364173,10nM,weak,0,0,0
chr8,798924,799107,10nM,weak,0,0,0
chr8,1251920,1252314,10nM,weak,0,0,0
chr8,1338812,1339314,10nM,weak,0,0,0
chr8,1623170,1623798,10nM,weak,0,0,0
chr8,3868964,3869163,10nM,weak,0,0,0
chr8,4694598,4694847,10nM,weak,0,1,0
chr8,6862608,6862847,10nM,weak,0,0,0
chr8,6866004,6866234,10nM,weak,0,0,0
chr8,8587883,8588153,10nM,weak,0,0,0
chr8,9119781,9120127,10nM,weak,0,0,0
chr8,9183232,9183603,10nM,weak,0,0,0
chr8,9640583,9640921,10nM,weak,0,0,0
chr8,11410384,11410567,10nM,weak,0,0,0
chr8,11501401,11501584,10nM,weak,0,0,0
chr8,11575577,11575914,10nM,weak,0,1,0
chr8,11631294,11631545,10nM,weak,0,0,0
chr8,11670712,11670968,10nM,weak,0,0,1
chr8,11719079,11719400,10nM,weak,0,0,0
chr8,11777997,11778516,10nM,weak,0,0,0
chr8,12934821,12935024,10nM,weak,0,0,0
chr8,12940513,12940706,10nM,weak,0,0,0
chr8,13058167,13058458,10nM,weak,0,0,0
chr8,13365336,13365567,10nM,weak,0,0,0
chr8,14269487,14269783,10nM,weak,0,0,0
chr8,14305917,14306117,10nM,weak,0,0,0
chr8,16091034,16091265,10nM,weak,0,0,0
chr8,16129612,16129826,10nM,weak,0,0,1
chr8,17332345,17332587,10nM,weak,0,0,0
chr8,18345895,18346118,10nM,weak,0,0,0
chr8,18822624,18822808,10nM,weak,0,0,0
chr8,19055769,19056110,10nM,weak,0,0,0
chr8,19390578,19390942,10nM,weak,0,0,0
chr8,19802154,19802371,10nM,weak,0,0,0
chr8,20879065,20879466,10nM,weak,0,0,0
chr8,21389222,21389520,10nM,weak,0,0,0
chr8,21412459,21412688,10nM,weak,0,0,0
chr8,21420497,21420739,10nM,weak,0,0,0
chr8,22311588,22311858,10nM,weak,0,0,0
chr8,23133668,23134042,10nM,weak,0,1,0
chr8,24222314,24222534,10nM,weak,0,0,0
chr8,24361370,24361584,10nM,weak,0,0,0
chr8,24816080,24816297,10nM,weak,0,0,0
chr8,25247969,25248235,10nM,weak,0,0,0
chr8,25589739,25589975,10nM,weak,0,0,0
chr8,27458207,27458394,10nM,weak,0,0,0
chr8,28542785,28543053,10nM,weak,0,0,0
chr8,29118916,29119355,10nM,weak,0,0,0
chr8,29359308,29359540,10nM,weak,0,0,0
chr8,29377239,29377497,10nM,weak,0,1,0
chr8,29377882,29378221,10nM,weak,0,0,0
chr8,29503741,29503960,10nM,weak,0,0,0
chr8,30249368,30249650,10nM,weak,0,0,0
chr8,33222967,33223194,10nM,weak,0,0,0
chr8,37326807,37326990,10nM,weak,0,0,0
chr8,37334560,37334805,10nM,weak,0,0,0
chr8,37359651,37360002,10nM,weak,0,0,0
chr8,37570249,37570455,10nM,weak,0,0,0
chr8,37817220,37817456,10nM,weak,0,0,1
chr8,38948232,38948468,10nM,weak,0,0,0
chr8,39340554,39340776,10nM,weak,0,0,0
chr8,39417526,39417752,10nM,weak,0,0,0
chr8,39447366,39447695,10nM,weak,0,0,0
chr8,39597078,39597473,10nM,weak,0,0,0
chr8,40043769,40044079,10nM,weak,0,0,0
chr8,40066903,40067190,10nM,weak,0,0,0
chr8,40091563,40091758,10nM,weak,0,0,0
chr8,40596996,40597336,10nM,weak,0,0,0
chr8,40749322,40749579,10nM,weak,0,0,0
chr8,41117676,41117871,10nM,weak,0,0,0
chr8,41458166,41458413,10nM,weak,0,0,0
chr8,41709428,41709611,10nM,weak,0,0,0
chr8,42199736,42200097,10nM,weak,0,0,0
chr8,43099967,43100150,10nM,weak,0,0,0
chr8,46850684,46850970,10nM,weak,0,0,0
chr8,47218576,47218809,10nM,weak,0,0,0
chr8,47239654,47239971,10nM,weak,0,0,0
chr8,47241276,47241593,10nM,weak,0,0,0
chr8,47431433,47431693,10nM,weak,0,0,0
chr8,47601658,47601956,10nM,weak,0,1,0
chr8,48396184,48396399,10nM,weak,0,0,0
chr8,48546128,48546338,10nM,weak,0,0,0
chr8,48699518,48699765,10nM,weak,0,0,0
chr8,51795794,51796019,10nM,weak,0,0,0
chr8,51839398,51839652,10nM,weak,0,0,0
chr8,52347066,52347319,10nM,weak,0,0,0
chr8,52422051,52422246,10nM,weak,0,1,0
chr8,53209229,53209436,10nM,weak,0,0,0
chr8,53227452,53227816,10nM,weak,0,0,0
chr8,53364506,53364835,10nM,weak,0,0,0
chr8,53394995,53395203,10nM,weak,0,0,0
chr8,53429639,53429959,10nM,weak,0,0,0
chr8,53907812,53908056,10nM,weak,0,0,0
chr8,54109380,54109606,10nM,weak,0,0,0
chr8,54367081,54367325,10nM,weak,0,0,1
chr8,56007551,56007811,10nM,weak,0,0,0
chr8,56597824,56598011,10nM,weak,0,0,0
chr8,56602807,56603006,10nM,weak,0,0,0
chr8,56770729,56771173,10nM,weak,0,0,0
chr8,57329142,57329343,10nM,weak,0,0,0
chr8,57799864,57800199,10nM,weak,0,0,0
chr8,57859300,57859508,10nM,weak,0,0,0
chr8,58877852,58878149,10nM,weak,0,0,0
chr8,58948008,58948222,10nM,weak,0,0,0
chr8,60961961,60962196,10nM,weak,0,0,0
chr8,63155306,63155552,10nM,weak,0,0,0
chr8,63224329,63224521,10nM,weak,0,0,0
chr8,64978821,64979015,10nM,weak,0,0,0
chr8,67579536,67579719,10nM,weak,0,0,0
chr8,68317009,68317317,10nM,weak,0,0,0
chr8,68483436,68483619,10nM,weak,0,0,0
chr8,68547678,68547945,10nM,weak,0,0,0
chr8,68925148,68925344,10nM,weak,0,0,0
chr8,69079968,69080225,10nM,weak,0,0,0
chr8,70475826,70476136,10nM,weak,0,0,0
chr8,71531168,71531361,10nM,weak,0,0,0
chr8,73251780,73252005,10nM,weak,0,0,0
chr8,73631545,73631838,10nM,weak,0,0,0
chr8,74666533,74666728,10nM,weak,0,0,0
chr8,74669821,74670004,10nM,weak,0,0,0
chr8,74757817,74758092,10nM,weak,0,0,0
chr8,74796762,74797008,10nM,weak,0,0,0
chr8,76273821,76274034,10nM,weak,0,0,0
chr8,76726966,76727269,10nM,weak,0,0,0
chr8,80366214,80366473,10nM,weak,0,0,0
chr8,80379954,80380185,10nM,weak,1,0,0
chr8,80943234,80943529,10nM,weak,0,0,0
chr8,81036004,81036216,10nM,weak,0,0,0
chr8,81570388,81570612,10nM,weak,0,0,0
chr8,82744672,82744970,10nM,weak,0,0,0
chr8,85907561,85907819,10nM,weak,0,0,0
chr8,88437446,88437644,10nM,weak,0,0,0
chr8,88610364,88610611,10nM,weak,0,0,0
chr8,89684943,89685230,10nM,weak,0,0,0
chr8,91534423,91534629,10nM,weak,0,0,0
chr8,92580946,92581170,10nM,weak,0,0,0
chr8,92983818,92984087,10nM,weak,0,0,0
chr8,93441158,93441448,10nM,weak,0,0,0
chr8,93444605,93444830,10nM,weak,0,0,0
chr8,94037387,94037723,10nM,weak,0,0,0
chr8,94046046,94046234,10nM,weak,0,0,0
chr8,95693270,95693568,10nM,weak,0,0,0
chr8,95944231,95944472,10nM,weak,0,0,0
chr8,96393275,96393519,10nM,weak,0,0,0
chr8,97078107,97078353,10nM,weak,0,0,0
chr8,97082256,97082489,10nM,weak,0,0,0
chr8,97336196,97336415,10nM,weak,0,0,0
chr8,97747875,97748074,10nM,weak,0,0,0
chr8,98132570,98132765,10nM,weak,0,0,0
chr8,98976892,98977149,10nM,weak,0,0,0
chr8,99709574,99709814,10nM,weak,0,0,0
chr8,99936927,99937133,10nM,weak,0,0,0
chr8,100378544,100378792,10nM,weak,0,0,0
chr8,100392818,100393026,10nM,weak,0,0,0
chr8,100498156,100498359,10nM,weak,0,0,0
chr8,101110082,101110327,10nM,weak,0,0,0
chr8,101401815,101402045,10nM,weak,0,0,0
chr8,101779325,101779514,10nM,weak,0,0,0
chr8,101923334,101923654,10nM,weak,0,0,0
chr8,102348480,102348673,10nM,weak,0,0,0
chr8,104238951,104239220,10nM,weak,0,0,0
chr8,105833882,105834067,10nM,weak,0,0,0
chr8,106643570,106643825,10nM,weak,0,0,0
chr8,107271073,107271276,10nM,weak,0,0,0
chr8,107391429,107391740,10nM,weak,0,1,0
chr8,107432723,107432941,10nM,weak,0,0,0
chr8,107472103,107472348,10nM,weak,0,0,0
chr8,107498015,107498219,10nM,weak,0,0,0
chr8,110176752,110177139,10nM,weak,0,0,0
chr8,110436682,110436899,10nM,weak,0,0,0
chr8,110542627,110542904,10nM,weak,0,0,0
chr8,110657120,110657350,10nM,weak,0,0,0
chr8,110865778,110866148,10nM,weak,0,0,0
chr8,110933713,110933983,10nM,weak,0,0,0
chr8,113253676,113254089,10nM,weak,0,1,0
chr8,115238377,115238629,10nM,weak,0,0,0
chr8,115846238,115846429,10nM,weak,0,0,0
chr8,115939209,115939401,10nM,weak,0,0,0
chr8,115961900,115962169,10nM,weak,0,0,0
chr8,116408779,116409052,10nM,weak,0,0,0
chr8,116498082,116498392,10nM,weak,0,0,0
chr8,117110316,117110566,10nM,weak,0,0,0
chr8,118126377,118126621,10nM,weak,0,0,1
chr8,118367414,118367656,10nM,weak,0,0,0
chr8,119106435,119106717,10nM,weak,0,0,0
chr8,119520711,119520918,10nM,weak,0,0,0
chr8,119626080,119626281,10nM,weak,0,0,1
chr8,119798358,119798630,10nM,weak,0,0,0
chr8,120575747,120575951,10nM,weak,0,0,0
chr8,121161219,121161424,10nM,weak,0,0,0
chr8,121733476,121733715,10nM,weak,0,1,0
chr8,122878800,122878992,10nM,weak,0,0,0
chr8,123202841,123203042,10nM,weak,0,0,0
chr8,123626170,123626467,10nM,weak,0,0,0
chr8,124765593,124765826,10nM,weak,0,0,0
chr8,124837017,124837271,10nM,weak,0,0,0
chr8,124854375,124854590,10nM,weak,0,0,0
chr8,124855369,124855636,10nM,weak,0,0,0
chr8,126765500,126765749,10nM,weak,0,0,0
chr8,126773634,126773817,10nM,weak,0,0,0
chr8,127342285,127342469,10nM,weak,0,0,0
chr8,127552513,127552778,10nM,weak,0,0,0
chr8,128145451,128145647,10nM,weak,0,0,0
chr8,128471871,128472079,10nM,weak,0,0,0
chr8,129450944,129451182,10nM,weak,0,0,0
chr8,129459845,129460048,10nM,weak,0,0,0
chr8,130022006,130022283,10nM,weak,0,0,1
chr8,130246956,130247171,10nM,weak,0,0,0
chr8,130383945,130384263,10nM,weak,0,0,0
chr8,132764307,132764546,10nM,weak,0,0,0
chr8,132937339,132937639,10nM,weak,0,0,0
chr8,132953260,132953501,10nM,weak,0,0,0
chr8,133073011,133073375,10nM,weak,0,1,0
chr8,133076253,133076436,10nM,weak,0,0,0
chr8,134047689,134047927,10nM,weak,0,0,0
chr8,134729973,134730171,10nM,weak,0,0,0
chr8,135589679,135589979,10nM,weak,0,0,0
chr8,135618600,135618855,10nM,weak,0,0,0
chr8,138961848,138962131,10nM,weak,0,0,0
chr8,139372780,139373055,10nM,weak,0,0,0
chr8,139688619,139688849,10nM,weak,0,0,0
chr8,139699071,139699270,10nM,weak,0,0,0
chr8,140109272,140109467,10nM,weak,0,0,0
chr8,141159941,141160130,10nM,weak,0,0,0
chr8,141185034,141185294,10nM,weak,0,0,0
chr8,141319043,141319550,10nM,weak,0,0,0
chr8,141364349,141364557,10nM,weak,0,0,0
chr8,141567686,141567899,10nM,weak,0,0,0
chr8,141685627,141685917,10nM,weak,0,0,0
chr8,142031383,142031586,10nM,weak,0,0,0
chr8,142206589,142206786,10nM,weak,0,0,0
chr8,142338505,142338692,10nM,weak,0,0,0
chr8,142584806,142584994,10nM,weak,0,0,0
chr9,2575631,2575837,10nM,weak,0,0,0
chr9,2664613,2664837,10nM,weak,0,0,0
chr9,4803748,4804017,10nM,weak,0,0,0
chr9,4852717,4852964,10nM,weak,0,0,0
chr9,4923164,4923356,10nM,weak,0,0,0
chr9,4929874,4930204,10nM,weak,0,0,0
chr9,6664628,6664841,10nM,weak,0,0,0
chr9,7140785,7141004,10nM,weak,0,0,0
chr9,13873509,13873692,10nM,weak,0,0,0
chr9,14452603,14452903,10nM,weak,0,0,0
chr9,14895979,14896162,10nM,weak,0,0,0
chr9,15219191,15219522,10nM,weak,0,0,0
chr9,15241964,15242199,10nM,weak,0,1,0
chr9,15883491,15883735,10nM,weak,0,0,0
chr9,16171952,16172260,10nM,weak,0,0,0
chr9,16575549,16575764,10nM,weak,0,0,0
chr9,16911684,16911867,10nM,weak,0,0,0
chr9,17435777,17436020,10nM,weak,0,1,0
chr9,19160718,19160921,10nM,weak,0,1,0
chr9,19570665,19571061,10nM,weak,0,0,0
chr9,20431543,20431906,10nM,weak,0,0,0
chr9,21415914,21416146,10nM,weak,0,0,0
chr9,22678900,22679186,10nM,weak,0,0,0
chr9,23299411,23299633,10nM,weak,0,0,0
chr9,25641043,25641291,10nM,weak,0,0,0
chr9,25733510,25733876,10nM,weak,0,0,0
chr9,25742478,25742661,10nM,weak,0,0,0
chr9,26801883,26802070,10nM,weak,0,0,0
chr9,33440949,33441203,10nM,weak,0,0,0
chr9,33940453,33940646,10nM,weak,0,0,1
chr9,35193844,35194192,10nM,weak,0,0,0
chr9,37417398,37417591,10nM,weak,0,0,0
chr9,63757157,63757417,10nM,weak,0,0,0
chr9,68749510,68749740,10nM,weak,0,0,0
chr9,69288190,69288523,10nM,weak,0,0,0
chr9,69315781,69316055,10nM,weak,0,0,0
chr9,69813003,69813186,10nM,weak,0,0,0
chr9,69942647,69943092,10nM,weak,0,0,0
chr9,70675753,70676287,10nM,weak,0,0,0
chr9,71273658,71273859,10nM,weak,0,0,0
chr9,71772200,71772457,10nM,weak,0,0,0
chr9,71992357,71992618,10nM,weak,0,0,0
chr9,72011068,72011251,10nM,weak,0,0,0
chr9,73445432,73445630,10nM,weak,0,0,0
chr9,75566893,75567092,10nM,weak,0,0,0
chr9,76662668,76662856,10nM,weak,0,0,0
chr9,77496283,77496568,10nM,weak,0,0,0
chr9,77518838,77519021,10nM,weak,0,0,0
chr9,77550639,77550868,10nM,weak,0,0,0
chr9,77605344,77605554,10nM,weak,0,0,0
chr9,78040650,78040837,10nM,weak,0,0,0
chr9,78243178,78243438,10nM,weak,0,0,0
chr9,79266799,79267186,10nM,weak,0,0,0
chr9,79288936,79289139,10nM,weak,0,0,0
chr9,79806920,79807162,10nM,weak,0,0,0
chr9,79818057,79818259,10nM,weak,0,0,0
chr9,79904986,79905256,10nM,weak,0,0,0
chr9,80035598,80035959,10nM,weak,0,0,0
chr9,80333742,80333960,10nM,weak,0,1,0
chr9,80679300,80679604,10nM,weak,0,0,0
chr9,80694331,80694544,10nM,weak,0,0,0
chr9,81880072,81880283,10nM,weak,0,0,0
chr9,82073718,82073964,10nM,weak,0,0,0
chr9,82091213,82091421,10nM,weak,0,0,0
chr9,82531892,82532175,10nM,weak,0,0,0
chr9,83299678,83299878,10nM,weak,0,0,0
chr9,83491519,83491786,10nM,weak,0,0,0
chr9,84963275,84963466,10nM,weak,0,0,0
chr9,84990122,84990444,10nM,weak,0,0,0
chr9,85262410,85262669,10nM,weak,0,0,0
chr9,86418115,86418369,10nM,weak,0,0,0
chr9,87407210,87407452,10nM,weak,0,0,0
chr9,87630874,87631140,10nM,weak,0,0,0
chr9,87633905,87634160,10nM,weak,0,0,0
chr9,87827237,87827525,10nM,weak,0,0,0
chr9,87960005,87960256,10nM,weak,0,0,0
chr9,88757639,88758021,10nM,weak,0,0,1
chr9,89244698,89244904,10nM,weak,0,0,0
chr9,89796094,89796306,10nM,weak,0,0,0
chr9,90064690,90064948,10nM,weak,0,0,0
chr9,90156367,90156636,10nM,weak,0,0,0
chr9,90158309,90158534,10nM,weak,0,0,0
chr9,90446582,90446823,10nM,weak,0,0,0
chr9,90913028,90913218,10nM,weak,0,0,0
chr9,91090277,91090510,10nM,weak,0,0,0
chr9,91112433,91112629,10nM,weak,0,0,0
chr9,91240879,91241185,10nM,weak,0,0,0
chr9,91615935,91616207,10nM,weak,0,0,0
chr9,92190544,92190790,10nM,weak,0,0,0
chr9,92752924,92753326,10nM,weak,0,0,0
chr9,92768653,92769112,10nM,weak,0,1,0
chr9,93252385,93252568,10nM,weak,0,0,0
chr9,94559402,94559664,10nM,weak,0,0,0
chr9,94561182,94561365,10nM,weak,1,0,0
chr9,94765920,94766114,10nM,weak,0,0,0
chr9,94811134,94811337,10nM,weak,0,0,0
chr9,95211399,95211593,10nM,weak,0,0,0
chr9,95728662,95728932,10nM,weak,0,0,0
chr9,95847226,95847494,10nM,weak,0,0,0
chr9,96285952,96286165,10nM,weak,0,1,0
chr9,97145684,97145970,10nM,weak,0,0,0
chr9,97571664,97571983,10nM,weak,0,0,0
chr9,97722472,97722655,10nM,weak,0,0,0
chr9,98154065,98154300,10nM,weak,0,0,0
chr9,98479702,98479910,10nM,weak,0,0,0
chr9,98565367,98565632,10nM,weak,0,0,0
chr9,98869920,98870136,10nM,weak,0,1,0
chr9,98882187,98882466,10nM,weak,0,0,0
chr9,98924876,98925135,10nM,weak,0,0,0
chr9,98969598,98969857,10nM,weak,0,0,0
chr9,99143295,99143485,10nM,weak,0,0,0
chr9,99660522,99660926,10nM,weak,0,0,0
chr9,102187559,102187804,10nM,weak,0,0,0
chr9,104915825,104916025,10nM,weak,0,0,0
chr9,106111678,106111990,10nM,weak,0,0,0
chr9,106968806,106968989,10nM,weak,0,0,0
chr9,107039008,107039336,10nM,weak,0,0,0
chr9,107252005,107252188,10nM,weak,0,0,0
chr9,107443672,107443871,10nM,weak,0,0,0
chr9,107523637,107523841,10nM,weak,0,0,0
chr9,107540261,107540444,10nM,weak,0,0,0
chr9,107805080,107805467,10nM,weak,0,0,1
chr9,108406119,108406351,10nM,weak,0,0,0
chr9,108483812,108484024,10nM,weak,0,0,0
chr9,110073377,110073773,10nM,weak,0,0,0
chr9,110303074,110303366,10nM,weak,0,0,0
chr9,111045411,111045652,10nM,weak,0,1,0
chr9,112898842,112899091,10nM,weak,0,0,1
chr9,113648158,113648456,10nM,weak,0,0,0
chr9,114529104,114529424,10nM,weak,0,0,0
chr9,115407901,115408139,10nM,weak,0,0,0
chr9,117034683,117034877,10nM,weak,0,0,0
chr9,117339265,117339492,10nM,weak,0,0,0
chr9,119384990,119385208,10nM,weak,0,0,0
chr9,120683963,120684148,10nM,weak,0,0,0
chr9,121483655,121483862,10nM,weak,0,0,0
chr9,121717469,121717678,10nM,weak,0,0,0
chr9,121751800,121751989,10nM,weak,0,0,0
chr9,121955663,121955910,10nM,weak,0,0,0
chr9,122360301,122360502,10nM,weak,0,0,0
chr9,123054789,123055077,10nM,weak,0,0,0
chr9,123150508,123150788,10nM,weak,0,0,0
chr9,123315598,123315845,10nM,weak,0,0,0
chr9,123346032,123346340,10nM,weak,0,0,0
chr9,124128586,124128905,10nM,weak,0,0,0
chr9,124137218,124137432,10nM,weak,0,0,0
chr9,124495680,124495863,10nM,weak,0,0,0
chr9,125460905,125461214,10nM,weak,0,0,0
chr9,125854991,125855199,10nM,weak,0,0,0
chr9,126484355,126484566,10nM,weak,0,0,0
chr9,126485528,126485766,10nM,weak,0,0,0
chr9,126486348,126486539,10nM,weak,0,0,0
chr9,126504012,126504260,10nM,weak,0,0,0
chr9,127139106,127139411,10nM,weak,0,0,0
chr9,127718383,127718603,10nM,weak,0,1,0
chr9,127758905,127759136,10nM,weak,0,0,0
chr9,129476865,129477098,10nM,weak,0,0,0
chr9,129558770,129559077,10nM,weak,0,0,0
chr9,129561024,129561236,10nM,weak,0,0,0
chr9,130190423,130190681,10nM,weak,0,0,0
chr9,130965770,130965953,10nM,weak,0,0,0
chr9,132134230,132134524,10nM,weak,0,0,0
chr9,133679034,133679228,10nM,weak,0,0,0
chr9,133687182,133687474,10nM,weak,0,0,1
chr9,134338297,134338562,10nM,weak,0,0,0
chr9,134562206,134562389,10nM,weak,0,0,0
chr9,134800999,134801195,10nM,weak,0,0,0
chr9,134925043,134925229,10nM,weak,0,0,0
chr9,134945321,134945577,10nM,weak,0,0,0
chr9,135366626,135366909,10nM,weak,0,0,0
chr9,136021387,136021697,10nM,weak,0,0,0
chr9,136124416,136124652,10nM,weak,0,0,0
chr9,136295622,136295894,10nM,weak,0,0,0
chr9,136315764,136315970,10nM,weak,0,0,0
chr9,136762155,136762381,10nM,weak,0,0,0
chr9,136975618,136975801,10nM,weak,0,0,0
chr9,137111919,137112132,10nM,weak,0,0,0
chr9,137514052,137514363,10nM,weak,0,0,0
chrX,3457192,3457401,10nM,weak,0,0,0
chrX,3502606,3502887,10nM,weak,0,0,0
chrX,3566551,3566828,10nM,weak,0,0,0
chrX,4496528,4496758,10nM,weak,0,0,1
chrX,5368667,5368850,10nM,weak,0,0,0
chrX,5666264,5666494,10nM,weak,0,0,0
chrX,7972589,7972831,10nM,weak,0,0,0
chrX,7978753,7979079,10nM,weak,0,0,0
chrX,7987245,7987465,10nM,weak,0,0,0
chrX,8136977,8137240,10nM,weak,0,0,0
chrX,8205407,8205590,10nM,weak,0,0,0
chrX,8388476,8388800,10nM,weak,0,0,0
chrX,8938585,8938768,10nM,weak,0,0,0
chrX,9178395,9178744,10nM,weak,0,0,0
chrX,9204528,9204837,10nM,weak,0,0,0
chrX,9327902,9328094,10nM,weak,0,0,0
chrX,9437157,9437402,10nM,weak,0,0,0
chrX,9715739,9716051,10nM,weak,0,0,0
chrX,10288326,10288615,10nM,weak,0,0,0
chrX,10466760,10467028,10nM,weak,0,0,0
chrX,10542696,10542906,10nM,weak,0,0,0
chrX,10820084,10820479,10nM,weak,0,0,0
chrX,10900509,10900911,10nM,weak,0,0,0
chrX,12778177,12778401,10nM,weak,0,0,0
chrX,12945148,12945379,10nM,weak,0,0,0
chrX,13076453,13076738,10nM,weak,0,0,0
chrX,13089803,13090050,10nM,weak,0,0,0
chrX,13607790,13607977,10nM,weak,0,0,0
chrX,13808493,13809104,10nM,weak,0,0,0
chrX,15509562,15509775,10nM,weak,0,0,0
chrX,16574731,16574974,10nM,weak,0,0,0
chrX,17186640,17186862,10nM,weak,0,0,0
chrX,17279062,17279249,10nM,weak,0,0,0
chrX,17771337,17772170,10nM,weak,0,0,0
chrX,17825832,17826058,10nM,weak,0,0,0
chrX,18434968,18435153,10nM,weak,0,0,0
chrX,18879904,18880218,10nM,weak,0,0,0
chrX,19216046,19216259,10nM,weak,0,0,0
chrX,20164325,20164556,10nM,weak,0,0,1
chrX,20480169,20480371,10nM,weak,0,0,0
chrX,21489157,21489361,10nM,weak,0,0,0
chrX,21885038,21885240,10nM,weak,0,0,0
chrX,22093926,22094113,10nM,weak,0,0,0
chrX,22617029,22617248,10nM,weak,0,0,0
chrX,22816035,22816293,10nM,weak,0,0,0
chrX,22939989,22940182,10nM,weak,0,0,0
chrX,23199667,23199955,10nM,weak,0,0,0
chrX,23234203,23234538,10nM,weak,0,0,0
chrX,23339434,23339759,10nM,weak,0,0,0
chrX,24317481,24317814,10nM,weak,0,0,0
chrX,24379615,24379935,10nM,weak,0,0,0
chrX,24380757,24381011,10nM,weak,0,0,0
chrX,24385354,24385567,10nM,weak,0,0,0
chrX,31589541,31589799,10nM,weak,0,0,0
chrX,39000606,39001060,10nM,weak,0,0,0
chrX,40508755,40509061,10nM,weak,0,0,0
chrX,40530557,40530762,10nM,weak,0,0,0
chrX,41793841,41794073,10nM,weak,0,0,0
chrX,43620130,43620348,10nM,weak,0,0,0
chrX,43707997,43708195,10nM,weak,0,0,0
chrX,44061784,44061986,10nM,weak,0,0,0
chrX,44064015,44064276,10nM,weak,0,0,0
chrX,44084094,44084325,10nM,weak,0,0,0
chrX,44095431,44095750,10nM,weak,0,0,0
chrX,44243060,44243268,10nM,weak,0,0,0
chrX,44278449,44278659,10nM,weak,0,0,0
chrX,45295553,45295866,10nM,weak,0,0,0
chrX,47104169,47104396,10nM,weak,0,0,0
chrX,47961962,47962187,10nM,weak,0,0,0
chrX,48463018,48463273,10nM,weak,0,0,0
chrX,48617586,48618007,10nM,weak,0,0,0
chrX,53498365,53498612,10nM,weak,0,0,0
chrX,54463582,54463808,10nM,weak,0,0,0
chrX,54801519,54801773,10nM,weak,0,0,0
chrX,56930399,56930647,10nM,weak,0,0,0
chrX,68664860,68665243,10nM,weak,0,0,0
chrX,69316295,69316531,10nM,weak,0,0,0
chrX,70220450,70220685,10nM,weak,0,0,0
chrX,91377848,91378031,10nM,weak,0,0,0
chrX,96382427,96382663,10nM,weak,0,0,0
chrX,99481328,99481571,10nM,weak,0,0,0
chrX,103550464,103550687,10nM,weak,0,0,0
chrX,105624578,105624897,10nM,weak,0,0,0
chrX,105953935,105954177,10nM,weak,0,0,0
chrX,106281511,106281801,10nM,weak,0,0,0
chrX,106333713,106334006,10nM,weak,0,1,0
chrX,106895351,106895586,10nM,weak,0,0,0
chrX,107263619,107263812,10nM,weak,0,1,0
chrX,107343398,107343674,10nM,weak,0,0,0
chrX,107683553,107683747,10nM,weak,0,0,0
chrX,109990070,109990352,10nM,weak,0,0,0
chrX,110106863,110107064,10nM,weak,0,0,0
chrX,110440385,110440590,10nM,weak,0,0,0
chrX,112612032,112612297,10nM,weak,0,0,0
chrX,114253882,114254207,10nM,weak,0,0,0
chrX,115930940,115931227,10nM,weak,0,0,1
chrX,115939097,115939323,10nM,weak,0,0,0
chrX,116882126,116882379,10nM,weak,0,0,0
chrX,116948418,116948697,10nM,weak,0,0,0
chrX,118310417,118310710,10nM,weak,0,0,0
chrX,119313469,119313773,10nM,weak,0,0,0
chrX,122033050,122033252,10nM,weak,0,0,0
chrX,122962986,122963231,10nM,weak,0,0,0
chrX,123219820,123220042,10nM,weak,0,0,0
chrX,129432595,129432791,10nM,weak,0,0,0
chrX,129663485,129663701,10nM,weak,0,0,0
chrX,129776810,129777129,10nM,weak,0,0,0
chrX,130722509,130722702,10nM,weak,0,0,0
chrX,130982853,130983176,10nM,weak,0,0,0
chrX,131443770,131444129,10nM,weak,0,0,0
chrX,131651199,131651400,10nM,weak,0,0,0
chrX,132086954,132087169,10nM,weak,0,0,0
chrX,132428575,132428808,10nM,weak,0,0,0
chrX,132437378,132437699,10nM,weak,0,0,0
chrX,132482529,132482735,10nM,weak,0,0,0
chrX,132849491,132849743,10nM,weak,0,0,0
chrX,134214829,134215058,10nM,weak,0,0,0
chrX,134633206,134633485,10nM,weak,0,0,0
chrX,134694825,134695157,10nM,weak,0,0,0
chrX,137370235,137370423,10nM,weak,0,0,0
chrX,137543473,137543711,10nM,weak,0,0,0
chrX,137849408,137849651,10nM,weak,0,0,0
chrX,138014979,138015230,10nM,weak,0,0,0
chrX,138944163,138944467,10nM,weak,0,0,0
chrX,139483899,139484177,10nM,weak,0,0,0
chrX,139683821,139684044,10nM,weak,0,0,0
chrX,140036575,140036872,10nM,weak,0,0,0
chrX,140186305,140186531,10nM,weak,0,0,0
chrX,140460208,140460517,10nM,weak,0,0,0
chrX,140464731,140465035,10nM,weak,0,0,0
chrX,140527759,140528013,10nM,weak,0,0,0
chrX,140589486,140589684,10nM,weak,0,0,0
chrX,140740996,140741320,10nM,weak,0,0,0
chrX,141199316,141199593,10nM,weak,0,0,0
chrX,142183252,142183502,10nM,weak,0,0,0
chrX,148508440,148508717,10nM,weak,0,0,0
chrX,149802262,149802468,10nM,weak,0,0,0
chrX,150303565,150303748,10nM,weak,0,0,0
chrX,150356335,150356616,10nM,weak,0,0,0
chrX,150806908,150807493,10nM,weak,0,0,0
