"chrom","start","end","nearest_alu_subfamily","distance","set","dose","overlaps_alu","symbol","gene_dist","ensembl_id","baseMean","log2FoldChange","lfcSE","stat","pvalue","padj","sig"
"chr1",1073595,1074136,"AluSx1",2033,"SetA_ER_H3K27ac","10nM",FALSE,"RNF223",0,"ENSG00000237330",2998.13117205592,2.80711454173393,0.409229116891658,6.85951811800601,6.9093215883e-12,2.30126471034312e-09,TRUE
"chr1",1433050,1433347,"AluJb",2894,"SetA_ER_H3K27ac","10nM",FALSE,"LINC01770",0,"ENSG00000225285",7.24698607464493,-1.66671035160744,0.963413464651615,-1.73000524983336,0.083629337268676,0.702500494315772,FALSE
"chr1",1678459,1678642,"AluY",710,"SetA_ER_H3K27ac","10nM",FALSE,"SLC35E2B",0,"ENSG00000189339",2686.22801475294,0.591112220991849,0.131847068929164,4.48331711726886,7.34915890413133e-06,0.000552126283985566,TRUE
"chr1",2001770,2002033,"AluY",146,"SetA_ER_H3K27ac","10nM",FALSE,"CFAP74",0,"ENSG00000142609",3.34907282536664,1.79274083935351,1.7375323421772,1.03177408318462,0.302177962959507,1,FALSE
"chr1",3337407,3337605,"AluY",6017,"SetA_ER_H3K27ac","10nM",FALSE,"PRDM16",0,"ENSG00000142611",58.0984675718754,-0.605355280996526,0.486985618058285,-1.24306603429113,0.213843500860033,0.997304205644549,FALSE
"chr1",3338300,3338619,"AluY",5003,"SetA_ER_H3K27ac","10nM",FALSE,"PRDM16",0,"ENSG00000142611",58.0984675718754,-0.605355280996526,0.486985618058285,-1.24306603429113,0.213843500860033,0.997304205644549,FALSE
"chr1",6101061,6101369,"AluSz",9579,"SetA_ER_H3K27ac","10nM",FALSE,"KCNAB2",0,"ENSG00000069424",197.469642229622,0.289069783887841,0.266898253241862,1.08307109685685,0.278776866881859,1,FALSE
"chr1",6235256,6235467,"AluSz",802,"SetA_ER_H3K27ac","10nM",FALSE,"ICMT",0,"ENSG00000116237",3884.61357331349,-0.0880078017496373,0.132675021257087,-0.66333361710267,0.507116910847512,1,FALSE
"chr1",6483179,6483382,"AluJr",84,"SetA_ER_H3K27ac","10nM",FALSE,"PLEKHG5",0,"ENSG00000171680",115.935876507708,0.279072307462869,0.431985205648523,0.646022835536481,0.518264566743058,1,FALSE
"chr1",6611703,6611989,"AluSc",0,"SetA_ER_H3K27ac","10nM",TRUE,"KLHL21",0,"ENSG00000162413",1586.65746715243,0.486430569430677,0.259694304923338,1.87308909055311,0.0610560835808644,0.590297423454279,FALSE
"chr1",6622703,6622984,"AluSq2",1281,"SetA_ER_H3K27ac","10nM",FALSE,"PHF13",0,"ENSG00000116273",1194.71467470398,0.738260686726427,0.292274192858513,2.52591814387052,0.0115396365013526,0.216127549993469,FALSE
"chr1",6909638,6910353,"AluSq2",3750,"SetA_ER_H3K27ac","10nM",FALSE,"CAMTA1",0,"ENSG00000171735",1006.79244389219,0.0940702576580617,0.249968969384335,0.376327741358272,0.706673257957301,1,FALSE
"chr1",6910515,6910820,"AluSq2",3283,"SetA_ER_H3K27ac","10nM",FALSE,"CAMTA1",0,"ENSG00000171735",1006.79244389219,0.0940702576580617,0.249968969384335,0.376327741358272,0.706673257957301,1,FALSE
"chr1",6959461,6959993,"AluSx1",6601,"SetA_ER_H3K27ac","10nM",FALSE,"CAMTA1",0,"ENSG00000171735",1006.79244389219,0.0940702576580617,0.249968969384335,0.376327741358272,0.706673257957301,1,FALSE
"chr1",6960405,6960880,"AluSx",5732,"SetA_ER_H3K27ac","10nM",FALSE,"CAMTA1",0,"ENSG00000171735",1006.79244389219,0.0940702576580617,0.249968969384335,0.376327741358272,0.706673257957301,1,FALSE
"chr1",7228720,7228973,"AluJb",337,"SetA_ER_H3K27ac","10nM",FALSE,"CAMTA1",0,"ENSG00000171735",1006.79244389219,0.0940702576580617,0.249968969384335,0.376327741358272,0.706673257957301,1,FALSE
"chr1",7447144,7447382,"AluSz",2107,"SetA_ER_H3K27ac","10nM",FALSE,"CAMTA1",0,"ENSG00000171735",1006.79244389219,0.0940702576580617,0.249968969384335,0.376327741358272,0.706673257957301,1,FALSE
"chr1",7447797,7448231,"AluSz",1258,"SetA_ER_H3K27ac","10nM",FALSE,"CAMTA1",0,"ENSG00000171735",1006.79244389219,0.0940702576580617,0.249968969384335,0.376327741358272,0.706673257957301,1,FALSE
"chr1",9303084,9303319,"AluJr",1450,"SetA_ER_H3K27ac","10nM",FALSE,"SPSB1",0,"ENSG00000171621",536.074894692533,3.33232431176956,0.357554121491048,9.31977597649644,1.16586200477003e-20,3.35644595361896e-17,TRUE
"chr1",9325773,9326179,"AluSx",3322,"SetA_ER_H3K27ac","10nM",FALSE,"SPSB1",0,"ENSG00000171621",536.074894692533,3.33232431176956,0.357554121491048,9.31977597649644,1.16586200477003e-20,3.35644595361896e-17,TRUE
"chr1",9345997,9346361,"FLAM_C",675,"SetA_ER_H3K27ac","10nM",FALSE,"SPSB1",0,"ENSG00000171621",536.074894692533,3.33232431176956,0.357554121491048,9.31977597649644,1.16586200477003e-20,3.35644595361896e-17,TRUE
"chr1",9950424,9950762,"AluSx1",36,"SetA_ER_H3K27ac","10nM",FALSE,"NMNAT1",0,"ENSG00000173614",191.732088086788,0.168511373629981,0.29404749383676,0.573075360824295,0.566593669263106,1,FALSE
"chr1",10516537,10516773,"AluJb",3008,"SetA_ER_H3K27ac","10nM",FALSE,"PEX14",0,"ENSG00000142655",537.036661503355,0.00356642581781404,0.223148162699571,0.0159823221247651,0.987248494795832,1,FALSE
"chr1",10727788,10728046,"AluSz",1762,"SetA_ER_H3K27ac","10nM",FALSE,"CASZ1",0,"ENSG00000130940",1958.74019301314,0.514696573616068,0.426223231276376,1.20757512929257,0.227210730494449,1,FALSE
"chr1",12485229,12485971,"AluSg",1209,"SetA_ER_H3K27ac","10nM",FALSE,"VPS13D",0,"ENSG00000048707",1909.01525843773,-0.266316259873271,0.203924052825334,-1.30595805734293,0.191566821322589,0.96928232336716,FALSE
"chr1",12486325,12486765,"AluSx3",563,"SetA_ER_H3K27ac","10nM",FALSE,"VPS13D",0,"ENSG00000048707",1909.01525843773,-0.266316259873271,0.203924052825334,-1.30595805734293,0.191566821322589,0.96928232336716,FALSE
"chr1",12600187,12600756,"AluJb",1785,"SetA_ER_H3K27ac","10nM",FALSE,"DHRS3",0,"ENSG00000162496",691.808707027327,1.83390202083971,0.28962440052711,6.3320010934923,2.42001771618676e-10,5.49564023184957e-08,TRUE
"chr1",14926044,14926381,"AluY",1788,"SetA_ER_H3K27ac","10nM",FALSE,"KAZN",0,"ENSG00000189337",1970.07010881287,2.08006404663074,0.366810191319492,5.67068226525637,1.4222996374293e-08,2.16971266827383e-06,TRUE
"chr1",14977280,14977635,"AluSx3",195,"SetA_ER_H3K27ac","10nM",FALSE,"KAZN",0,"ENSG00000189337",1970.07010881287,2.08006404663074,0.366810191319492,5.67068226525637,1.4222996374293e-08,2.16971266827383e-06,TRUE
"chr1",15015744,15016323,"AluSq2",0,"SetA_ER_H3K27ac","10nM",TRUE,"KAZN",0,"ENSG00000189337",1970.07010881287,2.08006404663074,0.366810191319492,5.67068226525637,1.4222996374293e-08,2.16971266827383e-06,TRUE
"chr1",15016846,15017574,"AluSx",0,"SetA_ER_H3K27ac","10nM",TRUE,"KAZN",0,"ENSG00000189337",1970.07010881287,2.08006404663074,0.366810191319492,5.67068226525637,1.4222996374293e-08,2.16971266827383e-06,TRUE
"chr1",15021517,15021712,"AluSz6",1830,"SetA_ER_H3K27ac","10nM",FALSE,"KAZN",0,"ENSG00000189337",1970.07010881287,2.08006404663074,0.366810191319492,5.67068226525637,1.4222996374293e-08,2.16971266827383e-06,TRUE
"chr1",15025491,15025993,"AluSz",0,"SetA_ER_H3K27ac","10nM",TRUE,"KAZN",0,"ENSG00000189337",1970.07010881287,2.08006404663074,0.366810191319492,5.67068226525637,1.4222996374293e-08,2.16971266827383e-06,TRUE
"chr1",16212478,16212669,"AluSz",1107,"SetA_ER_H3K27ac","10nM",FALSE,"ARHGEF19",0,"ENSG00000142632",779.707023691444,-0.0206791715894592,0.198713562537045,-0.104065224967239,0.917117587435997,1,FALSE
"chr1",16608279,16608889,"AluJo",60,"SetA_ER_H3K27ac","10nM",FALSE,"NBPF1",0,"ENSG00000219481",3745.73499488478,1.44791977992391,0.259859680711954,5.57192934262427,2.51933603031794e-08,3.62204397337221e-06,TRUE
"chr1",16611942,16612147,"AluJb",0,"SetA_ER_H3K27ac","10nM",TRUE,"NBPF1",0,"ENSG00000219481",3745.73499488478,1.44791977992391,0.259859680711954,5.57192934262427,2.51933603031794e-08,3.62204397337221e-06,TRUE
"chr1",16614239,16614679,"AluJb",643,"SetA_ER_H3K27ac","10nM",FALSE,"ENSG00000271732",0,"ENSG00000271732",125.001648839313,2.26089513640906,0.390275379170399,5.79307652256978,6.91085993986847e-09,1.1508885419861e-06,TRUE
"chr1",17098966,17099219,"AluSx1",1057,"SetA_ER_H3K27ac","10nM",FALSE,"PADI2",0,"ENSG00000117115",3164.60076444084,0.0482522689294585,0.262696832862104,0.183680436508297,0.854264157178739,1,FALSE
"chr1",17561549,17561732,"AluJb",401,"SetA_ER_H3K27ac","10nM",FALSE,"ARHGEF10L",0,"ENSG00000074964",753.976800882211,0.820482184112316,0.303205261154717,2.70602884985445,0.00680931300793422,0.145565866047526,FALSE
"chr1",18635104,18635287,"AluSx1",8474,"SetA_ER_H3K27ac","10nM",FALSE,"PAX7",0,"ENSG00000009709",7.2865447352653,0.659603109259027,1.05438261731007,0.6255823061099,0.531588947382119,1,FALSE
"chr1",19425775,19426130,"AluJo",1665,"SetA_ER_H3K27ac","10nM",FALSE,"CAPZB",0,"ENSG00000077549",10570.7543042362,0.0227770729620336,0.1176373511024,0.193621096944004,0.846472577818637,1,FALSE
"chr1",19427217,19427584,"AluSx1",537,"SetA_ER_H3K27ac","10nM",FALSE,"CAPZB",0,"ENSG00000077549",10570.7543042362,0.0227770729620336,0.1176373511024,0.193621096944004,0.846472577818637,1,FALSE
"chr1",19582182,19582542,"AluSp",225,"SetA_ER_H3K27ac","10nM",FALSE,"MICOS10",0,"ENSG00000173436",952.396315846775,0.474145618394259,0.176355166704137,2.68858365340501,0.007175585411501,0.151742750120038,FALSE
"chr1",19593316,19593585,"AluJb",0,"SetA_ER_H3K27ac","10nM",TRUE,"MICOS10",0,"ENSG00000173436",952.396315846775,0.474145618394259,0.176355166704137,2.68858365340501,0.007175585411501,0.151742750120038,FALSE
"chr1",19596644,19596993,"FLAM_A",616,"SetA_ER_H3K27ac","10nM",FALSE,"MICOS10",0,"ENSG00000173436",952.396315846775,0.474145618394259,0.176355166704137,2.68858365340501,0.007175585411501,0.151742750120038,FALSE
"chr1",21241656,21242035,"AluSx",0,"SetA_ER_H3K27ac","10nM",TRUE,"ECE1",0,"ENSG00000117298",6392.2324739961,0.368998360963022,0.276784149505811,1.33316290554158,0.182478349553352,0.953621113013647,FALSE
"chr1",21247156,21247486,"AluJr",216,"SetA_ER_H3K27ac","10nM",FALSE,"ECE1",0,"ENSG00000117298",6392.2324739961,0.368998360963022,0.276784149505811,1.33316290554158,0.182478349553352,0.953621113013647,FALSE
"chr1",21251980,21252217,"AluSx",446,"SetA_ER_H3K27ac","10nM",FALSE,"ECE1",0,"ENSG00000117298",6392.2324739961,0.368998360963022,0.276784149505811,1.33316290554158,0.182478349553352,0.953621113013647,FALSE
"chr1",21254703,21254999,"FLAM_C",354,"SetA_ER_H3K27ac","10nM",FALSE,"ECE1",0,"ENSG00000117298",6392.2324739961,0.368998360963022,0.276784149505811,1.33316290554158,0.182478349553352,0.953621113013647,FALSE
"chr1",21268429,21268801,"AluSx1",2882,"SetA_ER_H3K27ac","10nM",FALSE,"ECE1",0,"ENSG00000117298",6392.2324739961,0.368998360963022,0.276784149505811,1.33316290554158,0.182478349553352,0.953621113013647,FALSE
"chr1",21337038,21337261,"AluSq2",0,"SetA_ER_H3K27ac","10nM",TRUE,"ECE1",0,"ENSG00000117298",6392.2324739961,0.368998360963022,0.276784149505811,1.33316290554158,0.182478349553352,0.953621113013647,FALSE
"chr1",21622191,21622415,"AluSp",4989,"SetA_ER_H3K27ac","10nM",FALSE,"RAP1GAP",0,"ENSG00000076864",5202.16110456291,0.350378922259502,0.209279285744158,1.67421692507035,0.0940879743466072,0.740549066302717,FALSE
"chr1",21625772,21626068,"AluSp",1336,"SetA_ER_H3K27ac","10nM",FALSE,"RAP1GAP",0,"ENSG00000076864",5202.16110456291,0.350378922259502,0.209279285744158,1.67421692507035,0.0940879743466072,0.740549066302717,FALSE
"chr1",21634234,21634743,"AluJr",1337,"SetA_ER_H3K27ac","10nM",FALSE,"RAP1GAP",0,"ENSG00000076864",5202.16110456291,0.350378922259502,0.209279285744158,1.67421692507035,0.0940879743466072,0.740549066302717,FALSE
"chr1",21635650,21635930,"AluSp",595,"SetA_ER_H3K27ac","10nM",FALSE,"RAP1GAP",0,"ENSG00000076864",5202.16110456291,0.350378922259502,0.209279285744158,1.67421692507035,0.0940879743466072,0.740549066302717,FALSE
"chr1",21638763,21639420,"AluSz",279,"SetA_ER_H3K27ac","10nM",FALSE,"RAP1GAP",0,"ENSG00000076864",5202.16110456291,0.350378922259502,0.209279285744158,1.67421692507035,0.0940879743466072,0.740549066302717,FALSE
"chr1",22469452,22469840,"FAM",0,"SetA_ER_H3K27ac","10nM",TRUE,"ZBTB40",0,"ENSG00000184677",1538.58147378757,0.537654642479572,0.174524981680548,3.08067439573607,0.00206532365979506,0.0582135797141671,FALSE
"chr1",22472532,22473416,"AluJb",48,"SetA_ER_H3K27ac","10nM",FALSE,"ZBTB40",0,"ENSG00000184677",1538.58147378757,0.537654642479572,0.174524981680548,3.08067439573607,0.00206532365979506,0.0582135797141671,FALSE
"chr1",23530910,23531208,"AluSx1",1496,"SetA_ER_H3K27ac","10nM",FALSE,"E2F2",0,"ENSG00000007968",1104.2170665986,0.436808045436672,0.349747386578914,1.24892440143542,0.211692725700634,0.996078737143359,FALSE
"chr1",24001275,24001699,"AluSx",0,"SetA_ER_H3K27ac","10nM",TRUE,"ENSG00000225315",0,"ENSG00000225315",9.64635743883755,0.368678107539531,0.822652284844579,0.448157884359592,0.654039255222856,1,FALSE
"chr1",24011643,24011918,"AluSz",71,"SetA_ER_H3K27ac","10nM",FALSE,"ENSG00000225315",0,"ENSG00000225315",9.64635743883755,0.368678107539531,0.822652284844579,0.448157884359592,0.654039255222856,1,FALSE
"chr1",24018849,24019163,"AluSx1",173,"SetA_ER_H3K27ac","10nM",FALSE,"ENSG00000225315",0,"ENSG00000225315",9.64635743883755,0.368678107539531,0.822652284844579,0.448157884359592,0.654039255222856,1,FALSE
"chr1",24567889,24568509,"FLAM_A",280,"SetA_ER_H3K27ac","10nM",FALSE,"NCMAP",0,"ENSG00000184454",60.2013859251142,0.641798995337119,0.283735138492252,2.26196515083606,0.0236995564974039,0.341218974815648,FALSE
"chr1",24570410,24570783,"AluJb",0,"SetA_ER_H3K27ac","10nM",TRUE,"NCMAP",0,"ENSG00000184454",60.2013859251142,0.641798995337119,0.283735138492252,2.26196515083606,0.0236995564974039,0.341218974815648,FALSE
"chr1",24769808,24770078,"AluJb",0,"SetA_ER_H3K27ac","10nM",TRUE,"CLIC4",0,"ENSG00000169504",11070.5213484815,-0.0577552214805206,0.343913607457484,-0.16793526114741,0.866634209662941,1,FALSE
"chr1",25568216,25568465,"AluY",2113,"SetA_ER_H3K27ac","10nM",FALSE,"LDLRAP1",0,"ENSG00000157978",1213.10910791048,0.0401721130152176,0.160632516923189,0.250087054506075,0.802520026962976,1,FALSE
"chr1",25756866,25757517,"AluSx1",4101,"SetA_ER_H3K27ac","10nM",FALSE,"MAN1C1",0,"ENSG00000117643",138.099202892672,0.339069507931759,0.673015058178543,0.503806718455038,0.614397206053122,1,FALSE
"chr1",26914112,26914413,"AluSz6",273,"SetA_ER_H3K27ac","10nM",FALSE,"NUDC",0,"ENSG00000090273",4063.19240853321,0.0783465347041986,0.197557664067087,0.396575526817291,0.691680502556496,1,FALSE
"chr1",28068727,28068941,"AluSx1",0,"SetA_ER_H3K27ac","10nM",TRUE,"EYA3",0,"ENSG00000158161",982.078383731553,-0.0990902686095053,0.218514123880621,-0.453473060915918,0.650208137309381,1,FALSE
"chr1",28520266,28520598,"AluSx",198,"SetA_ER_H3K27ac","10nM",FALSE,"RCC1",0,"ENSG00000180198",3845.46698815556,-0.0525949746987947,0.17561974366652,-0.299482128835502,0.764572205795643,1,FALSE
"chr1",29227603,29227929,"FLAM_A",166,"SetA_ER_H3K27ac","10nM",FALSE,"MECR",0,"ENSG00000116353",579.507510111875,0.258175847029672,0.16072953951587,1.60627503698025,0.108213492664359,0.793827571708756,FALSE
"chr1",31186608,31186900,"AluJo",150,"SetA_ER_H3K27ac","10nM",FALSE,"NKAIN1",0,"ENSG00000084628",111.873635251806,1.2318425863054,0.441965348824267,2.78719268282545,0.00531668559493692,0.12170520610449,FALSE
"chr1",31187059,31187304,"AluJo",601,"SetA_ER_H3K27ac","10nM",FALSE,"NKAIN1",0,"ENSG00000084628",111.873635251806,1.2318425863054,0.441965348824267,2.78719268282545,0.00531668559493692,0.12170520610449,FALSE
"chr1",31412818,31413141,"AluJo",132,"SetA_ER_H3K27ac","10nM",FALSE,"SERINC2",0,"ENSG00000168528",897.175724147521,-0.00152176161732508,0.277592107896635,-0.0054820060586583,0.995626013911703,1,FALSE
"chr1",31842833,31843287,"AluYd8",530,"SetA_ER_H3K27ac","10nM",FALSE,"ENSG00000203620",0,"ENSG00000203620",19.1158529021902,0.394220759119968,0.811549413559799,0.485763100229163,0.627135139294036,1,FALSE
"chr1",31855047,31855540,"AluSp",509,"SetA_ER_H3K27ac","10nM",FALSE,"ENSG00000203620",0,"ENSG00000203620",19.1158529021902,0.394220759119968,0.811549413559799,0.485763100229163,0.627135139294036,1,FALSE
"chr1",31880135,31880536,"AluSg",35,"SetA_ER_H3K27ac","10nM",FALSE,"ENSG00000203620",0,"ENSG00000203620",19.1158529021902,0.394220759119968,0.811549413559799,0.485763100229163,0.627135139294036,1,FALSE
"chr1",31880898,31881150,"AluSg",798,"SetA_ER_H3K27ac","10nM",FALSE,"ENSG00000203620",0,"ENSG00000203620",19.1158529021902,0.394220759119968,0.811549413559799,0.485763100229163,0.627135139294036,1,FALSE
"chr1",31938554,31938863,"AluSg",230,"SetA_ER_H3K27ac","10nM",FALSE,"PTP4A2",0,"ENSG00000184007",18585.0371099382,0.392995024287569,0.175047543779762,2.24507591367303,0.0247632595739508,0.35022574616124,FALSE
"chr1",32240497,32240764,"AluSx",1210,"SetA_ER_H3K27ac","10nM",FALSE,"EIF3I",0,"ENSG00000084623",7661.29368934792,0.0322225763589607,0.148778877537742,0.216580316320685,0.828535426950121,1,FALSE
"chr1",32332832,32333168,"AluSz6",4232,"SetA_ER_H3K27ac","10nM",FALSE,"HDAC1",0,"ENSG00000116478",6124.75674350601,0.00129850300203329,0.136880732511886,0.0094863826208742,0.992431075292198,1,FALSE
"chr1",34825617,34825962,"AluSg7",3646,"SetA_ER_H3K27ac","10nM",FALSE,"SMIM12",0,"ENSG00000163866",1247.28608009085,0.112122932151781,0.181707335977771,0.617052314087625,0.537200220395135,1,FALSE
"chr1",35505975,35506405,"AluY",1481,"SetA_ER_H3K27ac","10nM",FALSE,"KIAA0319L",0,"ENSG00000142687",6542.61543471126,-0.0720640918349012,0.264709268044578,-0.272238642671044,0.785438530932998,1,FALSE
"chr1",37495491,37495690,"AluJb",0,"SetA_ER_H3K27ac","10nM",TRUE,"MEAF6",0,"ENSG00000163875",2320.60839845824,-0.33905891467575,0.139113068833907,-2.43729016632195,0.0147977997366535,0.257595148028992,FALSE
"chr1",39142806,39143203,"AluY",560,"SetA_ER_H3K27ac","10nM",FALSE,"MACF1",0,"ENSG00000127603",2687.59400886188,-0.135813896667629,0.232381174867603,-0.584444487575243,0.558921303261177,1,FALSE
"chr1",39175020,39175210,"AluSx1",462,"SetA_ER_H3K27ac","10nM",FALSE,"MACF1",0,"ENSG00000127603",2687.59400886188,-0.135813896667629,0.232381174867603,-0.584444487575243,0.558921303261177,1,FALSE
"chr1",39178953,39179251,"AluSz",483,"SetA_ER_H3K27ac","10nM",FALSE,"MACF1",0,"ENSG00000127603",2687.59400886188,-0.135813896667629,0.232381174867603,-0.584444487575243,0.558921303261177,1,FALSE
"chr1",39960337,39960572,"FLAM_C",409,"SetA_ER_H3K27ac","10nM",FALSE,"MFSD2A",0,"ENSG00000168389",471.110316882337,0.530228694739305,0.234108099883053,2.26488829307563,0.0235195353591773,0.340097246467293,FALSE
"chr1",40094973,40095284,"AluJr4",934,"SetA_ER_H3K27ac","10nM",FALSE,"PPT1",0,"ENSG00000131238",42383.532877847,-0.0697153209858604,0.29168605962568,-0.239008065984798,0.811099328229661,1,FALSE
"chr1",41372178,41372419,"AluY",1920,"SetA_ER_H3K27ac","10nM",FALSE,"FOXO6",0,"ENSG00000204060",104.51842861481,3.06696913779878,0.542314629243333,5.65533174363742,1.55545541572763e-08,2.35486522938644e-06,TRUE
"chr1",41778332,41778743,"AluSz",745,"SetA_ER_H3K27ac","10nM",FALSE,"HIVEP3",0,"ENSG00000127124",272.504230539655,0.430226346108917,0.223945494458861,1.92112079391689,0.0547164806733407,0.55224957059396,FALSE
"chr1",41789411,41790214,"AluJo",1578,"SetA_ER_H3K27ac","10nM",FALSE,"HIVEP3",0,"ENSG00000127124",272.504230539655,0.430226346108917,0.223945494458861,1.92112079391689,0.0547164806733407,0.55224957059396,FALSE
"chr1",41795137,41795486,"AluJr4",124,"SetA_ER_H3K27ac","10nM",FALSE,"HIVEP3",0,"ENSG00000127124",272.504230539655,0.430226346108917,0.223945494458861,1.92112079391689,0.0547164806733407,0.55224957059396,FALSE
"chr1",41860167,41860573,"AluSc8",4127,"SetA_ER_H3K27ac","10nM",FALSE,"HIVEP3",0,"ENSG00000127124",272.504230539655,0.430226346108917,0.223945494458861,1.92112079391689,0.0547164806733407,0.55224957059396,FALSE
"chr1",41866228,41866678,"AluSc8",10188,"SetA_ER_H3K27ac","10nM",FALSE,"HIVEP3",0,"ENSG00000127124",272.504230539655,0.430226346108917,0.223945494458861,1.92112079391689,0.0547164806733407,0.55224957059396,FALSE
"chr1",41868169,41868603,"AluJo",11461,"SetA_ER_H3K27ac","10nM",FALSE,"HIVEP3",0,"ENSG00000127124",272.504230539655,0.430226346108917,0.223945494458861,1.92112079391689,0.0547164806733407,0.55224957059396,FALSE
"chr1",42657536,42657906,"AluSz6",902,"SetA_ER_H3K27ac","10nM",FALSE,"ENSG00000285728",0,"ENSG00000285728",6.679025283237,1.68068026124262,1.00279252981252,1.67599998132898,0.093738196268173,0.7395436692551,FALSE
"chr1",42658053,42658302,"AluSz6",1419,"SetA_ER_H3K27ac","10nM",FALSE,"ENSG00000285728",0,"ENSG00000285728",6.679025283237,1.68068026124262,1.00279252981252,1.67599998132898,0.093738196268173,0.7395436692551,FALSE
"chr1",42973287,42973691,"AluSp",364,"SetA_ER_H3K27ac","10nM",FALSE,"SLC2A1-DT",0,"ENSG00000227533",10.5899964674002,0.133738045395791,0.986609169214204,0.135553215567932,0.892174492532262,1,FALSE
"chr1",42992357,42992799,"AluY",171,"SetA_ER_H3K27ac","10nM",FALSE,"SLC2A1-DT",0,"ENSG00000227533",10.5899964674002,0.133738045395791,0.986609169214204,0.135553215567932,0.892174492532262,1,FALSE
"chr1",42993605,42993890,"AluY",336,"SetA_ER_H3K27ac","10nM",FALSE,"SLC2A1-DT",0,"ENSG00000227533",10.5899964674002,0.133738045395791,0.986609169214204,0.135553215567932,0.892174492532262,1,FALSE
"chr1",43531921,43532104,"AluSx1",3432,"SetA_ER_H3K27ac","10nM",FALSE,"PTPRF",0,"ENSG00000142949",19017.4316424436,0.0944286923245917,0.287583187178787,0.328352617727567,0.742645064240253,1,FALSE
"chr1",43783772,43784254,"AluSz",0,"SetA_ER_H3K27ac","10nM",TRUE,"ENSG00000284989",0,"ENSG00000284989",9.76362438644304,1.58944803026179,4.09201624046986,0.388426618287147,0.697700349030718,1,FALSE
"chr1",43830825,43831192,"AluJb",490,"SetA_ER_H3K27ac","10nM",FALSE,"ENSG00000284989",0,"ENSG00000284989",9.76362438644304,1.58944803026179,4.09201624046986,0.388426618287147,0.697700349030718,1,FALSE
"chr1",43885501,43885684,"AluSx",415,"SetA_ER_H3K27ac","10nM",FALSE,"ENSG00000284989",0,"ENSG00000284989",9.76362438644304,1.58944803026179,4.09201624046986,0.388426618287147,0.697700349030718,1,FALSE
"chr1",44819469,44819799,"AluSx3",0,"SetA_ER_H3K27ac","10nM",TRUE,"PTCH2",0,"ENSG00000117425",2.77403716580933,-1.62217497091855,1.7224655909213,-0.94177496460228,0.346307865326146,1,FALSE
"chr1",45304672,45305043,"AluJb",1205,"SetA_ER_H3K27ac","10nM",FALSE,"ZSWIM5",0,"ENSG00000162415",702.560232510254,-0.083427288588299,0.196100400673193,-0.425431504993878,0.670522143467884,1,FALSE
"chr1",45305442,45305649,"AluJb",1975,"SetA_ER_H3K27ac","10nM",FALSE,"ZSWIM5",0,"ENSG00000162415",702.560232510254,-0.083427288588299,0.196100400673193,-0.425431504993878,0.670522143467884,1,FALSE
"chr1",45516779,45517341,"AluSq2",0,"SetA_ER_H3K27ac","10nM",TRUE,"PRDX1",0,"ENSG00000117450",18282.4806062739,0.146216696457273,0.173547870584843,0.842515070709507,0.39949970754572,1,FALSE
"chr1",45519333,45519628,"AluSp",0,"SetA_ER_H3K27ac","10nM",TRUE,"PRDX1",0,"ENSG00000117450",18282.4806062739,0.146216696457273,0.173547870584843,0.842515070709507,0.39949970754572,1,FALSE
"chr1",46603500,46603775,"AluSx",1074,"SetA_ER_H3K27ac","10nM",FALSE,"MKNK1",0,"ENSG00000079277",649.844871451136,0.443238275067501,0.336725845133692,1.31631795264043,0.188067347715043,0.962196076993709,FALSE
"chr1",46757752,46758303,"AluJo",1040,"SetA_ER_H3K27ac","10nM",FALSE,"CYP4B1",0,"ENSG00000142973",577.532595395858,0.00547087561992085,0.461058702267404,0.0118658981882699,0.990532605203514,1,FALSE
"chr1",49257477,49257667,"AluSc",6739,"SetA_ER_H3K27ac","10nM",FALSE,"AGBL4",0,"ENSG00000186094",83.1657363047667,-0.673358701062943,0.420793662307949,-1.60021112810905,0.1095517542973,0.796595501014443,FALSE
"chr1",51297485,51297675,"AluSz",0,"SetA_ER_H3K27ac","10nM",TRUE,"TTC39A",0,"ENSG00000085831",2454.34319348598,0.161675543786456,0.294948322942868,0.548148713555399,0.583589794137455,1,FALSE
"chr1",51306894,51307457,"AluSx3",0,"SetA_ER_H3K27ac","10nM",TRUE,"TTC39A",0,"ENSG00000085831",2454.34319348598,0.161675543786456,0.294948322942868,0.548148713555399,0.583589794137455,1,FALSE
"chr1",51321293,51321788,"AluSz",121,"SetA_ER_H3K27ac","10nM",FALSE,"TTC39A",0,"ENSG00000085831",2454.34319348598,0.161675543786456,0.294948322942868,0.548148713555399,0.583589794137455,1,FALSE
"chr1",51330424,51330617,"AluSz6",1631,"SetA_ER_H3K27ac","10nM",FALSE,"TTC39A",0,"ENSG00000085831",2454.34319348598,0.161675543786456,0.294948322942868,0.548148713555399,0.583589794137455,1,FALSE
"chr1",51541797,51542158,"AluJb",0,"SetA_ER_H3K27ac","10nM",TRUE,"EPS15-AS1",0,"ENSG00000227070",24.1145031497292,-0.0525380922947122,0.526538977032531,-0.0997800629894609,0.920518936477935,1,FALSE
"chr1",51558697,51558916,"AluY",403,"SetA_ER_H3K27ac","10nM",FALSE,"EPS15-AS1",0,"ENSG00000227070",24.1145031497292,-0.0525380922947122,0.526538977032531,-0.0997800629894609,0.920518936477935,1,FALSE
"chr1",51567494,51568081,"AluSx1",461,"SetA_ER_H3K27ac","10nM",FALSE,"EPS15-AS1",0,"ENSG00000227070",24.1145031497292,-0.0525380922947122,0.526538977032531,-0.0997800629894609,0.920518936477935,1,FALSE
"chr1",51578728,51579072,"AluSx3",0,"SetA_ER_H3K27ac","10nM",TRUE,"EPS15-AS1",0,"ENSG00000227070",24.1145031497292,-0.0525380922947122,0.526538977032531,-0.0997800629894609,0.920518936477935,1,FALSE
"chr1",51607844,51608038,"AluSz",267,"SetA_ER_H3K27ac","10nM",FALSE,"OSBPL9",0,"ENSG00000117859",5128.75010552913,0.0264439710977887,0.16809979496359,0.157311144273058,0.874999637752148,1,FALSE
"chr1",56555468,56555736,"AluJo",0,"SetA_ER_H3K27ac","10nM",TRUE,"PLPP3",0,"ENSG00000162407",599.130677238592,-0.775678146454955,0.271451686588934,-2.8575182427567,0.00426968090242408,0.103424609883688,FALSE
"chr1",56787438,56787626,"AluSz6",3635,"SetA_ER_H3K27ac","10nM",FALSE,"FYB2",0,"ENSG00000187889",9.03705300465258,0.258058459797079,0.722329354332417,0.35725871896149,0.720898130959515,1,FALSE
"chr1",56788228,56788711,"AluSz6",2550,"SetA_ER_H3K27ac","10nM",FALSE,"FYB2",0,"ENSG00000187889",9.03705300465258,0.258058459797079,0.722329354332417,0.35725871896149,0.720898130959515,1,FALSE
"chr1",61215649,61216164,"AluSx1",554,"SetA_ER_H3K27ac","10nM",FALSE,"NFIA",0,"ENSG00000162599",2588.81776662476,-0.296837003383965,0.242922602622734,-1.22194065179254,0.221730071020446,1,FALSE
"chr1",61293028,61293241,"AluJb",3962,"SetA_ER_H3K27ac","10nM",FALSE,"NFIA",0,"ENSG00000162599",2588.81776662476,-0.296837003383965,0.242922602622734,-1.22194065179254,0.221730071020446,1,FALSE
"chr1",61744310,61744561,"AluJr",0,"SetA_ER_H3K27ac","10nM",TRUE,"PATJ",0,"ENSG00000132849",2366.86822582066,-0.137893531463032,0.192693142194736,-0.715612034203461,0.474230940727986,1,FALSE
"chr1",64983134,64983530,"AluSq",2580,"SetA_ER_H3K27ac","10nM",FALSE,"JAK1",0,"ENSG00000162434",4887.11316116143,0.435252586910731,0.271789344289968,1.60143359574232,0.109280916699109,0.796451436657549,FALSE
"chr1",64990784,64990968,"AluSx3",0,"SetA_ER_H3K27ac","10nM",TRUE,"JAK1",0,"ENSG00000162434",4887.11316116143,0.435252586910731,0.271789344289968,1.60143359574232,0.109280916699109,0.796451436657549,FALSE
"chr1",64996944,64997212,"AluJb",904,"SetA_ER_H3K27ac","10nM",FALSE,"JAK1",0,"ENSG00000162434",4887.11316116143,0.435252586910731,0.271789344289968,1.60143359574232,0.109280916699109,0.796451436657549,FALSE
"chr1",65044315,65044759,"AluSx",160,"SetA_ER_H3K27ac","10nM",FALSE,"JAK1",0,"ENSG00000162434",4887.11316116143,0.435252586910731,0.271789344289968,1.60143359574232,0.109280916699109,0.796451436657549,FALSE
"chr1",71448575,71449152,"AluSz",0,"SetA_ER_H3K27ac","10nM",TRUE,"ZRANB2-DT",0,"ENSG00000229956",8.20239734238473,0.465358368316006,1.07193636861101,0.434128724374756,0.664194967718402,1,FALSE
"chr1",71461514,71461773,"AluY",3514,"SetA_ER_H3K27ac","10nM",FALSE,"ZRANB2-DT",0,"ENSG00000229956",8.20239734238473,0.465358368316006,1.07193636861101,0.434128724374756,0.664194967718402,1,FALSE
"chr1",71520168,71520460,"AluSg7",7290,"SetA_ER_H3K27ac","10nM",FALSE,"NEGR1",0,"ENSG00000172260",41.4878202770797,0.35470587734216,0.641271586713747,0.553128946753874,0.580175116530554,1,FALSE
"chr1",72003095,72003416,"AluSz",893,"SetA_ER_H3K27ac","10nM",FALSE,"NEGR1",0,"ENSG00000172260",41.4878202770797,0.35470587734216,0.641271586713747,0.553128946753874,0.580175116530554,1,FALSE
"chr1",72006715,72007021,"AluSz",2133,"SetA_ER_H3K27ac","10nM",FALSE,"NEGR1",0,"ENSG00000172260",41.4878202770797,0.35470587734216,0.641271586713747,0.553128946753874,0.580175116530554,1,FALSE
"chr1",72007383,72007566,"AluSz",2801,"SetA_ER_H3K27ac","10nM",FALSE,"NEGR1",0,"ENSG00000172260",41.4878202770797,0.35470587734216,0.641271586713747,0.553128946753874,0.580175116530554,1,FALSE
"chr1",74485342,74485623,"AluSc",5593,"SetA_ER_H3K27ac","10nM",FALSE,"FPGT-TNNI3K",0,"ENSG00000259030",3.9753993246897,3.64814515494986,1.51084681613535,2.41463602794728,0.015750940366105,0.267658836969593,FALSE
"chr1",74652294,74652973,"FLAM_C",9898,"SetA_ER_H3K27ac","10nM",FALSE,"ERICH3",0,"ENSG00000178965",9.55323297835824,-0.131646946689015,0.837069507393623,-0.157271224822086,0.875031097286211,1,FALSE
"chr1",74703331,74703720,"AluSx",2414,"SetA_ER_H3K27ac","10nM",FALSE,"CRYZ",0,"ENSG00000116791",1001.08151421811,0.0372666684197683,0.2964202593516,0.125722406765606,0.899951664564529,1,FALSE
"chr1",74704410,74704698,"AluSx",3493,"SetA_ER_H3K27ac","10nM",FALSE,"CRYZ",0,"ENSG00000116791",1001.08151421811,0.0372666684197683,0.2964202593516,0.125722406765606,0.899951664564529,1,FALSE
"chr1",76944153,76944478,"AluJo",2976,"SetA_ER_H3K27ac","10nM",FALSE,"ST6GALNAC5",0,"ENSG00000117069",71.7111456793455,0.148855358990987,0.367762276425878,0.404759728044017,0.685654133717049,1,FALSE
"chr1",76945027,76945288,"AluJo",2166,"SetA_ER_H3K27ac","10nM",FALSE,"ST6GALNAC5",0,"ENSG00000117069",71.7111456793455,0.148855358990987,0.367762276425878,0.404759728044017,0.685654133717049,1,FALSE
"chr1",85278745,85279043,"AluSx",0,"SetA_ER_H3K27ac","10nM",TRUE,"BCL10-AS1",0,"ENSG00000223653",11.0829766757606,0.143578719963985,0.645928455653437,0.222282698195634,0.824093820052368,1,FALSE
"chr1",85297858,85298182,"FLAM_A",358,"SetA_ER_H3K27ac","10nM",FALSE,"BCL10-AS1",0,"ENSG00000223653",11.0829766757606,0.143578719963985,0.645928455653437,0.222282698195634,0.824093820052368,1,FALSE
"chr1",85550951,85551253,"AluSx1",5582,"SetA_ER_H3K27ac","10nM",FALSE,"DDAH1",0,"ENSG00000153904",3653.08818169039,-0.0797314926449197,0.200283513047445,-0.398093140227833,0.690561530724515,1,FALSE
"chr1",85822700,85823080,"AluSx",2554,"SetA_ER_H3K27ac","10nM",FALSE,"COL24A1",0,"ENSG00000171502",30.3525115048283,-0.5020387962326,0.449323065841636,-1.11732255563649,0.263856434724853,1,FALSE
"chr1",85830545,85830858,"AluSc",4276,"SetA_ER_H3K27ac","10nM",FALSE,"COL24A1",0,"ENSG00000171502",30.3525115048283,-0.5020387962326,0.449323065841636,-1.11732255563649,0.263856434724853,1,FALSE
"chr1",87715061,87715391,"AluSz",1272,"SetA_ER_H3K27ac","10nM",FALSE,"PKN2-AS1",0,"ENSG00000237505",9.79379013834438,0.0652532214336283,0.907622223541673,0.0718946933438901,0.942685713220896,1,FALSE
"chr1",91749802,91750054,"AluJb",2687,"SetA_ER_H3K27ac","10nM",FALSE,"TGFBR3",0,"ENSG00000069702",315.704489611551,1.26939773586103,0.557727623752073,2.27601732781541,0.0228449725292733,0.335242870636628,FALSE
"chr1",91777607,91777902,"AluSq2",2650,"SetA_ER_H3K27ac","10nM",FALSE,"TGFBR3",0,"ENSG00000069702",315.704489611551,1.26939773586103,0.557727623752073,2.27601732781541,0.0228449725292733,0.335242870636628,FALSE
"chr1",93779767,93780061,"AluJo",2044,"SetA_ER_H3K27ac","10nM",FALSE,"BCAR3",0,"ENSG00000137936",644.208846797254,0.0747847659108871,0.270698387090473,0.276266019589886,0.782343753080797,1,FALSE
"chr1",93908793,93908998,"AluSz",3602,"SetA_ER_H3K27ac","10nM",FALSE,"GCLM",0,"ENSG00000023909",1025.45085859141,0.144713030858615,0.164940698364586,0.877363999870672,0.380288960353308,1,FALSE
"chr1",94247822,94248046,"AluJr",646,"SetA_ER_H3K27ac","10nM",FALSE,"ARHGAP29",0,"ENSG00000137962",1623.41323880031,0.0218197803065106,0.298227500147762,0.0731648835057115,0.941674910368588,1,FALSE
"chr1",94250358,94250655,"AluYh3",517,"SetA_ER_H3K27ac","10nM",FALSE,"ARHGAP29",0,"ENSG00000137962",1623.41323880031,0.0218197803065106,0.298227500147762,0.0731648835057115,0.941674910368588,1,FALSE
"chr1",107756391,107756709,"AluJo",1580,"SetA_ER_H3K27ac","10nM",FALSE,"VAV3",0,"ENSG00000134215",501.375869997248,-0.320249575852977,0.302604331159458,-1.05831127606769,0.289913553814056,1,FALSE
"chr1",107936596,107936950,"AluJr",2764,"SetA_ER_H3K27ac","10nM",FALSE,"VAV3",0,"ENSG00000134215",501.375869997248,-0.320249575852977,0.302604331159458,-1.05831127606769,0.289913553814056,1,FALSE
"chr1",108199185,108199530,"AluSx3",2154,"SetA_ER_H3K27ac","10nM",FALSE,"SLC25A24",0,"ENSG00000085491",4030.53402036045,1.2124001793022,0.226308869470503,5.35728087961758,8.44837307369779e-08,1.05520179690485e-05,TRUE
"chr1",109096442,109096657,"AluSz",777,"SetA_ER_H3K27ac","10nM",FALSE,"TMEM167B",0,"ENSG00000215717",1431.12850949174,0.0941303828684127,0.140454717343086,0.670183135526037,0.502741053166238,1,FALSE
"chr1",109115650,109116009,"AluJo",73,"SetA_ER_H3K27ac","10nM",FALSE,"ELAPOR1",0,"ENSG00000116299",12025.131426277,0.134180419378381,0.20819962825774,0.644479629964915,0.519264462554244,1,FALSE
"chr1",109138000,109138316,"AluSp",174,"SetA_ER_H3K27ac","10nM",FALSE,"ELAPOR1",0,"ENSG00000116299",12025.131426277,0.134180419378381,0.20819962825774,0.644479629964915,0.519264462554244,1,FALSE
"chr1",109151303,109151566,"AluJb",307,"SetA_ER_H3K27ac","10nM",FALSE,"ELAPOR1",0,"ENSG00000116299",12025.131426277,0.134180419378381,0.20819962825774,0.644479629964915,0.519264462554244,1,FALSE
"chr1",109152253,109152511,"AluJb",82,"SetA_ER_H3K27ac","10nM",FALSE,"ELAPOR1",0,"ENSG00000116299",12025.131426277,0.134180419378381,0.20819962825774,0.644479629964915,0.519264462554244,1,FALSE
"chr1",109154564,109154887,"AluSp",257,"SetA_ER_H3K27ac","10nM",FALSE,"ELAPOR1",0,"ENSG00000116299",12025.131426277,0.134180419378381,0.20819962825774,0.644479629964915,0.519264462554244,1,FALSE
"chr1",109199200,109199676,"AluJo",1890,"SetA_ER_H3K27ac","10nM",FALSE,"ELAPOR1",0,"ENSG00000116299",12025.131426277,0.134180419378381,0.20819962825774,0.644479629964915,0.519264462554244,1,FALSE
"chr1",109724280,109724789,"AluSx1",0,"SetA_ER_H3K27ac","10nM",TRUE,"GSTM5",0,"ENSG00000134201",9.31307442412652,0.381580611185644,0.900137510186849,0.423913687483634,0.671628761577222,1,FALSE
"chr1",109725536,109725837,"AluSx1",474,"SetA_ER_H3K27ac","10nM",FALSE,"GSTM5",0,"ENSG00000134201",9.31307442412652,0.381580611185644,0.900137510186849,0.423913687483634,0.671628761577222,1,FALSE
"chr1",109729697,109729990,"AluSc",908,"SetA_ER_H3K27ac","10nM",FALSE,"GSTM5",0,"ENSG00000134201",9.31307442412652,0.381580611185644,0.900137510186849,0.423913687483634,0.671628761577222,1,FALSE
"chr1",113147997,113148208,"AluY",238,"SetA_ER_H3K27ac","10nM",FALSE,"ENSG00000303525",0,"ENSG00000303525",3.0891117349046,-0.0287585673366696,1.34236503545796,-0.0214238054307325,0.982907583934431,1,FALSE
"chr1",113809904,113810188,"AluSq2",2133,"SetA_ER_H3K27ac","10nM",FALSE,"RSBN1",0,"ENSG00000081019",2124.63652042627,-0.0678354303666178,0.15062562234282,-0.450357842918825,0.652452437313823,1,FALSE
"chr1",113976601,113976971,"AluJb",6681,"SetA_ER_H3K27ac","10nM",FALSE,"HIPK1",0,"ENSG00000163349",17181.7367169429,-0.0109992110554747,0.240475614171403,-0.0457394031131775,0.96351795751656,1,FALSE
"chr1",114000488,114000798,"AluSx",1087,"SetA_ER_H3K27ac","10nM",FALSE,"OLFML3",0,"ENSG00000116774",49.3519196385837,1.64788629867775,0.588359374395826,2.80081591352213,0.00509735875751135,0.118586283364501,FALSE
"chr1",114034031,114034404,"AluSx",5045,"SetA_ER_H3K27ac","10nM",FALSE,"OLFML3",0,"ENSG00000116774",49.3519196385837,1.64788629867775,0.588359374395826,2.80081591352213,0.00509735875751135,0.118586283364501,FALSE
"chr1",115664838,115665074,"AluSc5",1759,"SetA_ER_H3K27ac","10nM",FALSE,"VANGL1",0,"ENSG00000173218",3591.9436602225,-0.143822075375277,0.254883518682613,-0.56426588944877,0.572573191999863,1,FALSE
"chr1",115665413,115665794,"AluSc5",2334,"SetA_ER_H3K27ac","10nM",FALSE,"VANGL1",0,"ENSG00000173218",3591.9436602225,-0.143822075375277,0.254883518682613,-0.56426588944877,0.572573191999863,1,FALSE
"chr1",116879763,116880023,"AluJr4",95,"SetA_ER_H3K27ac","10nM",FALSE,"ENSG00000302765",0,"ENSG00000302765",14.8797058425901,0.56199009898986,0.740354607942627,0.75908232752353,0.447803310086477,1,FALSE
"chr1",116919897,116920146,"AluJb",361,"SetA_ER_H3K27ac","10nM",FALSE,"PTGFRN",0,"ENSG00000134247",3628.66450762031,-0.0308796453645397,0.279871997809414,-0.110334887399374,0.912143790015263,1,FALSE
"chr1",145708130,145708705,"AluJb",0,"SetA_ER_H3K27ac","10nM",TRUE,"PDZK1",0,"ENSG00000174827",80.2648267508083,1.77441817433192,0.511225618099078,3.47091012561117,0.000518697575014614,0.019447752981411,TRUE
"chr1",147669258,147670078,"AluY",1044,"SetA_ER_H3K27ac","10nM",FALSE,"ACP6",0,"ENSG00000162836",383.653626901163,-0.266494688310814,0.24222261055847,-1.10020566493104,0.271242522922897,1,FALSE
"chr1",148376449,148376868,"AluJb",0,"SetA_ER_H3K27ac","10nM",TRUE,"LINC01138",0,"ENSG00000274020",178.964633977723,-0.517983096797549,0.31418367762185,-1.64866329377235,0.0992166340273124,0.762744523832976,FALSE
"chr1",151004073,151004359,"AluSp",0,"SetA_ER_H3K27ac","10nM",TRUE,"MINDY1",0,"ENSG00000143409",665.104778912189,1.55142280893907,0.445035481215505,3.48606543617993,0.000490181084558848,0.0185878155480531,TRUE
"chr1",151005918,151006207,"AluSx1",436,"SetA_ER_H3K27ac","10nM",FALSE,"MINDY1",0,"ENSG00000143409",665.104778912189,1.55142280893907,0.445035481215505,3.48606543617993,0.000490181084558848,0.0185878155480531,TRUE
"chr1",151006644,151006910,"AluSc",316,"SetA_ER_H3K27ac","10nM",FALSE,"MINDY1",0,"ENSG00000143409",665.104778912189,1.55142280893907,0.445035481215505,3.48606543617993,0.000490181084558848,0.0185878155480531,TRUE
"chr1",151007963,151008345,"AluSc",437,"SetA_ER_H3K27ac","10nM",FALSE,"MINDY1",0,"ENSG00000143409",665.104778912189,1.55142280893907,0.445035481215505,3.48606543617993,0.000490181084558848,0.0185878155480531,TRUE
"chr1",151514117,151514475,"AluSx",542,"SetA_ER_H3K27ac","10nM",FALSE,"CGN",0,"ENSG00000143375",4503.40574556944,-0.359796893484992,0.363744082223272,-0.989148445483555,0.3225905178811,1,FALSE
"chr1",151516446,151516752,"AluSq2",0,"SetA_ER_H3K27ac","10nM",TRUE,"CGN",0,"ENSG00000143375",4503.40574556944,-0.359796893484992,0.363744082223272,-0.989148445483555,0.3225905178811,1,FALSE
"chr1",151993976,151994412,"AluSx",126,"SetA_ER_H3K27ac","10nM",FALSE,"S100A10",118,"ENSG00000197747",8887.06710913603,-0.0160248545422418,0.158613982337895,-0.10103052899904,0.919526225522421,1,FALSE
"chr1",154190589,154190867,"AluSx1",349,"SetA_ER_H3K27ac","10nM",FALSE,"TPM3",0,"ENSG00000143549",18486.0363207667,0.00409886202561697,0.0854912727456723,0.047944800609188,0.961760234700404,1,FALSE
"chr1",154193929,154194169,"AluSx3",1871,"SetA_ER_H3K27ac","10nM",FALSE,"TPM3",0,"ENSG00000143549",18486.0363207667,0.00409886202561697,0.0854912727456723,0.047944800609188,0.961760234700404,1,FALSE
"chr1",154329345,154329602,"AluJr",2653,"SetA_ER_H3K27ac","10nM",FALSE,"ATP8B2",0,"ENSG00000143515",3011.71747881309,-0.167281123182759,0.388683518252095,-0.430378740871289,0.666920157218764,1,FALSE
"chr1",156616527,156616800,"AluJb",5,"SetA_ER_H3K27ac","10nM",FALSE,"BCAN-AS2",0,"ENSG00000229953",5.79586236391072,-0.341473657961305,1.04801702691315,-0.325828349341889,0.744554228508763,1,FALSE
"chr1",157132243,157132459,"AluSx1",0,"SetA_ER_H3K27ac","10nM",TRUE,"ETV3",0,"ENSG00000117036",1667.94632623096,-0.480309882502774,0.253081247380607,-1.8978485663161,0.0577160334049446,0.571837982927324,FALSE
"chr1",161118933,161119120,"AluSx4",1688,"SetA_ER_H3K27ac","10nM",FALSE,"NIT1",0,"ENSG00000158793",505.567563136053,0.297232069981794,0.248312942290404,1.19700595240895,0.231304234681015,1,FALSE
"chr1",161671363,161671562,"AluSz",1795,"SetA_ER_H3K27ac","10nM",FALSE,"FCGR2B",0,"ENSG00000072694",17.6270777228433,3.98130452197299,1.28026074887963,3.10976066825221,0.00187238990328341,0.054624583689366,FALSE
"chr1",162152312,162152532,"AluSz",596,"SetA_ER_H3K27ac","10nM",FALSE,"NOS1AP",0,"ENSG00000198929",240.313644458426,0.774780002398825,0.38313767202944,2.02219739524672,0.0431559632765517,0.483762179016668,FALSE
"chr1",162158707,162158924,"AluJb",2673,"SetA_ER_H3K27ac","10nM",FALSE,"NOS1AP",0,"ENSG00000198929",240.313644458426,0.774780002398825,0.38313767202944,2.02219739524672,0.0431559632765517,0.483762179016668,FALSE
"chr1",162159430,162159855,"AluJb",1742,"SetA_ER_H3K27ac","10nM",FALSE,"NOS1AP",0,"ENSG00000198929",240.313644458426,0.774780002398825,0.38313767202944,2.02219739524672,0.0431559632765517,0.483762179016668,FALSE
"chr1",162163495,162163765,"AluSp",1276,"SetA_ER_H3K27ac","10nM",FALSE,"NOS1AP",0,"ENSG00000198929",240.313644458426,0.774780002398825,0.38313767202944,2.02219739524672,0.0431559632765517,0.483762179016668,FALSE
"chr1",162165561,162166194,"AluSp",229,"SetA_ER_H3K27ac","10nM",FALSE,"NOS1AP",0,"ENSG00000198929",240.313644458426,0.774780002398825,0.38313767202944,2.02219739524672,0.0431559632765517,0.483762179016668,FALSE
"chr1",162168398,162168607,"AluSp",2038,"SetA_ER_H3K27ac","10nM",FALSE,"NOS1AP",0,"ENSG00000198929",240.313644458426,0.774780002398825,0.38313767202944,2.02219739524672,0.0431559632765517,0.483762179016668,FALSE
"chr1",164590755,164591013,"AluSc8",0,"SetA_ER_H3K27ac","10nM",TRUE,"PBX1",0,"ENSG00000185630",13938.8485512466,-0.0839278067214259,0.260929464779843,-0.321649403574408,0.747718312425447,1,FALSE
"chr1",164598680,164598971,"AluSx1",1276,"SetA_ER_H3K27ac","10nM",FALSE,"PBX1",0,"ENSG00000185630",13938.8485512466,-0.0839278067214259,0.260929464779843,-0.321649403574408,0.747718312425447,1,FALSE
"chr1",164748130,164748913,"AluJo",963,"SetA_ER_H3K27ac","10nM",FALSE,"PBX1",0,"ENSG00000185630",13938.8485512466,-0.0839278067214259,0.260929464779843,-0.321649403574408,0.747718312425447,1,FALSE
"chr1",164771746,164771929,"AluSz6",2665,"SetA_ER_H3K27ac","10nM",FALSE,"PBX1",0,"ENSG00000185630",13938.8485512466,-0.0839278067214259,0.260929464779843,-0.321649403574408,0.747718312425447,1,FALSE
"chr1",169510682,169510947,"AluJo",3563,"SetA_ER_H3K27ac","10nM",FALSE,"F5",1004,"ENSG00000198734",23.0145334251667,0.814615980449596,1.27949354971991,0.63667064255847,0.524339399997984,1,FALSE
"chr1",169517660,169517975,"AluJo",2991,"SetA_ER_H3K27ac","10nM",FALSE,"F5",0,"ENSG00000198734",23.0145334251667,0.814615980449596,1.27949354971991,0.63667064255847,0.524339399997984,1,FALSE
"chr1",169529374,169529708,"AluJr",4042,"SetA_ER_H3K27ac","10nM",FALSE,"F5",0,"ENSG00000198734",23.0145334251667,0.814615980449596,1.27949354971991,0.63667064255847,0.524339399997984,1,FALSE
"chr1",171257427,171257815,"AluY",1134,"SetA_ER_H3K27ac","10nM",FALSE,"FMO1",0,"ENSG00000010932",11.2312243400234,0.767183091644738,1.07333087511314,0.71476849258051,0.474752107099939,1,FALSE
"chr1",171258574,171258850,"AluSx",1800,"SetA_ER_H3K27ac","10nM",FALSE,"FMO1",0,"ENSG00000010932",11.2312243400234,0.767183091644738,1.07333087511314,0.71476849258051,0.474752107099939,1,FALSE
"chr1",171259568,171259849,"AluSx",801,"SetA_ER_H3K27ac","10nM",FALSE,"FMO1",0,"ENSG00000010932",11.2312243400234,0.767183091644738,1.07333087511314,0.71476849258051,0.474752107099939,1,FALSE
"chr1",175180039,175180350,"AluJr4",523,"SetA_ER_H3K27ac","10nM",FALSE,"KIAA0040",0,"ENSG00000235750",2639.17497876713,0.458129687343751,0.251100874565085,1.82448463446114,0.0680788372299676,0.627833887139036,FALSE
"chr1",175187259,175187453,"AluJr4",6109,"SetA_ER_H3K27ac","10nM",FALSE,"KIAA0040",0,"ENSG00000235750",2639.17497876713,0.458129687343751,0.251100874565085,1.82448463446114,0.0680788372299676,0.627833887139036,FALSE
"chr1",177476721,177477042,"AluJo",6018,"SetA_ER_H3K27ac","10nM",FALSE,"ENSG00000227579",0,"ENSG00000227579",4.85721947425505,1.14792665144445,1.17046377486236,0.980745133764979,0.326718440780783,1,FALSE
"chr1",177571789,177572065,"AluSg",15357,"SetA_ER_H3K27ac","10nM",FALSE,"ENSG00000227579",0,"ENSG00000227579",4.85721947425505,1.14792665144445,1.17046377486236,0.980745133764979,0.326718440780783,1,FALSE
"chr1",177585636,177585926,"AluSg",1496,"SetA_ER_H3K27ac","10nM",FALSE,"ENSG00000227579",0,"ENSG00000227579",4.85721947425505,1.14792665144445,1.17046377486236,0.980745133764979,0.326718440780783,1,FALSE
"chr1",177620691,177621005,"AluY",4195,"SetA_ER_H3K27ac","10nM",FALSE,"ENSG00000227579",0,"ENSG00000227579",4.85721947425505,1.14792665144445,1.17046377486236,0.980745133764979,0.326718440780783,1,FALSE
"chr1",178725838,178726115,"FLAM_A",1117,"SetA_ER_H3K27ac","10nM",FALSE,"RALGPS2-AS1",0,"ENSG00000273062",12.7601418833806,0.941962889845612,0.819028364033319,1.15009800784786,0.250103506808141,1,FALSE
"chr1",179866630,179866814,"AluSp",0,"SetA_ER_H3K27ac","10nM",TRUE,"TOR1AIP2",0,"ENSG00000169905",2015.67967329779,0.458321556478317,0.271433022416345,1.68852541374022,0.0913104147416279,0.732672050173147,FALSE
"chr1",179883085,179883300,"AluY",1944,"SetA_ER_H3K27ac","10nM",FALSE,"TOR1AIP1",0,"ENSG00000143337",2310.78374891347,-0.153871360225051,0.203568182974333,-0.755871364458027,0.449726324170749,1,FALSE
"chr1",180167669,180168247,"AluSz",4277,"SetA_ER_H3K27ac","10nM",FALSE,"QSOX1",0,"ENSG00000116260",6596.3118744258,0.148956033690138,0.325254107773274,0.45796818588982,0.646975297957521,1,FALSE
"chr1",180228489,180228855,"AluSg",1638,"SetA_ER_H3K27ac","10nM",FALSE,"LHX4",1333,"ENSG00000121454",1353.91520976634,5.36615419477137,0.415517307069331,12.9143939457521,3.73372221296436e-38,7.46147047038798e-34,TRUE
"chr1",180953901,180954084,"AluSx1",636,"SetA_ER_H3K27ac","10nM",FALSE,"ENSG00000243155",0,"ENSG00000243155",14.5399435662552,0.241298705396322,0.790594590288621,0.30521168290341,0.760204934998661,1,FALSE
"chr1",182603799,182604028,"AluSq2",2243,"SetA_ER_H3K27ac","10nM",FALSE,"RGS16",0,"ENSG00000143333",168.672242145185,2.28030841859645,0.486296878615668,4.68912822366404,2.74371430879348e-06,0.000237360981588437,TRUE
"chr1",183023818,183024232,"AluSz",2735,"SetA_ER_H3K27ac","10nM",FALSE,"LAMC1",0,"ENSG00000135862",3336.04951129581,0.48198018105239,0.372142723785215,1.29514874333689,0.195268922744819,0.974832413722822,FALSE
"chr1",183262887,183263120,"AluYc",417,"SetA_ER_H3K27ac","10nM",FALSE,"NMNAT2",0,"ENSG00000157064",133.667875616025,-0.423333123715156,0.609660638465698,-0.694375029328672,0.487447049251868,1,FALSE
"chr1",184408545,184408901,"AluJr",1276,"SetA_ER_H3K27ac","10nM",FALSE,"C1orf21",0,"ENSG00000116667",1792.43777998915,0.101549877685131,0.160395944332724,0.63311998384745,0.526655293194402,1,FALSE
"chr1",184482922,184483418,"AluSx1",520,"SetA_ER_H3K27ac","10nM",FALSE,"C1orf21",0,"ENSG00000116667",1792.43777998915,0.101549877685131,0.160395944332724,0.63311998384745,0.526655293194402,1,FALSE
"chr1",184484209,184484470,"AluSx1",1,"SetA_ER_H3K27ac","10nM",FALSE,"C1orf21",0,"ENSG00000116667",1792.43777998915,0.101549877685131,0.160395944332724,0.63311998384745,0.526655293194402,1,FALSE
"chr1",184626639,184627021,"AluSx1",8432,"SetA_ER_H3K27ac","10nM",FALSE,"C1orf21",0,"ENSG00000116667",1792.43777998915,0.101549877685131,0.160395944332724,0.63311998384745,0.526655293194402,1,FALSE
"chr1",200091152,200091358,"AluSc",123,"SetA_ER_H3K27ac","10nM",FALSE,"NR5A2",0,"ENSG00000116833",694.087341189135,2.70382788383783,0.524108612681215,5.15890755926656,2.48394905915119e-07,2.85282977000445e-05,TRUE
"chr1",200118722,200119021,"AluSx",409,"SetA_ER_H3K27ac","10nM",FALSE,"NR5A2",0,"ENSG00000116833",694.087341189135,2.70382788383783,0.524108612681215,5.15890755926656,2.48394905915119e-07,2.85282977000445e-05,TRUE
"chr1",201170143,201170388,"AluJo",1102,"SetA_ER_H3K27ac","10nM",FALSE,"TMEM9",0,"ENSG00000116857",1708.09791258179,0.14577082648115,0.184767686302488,0.788941126006765,0.430146417344942,1,FALSE
"chr1",201495425,201495685,"AluJr",35,"SetA_ER_H3K27ac","10nM",FALSE,"CSRP1",0,"ENSG00000159176",9255.53998235691,-0.149831577484992,0.148010907277329,-1.01230091917653,0.311394195513562,1,FALSE
"chr1",201598046,201598229,"AluSq2",922,"SetA_ER_H3K27ac","10nM",FALSE,"NAV1",0,"ENSG00000134369",501.651681679741,0.00406284997572094,0.370757528023566,0.0109582400049412,0.991256764472529,1,FALSE
"chr1",202018717,202018980,"AluSq",416,"SetA_ER_H3K27ac","10nM",FALSE,"ELF3",1535,"ENSG00000163435",4098.32933553663,1.02660939579152,0.35958751711187,2.85496394323425,0.00430417151915327,0.104007936685319,FALSE
"chr1",202132054,202132310,"AluJb",34,"SetA_ER_H3K27ac","10nM",FALSE,"GPR37L1",0,"ENSG00000170075",76.3292244142669,0.0367187468716181,0.387771627697238,0.094691679970684,0.924559726704328,1,FALSE
"chr1",202132547,202132877,"AluJb",527,"SetA_ER_H3K27ac","10nM",FALSE,"GPR37L1",0,"ENSG00000170075",76.3292244142669,0.0367187468716181,0.387771627697238,0.094691679970684,0.924559726704328,1,FALSE
"chr1",202254387,202254623,"AluSc8",143,"SetA_ER_H3K27ac","10nM",FALSE,"LGR6",0,"ENSG00000133067",75.8520826519292,0.253397717360803,0.644305625827635,0.393288072000465,0.694106727086266,1,FALSE
"chr1",202269664,202270107,"AluSp",123,"SetA_ER_H3K27ac","10nM",FALSE,"LGR6",0,"ENSG00000133067",75.8520826519292,0.253397717360803,0.644305625827635,0.393288072000465,0.694106727086266,1,FALSE
"chr1",202334723,202334929,"AluSx",990,"SetA_ER_H3K27ac","10nM",FALSE,"UBE2T",0,"ENSG00000077152",1395.65653046962,0.288863308676087,0.272524012525824,1.05995543658273,0.289164873454951,1,FALSE
"chr1",202335214,202335802,"AluSx",117,"SetA_ER_H3K27ac","10nM",FALSE,"UBE2T",0,"ENSG00000077152",1395.65653046962,0.288863308676087,0.272524012525824,1.05995543658273,0.289164873454951,1,FALSE
"chr1",203059346,203059709,"AluY",2487,"SetA_ER_H3K27ac","10nM",FALSE,"PPFIA4",0,"ENSG00000143847",12.4166384033487,3.02403376196701,1.44579056278875,2.09161260268156,0.0364731842399493,0.435816446983777,FALSE
"chr1",203089112,203089880,"AluSg7",1003,"SetA_ER_H3K27ac","10nM",FALSE,"ADORA1",774,"ENSG00000163485",39.926875191281,6.36048893142431,1.06173685488932,5.99064532999314,2.09010004999426e-09,3.81628290771176e-07,TRUE
"chr1",204104157,204104408,"AluSx",1002,"SetA_ER_H3K27ac","10nM",FALSE,"SOX13",0,"ENSG00000143842",1245.68313442466,-0.48661722473577,0.344819770030525,-1.41122193977652,0.158179182923431,0.913599072699954,FALSE
"chr1",204141256,204141466,"AluJb",132,"SetA_ER_H3K27ac","10nM",FALSE,"ETNK2",0,"ENSG00000143845",419.067285870906,0.555716407063052,0.239137394115682,2.32383734512983,0.0201342133521932,0.313366136783667,FALSE
"chr1",204148825,204149071,"AluSp",4229,"SetA_ER_H3K27ac","10nM",FALSE,"ETNK2",0,"ENSG00000143845",419.067285870906,0.555716407063052,0.239137394115682,2.32383734512983,0.0201342133521932,0.313366136783667,FALSE
"chr1",204380437,204380871,"FRAM",348,"SetA_ER_H3K27ac","10nM",FALSE,"PPP1R15B-AS1",0,"ENSG00000226330",5.71392053822258,0.664354813528963,1.01123356615992,0.656974645384646,0.511197219529856,1,FALSE
"chr1",204381157,204381409,"FRAM",0,"SetA_ER_H3K27ac","10nM",TRUE,"PPP1R15B-AS1",0,"ENSG00000226330",5.71392053822258,0.664354813528963,1.01123356615992,0.656974645384646,0.511197219529856,1,FALSE
"chr1",205506102,205506374,"AluY",976,"SetA_ER_H3K27ac","10nM",FALSE,"CDK18",0,"ENSG00000117266",1644.45897528046,0.321399969512719,0.235579846093756,1.36429314664213,0.172475321997747,0.940233586051089,FALSE
"chr1",206688870,206689223,"AluY",0,"SetA_ER_H3K27ac","10nM",TRUE,"MAPKAPK2",0,"ENSG00000162889",7535.4218706944,0.137817942657238,0.218078468209348,0.63196492431769,0.527409797359432,1,FALSE
"chr1",206797026,206797243,"FAM",891,"SetA_ER_H3K27ac","10nM",FALSE,"IL19",0,"ENSG00000142224",9.52879576805258,4.36093268640658,1.18631067685668,3.67604605731237,0.000236876775489352,0.0101148407721778,TRUE
"chr1",206815202,206815409,"AluSz6",513,"SetA_ER_H3K27ac","10nM",FALSE,"IL19",0,"ENSG00000142224",9.52879576805258,4.36093268640658,1.18631067685668,3.67604605731237,0.000236876775489352,0.0101148407721778,TRUE
"chr1",206841984,206842264,"AluJr",1293,"SetA_ER_H3K27ac","10nM",FALSE,"IL19",0,"ENSG00000142224",9.52879576805258,4.36093268640658,1.18631067685668,3.67604605731237,0.000236876775489352,0.0101148407721778,TRUE
"chr1",206843410,206844153,"AluJr",0,"SetA_ER_H3K27ac","10nM",TRUE,"IL19",430,"ENSG00000142224",9.52879576805258,4.36093268640658,1.18631067685668,3.67604605731237,0.000236876775489352,0.0101148407721778,TRUE
"chr1",206898624,206898922,"AluSx1",439,"SetA_ER_H3K27ac","10nM",FALSE,"IL24",0,"ENSG00000162892",23.0725878841363,3.98071933650637,1.15061345717119,3.45964955624026,0.000540878819405622,0.0201283469776573,TRUE
"chr1",206901246,206901573,"AluSx1",3061,"SetA_ER_H3K27ac","10nM",FALSE,"IL24",0,"ENSG00000162892",23.0725878841363,3.98071933650637,1.15061345717119,3.45964955624026,0.000540878819405622,0.0201283469776573,TRUE
"chr1",206903576,206904142,"AluSx1",5391,"SetA_ER_H3K27ac","10nM",FALSE,"IL24",0,"ENSG00000162892",23.0725878841363,3.98071933650637,1.15061345717119,3.45964955624026,0.000540878819405622,0.0201283469776573,TRUE
"chr1",206906086,206906327,"AluSx1",7901,"SetA_ER_H3K27ac","10nM",FALSE,"FCMR",0,"ENSG00000162894",167.663160765996,1.38496802261484,0.442622234017635,3.12900689611462,0.00175398191793664,0.0516984876814834,FALSE
"chr1",207948669,207949255,"AluJb",458,"SetA_ER_H3K27ac","10nM",FALSE,"LINC02767",0,"ENSG00000284237",2.87881248910994,-1.19919205441018,1.57491294200938,-0.761433868770026,0.446397964382776,1,FALSE
"chr1",207950820,207951248,"AluJb",2609,"SetA_ER_H3K27ac","10nM",FALSE,"LINC02767",0,"ENSG00000284237",2.87881248910994,-1.19919205441018,1.57491294200938,-0.761433868770026,0.446397964382776,1,FALSE
"chr1",210366987,210367234,"AluSz",341,"SetA_ER_H3K27ac","10nM",FALSE,"HHAT",0,"ENSG00000054392",238.031258001606,-0.00224560794943262,0.352227243600154,-0.00637545218387998,0.994913159594652,1,FALSE
"chr1",211258864,211259193,"AluSc",1747,"SetA_ER_H3K27ac","10nM",FALSE,"ENSG00000297328",0,"ENSG00000297328",6.71363449918131,-0.555930828543036,0.810581711071781,-0.685841810824924,0.492812867329851,1,FALSE
"chr1",212466926,212467243,"AluSx",624,"SetA_ER_H3K27ac","10nM",FALSE,"LINC02771",0,"ENSG00000224535",10.229353006095,1.28622367557381,0.719293504004966,1.78817640978575,0.073747550987759,0.659995995942398,FALSE
"chr1",212467712,212467907,"AluSx",593,"SetA_ER_H3K27ac","10nM",FALSE,"LINC02771",0,"ENSG00000224535",10.229353006095,1.28622367557381,0.719293504004966,1.78817640978575,0.073747550987759,0.659995995942398,FALSE
"chr1",212557953,212558288,"AluSg7",2969,"SetA_ER_H3K27ac","10nM",FALSE,"ENSG00000260805",0,"ENSG00000260805",71.4555783928726,0.477953615064273,0.268844394902982,1.77780762450619,0.075435455826696,0.668515365516937,FALSE
"chr1",223149044,223149483,"FAM",467,"SetA_ER_H3K27ac","10nM",FALSE,"ENSG00000236846",0,"ENSG00000236846",2.67935008149198,0.42601716262956,1.40304469802352,0.303637626962058,0.761403981979548,1,FALSE
"chr1",223303400,223303669,"AluJr",244,"SetA_ER_H3K27ac","10nM",FALSE,"SUSD4",0,"ENSG00000143502",359.008152571244,0.364584917566018,0.362607994994391,1.00545195527655,0.314679272984074,1,FALSE
"chr1",229161598,229161916,"AluJo",30,"SetA_ER_H3K27ac","10nM",FALSE,"LINC02814",0,"ENSG00000236975",33.3147932682657,-0.206681487929968,0.671140044828213,-0.307955827584198,0.758115944366285,1,FALSE
"chr1",229162241,229162612,"AluSc",28,"SetA_ER_H3K27ac","10nM",FALSE,"LINC02814",0,"ENSG00000236975",33.3147932682657,-0.206681487929968,0.671140044828213,-0.307955827584198,0.758115944366285,1,FALSE
"chr1",229165370,229165809,"AluSx",454,"SetA_ER_H3K27ac","10nM",FALSE,"LINC02814",0,"ENSG00000236975",33.3147932682657,-0.206681487929968,0.671140044828213,-0.307955827584198,0.758115944366285,1,FALSE
"chr1",229221397,229221742,"AluJr4",445,"SetA_ER_H3K27ac","10nM",FALSE,"LINC02814",0,"ENSG00000236975",33.3147932682657,-0.206681487929968,0.671140044828213,-0.307955827584198,0.758115944366285,1,FALSE
"chr1",229223410,229223711,"AluSc",193,"SetA_ER_H3K27ac","10nM",FALSE,"LINC02814",0,"ENSG00000236975",33.3147932682657,-0.206681487929968,0.671140044828213,-0.307955827584198,0.758115944366285,1,FALSE
"chr1",230057695,230058206,"AluSx",3624,"SetA_ER_H3K27ac","10nM",FALSE,"GALNT2",0,"ENSG00000143641",4495.85479851456,0.223071649855997,0.242808427212929,0.918714611418226,0.358244865223786,1,FALSE
"chr1",230680682,230680977,"AluSz",2811,"SetA_ER_H3K27ac","10nM",FALSE,"COG2",0,"ENSG00000135775",1321.8375748539,0.0651927233605909,0.208926127033441,0.312037198440748,0.755012253432127,1,FALSE
"chr1",231982427,231982854,"AluJo",1185,"SetA_ER_H3K27ac","10nM",FALSE,"DISC1",0,"ENSG00000162946",81.2239631762873,-0.362480008005039,0.384080685884166,-0.943760051799008,0.34529227892292,1,FALSE
"chr1",231987041,231987456,"AluSz",451,"SetA_ER_H3K27ac","10nM",FALSE,"DISC1",0,"ENSG00000162946",81.2239631762873,-0.362480008005039,0.384080685884166,-0.943760051799008,0.34529227892292,1,FALSE
"chr1",233081679,233081930,"AluSg7",306,"SetA_ER_H3K27ac","10nM",FALSE,"PCNX2",0,"ENSG00000135749",198.874784247881,0.413643134089291,0.468181160972222,0.88351084701982,0.376960324531998,1,FALSE
"chr1",233615338,233615585,"AluJo",2041,"SetA_ER_H3K27ac","10nM",FALSE,"KCNK1",0,"ENSG00000135750",1031.19082272836,1.04314249903483,0.225158495932539,4.63292532984131,3.60534605123139e-06,0.000305293370711051,TRUE
"chr1",233636061,233636360,"AluY",555,"SetA_ER_H3K27ac","10nM",FALSE,"KCNK1",0,"ENSG00000135750",1031.19082272836,1.04314249903483,0.225158495932539,4.63292532984131,3.60534605123139e-06,0.000305293370711051,TRUE
"chr1",234724836,234725093,"AluSc5",2909,"SetA_ER_H3K27ac","10nM",FALSE,"LINC01132",0,"ENSG00000227630",11.4704492327967,-0.536047968089322,0.668607947643841,-0.801737355917384,0.422704902207144,1,FALSE
"chr1",234963176,234963521,"FLAM_C",2370,"SetA_ER_H3K27ac","10nM",FALSE,"LNCATV",0,"ENSG00000238005",5.84908536972042,0.302019782220853,1.51827644929321,0.198922786664741,0.842323144526859,1,FALSE
"chr1",234963633,234963859,"FLAM_C",2032,"SetA_ER_H3K27ac","10nM",FALSE,"LNCATV",0,"ENSG00000238005",5.84908536972042,0.302019782220853,1.51827644929321,0.198922786664741,0.842323144526859,1,FALSE
"chr1",235068475,235068712,"FLAM_C",156,"SetA_ER_H3K27ac","10nM",FALSE,"LINC01348",0,"ENSG00000280587",5.36831207593097,-0.363958802859353,1.5925160888638,-0.228543250146392,0.819223936892263,1,FALSE
"chr1",235296096,235296335,"AluJb",134,"SetA_ER_H3K27ac","10nM",FALSE,"ARID4B",0,"ENSG00000054267",1323.47239710667,-0.278060864763678,0.178169596803358,-1.5606527137768,0.118605713914368,0.819828593363801,FALSE
"chr1",244050175,244050438,"AluY",17681,"SetA_ER_H3K27ac","10nM",FALSE,"ZBTB18",0,"ENSG00000179456",941.282550361623,0.630620753849997,0.567343153752145,1.11153320469166,0.266338905690257,1,FALSE
"chr1",246219225,246219816,"AluY",592,"SetA_ER_H3K27ac","10nM",FALSE,"SMYD3",0,"ENSG00000185420",231.884076270212,0.363678131220438,0.411179745052434,0.884474820553385,0.376439948955573,1,FALSE
"chr10",147765,148003,"AluY",1333,"SetA_ER_H3K27ac","10nM",FALSE,"ZMYND11",0,"ENSG00000015171",6027.45472948354,0.0639286540055668,0.225190438688601,0.283887070773768,0.776496925078157,1,FALSE
"chr10",373507,373755,"AluSx3",1134,"SetA_ER_H3K27ac","10nM",FALSE,"DIP2C",0,"ENSG00000151240",1388.19821343104,0.0460125644039756,0.267027781477134,0.172313772557466,0.863190857365424,1,FALSE
"chr10",436229,436481,"AluJr",1671,"SetA_ER_H3K27ac","10nM",FALSE,"DIP2C",0,"ENSG00000151240",1388.19821343104,0.0460125644039756,0.267027781477134,0.172313772557466,0.863190857365424,1,FALSE
"chr10",517291,517616,"AluSz6",1543,"SetA_ER_H3K27ac","10nM",FALSE,"DIP2C",0,"ENSG00000151240",1388.19821343104,0.0460125644039756,0.267027781477134,0.172313772557466,0.863190857365424,1,FALSE
"chr10",2399928,2400311,"AluSx1",1352,"SetA_ER_H3K27ac","10nM",FALSE,"LINC02645",0,"ENSG00000234170",5.40545877989741,-0.326176842513405,1.33922131782802,-0.243557086622849,0.80757386739867,1,FALSE
"chr10",2400492,2400764,"AluSx1",1916,"SetA_ER_H3K27ac","10nM",FALSE,"LINC02645",0,"ENSG00000234170",5.40545877989741,-0.326176842513405,1.33922131782802,-0.243557086622849,0.80757386739867,1,FALSE
"chr10",2448051,2448310,"AluJr",3307,"SetA_ER_H3K27ac","10nM",FALSE,"LINC02645",0,"ENSG00000234170",5.40545877989741,-0.326176842513405,1.33922131782802,-0.243557086622849,0.80757386739867,1,FALSE
"chr10",5488217,5488636,"AluSx1",0,"SetA_ER_H3K27ac","10nM",TRUE,"ENSG00000288922",0,"ENSG00000288922",1229.0127796645,0.196864007782642,0.270570621271361,0.727588260904361,0.466865668784142,1,FALSE
"chr10",5496620,5496899,"AluSx",1091,"SetA_ER_H3K27ac","10nM",FALSE,"ENSG00000288922",0,"ENSG00000288922",1229.0127796645,0.196864007782642,0.270570621271361,0.727588260904361,0.466865668784142,1,FALSE
"chr10",5545031,5545364,"AluJb",4688,"SetA_ER_H3K27ac","10nM",FALSE,"CALML3-AS1",0,"ENSG00000205488",45.8025187215171,0.382623015408834,0.718925750835641,0.532214926178529,0.594577146248947,1,FALSE
"chr10",5546133,5546348,"AluJb",5790,"SetA_ER_H3K27ac","10nM",FALSE,"CALML3-AS1",0,"ENSG00000205488",45.8025187215171,0.382623015408834,0.718925750835641,0.532214926178529,0.594577146248947,1,FALSE
"chr10",5548281,5548491,"AluJo",7202,"SetA_ER_H3K27ac","10nM",FALSE,"CALML3-AS1",0,"ENSG00000205488",45.8025187215171,0.382623015408834,0.718925750835641,0.532214926178529,0.594577146248947,1,FALSE
"chr10",5656586,5656990,"AluSx3",33,"SetA_ER_H3K27ac","10nM",FALSE,"ASB13",0,"ENSG00000196372",914.542610498373,1.44308854474467,0.389297476043834,3.70690444595172,0.000209808058351086,0.00922731297622627,TRUE
"chr10",5659913,5660632,"AluJb",855,"SetA_ER_H3K27ac","10nM",FALSE,"ASB13",0,"ENSG00000196372",914.542610498373,1.44308854474467,0.389297476043834,3.70690444595172,0.000209808058351086,0.00922731297622627,TRUE
"chr10",6153321,6153608,"AluSx1",0,"SetA_ER_H3K27ac","10nM",TRUE,"PFKFB3",0,"ENSG00000170525",2347.20219863858,2.36304769731079,0.575674679195036,4.10483174388533,4.04609259679433e-05,0.00229707711518005,TRUE
"chr10",6154733,6155078,"AluY",120,"SetA_ER_H3K27ac","10nM",FALSE,"PFKFB3",0,"ENSG00000170525",2347.20219863858,2.36304769731079,0.575674679195036,4.10483174388533,4.04609259679433e-05,0.00229707711518005,TRUE
"chr10",6200752,6200961,"AluJb",959,"SetA_ER_H3K27ac","10nM",FALSE,"PFKFB3",0,"ENSG00000170525",2347.20219863858,2.36304769731079,0.575674679195036,4.10483174388533,4.04609259679433e-05,0.00229707711518005,TRUE
"chr10",7945858,7946149,"AluJb",293,"SetA_ER_H3K27ac","10nM",FALSE,"TAF3",0,"ENSG00000165632",1271.98024350685,-0.344123704994036,0.210905433476129,-1.63164930994053,0.102753384178716,0.773649709664101,FALSE
"chr10",11831577,11831861,"AluSz",985,"SetA_ER_H3K27ac","10nM",FALSE,"PROSER2",0,"ENSG00000148426",410.743908631019,0.365313592954104,0.281751841929097,1.2965792537606,0.194775994530702,0.974316054689223,FALSE
"chr10",12605799,12606125,"AluSc8",617,"SetA_ER_H3K27ac","10nM",FALSE,"CAMK1D",0,"ENSG00000183049",149.868316041959,-0.0632811575712047,0.459771575750054,-0.137636080412257,0.890528038842274,1,FALSE
"chr10",14074366,14074706,"AluSz",251,"SetA_ER_H3K27ac","10nM",FALSE,"FRMD4A",0,"ENSG00000151474",556.052868109167,-0.321982017860361,0.276955448850926,-1.16257693862406,0.245001191886402,1,FALSE
"chr10",14407567,14407956,"AluSx1",654,"SetA_ER_H3K27ac","10nM",FALSE,"FRMD4A",0,"ENSG00000151474",556.052868109167,-0.321982017860361,0.276955448850926,-1.16257693862406,0.245001191886402,1,FALSE
"chr10",17445534,17446195,"AluSq2",586,"SetA_ER_H3K27ac","10nM",FALSE,"ST8SIA6",0,"ENSG00000148488",367.751413095913,0.220300242623792,0.427133302341244,0.515764613567384,0.606018820307041,1,FALSE
"chr10",19177794,19178184,"AluSx1",501,"SetA_ER_H3K27ac","10nM",FALSE,"MALRD1",0,"ENSG00000204740",1364.74746407749,0.130002229483284,0.247679381101089,0.52488111406506,0.599665839039105,1,FALSE
"chr10",19205531,19205714,"AluSx1",1780,"SetA_ER_H3K27ac","10nM",FALSE,"MALRD1",0,"ENSG00000204740",1364.74746407749,0.130002229483284,0.247679381101089,0.52488111406506,0.599665839039105,1,FALSE
"chr10",19221496,19221747,"AluJo",1774,"SetA_ER_H3K27ac","10nM",FALSE,"MALRD1",0,"ENSG00000204740",1364.74746407749,0.130002229483284,0.247679381101089,0.52488111406506,0.599665839039105,1,FALSE
"chr10",19227691,19227949,"AluSx3",3102,"SetA_ER_H3K27ac","10nM",FALSE,"MALRD1",0,"ENSG00000204740",1364.74746407749,0.130002229483284,0.247679381101089,0.52488111406506,0.599665839039105,1,FALSE
"chr10",19228363,19228608,"AluSx1",3606,"SetA_ER_H3K27ac","10nM",FALSE,"MALRD1",0,"ENSG00000204740",1364.74746407749,0.130002229483284,0.247679381101089,0.52488111406506,0.599665839039105,1,FALSE
"chr10",19232406,19232729,"AluSx1",0,"SetA_ER_H3K27ac","10nM",TRUE,"MALRD1",0,"ENSG00000204740",1364.74746407749,0.130002229483284,0.247679381101089,0.52488111406506,0.599665839039105,1,FALSE
"chr10",19904133,19904391,"AluSx3",6338,"SetA_ER_H3K27ac","10nM",FALSE,"PLXDC2",0,"ENSG00000120594",1006.52607133463,-0.0859808822244056,0.155869756366997,-0.551620046303034,0.581208699106795,1,FALSE
"chr10",22003041,22003224,"AluSq2",1356,"SetA_ER_H3K27ac","10nM",FALSE,"DNAJC1",0,"ENSG00000136770",2134.4581066093,0.170640330720448,0.317352555490436,0.537699563996706,0.590784480309759,1,FALSE
"chr10",22582872,22583108,"AluJo",753,"SetA_ER_H3K27ac","10nM",FALSE,"PIP4K2A",0,"ENSG00000150867",2061.22531393817,0.175166751824126,0.248030615586947,0.706230363576714,0.48004489077567,1,FALSE
"chr10",22583683,22584196,"AluSz6",1414,"SetA_ER_H3K27ac","10nM",FALSE,"PIP4K2A",0,"ENSG00000150867",2061.22531393817,0.175166751824126,0.248030615586947,0.706230363576714,0.48004489077567,1,FALSE
"chr10",22633008,22633416,"AluJr",2769,"SetA_ER_H3K27ac","10nM",FALSE,"PIP4K2A",0,"ENSG00000150867",2061.22531393817,0.175166751824126,0.248030615586947,0.706230363576714,0.48004489077567,1,FALSE
"chr10",22634689,22635010,"AluJr",1239,"SetA_ER_H3K27ac","10nM",FALSE,"PIP4K2A",0,"ENSG00000150867",2061.22531393817,0.175166751824126,0.248030615586947,0.706230363576714,0.48004489077567,1,FALSE
"chr10",22680688,22680969,"AluJb",424,"SetA_ER_H3K27ac","10nM",FALSE,"PIP4K2A",0,"ENSG00000150867",2061.22531393817,0.175166751824126,0.248030615586947,0.706230363576714,0.48004489077567,1,FALSE
"chr10",22683336,22683626,"AluJb",1639,"SetA_ER_H3K27ac","10nM",FALSE,"PIP4K2A",0,"ENSG00000150867",2061.22531393817,0.175166751824126,0.248030615586947,0.706230363576714,0.48004489077567,1,FALSE
"chr10",24207816,24208065,"AluSc8",2018,"SetA_ER_H3K27ac","10nM",FALSE,"KIAA1217",0,"ENSG00000120549",1708.43736031088,-0.242621273082806,0.245513495705334,-0.988219700044516,0.323045062115292,1,FALSE
"chr10",26982142,26982487,"AluYm1",2900,"SetA_ER_H3K27ac","10nM",FALSE,"ANKRD26",0,"ENSG00000107890",188.448906669106,0.214548914667424,0.426045008426973,0.503582744601499,0.614554620760998,1,FALSE
"chr10",28256852,28257167,"AluSc8",1149,"SetA_ER_H3K27ac","10nM",FALSE,"MPP7",0,"ENSG00000150054",1142.42989811936,0.162131706929425,0.172387674173907,0.940506377305516,0.346957880010531,1,FALSE
"chr10",28495954,28497048,"FLAM_C",0,"SetA_ER_H3K27ac","10nM",TRUE,"LINC02652",0,"ENSG00000237128",10.6004760307058,-0.296701466048445,1.13234089309772,-0.262024861821218,0.793302274677557,1,FALSE
"chr10",28900425,28900611,"AluY",486,"SetA_ER_H3K27ac","10nM",FALSE,"LINC01517",0,"ENSG00000232624",35.3817414492484,-0.0886611900473932,0.574925077052226,-0.154213468130456,0.87744142318912,1,FALSE
"chr10",28925367,28925854,"AluSx1",156,"SetA_ER_H3K27ac","10nM",FALSE,"LINC01517",0,"ENSG00000232624",35.3817414492484,-0.0886611900473932,0.574925077052226,-0.154213468130456,0.87744142318912,1,FALSE
"chr10",28939768,28940154,"AluJr",1267,"SetA_ER_H3K27ac","10nM",FALSE,"LINC01517",0,"ENSG00000232624",35.3817414492484,-0.0886611900473932,0.574925077052226,-0.154213468130456,0.87744142318912,1,FALSE
"chr10",29107927,29108267,"AluSc",830,"SetA_ER_H3K27ac","10nM",FALSE,"ENSG00000299869",0,"ENSG00000299869",9.20243464677345,0.151019567964755,0.971252027589395,0.155489578065107,0.87643536951835,1,FALSE
"chr10",29109049,29109319,"AluSc",1952,"SetA_ER_H3K27ac","10nM",FALSE,"ENSG00000299869",0,"ENSG00000299869",9.20243464677345,0.151019567964755,0.971252027589395,0.155489578065107,0.87643536951835,1,FALSE
"chr10",29110475,29110832,"AluJr",1358,"SetA_ER_H3K27ac","10nM",FALSE,"ENSG00000299869",0,"ENSG00000299869",9.20243464677345,0.151019567964755,0.971252027589395,0.155489578065107,0.87643536951835,1,FALSE
"chr10",29124781,29125368,"AluY",0,"SetA_ER_H3K27ac","10nM",TRUE,"ENSG00000299869",0,"ENSG00000299869",9.20243464677345,0.151019567964755,0.971252027589395,0.155489578065107,0.87643536951835,1,FALSE
"chr10",29622460,29622774,"AluY",183,"SetA_ER_H3K27ac","10nM",FALSE,"SVIL",0,"ENSG00000197321",1470.58730671338,0.588147392340721,0.404779453805457,1.4530070308939,0.146221801890787,0.889745259706725,FALSE
"chr10",29630232,29630720,"AluJr",244,"SetA_ER_H3K27ac","10nM",FALSE,"SVIL",0,"ENSG00000197321",1470.58730671338,0.588147392340721,0.404779453805457,1.4530070308939,0.146221801890787,0.889745259706725,FALSE
"chr10",31759069,31759373,"FLAM_A",159,"SetA_ER_H3K27ac","10nM",FALSE,"ZEBTR",0,"ENSG00000289412",15.3488833936693,0.630333045445801,0.716865173814018,0.879290930109172,0.379243552362791,1,FALSE
"chr10",32651542,32652026,"AluSz",3497,"SetA_ER_H3K27ac","10nM",FALSE,"CCDC7",0,"ENSG00000216937",41.0623323934999,0.126426940289672,0.591912832834222,0.213590470212157,0.83086643158002,1,FALSE
"chr10",34427396,34427748,"FLAM_A",622,"SetA_ER_H3K27ac","10nM",FALSE,"PARD3",0,"ENSG00000148498",860.88267026107,-0.133003745352164,0.239582218645666,-0.555148650446684,0.578792988393724,1,FALSE
"chr10",43026337,43026808,"AluSx",4579,"SetA_ER_H3K27ac","10nM",FALSE,"LINC01264",0,"ENSG00000229630",4.9049627584721,0.370548276296748,1.06215943271153,0.348863141337262,0.727192057707914,1,FALSE
"chr10",43082155,43082431,"FLAM_C",7687,"SetA_ER_H3K27ac","10nM",FALSE,"RET",0,"ENSG00000165731",1443.85821881603,1.38292428382663,0.215696748398793,6.41142851754908,1.44162351334374e-10,3.47101256513991e-08,TRUE
"chr10",43110712,43111144,"AluJb",2377,"SetA_ER_H3K27ac","10nM",FALSE,"RET",0,"ENSG00000165731",1443.85821881603,1.38292428382663,0.215696748398793,6.41142851754908,1.44162351334374e-10,3.47101256513991e-08,TRUE
"chr10",43111842,43112080,"AluJb",3507,"SetA_ER_H3K27ac","10nM",FALSE,"RET",0,"ENSG00000165731",1443.85821881603,1.38292428382663,0.215696748398793,6.41142851754908,1.44162351334374e-10,3.47101256513991e-08,TRUE
"chr10",46046615,46046857,"AluJo",1067,"SetA_ER_H3K27ac","10nM",FALSE,"MSMB",0,"ENSG00000263639",32.1887592750643,-0.148082876920572,0.614911556425786,-0.240819798185796,0.80969478439699,1,FALSE
"chr10",46048075,46048436,"AluJr4",188,"SetA_ER_H3K27ac","10nM",FALSE,"MSMB",0,"ENSG00000263639",32.1887592750643,-0.148082876920572,0.614911556425786,-0.240819798185796,0.80969478439699,1,FALSE
"chr10",50361160,50361447,"AluSz6",2459,"SetA_ER_H3K27ac","10nM",FALSE,"SGMS1",0,"ENSG00000198964",1642.06522138422,-4.94158431816353e-05,0.285286831324672,-0.000173214595823378,0.999861794748978,1,FALSE
"chr10",50473884,50474336,"AluSx",1637,"SetA_ER_H3K27ac","10nM",FALSE,"SGMS1",0,"ENSG00000198964",1642.06522138422,-4.94158431816353e-05,0.285286831324672,-0.000173214595823378,0.999861794748978,1,FALSE
"chr10",52313337,52313538,"AluJb",2446,"SetA_ER_H3K27ac","10nM",FALSE,"PRKG1-AS1",0,"ENSG00000236671",55.8519571174652,0.397579604828972,0.546928685407092,0.726931344866367,0.467268014392964,1,FALSE
"chr10",59323093,59323654,"AluSx1",5724,"SetA_ER_H3K27ac","10nM",FALSE,"FAM13C",0,"ENSG00000148541",15.6478425159709,2.66909558983439,1.2912410632329,2.06707768660311,0.0387268342769818,0.453910296886337,FALSE
"chr10",59350261,59350851,"AluSz",205,"SetA_ER_H3K27ac","10nM",FALSE,"FAM13C",0,"ENSG00000148541",15.6478425159709,2.66909558983439,1.2912410632329,2.06707768660311,0.0387268342769818,0.453910296886337,FALSE
"chr10",59351149,59351376,"AluSz",0,"SetA_ER_H3K27ac","10nM",TRUE,"FAM13C",0,"ENSG00000148541",15.6478425159709,2.66909558983439,1.2912410632329,2.06707768660311,0.0387268342769818,0.453910296886337,FALSE
"chr10",59835417,59835749,"AluJo",27,"SetA_ER_H3K27ac","10nM",FALSE,"CCDC6",0,"ENSG00000108091",8125.86076705439,-0.364943438646229,0.309857577069373,-1.17777800400383,0.23888511987651,1,FALSE
"chr10",60173308,60173592,"AluJb",1149,"SetA_ER_H3K27ac","10nM",FALSE,"ANK3",0,"ENSG00000151150",3543.0735536963,-0.20731799148901,0.2450627571508,-0.845979184676503,0.397564356385853,1,FALSE
"chr10",60942914,60943176,"AluSx3",2725,"SetA_ER_H3K27ac","10nM",FALSE,"RHOBTB1",0,"ENSG00000072422",299.585217718042,1.25290012757693,0.292181426750986,4.2880895665032,1.8021642795693e-05,0.00118859574135026,TRUE
"chr10",61409854,61410182,"AluJb",833,"SetA_ER_H3K27ac","10nM",FALSE,"TMEM26",0,"ENSG00000196932",11.9399865900751,-1.09174200635378,1.19863113211898,-0.910824003397741,0.362388113032526,1,FALSE
"chr10",61668350,61668578,"AluY",2449,"SetA_ER_H3K27ac","10nM",FALSE,"CABCOCO1",0,"ENSG00000183346",78.3883801347179,0.525099713113933,0.849855565706198,0.617869358398088,0.536661458878938,1,FALSE
"chr10",63630549,63631309,"AluJr",258,"SetA_ER_H3K27ac","10nM",FALSE,"ENSG00000286373",0,"ENSG00000286373",42.8876862279627,0.718304308497392,0.53704140317988,1.33752128652323,0.181052538710549,0.951644699317062,FALSE
"chr10",63653541,63653829,"AluSx",1085,"SetA_ER_H3K27ac","10nM",FALSE,"ENSG00000286373",0,"ENSG00000286373",42.8876862279627,0.718304308497392,0.53704140317988,1.33752128652323,0.181052538710549,0.951644699317062,FALSE
"chr10",67835527,67835772,"AluSc",0,"SetA_ER_H3K27ac","10nM",TRUE,"DNAJC12",0,"ENSG00000108176",1149.6891299299,0.213901062408804,0.360546749955668,0.593268591202403,0.553001415190972,1,FALSE
"chr10",68087265,68087630,"AluSx1",409,"SetA_ER_H3K27ac","10nM",FALSE,"MYPN",267,"ENSG00000138347",4.28368365978491,0.579580781090635,1.16921289164386,0.495701668389726,0.620104909812962,1,FALSE
"chr10",69315062,69315477,"FLAM_C",0,"SetA_ER_H3K27ac","10nM",TRUE,"HK1",0,"ENSG00000156515",12548.0690397589,0.551380362850969,0.125443746946836,4.39543920100416,1.10549003902634e-05,0.000775161857540436,TRUE
"chr10",69316187,69316541,"FLAM_C",1112,"SetA_ER_H3K27ac","10nM",FALSE,"HK1",0,"ENSG00000156515",12548.0690397589,0.551380362850969,0.125443746946836,4.39543920100416,1.10549003902634e-05,0.000775161857540436,TRUE
"chr10",69319409,69319659,"AluJo",1566,"SetA_ER_H3K27ac","10nM",FALSE,"HK1",0,"ENSG00000156515",12548.0690397589,0.551380362850969,0.125443746946836,4.39543920100416,1.10549003902634e-05,0.000775161857540436,TRUE
"chr10",70867104,70867302,"AluSx1",0,"SetA_ER_H3K27ac","10nM",TRUE,"SGPL1",0,"ENSG00000166224",5212.39686000443,0.0729421608417596,0.209507129161482,0.348160757744611,0.727719457048114,1,FALSE
"chr10",70868185,70868410,"AluSx1",609,"SetA_ER_H3K27ac","10nM",FALSE,"SGPL1",0,"ENSG00000166224",5212.39686000443,0.0729421608417596,0.209507129161482,0.348160757744611,0.727719457048114,1,FALSE
"chr10",72331653,72331863,"AluY",676,"SetA_ER_H3K27ac","10nM",FALSE,"DNAJB12",967,"ENSG00000148719",2361.91834595548,0.0639975534098585,0.19891454472731,0.321733905871952,0.747654289283521,1,FALSE
"chr10",74899842,74900223,"AluSq2",269,"SetA_ER_H3K27ac","10nM",FALSE,"KAT6B",0,"ENSG00000156650",1991.35324239287,0.516599410243331,0.192376386748317,2.68535769371316,0.007245222089266,0.152439855428035,FALSE
"chr10",74901365,74901755,"AluSq2",1792,"SetA_ER_H3K27ac","10nM",FALSE,"KAT6B",0,"ENSG00000156650",1991.35324239287,0.516599410243331,0.192376386748317,2.68535769371316,0.007245222089266,0.152439855428035,FALSE
"chr10",75235801,75236002,"AluSz6",813,"SetA_ER_H3K27ac","10nM",FALSE,"COMTD1",0,"ENSG00000165644",893.289492557886,0.275551603883747,0.226232623924765,1.21800118437111,0.22322352267054,1,FALSE
"chr10",75245406,75245699,"AluSx",1089,"SetA_ER_H3K27ac","10nM",FALSE,"ZNF503-AS1",0,"ENSG00000226051",3.20632108932719,0.199806313065777,1.30076806518172,0.153606410254133,0.877920082279219,1,FALSE
"chr10",76115352,76115565,"AluSx",4625,"SetA_ER_H3K27ac","10nM",FALSE,"LRMDA",0,"ENSG00000148655",55.3699197832778,-0.514839523414503,0.820291128598314,-0.62763024670795,0.530246189620338,1,FALSE
"chr10",77410025,77410474,"AluSx",520,"SetA_ER_H3K27ac","10nM",FALSE,"KCNMA1",0,"ENSG00000156113",1608.60170518177,0.339953246446471,0.424547411289638,0.800742714256112,0.423280608929558,1,FALSE
"chr10",77415290,77415568,"AluSx1",503,"SetA_ER_H3K27ac","10nM",FALSE,"KCNMA1",0,"ENSG00000156113",1608.60170518177,0.339953246446471,0.424547411289638,0.800742714256112,0.423280608929558,1,FALSE
"chr10",77416810,77417086,"AluSx1",2023,"SetA_ER_H3K27ac","10nM",FALSE,"KCNMA1",0,"ENSG00000156113",1608.60170518177,0.339953246446471,0.424547411289638,0.800742714256112,0.423280608929558,1,FALSE
"chr10",77417413,77417706,"AluSx1",2626,"SetA_ER_H3K27ac","10nM",FALSE,"KCNMA1",0,"ENSG00000156113",1608.60170518177,0.339953246446471,0.424547411289638,0.800742714256112,0.423280608929558,1,FALSE
"chr10",77431242,77431430,"AluSc",286,"SetA_ER_H3K27ac","10nM",FALSE,"KCNMA1",0,"ENSG00000156113",1608.60170518177,0.339953246446471,0.424547411289638,0.800742714256112,0.423280608929558,1,FALSE
"chr10",77480022,77480549,"AluSx1",280,"SetA_ER_H3K27ac","10nM",FALSE,"KCNMA1",0,"ENSG00000156113",1608.60170518177,0.339953246446471,0.424547411289638,0.800742714256112,0.423280608929558,1,FALSE
"chr10",77507230,77507790,"AluJb",384,"SetA_ER_H3K27ac","10nM",FALSE,"KCNMA1",0,"ENSG00000156113",1608.60170518177,0.339953246446471,0.424547411289638,0.800742714256112,0.423280608929558,1,FALSE
"chr10",77555033,77555418,"AluSz",377,"SetA_ER_H3K27ac","10nM",FALSE,"KCNMA1",0,"ENSG00000156113",1608.60170518177,0.339953246446471,0.424547411289638,0.800742714256112,0.423280608929558,1,FALSE
"chr10",77606954,77607158,"AluJr",331,"SetA_ER_H3K27ac","10nM",FALSE,"KCNMA1",0,"ENSG00000156113",1608.60170518177,0.339953246446471,0.424547411289638,0.800742714256112,0.423280608929558,1,FALSE
"chr10",77869975,77870311,"AluJb",91,"SetA_ER_H3K27ac","10nM",FALSE,"DLG5",0,"ENSG00000151208",1616.27026805131,0.856840742808973,0.456504413275769,1.87696048031712,0.060523510526701,0.588089446557257,FALSE
"chr10",77872270,77872601,"AluSx3",429,"SetA_ER_H3K27ac","10nM",FALSE,"DLG5",0,"ENSG00000151208",1616.27026805131,0.856840742808973,0.456504413275769,1.87696048031712,0.060523510526701,0.588089446557257,FALSE
"chr10",77887581,77887844,"AluSz",928,"SetA_ER_H3K27ac","10nM",FALSE,"DLG5",0,"ENSG00000151208",1616.27026805131,0.856840742808973,0.456504413275769,1.87696048031712,0.060523510526701,0.588089446557257,FALSE
"chr10",77889382,77889750,"AluSp",785,"SetA_ER_H3K27ac","10nM",FALSE,"DLG5",0,"ENSG00000151208",1616.27026805131,0.856840742808973,0.456504413275769,1.87696048031712,0.060523510526701,0.588089446557257,FALSE
"chr10",77972233,77972542,"AluJb",0,"SetA_ER_H3K27ac","10nM",TRUE,"POLR3A",0,"ENSG00000148606",1161.68578008833,0.246790494144394,0.14509634587107,1.70087325537259,0.0889667896765152,0.724790272213084,FALSE
"chr10",78301925,78302379,"AluSx",2444,"SetA_ER_H3K27ac","10nM",FALSE,"LINC00595",0,"ENSG00000230417",4.03409925255063,-0.615905587104655,1.1995265365464,-0.513457241953086,0.607631513106652,1,FALSE
"chr10",79105143,79105347,"FLAM_C",4692,"SetA_ER_H3K27ac","10nM",FALSE,"ZMIZ1",0,"ENSG00000108175",5712.46836255117,0.605801443858364,0.341939191158263,1.77166425938574,0.0764503058621331,0.672178593222038,FALSE
"chr10",79128491,79129215,"AluSq",5620,"SetA_ER_H3K27ac","10nM",FALSE,"ZMIZ1",0,"ENSG00000108175",5712.46836255117,0.605801443858364,0.341939191158263,1.77166425938574,0.0764503058621331,0.672178593222038,FALSE
"chr10",79157381,79157640,"AluJb",4855,"SetA_ER_H3K27ac","10nM",FALSE,"ZMIZ1",0,"ENSG00000108175",5712.46836255117,0.605801443858364,0.341939191158263,1.77166425938574,0.0764503058621331,0.672178593222038,FALSE
"chr10",79158482,79158865,"AluJb",5956,"SetA_ER_H3K27ac","10nM",FALSE,"ZMIZ1",0,"ENSG00000108175",5712.46836255117,0.605801443858364,0.341939191158263,1.77166425938574,0.0764503058621331,0.672178593222038,FALSE
"chr10",79162750,79163228,"AluJb",10224,"SetA_ER_H3K27ac","10nM",FALSE,"ZMIZ1",0,"ENSG00000108175",5712.46836255117,0.605801443858364,0.341939191158263,1.77166425938574,0.0764503058621331,0.672178593222038,FALSE
"chr10",79238563,79238786,"AluSx",6687,"SetA_ER_H3K27ac","10nM",FALSE,"ZMIZ1",0,"ENSG00000108175",5712.46836255117,0.605801443858364,0.341939191158263,1.77166425938574,0.0764503058621331,0.672178593222038,FALSE
"chr10",79239540,79239888,"AluSx",7664,"SetA_ER_H3K27ac","10nM",FALSE,"ZMIZ1",0,"ENSG00000108175",5712.46836255117,0.605801443858364,0.341939191158263,1.77166425938574,0.0764503058621331,0.672178593222038,FALSE
"chr10",79240149,79240403,"AluSx",8273,"SetA_ER_H3K27ac","10nM",FALSE,"ZMIZ1",0,"ENSG00000108175",5712.46836255117,0.605801443858364,0.341939191158263,1.77166425938574,0.0764503058621331,0.672178593222038,FALSE
"chr10",80205802,80206205,"FLAM_C",156,"SetA_ER_H3K27ac","10nM",FALSE,"ANXA11",220,"ENSG00000122359",5816.51609987917,-0.159490946386583,0.233958384475767,-0.681706478457511,0.495424570154474,1,FALSE
"chr10",80291031,80291332,"AluSg",672,"SetA_ER_H3K27ac","10nM",FALSE,"MAT1A",906,"ENSG00000151224",35.6751695901533,1.04454672304623,0.806967733593294,1.29440952786927,0.195524001311589,0.975661598409299,FALSE
"chr10",80436479,80436776,"AluJr",64,"SetA_ER_H3K27ac","10nM",FALSE,"PRXL2A",0,"ENSG00000122378",2357.86887937571,-0.049403548985033,0.272760672712825,-0.181124164615356,0.85627011766138,1,FALSE
"chr10",86943392,86943676,"AluJb",1539,"SetA_ER_H3K27ac","10nM",FALSE,"MMRN2",0,"ENSG00000173269",235.98264684743,1.84058490328946,0.513470914185684,3.58459428263517,0.000337602595116733,0.0137059229482062,TRUE
"chr10",86968381,86968737,"AluSp",1949,"SetA_ER_H3K27ac","10nM",FALSE,"MMRN2",0,"ENSG00000173269",235.98264684743,1.84058490328946,0.513470914185684,3.58459428263517,0.000337602595116733,0.0137059229482062,TRUE
"chr10",87705486,87705773,"AluSx4",0,"SetA_ER_H3K27ac","10nM",TRUE,"PAPSS2",0,"ENSG00000198682",395.889119955105,0.888182322432683,0.459131142473582,1.93448503111241,0.0530535207506243,0.542555109062182,FALSE
"chr10",88385575,88385958,"AluY",4893,"SetA_ER_H3K27ac","10nM",FALSE,"RNLS",0,"ENSG00000184719",272.628121839401,0.202654852809901,0.351815264226153,0.576026322381597,0.564597389882442,1,FALSE
"chr10",88387536,88387803,"AluSc",3474,"SetA_ER_H3K27ac","10nM",FALSE,"RNLS",0,"ENSG00000184719",272.628121839401,0.202654852809901,0.351815264226153,0.576026322381597,0.564597389882442,1,FALSE
"chr10",88951494,88951694,"AluJo",4805,"SetA_ER_H3K27ac","10nM",FALSE,"STAMBPL1",0,"ENSG00000138134",251.411697696609,-0.563870320502157,0.487961846376519,-1.15556231432706,0.247860230179123,1,FALSE
"chr10",89373444,89373656,"AluYh3",87,"SetA_ER_H3K27ac","10nM",FALSE,"LIPA",0,"ENSG00000107798",1905.12523612231,0.0633993987303319,0.142071094435323,0.446251216563931,0.655415790509129,1,FALSE
"chr10",90917735,90918075,"AluJo",3763,"SetA_ER_H3K27ac","10nM",FALSE,"ANKRD1",0,"ENSG00000148677",679.609528531478,-0.756025718603114,0.639859820886118,-1.18154897983143,0.237384707916389,1,FALSE
"chr10",91350637,91350857,"AluSx1",306,"SetA_ER_H3K27ac","10nM",FALSE,"HECTD2-AS1",0,"ENSG00000289228",385.793515538964,-0.108289867166161,0.432179363015344,-0.250566955373842,0.802148932595236,1,FALSE
"chr10",91360876,91361321,"AluSz6",3811,"SetA_ER_H3K27ac","10nM",FALSE,"HECTD2-AS1",0,"ENSG00000289228",385.793515538964,-0.108289867166161,0.432179363015344,-0.250566955373842,0.802148932595236,1,FALSE
"chr10",91556795,91557057,"AluSx3",3262,"SetA_ER_H3K27ac","10nM",FALSE,"HECTD2-AS1",0,"ENSG00000289228",385.793515538964,-0.108289867166161,0.432179363015344,-0.250566955373842,0.802148932595236,1,FALSE
"chr10",92123112,92123356,"AluSc8",1806,"SetA_ER_H3K27ac","10nM",FALSE,"CPEB3",0,"ENSG00000107864",327.865888043105,-0.480358230757758,0.273075102362993,-1.75907003824621,0.0785656132079211,0.682280731487047,FALSE
"chr10",93404059,93404328,"FLAM_C",185,"SetA_ER_H3K27ac","10nM",FALSE,"MYOF",0,"ENSG00000138119",4786.07073907376,0.417025407975682,0.138940150485312,3.00147514249142,0.00268674974124897,0.0711067800985365,FALSE
"chr10",93435046,93435577,"AluJb",102,"SetA_ER_H3K27ac","10nM",FALSE,"MYOF",0,"ENSG00000138119",4786.07073907376,0.417025407975682,0.138940150485312,3.00147514249142,0.00268674974124897,0.0711067800985365,FALSE
"chr10",93440614,93440977,"AluSc",194,"SetA_ER_H3K27ac","10nM",FALSE,"MYOF",0,"ENSG00000138119",4786.07073907376,0.417025407975682,0.138940150485312,3.00147514249142,0.00268674974124897,0.0711067800985365,FALSE
"chr10",97337405,97337617,"AluSx",1067,"SetA_ER_H3K27ac","10nM",FALSE,"ENSG00000225850",0,"ENSG00000225850",9.88060000096445,0.335795025364775,0.849000446711912,0.395518078541977,0.692460582238286,1,FALSE
"chr10",97566398,97566661,"AluJb",386,"SetA_ER_H3K27ac","10nM",FALSE,"UBTD1",0,"ENSG00000165886",376.065526767335,0.377332563523837,0.303271330798732,1.24420782712975,0.213423083790675,0.996917141062551,FALSE
"chr10",97571557,97571991,"AluSx",1444,"SetA_ER_H3K27ac","10nM",FALSE,"UBTD1",352,"ENSG00000165886",376.065526767335,0.377332563523837,0.303271330798732,1.24420782712975,0.213423083790675,0.996917141062551,FALSE
"chr10",97580275,97580623,"AluSx1",380,"SetA_ER_H3K27ac","10nM",FALSE,"ANKRD2",0,"ENSG00000165887",7.63925956214838,5.92068647143893,1.4152426931293,4.18351318836167,2.87038429856927e-05,0.00172776385007857,TRUE
"chr10",98363130,98363421,"AluY",146,"SetA_ER_H3K27ac","10nM",FALSE,"ENSG00000306073",0,"ENSG00000306073",60.5518660497275,0.29101022812308,0.413732695567557,0.703377401014616,0.481820586263447,1,FALSE
"chr10",98363806,98364118,"AluY",822,"SetA_ER_H3K27ac","10nM",FALSE,"ENSG00000306073",0,"ENSG00000306073",60.5518660497275,0.29101022812308,0.413732695567557,0.703377401014616,0.481820586263447,1,FALSE
"chr10",98366245,98366453,"AluY",3261,"SetA_ER_H3K27ac","10nM",FALSE,"ENSG00000306073",0,"ENSG00000306073",60.5518660497275,0.29101022812308,0.413732695567557,0.703377401014616,0.481820586263447,1,FALSE
"chr10",102710574,102711074,"AluY",396,"SetA_ER_H3K27ac","10nM",FALSE,"ARL3",0,"ENSG00000138175",1529.41310405674,0.368040151203183,0.396034834060576,0.929312574425939,0.352727120475185,1,FALSE
"chr10",103168448,103168743,"AluJb",516,"SetA_ER_H3K27ac","10nM",FALSE,"NT5C2",0,"ENSG00000076685",2141.50851105686,0.0201182944780282,0.288889819487185,0.0696400257847115,0.944480178288828,1,FALSE
"chr10",103543176,103543414,"AluJr",616,"SetA_ER_H3K27ac","10nM",FALSE,"NEURL1",0,"ENSG00000107954",149.540175344062,0.189126299687009,0.454838258884459,0.415810007167958,0.677549035547007,1,FALSE
"chr10",103544080,103544317,"AluJr",1520,"SetA_ER_H3K27ac","10nM",FALSE,"NEURL1",0,"ENSG00000107954",149.540175344062,0.189126299687009,0.454838258884459,0.415810007167958,0.677549035547007,1,FALSE
"chr10",103575675,103576009,"AluSz",3651,"SetA_ER_H3K27ac","10nM",FALSE,"NEURL1",0,"ENSG00000107954",149.540175344062,0.189126299687009,0.454838258884459,0.415810007167958,0.677549035547007,1,FALSE
"chr10",103890118,103890479,"AluSz",115,"SetA_ER_H3K27ac","10nM",FALSE,"STN1",0,"ENSG00000107960",814.624111578575,0.347041484718698,0.200686192587301,1.72927434740051,0.0837600055300259,0.703007119072674,FALSE
"chr10",103931262,103931982,"AluJr4",28,"SetA_ER_H3K27ac","10nM",FALSE,"ENSG00000289744",0,"ENSG00000289744",5.96417552039836,-6.26827816167457,4.21532956305531,-1.48701971409591,0.137009604261824,0.869356840244545,FALSE
"chr10",104254445,104254723,"AluJb",2620,"SetA_ER_H3K27ac","10nM",FALSE,"GSTO1",0,"ENSG00000148834",1142.82713358695,0.216817907969478,0.220983174205445,0.981151206416761,0.326518181870698,1,FALSE
"chr10",110002673,110002958,"AluY",102,"SetA_ER_H3K27ac","10nM",FALSE,"ADD3-AS1",0,"ENSG00000203876",4.97141292618012,-0.178735871385518,1.31314093701492,-0.136113242948489,0.891731758603279,1,FALSE
"chr10",110010456,110010702,"FLAM_A",2062,"SetA_ER_H3K27ac","10nM",FALSE,"ADD3",0,"ENSG00000148700",4889.24068818472,0.0437115997471636,0.212890814399798,0.205324028988284,0.83731897155681,1,FALSE
"chr10",110789157,110789351,"AluJb",95,"SetA_ER_H3K27ac","10nM",FALSE,"RBM20",0,"ENSG00000203867",463.555150429769,0.398675102482014,0.347438463017632,1.14746968144912,0.25118755663951,1,FALSE
"chr10",110789840,110790213,"AluJb",180,"SetA_ER_H3K27ac","10nM",FALSE,"RBM20",0,"ENSG00000203867",463.555150429769,0.398675102482014,0.347438463017632,1.14746968144912,0.25118755663951,1,FALSE
"chr10",110790766,110791022,"AluJb",1106,"SetA_ER_H3K27ac","10nM",FALSE,"RBM20",0,"ENSG00000203867",463.555150429769,0.398675102482014,0.347438463017632,1.14746968144912,0.25118755663951,1,FALSE
"chr10",110791168,110791468,"AluJb",1508,"SetA_ER_H3K27ac","10nM",FALSE,"RBM20",0,"ENSG00000203867",463.555150429769,0.398675102482014,0.347438463017632,1.14746968144912,0.25118755663951,1,FALSE
"chr10",110805446,110805716,"AluSx1",274,"SetA_ER_H3K27ac","10nM",FALSE,"RBM20",0,"ENSG00000203867",463.555150429769,0.398675102482014,0.347438463017632,1.14746968144912,0.25118755663951,1,FALSE
"chr10",110819515,110819781,"AluSq2",1203,"SetA_ER_H3K27ac","10nM",FALSE,"RBM20",0,"ENSG00000203867",463.555150429769,0.398675102482014,0.347438463017632,1.14746968144912,0.25118755663951,1,FALSE
"chr10",110822662,110822927,"AluJo",795,"SetA_ER_H3K27ac","10nM",FALSE,"RBM20",0,"ENSG00000203867",463.555150429769,0.398675102482014,0.347438463017632,1.14746968144912,0.25118755663951,1,FALSE
"chr10",113678523,113679163,"AluY",405,"SetA_ER_H3K27ac","10nM",FALSE,"CASP7",0,"ENSG00000165806",2348.38403711107,1.35244660771866,0.183982566201787,7.35094979725051,1.96803333539132e-13,9.59248248157563e-11,TRUE
"chr10",114178885,114179194,"AluSx1",744,"SetA_ER_H3K27ac","10nM",FALSE,"TDRD1",76,"ENSG00000095627",1016.92578977429,0.517083988324502,0.209569767066422,2.46735965574946,0.0136113566755635,0.242865492682555,FALSE
"chr10",114182032,114182260,"AluSx",171,"SetA_ER_H3K27ac","10nM",FALSE,"TDRD1",0,"ENSG00000095627",1016.92578977429,0.517083988324502,0.209569767066422,2.46735965574946,0.0136113566755635,0.242865492682555,FALSE
"chr10",114239019,114239702,"AluSx",1048,"SetA_ER_H3K27ac","10nM",FALSE,"VWA2",0,"ENSG00000165816",149.255742549822,0.959834865010809,0.438685102720189,2.18798144513932,0.0286709539177316,0.381464942138447,FALSE
"chr10",114337060,114337338,"AluY",1433,"SetA_ER_H3K27ac","10nM",FALSE,"AFAP1L2",0,"ENSG00000169129",274.502631537204,0.490173940535501,0.419683632231888,1.16796058480705,0.242822664125115,1,FALSE
"chr10",114349510,114350084,"FLAM_A",0,"SetA_ER_H3K27ac","10nM",TRUE,"AFAP1L2",0,"ENSG00000169129",274.502631537204,0.490173940535501,0.419683632231888,1.16796058480705,0.242822664125115,1,FALSE
"chr10",114507420,114507690,"AluJo",727,"SetA_ER_H3K27ac","10nM",FALSE,"ABLIM1",0,"ENSG00000099204",2220.68134654476,-0.345109580291732,0.224046691361685,-1.54034669378184,0.123475867612697,0.833066083177627,FALSE
"chr10",114508051,114508368,"AluJo",49,"SetA_ER_H3K27ac","10nM",FALSE,"ABLIM1",0,"ENSG00000099204",2220.68134654476,-0.345109580291732,0.224046691361685,-1.54034669378184,0.123475867612697,0.833066083177627,FALSE
"chr10",115664558,115665123,"AluJo",2530,"SetA_ER_H3K27ac","10nM",FALSE,"ATRNL1",0,"ENSG00000107518",70.9503860551235,0.328695629571215,0.68994933873652,0.476405456338495,0.63378554818101,1,FALSE
"chr10",115670679,115670937,"AluJo",2718,"SetA_ER_H3K27ac","10nM",FALSE,"ATRNL1",0,"ENSG00000107518",70.9503860551235,0.328695629571215,0.68994933873652,0.476405456338495,0.63378554818101,1,FALSE
"chr10",116143356,116143659,"AluSx",1218,"SetA_ER_H3K27ac","10nM",FALSE,"GFRA1",0,"ENSG00000151892",10420.6062915577,-0.0812779560189067,0.145230410150655,-0.559648326645864,0.575719334747449,1,FALSE
"chr10",116143761,116144004,"AluSx",873,"SetA_ER_H3K27ac","10nM",FALSE,"GFRA1",0,"ENSG00000151892",10420.6062915577,-0.0812779560189067,0.145230410150655,-0.559648326645864,0.575719334747449,1,FALSE
"chr10",117005786,117005990,"AluY",295,"SetA_ER_H3K27ac","10nM",FALSE,"SHTN1",0,"ENSG00000187164",3558.03242237913,0.25638683305603,0.23334717835971,1.09873551871625,0.271883445083794,1,FALSE
"chr10",118116873,118117148,"AluSx1",3453,"SetA_ER_H3K27ac","10nM",FALSE,"CASC2",0,"ENSG00000177640",46.6298716086246,0.0262788238590853,0.600128683374337,0.0437886483134377,0.965072875739633,1,FALSE
"chr10",119000803,119000986,"AluSx4",88,"SetA_ER_H3K27ac","10nM",FALSE,"LINC03036",0,"ENSG00000229272",20.0637373645147,-0.213628963212639,0.769024164653103,-0.277792263275634,0.781171830543545,1,FALSE
"chr10",119317519,119317803,"AluJo",4187,"SetA_ER_H3K27ac","10nM",FALSE,"GRK5",0,"ENSG00000198873",74.4047808857561,-0.0283342648103583,0.379249027396489,-0.074711502900536,0.940444255263409,1,FALSE
"chr10",119542743,119543100,"AluSx1",1559,"SetA_ER_H3K27ac","10nM",FALSE,"RGS10",0,"ENSG00000148908",553.975671551849,1.39606703837529,0.309074201745405,4.51693163159983,6.27421516993594e-06,0.000484107783613899,TRUE
"chr10",119664150,119664469,"AluSq2",462,"SetA_ER_H3K27ac","10nM",FALSE,"BAG3",0,"ENSG00000151929",8051.57603866821,0.630471079416398,0.394579065870228,1.59783205433344,0.110080358795049,0.797183661586557,FALSE
"chr10",119668008,119668282,"AluSx1",733,"SetA_ER_H3K27ac","10nM",FALSE,"BAG3",0,"ENSG00000151929",8051.57603866821,0.630471079416398,0.394579065870228,1.59783205433344,0.110080358795049,0.797183661586557,FALSE
"chr10",120996734,120996961,"AluYa5",2925,"SetA_ER_H3K27ac","10nM",FALSE,"ENSG00000278484",0,"ENSG00000278484",10.3049512300425,2.54038064347011,1.07314911382214,2.36722055746966,0.0179222486610686,0.289537766566528,FALSE
"chr10",121500632,121501087,"AluSz6",3473,"SetA_ER_H3K27ac","10nM",FALSE,"FGFR2",0,"ENSG00000066468",340.280679850215,1.42545619712253,0.279837263723054,5.09387555523432,3.50817087069912e-07,3.91660819441627e-05,TRUE
"chr10",121501638,121501952,"AluSx1",4124,"SetA_ER_H3K27ac","10nM",FALSE,"FGFR2",0,"ENSG00000066468",340.280679850215,1.42545619712253,0.279837263723054,5.09387555523432,3.50817087069912e-07,3.91660819441627e-05,TRUE
"chr10",121509659,121509913,"AluSq",0,"SetA_ER_H3K27ac","10nM",TRUE,"FGFR2",0,"ENSG00000066468",340.280679850215,1.42545619712253,0.279837263723054,5.09387555523432,3.50817087069912e-07,3.91660819441627e-05,TRUE
"chr10",121510167,121510574,"AluSx",245,"SetA_ER_H3K27ac","10nM",FALSE,"FGFR2",0,"ENSG00000066468",340.280679850215,1.42545619712253,0.279837263723054,5.09387555523432,3.50817087069912e-07,3.91660819441627e-05,TRUE
"chr10",121523666,121523950,"AluJr",1097,"SetA_ER_H3K27ac","10nM",FALSE,"FGFR2",0,"ENSG00000066468",340.280679850215,1.42545619712253,0.279837263723054,5.09387555523432,3.50817087069912e-07,3.91660819441627e-05,TRUE
"chr10",121553803,121554097,"AluY",237,"SetA_ER_H3K27ac","10nM",FALSE,"FGFR2",0,"ENSG00000066468",340.280679850215,1.42545619712253,0.279837263723054,5.09387555523432,3.50817087069912e-07,3.91660819441627e-05,TRUE
"chr10",121554953,121555261,"AluSq2",0,"SetA_ER_H3K27ac","10nM",TRUE,"FGFR2",0,"ENSG00000066468",340.280679850215,1.42545619712253,0.279837263723054,5.09387555523432,3.50817087069912e-07,3.91660819441627e-05,TRUE
"chr10",121579910,121580148,"AluSq2",981,"SetA_ER_H3K27ac","10nM",FALSE,"FGFR2",0,"ENSG00000066468",340.280679850215,1.42545619712253,0.279837263723054,5.09387555523432,3.50817087069912e-07,3.91660819441627e-05,TRUE
"chr10",121590150,121590424,"AluJr4",1215,"SetA_ER_H3K27ac","10nM",FALSE,"FGFR2",0,"ENSG00000066468",340.280679850215,1.42545619712253,0.279837263723054,5.09387555523432,3.50817087069912e-07,3.91660819441627e-05,TRUE
"chr10",123721846,123722296,"FLAM_C",1453,"SetA_ER_H3K27ac","10nM",FALSE,"CPXM2",0,"ENSG00000121898",3.61058582054332,-0.224204987585875,1.27668036851827,-0.175615598950652,0.860595946626328,1,FALSE
"chr10",123722883,123723182,"FLAM_C",2490,"SetA_ER_H3K27ac","10nM",FALSE,"CPXM2",0,"ENSG00000121898",3.61058582054332,-0.224204987585875,1.27668036851827,-0.175615598950652,0.860595946626328,1,FALSE
"chr10",123743936,123744465,"AluSx",495,"SetA_ER_H3K27ac","10nM",FALSE,"CPXM2",0,"ENSG00000121898",3.61058582054332,-0.224204987585875,1.27668036851827,-0.175615598950652,0.860595946626328,1,FALSE
"chr10",123751179,123751785,"AluSg",1067,"SetA_ER_H3K27ac","10nM",FALSE,"CPXM2",0,"ENSG00000121898",3.61058582054332,-0.224204987585875,1.27668036851827,-0.175615598950652,0.860595946626328,1,FALSE
"chr10",125123824,125124145,"AluJb",2991,"SetA_ER_H3K27ac","10nM",FALSE,"CTBP2",0,"ENSG00000175029",5768.01389913073,0.00896059109160544,0.237755444188723,0.0376882688099155,0.9699362294863,1,FALSE
"chr10",125129357,125129712,"AluSq2",323,"SetA_ER_H3K27ac","10nM",FALSE,"CTBP2",0,"ENSG00000175029",5768.01389913073,0.00896059109160544,0.237755444188723,0.0376882688099155,0.9699362294863,1,FALSE
"chr10",125690718,125691049,"AluSc",1355,"SetA_ER_H3K27ac","10nM",FALSE,"ENSG00000228021",0,"ENSG00000228021",12.2718954110495,-0.227219827220208,0.752618714092294,-0.301905630255619,0.762724003596339,1,FALSE
"chr10",125695023,125695488,"AluSz6",1589,"SetA_ER_H3K27ac","10nM",FALSE,"ENSG00000228021",0,"ENSG00000228021",12.2718954110495,-0.227219827220208,0.752618714092294,-0.301905630255619,0.762724003596339,1,FALSE
"chr10",126903658,126903889,"AluSz",696,"SetA_ER_H3K27ac","10nM",FALSE,"ENSG00000305433",377,"ENSG00000305433",7.35342517382576,1.33709745370317,1.01131091353625,1.32214281068889,0.186120600424179,0.960845796661534,FALSE
"chr10",126918278,126918885,"AluSx",2030,"SetA_ER_H3K27ac","10nM",FALSE,"ENSG00000305416",0,"ENSG00000305416",4.91777676382638,1.17213436936161,1.18234793210858,0.991361626751643,0.321509030721683,1,FALSE
"chr10",126935594,126935949,"AluJr",36,"SetA_ER_H3K27ac","10nM",FALSE,"DOCK1",0,"ENSG00000150760",1245.86905099971,0.109354186554372,0.269487125517374,0.405786311106434,0.684899617590553,1,FALSE
"chr10",132163120,132163470,"AluJb",2572,"SetA_ER_H3K27ac","10nM",FALSE,"JAKMIP3",0,"ENSG00000188385",112.801896400419,0.696667863613738,0.276056893148744,2.52363871688711,0.0116147226510475,0.217126863852698,FALSE
"chr10",132164604,132165009,"AluJb",1033,"SetA_ER_H3K27ac","10nM",FALSE,"JAKMIP3",0,"ENSG00000188385",112.801896400419,0.696667863613738,0.276056893148744,2.52363871688711,0.0116147226510475,0.217126863852698,FALSE
"chr10",132265660,132266065,"AluSx1",1777,"SetA_ER_H3K27ac","10nM",FALSE,"STK32C",0,"ENSG00000165752",375.861336677428,0.119553846488087,0.211776235604278,0.564529094338437,0.572394105458913,1,FALSE
"chr10",132539364,132539712,"AluJb",1283,"SetA_ER_H3K27ac","10nM",FALSE,"INPP5A",0,"ENSG00000068383",1454.76518864188,0.221845865785344,0.216343846616301,1.0254318264887,0.305159477409431,1,FALSE
"chr10",132556863,132557438,"AluJr",3161,"SetA_ER_H3K27ac","10nM",FALSE,"INPP5A",0,"ENSG00000068383",1454.76518864188,0.221845865785344,0.216343846616301,1.0254318264887,0.305159477409431,1,FALSE
"chr10",132572165,132572438,"AluSx",1923,"SetA_ER_H3K27ac","10nM",FALSE,"INPP5A",0,"ENSG00000068383",1454.76518864188,0.221845865785344,0.216343846616301,1.0254318264887,0.305159477409431,1,FALSE
"chr11",470003,470372,"AluSg",207,"SetA_ER_H3K27ac","10nM",FALSE,"PTDSS2",0,"ENSG00000174915",646.806051492323,0.49938835557479,0.329044311375887,1.51769332673346,0.129091727143868,0.848608248435214,FALSE
"chr11",539961,540192,"AluY",267,"SetA_ER_H3K27ac","10nM",FALSE,"LRRC56",0,"ENSG00000161328",31.3990316012808,0.298414965756167,0.619795364643162,0.481473374567709,0.630180098617761,1,FALSE
"chr11",2483443,2483939,"AluSx",215,"SetA_ER_H3K27ac","10nM",FALSE,"KCNQ1",0,"ENSG00000053918",3.53739822956207,-1.15621122040405,1.70936279505136,-0.676398962087687,0.498787376056127,1,FALSE
"chr11",8229982,8230255,"AluJb",796,"SetA_ER_H3K27ac","10nM",FALSE,"LMO1",0,"ENSG00000166407",11.9002648888563,1.44996476723023,0.827739467960509,1.75171635925836,0.0798225924637945,0.68865148419646,FALSE
"chr11",9089213,9089413,"AluSq2",707,"SetA_ER_H3K27ac","10nM",FALSE,"SCUBE2",0,"ENSG00000175356",3.02589013483366,1.86493315049262,1.35733084552304,1.37397094941431,0.16945070138345,0.933637390804207,FALSE
"chr11",9089666,9089931,"AluSq2",1160,"SetA_ER_H3K27ac","10nM",FALSE,"SCUBE2",0,"ENSG00000175356",3.02589013483366,1.86493315049262,1.35733084552304,1.37397094941431,0.16945070138345,0.933637390804207,FALSE
"chr11",9896820,9897326,"AluSz6",0,"SetA_ER_H3K27ac","10nM",TRUE,"SBF2",0,"ENSG00000133812",381.299325707327,0.259190319207242,0.322257876780146,0.804294752379535,0.421226767598891,1,FALSE
"chr11",12245601,12245921,"AluJo",682,"SetA_ER_H3K27ac","10nM",FALSE,"MICAL2",0,"ENSG00000133816",266.590608134716,1.28964521384151,0.305791176111872,4.21740493051277,2.47129956637761e-05,0.00154332657920282,TRUE
"chr11",12248514,12248847,"AluJo",1746,"SetA_ER_H3K27ac","10nM",FALSE,"MICAL2",0,"ENSG00000133816",266.590608134716,1.28964521384151,0.305791176111872,4.21740493051277,2.47129956637761e-05,0.00154332657920282,TRUE
"chr11",12249856,12250051,"AluJo",3088,"SetA_ER_H3K27ac","10nM",FALSE,"MICAL2",0,"ENSG00000133816",266.590608134716,1.28964521384151,0.305791176111872,4.21740493051277,2.47129956637761e-05,0.00154332657920282,TRUE
"chr11",16956688,16957085,"FLAM_A",372,"SetA_ER_H3K27ac","10nM",FALSE,"PLEKHA7",0,"ENSG00000166689",641.945581355632,0.371411224594994,0.352442498686689,1.05382076786707,0.291964983387836,1,FALSE
"chr11",16986511,16986822,"AluSq2",1616,"SetA_ER_H3K27ac","10nM",FALSE,"PLEKHA7",0,"ENSG00000166689",641.945581355632,0.371411224594994,0.352442498686689,1.05382076786707,0.291964983387836,1,FALSE
"chr11",16987240,16987448,"AluSq2",990,"SetA_ER_H3K27ac","10nM",FALSE,"PLEKHA7",0,"ENSG00000166689",641.945581355632,0.371411224594994,0.352442498686689,1.05382076786707,0.291964983387836,1,FALSE
"chr11",16989372,16989799,"AluSz6",412,"SetA_ER_H3K27ac","10nM",FALSE,"PLEKHA7",0,"ENSG00000166689",641.945581355632,0.371411224594994,0.352442498686689,1.05382076786707,0.291964983387836,1,FALSE
"chr11",17405682,17406112,"AluSx1",619,"SetA_ER_H3K27ac","10nM",FALSE,"ABCC8",0,"ENSG00000006071",112.147555226481,0.872645242685911,0.489493624074209,1.78275098952794,0.0746268470530898,0.663462761421336,FALSE
"chr11",17770028,17770407,"AluJr",340,"SetA_ER_H3K27ac","10nM",FALSE,"KCNC1",0,"ENSG00000129159",23.512512602744,4.42686052308968,0.912143012410162,4.85325268391034,1.21452779033188e-06,0.000119562184049223,TRUE
"chr11",17923815,17924026,"AluSc8",3548,"SetA_ER_H3K27ac","10nM",FALSE,"SERGEF",0,"ENSG00000129158",304.276917960612,0.335913752656811,0.192779972685168,1.74247224946648,0.0814258431868824,0.694329914604911,FALSE
"chr11",17924790,17925091,"AluSc8",4523,"SetA_ER_H3K27ac","10nM",FALSE,"SERGEF",0,"ENSG00000129158",304.276917960612,0.335913752656811,0.192779972685168,1.74247224946648,0.0814258431868824,0.694329914604911,FALSE
"chr11",17927700,17927989,"AluJr",7236,"SetA_ER_H3K27ac","10nM",FALSE,"SERGEF",0,"ENSG00000129158",304.276917960612,0.335913752656811,0.192779972685168,1.74247224946648,0.0814258431868824,0.694329914604911,FALSE
"chr11",20031753,20032297,"AluSx",2071,"SetA_ER_H3K27ac","10nM",FALSE,"NAV2",0,"ENSG00000166833",176.414427314666,0.163897213317371,0.99520232862054,0.164687329002284,0.869190090788243,1,FALSE
"chr11",27416296,27416534,"AluJb",2299,"SetA_ER_H3K27ac","10nM",FALSE,"LGR4",0,"ENSG00000205213",828.943602847616,0.220082643148882,0.274886478027386,0.800631026772282,0.423345283207461,1,FALSE
"chr11",30521539,30522046,"AluSp",1576,"SetA_ER_H3K27ac","10nM",FALSE,"MPPED2",0,"ENSG00000066382",665.622606160143,0.541966085510136,0.517958139458293,1.04635113192149,0.29539894607739,1,FALSE
"chr11",30527550,30527903,"AluY",322,"SetA_ER_H3K27ac","10nM",FALSE,"MPPED2",0,"ENSG00000066382",665.622606160143,0.541966085510136,0.517958139458293,1.04635113192149,0.29539894607739,1,FALSE
"chr11",34633649,34633976,"AluSq2",1472,"SetA_ER_H3K27ac","10nM",FALSE,"EHF",0,"ENSG00000135373",499.891148825842,-0.034835413975882,0.260810050129809,-0.133566225529054,0.893745592950286,1,FALSE
"chr11",35295910,35296180,"AluJr4",579,"SetA_ER_H3K27ac","10nM",FALSE,"SLC1A2",0,"ENSG00000110436",691.41479094345,0.00317666302626935,0.437174712360339,0.00726634669493647,0.994202345177878,1,FALSE
"chr11",35365931,35366205,"AluJb",3940,"SetA_ER_H3K27ac","10nM",FALSE,"SLC1A2",0,"ENSG00000110436",691.41479094345,0.00317666302626935,0.437174712360339,0.00726634669493647,0.994202345177878,1,FALSE
"chr11",35389896,35390234,"AluJo",0,"SetA_ER_H3K27ac","10nM",TRUE,"SLC1A2",0,"ENSG00000110436",691.41479094345,0.00317666302626935,0.437174712360339,0.00726634669493647,0.994202345177878,1,FALSE
"chr11",35391015,35391209,"AluSq2",53,"SetA_ER_H3K27ac","10nM",FALSE,"SLC1A2",0,"ENSG00000110436",691.41479094345,0.00317666302626935,0.437174712360339,0.00726634669493647,0.994202345177878,1,FALSE
"chr11",44096284,44096642,"AluSz",866,"SetA_ER_H3K27ac","10nM",FALSE,"EXT2",0,"ENSG00000151348",2059.48167617004,0.117256014185335,0.179964398534608,0.65155116867621,0.514690757750877,1,FALSE
"chr11",44143986,44144279,"AluSx",736,"SetA_ER_H3K27ac","10nM",FALSE,"EXT2",0,"ENSG00000151348",2059.48167617004,0.117256014185335,0.179964398534608,0.65155116867621,0.514690757750877,1,FALSE
"chr11",44950718,44950901,"AluY",2509,"SetA_ER_H3K27ac","10nM",FALSE,"TP53I11",0,"ENSG00000175274",3122.6060933382,-0.0763363266175515,0.230192179227672,-0.331619983240399,0.740176228255454,1,FALSE
"chr11",45161349,45161696,"AluJr",6982,"SetA_ER_H3K27ac","10nM",FALSE,"PRDM11",0,"ENSG00000019485",339.147374798738,0.401752663042024,0.22522983693129,1.78374529998254,0.0744650615746161,0.663214969030044,FALSE
"chr11",46338620,46338863,"AluSx1",98,"SetA_ER_H3K27ac","10nM",FALSE,"DGKZ",0,"ENSG00000149091",5980.2535602494,0.138374479853569,0.246700737298623,0.560900147153073,0.574865609712494,1,FALSE
"chr11",46339445,46339674,"AluSx1",923,"SetA_ER_H3K27ac","10nM",FALSE,"DGKZ",0,"ENSG00000149091",5980.2535602494,0.138374479853569,0.246700737298623,0.560900147153073,0.574865609712494,1,FALSE
"chr11",46342205,46342442,"AluSz",400,"SetA_ER_H3K27ac","10nM",FALSE,"DGKZ",0,"ENSG00000149091",5980.2535602494,0.138374479853569,0.246700737298623,0.560900147153073,0.574865609712494,1,FALSE
"chr11",46363598,46364000,"AluSg",2797,"SetA_ER_H3K27ac","10nM",FALSE,"DGKZ",0,"ENSG00000149091",5980.2535602494,0.138374479853569,0.246700737298623,0.560900147153073,0.574865609712494,1,FALSE
"chr11",46616609,46616797,"AluSx1",1098,"SetA_ER_H3K27ac","10nM",FALSE,"HARBI1",0,"ENSG00000180423",254.604543754754,-0.115718454914369,0.294099900568904,-0.393466487715651,0.693974971035833,1,FALSE
"chr11",63869693,63869910,"AluJb",334,"SetA_ER_H3K27ac","10nM",FALSE,"MARK2",0,"ENSG00000072518",4478.32501855838,0.228899275997905,0.2759235937322,0.829574857668987,0.406779196845608,1,FALSE
"chr11",63872241,63872538,"AluSx",1100,"SetA_ER_H3K27ac","10nM",FALSE,"MARK2",0,"ENSG00000072518",4478.32501855838,0.228899275997905,0.2759235937322,0.829574857668987,0.406779196845608,1,FALSE
"chr11",63872903,63873294,"AluSx",344,"SetA_ER_H3K27ac","10nM",FALSE,"MARK2",0,"ENSG00000072518",4478.32501855838,0.228899275997905,0.2759235937322,0.829574857668987,0.406779196845608,1,FALSE
"chr11",63874565,63874937,"AluJb",11,"SetA_ER_H3K27ac","10nM",FALSE,"MARK2",0,"ENSG00000072518",4478.32501855838,0.228899275997905,0.2759235937322,0.829574857668987,0.406779196845608,1,FALSE
"chr11",64268468,64268656,"AluSx1",1376,"SetA_ER_H3K27ac","10nM",FALSE,"PLCB3",0,"ENSG00000149782",1440.24639939092,-0.0532283523912625,0.284557733256183,-0.187056425359355,0.85161639258227,1,FALSE
"chr11",64359278,64359588,"AluSz",2682,"SetA_ER_H3K27ac","10nM",FALSE,"RPS6KA4",0,"ENSG00000162302",1890.39343707386,-0.215997722975524,0.240301731208531,-0.898860453019723,0.368726994931193,1,FALSE
"chr11",64876852,64877091,"AluSz",1283,"SetA_ER_H3K27ac","10nM",FALSE,"EHD1",0,"ENSG00000110047",5143.4473010362,0.897902938138301,0.271482691324399,3.30740399602633,0.000941649822179352,0.0315208208482951,TRUE
"chr11",65379941,65380240,"AluJb",897,"SetA_ER_H3K27ac","10nM",FALSE,"SLC25A45",0,"ENSG00000162241",283.609583093479,0.885663909654095,0.332740957857332,2.66172194537541,0.00777420692388846,0.160661583419842,FALSE
"chr11",65417068,65417355,"AluSp",2304,"SetA_ER_H3K27ac","10nM",FALSE,"ENSG00000305830",0,"ENSG00000305830",4.80942555022651,-0.446943925765506,1.10814609887575,-0.403325812561127,0.686708555030078,1,FALSE
"chr11",65418404,65418976,"AluSz",685,"SetA_ER_H3K27ac","10nM",FALSE,"ENSG00000305830",0,"ENSG00000305830",4.80942555022651,-0.446943925765506,1.10814609887575,-0.403325812561127,0.686708555030078,1,FALSE
"chr11",66124644,66124951,"AluSz",807,"SetA_ER_H3K27ac","10nM",FALSE,"PACS1",0,"ENSG00000175115",3516.93808772262,-0.0661623457376848,0.376314357914675,-0.175816692470412,0.860437955220813,1,FALSE
"chr11",67022516,67022846,"AluYh3a3",391,"SetA_ER_H3K27ac","10nM",FALSE,"SYT12",0,"ENSG00000173227",1275.09725080044,1.29586556387906,0.370909804589908,3.49374847427346,0.000476289528213061,0.0181298474891615,TRUE
"chr11",67027682,67028234,"AluSz",155,"SetA_ER_H3K27ac","10nM",FALSE,"SYT12",0,"ENSG00000173227",1275.09725080044,1.29586556387906,0.370909804589908,3.49374847427346,0.000476289528213061,0.0181298474891615,TRUE
"chr11",67028882,67029207,"AluSx",365,"SetA_ER_H3K27ac","10nM",FALSE,"SYT12",0,"ENSG00000173227",1275.09725080044,1.29586556387906,0.370909804589908,3.49374847427346,0.000476289528213061,0.0181298474891615,TRUE
"chr11",67062275,67062478,"AluSx",280,"SetA_ER_H3K27ac","10nM",FALSE,"RHOD",0,"ENSG00000173156",1049.32559741267,0.733123592312471,0.200933439115631,3.64858928179983,0.000263684267190436,0.0110703075536422,TRUE
"chr11",67248670,67248959,"AluJb",891,"SetA_ER_H3K27ac","10nM",FALSE,"KDM2A",0,"ENSG00000173120",4274.76946916969,-0.198723141564925,0.200818387250509,-0.989566464932463,0.322386068070577,1,FALSE
"chr11",67683421,67683870,"AluJo",0,"SetA_ER_H3K27ac","10nM",TRUE,"ENSG00000309483",0,"ENSG00000309483",5.24100535542005,0.167571573759619,1.53586354300596,0.109105769534481,0.913118598784827,1,FALSE
"chr11",68018430,68018694,"AluJr4",571,"SetA_ER_H3K27ac","10nM",FALSE,"ALDH3B1",0,"ENSG00000006534",97.6416761816656,0.258818984194445,0.540317938656849,0.479012384519069,0.631929818257615,1,FALSE
"chr11",68341399,68341602,"AluJr",500,"SetA_ER_H3K27ac","10nM",FALSE,"LRP5",0,"ENSG00000162337",3681.23778584277,-0.0733363173673486,0.423246058304711,-0.173271117186757,0.862438325428637,1,FALSE
"chr11",68344100,68344313,"AluSz",0,"SetA_ER_H3K27ac","10nM",TRUE,"LRP5",0,"ENSG00000162337",3681.23778584277,-0.0733363173673486,0.423246058304711,-0.173271117186757,0.862438325428637,1,FALSE
"chr11",68817636,68817935,"AluJb",642,"SetA_ER_H3K27ac","10nM",FALSE,"CPT1A",0,"ENSG00000110090",6885.65960485252,0.168010668777243,0.31718189422624,0.52969816952226,0.596321217293822,1,FALSE
"chr11",68818238,68818550,"AluJb",27,"SetA_ER_H3K27ac","10nM",FALSE,"CPT1A",0,"ENSG00000110090",6885.65960485252,0.168010668777243,0.31718189422624,0.52969816952226,0.596321217293822,1,FALSE
"chr11",68819457,68819947,"AluSx1",79,"SetA_ER_H3K27ac","10nM",FALSE,"CPT1A",0,"ENSG00000110090",6885.65960485252,0.168010668777243,0.31718189422624,0.52969816952226,0.596321217293822,1,FALSE
"chr11",69122793,69123049,"AluSg",2304,"SetA_ER_H3K27ac","10nM",FALSE,"TPCN2",0,"ENSG00000162341",360.699862818417,0.165714250563734,0.283656023127927,0.584208467482453,0.559080065363504,1,FALSE
"chr11",69301794,69302059,"AluSz",3415,"SetA_ER_H3K27ac","10nM",FALSE,"MYEOV",0,"ENSG00000172927",14.2891720686845,2.41054206382679,1.00573863767435,2.39678776724823,0.0165395004994349,0.274750937639823,FALSE
"chr11",69653985,69654210,"AluY",6221,"SetA_ER_H3K27ac","10nM",FALSE,"CCND1",0,"ENSG00000110092",26114.8089884507,1.25516518045191,0.236084624824174,5.31659010571612,1.05729876478042e-07,1.29626125861177e-05,TRUE
"chr11",69654433,69654743,"AluY",5688,"SetA_ER_H3K27ac","10nM",FALSE,"CCND1",0,"ENSG00000110092",26114.8089884507,1.25516518045191,0.236084624824174,5.31659010571612,1.05729876478042e-07,1.29626125861177e-05,TRUE
"chr11",69654994,69655184,"AluY",5247,"SetA_ER_H3K27ac","10nM",FALSE,"LTO1",0,"ENSG00000149716",814.752126950604,0.433709825855025,0.271436569423459,1.59783122361236,0.110080543723644,0.797183661586557,FALSE
"chr11",70106123,70106779,"AluSc8",3402,"SetA_ER_H3K27ac","10nM",FALSE,"ANO1",0,"ENSG00000131620",79.0298201767781,-0.18635721605453,0.676914829497304,-0.275303787025798,0.783082855222366,1,FALSE
"chr11",70116630,70116970,"AluSx1",123,"SetA_ER_H3K27ac","10nM",FALSE,"ANO1",0,"ENSG00000131620",79.0298201767781,-0.18635721605453,0.676914829497304,-0.275303787025798,0.783082855222366,1,FALSE
"chr11",70203499,70203738,"AluJr",832,"SetA_ER_H3K27ac","10nM",FALSE,"FADD",0,"ENSG00000168040",1742.95666644218,-0.0962373082822904,0.142309954009511,-0.67625141861727,0.498881031598823,1,FALSE
"chr11",70497119,70497320,"AluSz",2527,"SetA_ER_H3K27ac","10nM",FALSE,"SHANK2",0,"ENSG00000162105",2971.907249537,0.246642517455746,0.366885645709573,0.672259927146314,0.501418236119179,1,FALSE
"chr11",70760268,70760629,"AluSx1",763,"SetA_ER_H3K27ac","10nM",FALSE,"SHANK2",0,"ENSG00000162105",2971.907249537,0.246642517455746,0.366885645709573,0.672259927146314,0.501418236119179,1,FALSE
"chr11",70762636,70762877,"AluSx1",3131,"SetA_ER_H3K27ac","10nM",FALSE,"SHANK2",0,"ENSG00000162105",2971.907249537,0.246642517455746,0.366885645709573,0.672259927146314,0.501418236119179,1,FALSE
"chr11",70805822,70806202,"AluSx1",1345,"SetA_ER_H3K27ac","10nM",FALSE,"SHANK2",0,"ENSG00000162105",2971.907249537,0.246642517455746,0.366885645709573,0.672259927146314,0.501418236119179,1,FALSE
"chr11",71207626,71207854,"AluSx1",148,"SetA_ER_H3K27ac","10nM",FALSE,"SHANK2",0,"ENSG00000162105",2971.907249537,0.246642517455746,0.366885645709573,0.672259927146314,0.501418236119179,1,FALSE
"chr11",71251799,71252205,"AluSz6",4706,"SetA_ER_H3K27ac","10nM",FALSE,"SHANK2",0,"ENSG00000162105",2971.907249537,0.246642517455746,0.366885645709573,0.672259927146314,0.501418236119179,1,FALSE
"chr11",71282742,71282969,"AluSq2",617,"SetA_ER_H3K27ac","10nM",FALSE,"ENSG00000306764",1121,"ENSG00000306764",54.3031334953416,-0.923802382488011,0.568874656480375,-1.62391200234437,0.104394590611816,0.779024497227199,FALSE
"chr11",71448928,71449322,"AluJo",248,"SetA_ER_H3K27ac","10nM",FALSE,"DHCR7",0,"ENSG00000172893",18643.1421076945,0.8634052711278,0.303227422598022,2.84738518610959,0.00440799913743482,0.106259897180335,FALSE
"chr11",71477600,71477823,"AluJo",1273,"SetA_ER_H3K27ac","10nM",FALSE,"NADSYN1",0,"ENSG00000172890",1761.9519584703,0.493649822960235,0.190223764038699,2.59510069866879,0.0094563209278557,0.186365993513085,FALSE
"chr11",71481359,71481841,"AluSq2",888,"SetA_ER_H3K27ac","10nM",FALSE,"NADSYN1",0,"ENSG00000172890",1761.9519584703,0.493649822960235,0.190223764038699,2.59510069866879,0.0094563209278557,0.186365993513085,FALSE
"chr11",72041620,72041862,"AluJr",988,"SetA_ER_H3K27ac","10nM",FALSE,"NUMA1",0,"ENSG00000137497",18664.5615239048,0.0770254605494446,0.224032610639189,0.343813609677996,0.730986464461481,1,FALSE
"chr11",72782741,72782999,"AluSx",2284,"SetA_ER_H3K27ac","10nM",FALSE,"ARAP1",0,"ENSG00000186635",1723.29986596224,0.0568580180924819,0.249759454618848,0.227651114065939,0.819917479815296,1,FALSE
"chr11",72786363,72786829,"AluJb",0,"SetA_ER_H3K27ac","10nM",TRUE,"ARAP1",0,"ENSG00000186635",1723.29986596224,0.0568580180924819,0.249759454618848,0.227651114065939,0.819917479815296,1,FALSE
"chr11",72823781,72824036,"AluSx1",3621,"SetA_ER_H3K27ac","10nM",FALSE,"ATG16L2",0,"ENSG00000168010",149.476444563706,0.0885132699024818,0.258215203705,0.342788761592848,0.73175738123971,1,FALSE
"chr11",73192319,73192737,"AluSx1",32,"SetA_ER_H3K27ac","10nM",FALSE,"ENSG00000298945",0,"ENSG00000298945",11.4604874706582,1.63457238650263,1.13121862436417,1.44496594318484,0.148467451979589,0.893971567719993,FALSE
"chr11",73193813,73194238,"AluSx1",1526,"SetA_ER_H3K27ac","10nM",FALSE,"ENSG00000298945",0,"ENSG00000298945",11.4604874706582,1.63457238650263,1.13121862436417,1.44496594318484,0.148467451979589,0.893971567719993,FALSE
"chr11",73194552,73194988,"AluSz",1869,"SetA_ER_H3K27ac","10nM",FALSE,"ENSG00000298945",0,"ENSG00000298945",11.4604874706582,1.63457238650263,1.13121862436417,1.44496594318484,0.148467451979589,0.893971567719993,FALSE
"chr11",73200253,73200614,"AluJb",660,"SetA_ER_H3K27ac","10nM",FALSE,"ENSG00000298945",0,"ENSG00000298945",11.4604874706582,1.63457238650263,1.13121862436417,1.44496594318484,0.148467451979589,0.893971567719993,FALSE
"chr11",73227721,73228501,"AluSz6",2763,"SetA_ER_H3K27ac","10nM",FALSE,"P2RY2",0,"ENSG00000175591",3828.18738396584,3.01698213778003,0.43820080472601,6.88493061911748,5.78157060854067e-12,1.98608287019679e-09,TRUE
"chr11",74069187,74069374,"AluSz",91,"SetA_ER_H3K27ac","10nM",FALSE,"C2CD3",0,"ENSG00000168014",1337.93802887659,-0.119925339740905,0.191565386650202,-0.62602822899258,0.531296425769234,1,FALSE
"chr11",75333741,75334165,"AluSg",0,"SetA_ER_H3K27ac","10nM",TRUE,"ARRB1",0,"ENSG00000137486",1768.27231015732,0.34099785126159,0.259647339786642,1.31331155382449,0.189077986872607,0.96514789922749,FALSE
"chr11",75343044,75343227,"AluY",586,"SetA_ER_H3K27ac","10nM",FALSE,"ARRB1",0,"ENSG00000137486",1768.27231015732,0.34099785126159,0.259647339786642,1.31331155382449,0.189077986872607,0.96514789922749,FALSE
"chr11",75349482,75349691,"AluJb",594,"SetA_ER_H3K27ac","10nM",FALSE,"ARRB1",0,"ENSG00000137486",1768.27231015732,0.34099785126159,0.259647339786642,1.31331155382449,0.189077986872607,0.96514789922749,FALSE
"chr11",75351092,75351510,"AluSx",1865,"SetA_ER_H3K27ac","10nM",FALSE,"ARRB1",0,"ENSG00000137486",1768.27231015732,0.34099785126159,0.259647339786642,1.31331155382449,0.189077986872607,0.96514789922749,FALSE
"chr11",75791986,75792418,"AluJo",2539,"SetA_ER_H3K27ac","10nM",FALSE,"DGAT2",0,"ENSG00000062282",135.789077587584,0.714425464777236,0.434974949937139,1.64245197310899,0.100496371517136,0.766872728288593,FALSE
"chr11",76921475,76921944,"AluJr",540,"SetA_ER_H3K27ac","10nM",FALSE,"ACER3",0,"ENSG00000078124",1068.48045761253,0.0307615999451146,0.207215304430245,0.148452355050203,0.881985784400344,1,FALSE
"chr11",77020247,77020577,"AluSg",778,"SetA_ER_H3K27ac","10nM",FALSE,"ACER3",0,"ENSG00000078124",1068.48045761253,0.0307615999451146,0.207215304430245,0.148452355050203,0.881985784400344,1,FALSE
"chr11",77038402,77039031,"AluJb",0,"SetA_ER_H3K27ac","10nM",TRUE,"B3GNT6",0,"ENSG00000198488",46.921276667782,7.49169459126881,1.27846853218301,5.85989752792473,4.63152881276393e-09,8.04838885167603e-07,TRUE
"chr11",77192086,77192271,"AluSx4",746,"SetA_ER_H3K27ac","10nM",FALSE,"MYO7A",0,"ENSG00000137474",63.4005108074175,0.327724192017107,0.493869979206318,0.663583950868569,0.506956632022015,1,FALSE
"chr11",77407739,77408023,"AluJo",350,"SetA_ER_H3K27ac","10nM",FALSE,"PAK1",0,"ENSG00000149269",722.325808206252,-0.132103058894426,0.245167350995489,-0.538828103978889,0.590005469706386,1,FALSE
"chr11",78145735,78146029,"AluYb8",0,"SetA_ER_H3K27ac","10nM",TRUE,"KCTD21-AS1",0,"ENSG00000246174",46.7281293033935,1.89968011940417,0.533735840127439,3.55921408416304,0.000371966235020094,0.0147307542805484,TRUE
"chr11",78150698,78151082,"AluJb",0,"SetA_ER_H3K27ac","10nM",TRUE,"KCTD21-AS1",0,"ENSG00000246174",46.7281293033935,1.89968011940417,0.533735840127439,3.55921408416304,0.000371966235020094,0.0147307542805484,TRUE
"chr11",78156015,78156729,"AluSx3",1,"SetA_ER_H3K27ac","10nM",FALSE,"KCTD21-AS1",0,"ENSG00000246174",46.7281293033935,1.89968011940417,0.533735840127439,3.55921408416304,0.000371966235020094,0.0147307542805484,TRUE
"chr11",78259783,78260536,"AluSq2",0,"SetA_ER_H3K27ac","10nM",TRUE,"GAB2",0,"ENSG00000033327",1888.17703766094,1.47043561185988,0.220461138253336,6.66981774434173,2.5612129020203e-11,7.20891248365825e-09,TRUE
"chr11",78268205,78268590,"AluY",325,"SetA_ER_H3K27ac","10nM",FALSE,"GAB2",0,"ENSG00000033327",1888.17703766094,1.47043561185988,0.220461138253336,6.66981774434173,2.5612129020203e-11,7.20891248365825e-09,TRUE
"chr11",78311876,78312297,"AluSx1",127,"SetA_ER_H3K27ac","10nM",FALSE,"GAB2",0,"ENSG00000033327",1888.17703766094,1.47043561185988,0.220461138253336,6.66981774434173,2.5612129020203e-11,7.20891248365825e-09,TRUE
"chr11",78386617,78386841,"FRAM",218,"SetA_ER_H3K27ac","10nM",FALSE,"GAB2",0,"ENSG00000033327",1888.17703766094,1.47043561185988,0.220461138253336,6.66981774434173,2.5612129020203e-11,7.20891248365825e-09,TRUE
"chr11",78396534,78396950,"AluSp",0,"SetA_ER_H3K27ac","10nM",TRUE,"GAB2",0,"ENSG00000033327",1888.17703766094,1.47043561185988,0.220461138253336,6.66981774434173,2.5612129020203e-11,7.20891248365825e-09,TRUE
"chr11",79053124,79053402,"AluJo",1099,"SetA_ER_H3K27ac","10nM",FALSE,"TENM4",0,"ENSG00000149256",109.82035879977,1.27635891102765,0.906817073164252,1.40751530688976,0.159274641580638,0.915478715644386,FALSE
"chr11",79055765,79056014,"AluSz",227,"SetA_ER_H3K27ac","10nM",FALSE,"TENM4",0,"ENSG00000149256",109.82035879977,1.27635891102765,0.906817073164252,1.40751530688976,0.159274641580638,0.915478715644386,FALSE
"chr11",79059719,79060614,"AluY",1155,"SetA_ER_H3K27ac","10nM",FALSE,"TENM4",0,"ENSG00000149256",109.82035879977,1.27635891102765,0.906817073164252,1.40751530688976,0.159274641580638,0.915478715644386,FALSE
"chr11",79353663,79354191,"AluSx1",1061,"SetA_ER_H3K27ac","10nM",FALSE,"TENM4",0,"ENSG00000149256",109.82035879977,1.27635891102765,0.906817073164252,1.40751530688976,0.159274641580638,0.915478715644386,FALSE
"chr11",84687494,84687809,"AluY",1509,"SetA_ER_H3K27ac","10nM",FALSE,"DLG2",0,"ENSG00000150672",351.407089896347,0.275336139667926,0.314672457769615,0.874992815130682,0.381577815076531,1,FALSE
"chr11",84688517,84688791,"AluY",2532,"SetA_ER_H3K27ac","10nM",FALSE,"DLG2",0,"ENSG00000150672",351.407089896347,0.275336139667926,0.314672457769615,0.874992815130682,0.381577815076531,1,FALSE
"chr11",85137190,85137603,"AluYa5",2638,"SetA_ER_H3K27ac","10nM",FALSE,"DLG2",0,"ENSG00000150672",351.407089896347,0.275336139667926,0.314672457769615,0.874992815130682,0.381577815076531,1,FALSE
"chr11",85137709,85137920,"AluYa5",3157,"SetA_ER_H3K27ac","10nM",FALSE,"DLG2",0,"ENSG00000150672",351.407089896347,0.275336139667926,0.314672457769615,0.874992815130682,0.381577815076531,1,FALSE
"chr11",86670285,86670490,"AluJo",4225,"SetA_ER_H3K27ac","10nM",FALSE,"ME3",0,"ENSG00000151376",14.1397722125932,0.482008027173525,1.27424645746456,0.378269073733667,0.705230717165867,1,FALSE
"chr11",86671257,86672011,"AluJo",2704,"SetA_ER_H3K27ac","10nM",FALSE,"ME3",0,"ENSG00000151376",14.1397722125932,0.482008027173525,1.27424645746456,0.378269073733667,0.705230717165867,1,FALSE
"chr11",86790310,86790701,"AluJb",2180,"SetA_ER_H3K27ac","10nM",FALSE,"PRSS23",358,"ENSG00000150687",2784.8823121991,2.37345672058392,0.506510919644162,4.68589447637445,2.78739860275069e-06,0.000238048605458845,TRUE
"chr11",86791579,86791840,"AluJb",1041,"SetA_ER_H3K27ac","10nM",FALSE,"PRSS23",0,"ENSG00000150687",2784.8823121991,2.37345672058392,0.506510919644162,4.68589447637445,2.78739860275069e-06,0.000238048605458845,TRUE
"chr11",86795481,86796206,"AluY",154,"SetA_ER_H3K27ac","10nM",FALSE,"PRSS23",0,"ENSG00000150687",2784.8823121991,2.37345672058392,0.506510919644162,4.68589447637445,2.78739860275069e-06,0.000238048605458845,TRUE
"chr11",87000494,87000720,"AluSx1",360,"SetA_ER_H3K27ac","10nM",FALSE,"FZD4-DT",0,"ENSG00000246523",15.7265117211987,0.103025642704149,0.669388297042957,0.153910134311084,0.877680593294673,1,FALSE
"chr11",94196398,94196734,"AluSq2",188,"SetA_ER_H3K27ac","10nM",FALSE,"ENSG00000250519",0,"ENSG00000250519",30.8479367644231,0.698604363962736,0.432110596940345,1.61672583109361,0.105937475500683,0.784094263113203,FALSE
"chr11",94544147,94544425,"AluY",1222,"SetA_ER_H3K27ac","10nM",FALSE,"PIWIL4",0,"ENSG00000134627",25.584958512939,1.92735109427325,0.7312743136322,2.63560617178006,0.0083987146476011,0.17074253664055,FALSE
"chr11",94830876,94831201,"AluSx1",1362,"SetA_ER_H3K27ac","10nM",FALSE,"AMOTL1",0,"ENSG00000166025",3671.40572003388,0.108707362870551,0.178372590984182,0.609439837537546,0.542232939012347,1,FALSE
"chr11",94831589,94831817,"AluSx1",2075,"SetA_ER_H3K27ac","10nM",FALSE,"AMOTL1",0,"ENSG00000166025",3671.40572003388,0.108707362870551,0.178372590984182,0.609439837537546,0.542232939012347,1,FALSE
"chr11",94832695,94832981,"AluY",1325,"SetA_ER_H3K27ac","10nM",FALSE,"AMOTL1",0,"ENSG00000166025",3671.40572003388,0.108707362870551,0.178372590984182,0.609439837537546,0.542232939012347,1,FALSE
"chr11",94845605,94845891,"AluSx",4130,"SetA_ER_H3K27ac","10nM",FALSE,"AMOTL1",0,"ENSG00000166025",3671.40572003388,0.108707362870551,0.178372590984182,0.609439837537546,0.542232939012347,1,FALSE
"chr11",100980992,100981198,"AluSx",123,"SetA_ER_H3K27ac","10nM",FALSE,"ARHGAP42",0,"ENSG00000165895",325.695025295156,-0.326234057758516,0.530731675804998,-0.614687369589716,0.538761202574367,1,FALSE
"chr11",101034045,101034527,"AluSc",6488,"SetA_ER_H3K27ac","10nM",FALSE,"PGR",0,"ENSG00000082175",1679.58505285303,3.41945821458447,0.386518358623553,8.84681966145578,9.00487340989227e-19,1.63593991112079e-15,TRUE
"chr11",101078524,101078884,"AluSg4",2264,"SetA_ER_H3K27ac","10nM",FALSE,"PGR",0,"ENSG00000082175",1679.58505285303,3.41945821458447,0.386518358623553,8.84681966145578,9.00487340989227e-19,1.63593991112079e-15,TRUE
"chr11",101178478,101178920,"AluSg7",7716,"SetA_ER_H3K27ac","10nM",FALSE,"PGR-AS1",0,"ENSG00000282728",27.8543885967996,1.07662973418725,0.654301244028381,1.64546490475655,0.0998739743197695,0.764743288597062,FALSE
"chr11",101254109,101254335,"AluSx1",1041,"SetA_ER_H3K27ac","10nM",FALSE,"PGR-AS1",0,"ENSG00000282728",27.8543885967996,1.07662973418725,0.654301244028381,1.64546490475655,0.0998739743197695,0.764743288597062,FALSE
"chr11",101299182,101299998,"AluY",2397,"SetA_ER_H3K27ac","10nM",FALSE,"PGR-AS1",0,"ENSG00000282728",27.8543885967996,1.07662973418725,0.654301244028381,1.64546490475655,0.0998739743197695,0.764743288597062,FALSE
"chr11",101300451,101300851,"AluY",1544,"SetA_ER_H3K27ac","10nM",FALSE,"PGR-AS1",0,"ENSG00000282728",27.8543885967996,1.07662973418725,0.654301244028381,1.64546490475655,0.0998739743197695,0.764743288597062,FALSE
"chr11",101336064,101336582,"Alu",642,"SetA_ER_H3K27ac","10nM",FALSE,"PGR-AS1",0,"ENSG00000282728",27.8543885967996,1.07662973418725,0.654301244028381,1.64546490475655,0.0998739743197695,0.764743288597062,FALSE
"chr11",101336854,101337239,"Alu",1432,"SetA_ER_H3K27ac","10nM",FALSE,"PGR-AS1",0,"ENSG00000282728",27.8543885967996,1.07662973418725,0.654301244028381,1.64546490475655,0.0998739743197695,0.764743288597062,FALSE
"chr11",101686739,101687051,"AluJr",6190,"SetA_ER_H3K27ac","10nM",FALSE,"TRPC6",0,"ENSG00000137672",177.133027185966,0.770952017920164,0.672262151349339,1.14680265187135,0.25146319296903,1,FALSE
"chr11",101775218,101775488,"AluSx",8741,"SetA_ER_H3K27ac","10nM",FALSE,"TRPC6",0,"ENSG00000137672",177.133027185966,0.770952017920164,0.672262151349339,1.14680265187135,0.25146319296903,1,FALSE
"chr11",102467134,102467346,"AluJo",3074,"SetA_ER_H3K27ac","10nM",FALSE,"TMEM123",0,"ENSG00000152558",4459.91307800095,-0.193278171728161,0.22159533479258,-0.872212277885164,0.383092582678643,1,FALSE
"chr11",112293021,112293423,"AluSz",3905,"SetA_ER_H3K27ac","10nM",FALSE,"LINC02762",0,"ENSG00000250303",65.0813517323421,1.44114265361873,0.376356110552251,3.82919956183001,0.000128560726328893,0.00613164094261717,TRUE
"chr11",113781787,113782131,"AluJr",225,"SetA_ER_H3K27ac","10nM",FALSE,"CLDN25",1303,"ENSG00000228607",3.84594994161104,4.45907224992399,1.56485234209255,2.84951629619011,0.00437857626138732,0.105678101458411,FALSE
"chr11",115471499,115471734,"AluJr",1443,"SetA_ER_H3K27ac","10nM",FALSE,"CADM1",0,"ENSG00000182985",645.164242708742,-0.417903740821404,0.40566277682807,-1.0301752211259,0.302927759379188,1,FALSE
"chr11",116836180,116836536,"AluSz",1385,"SetA_ER_H3K27ac","10nM",FALSE,"APOA1",0,"ENSG00000118137",2.43098083596755,0.52706096344881,1.54555838084818,0.341016534852321,0.733091134039424,1,FALSE
"chr11",117183793,117184226,"AluSq2",142,"SetA_ER_H3K27ac","10nM",FALSE,"SIDT2",0,"ENSG00000149577",2050.97737667903,1.20447175188962,0.354566477530145,3.39702658942769,0.000681223473100202,0.0241804083240398,TRUE
"chr11",117185184,117185501,"AluY",0,"SetA_ER_H3K27ac","10nM",TRUE,"SIDT2",0,"ENSG00000149577",2050.97737667903,1.20447175188962,0.354566477530145,3.39702658942769,0.000681223473100202,0.0241804083240398,TRUE
"chr11",117303080,117303448,"AluSz",183,"SetA_ER_H3K27ac","10nM",FALSE,"BACE1",0,"ENSG00000186318",2736.79109604837,0.310253048138582,0.367291351545493,0.844705563670627,0.398275252332743,1,FALSE
"chr11",117929305,117929502,"AluJr",4721,"SetA_ER_H3K27ac","10nM",FALSE,"TMPRSS13",0,"ENSG00000137747",1140.71148534164,-0.00669995847393077,0.214445656006123,-0.0312431531545664,0.975075625457266,1,FALSE
"chr11",118545608,118545912,"AluJb",307,"SetA_ER_H3K27ac","10nM",FALSE,"TMEM25",0,"ENSG00000149582",176.194489447007,0.17452751009618,0.440793423736133,0.395939459842429,0.692149690066576,1,FALSE
"chr11",118620737,118621022,"AluSp",219,"SetA_ER_H3K27ac","10nM",FALSE,"PHLDB1",0,"ENSG00000019144",1100.64985335389,0.0622077057611136,0.182547527741475,0.34077539439051,0.73327267534535,1,FALSE
"chr11",119681398,119681637,"AluSx4",5371,"SetA_ER_H3K27ac","10nM",FALSE,"NECTIN1",0,"ENSG00000110400",8110.71124828677,-0.231734830799444,0.268607700853857,-0.862725938470118,0.388288167540787,1,FALSE
"chr11",120235596,120235847,"AluSp",2113,"SetA_ER_H3K27ac","10nM",FALSE,"POU2F3",793,"ENSG00000137709",41.934987993697,-1.19273629668793,0.345464983310547,-3.4525533825689,0.000555307586454547,0.0205369311014288,TRUE
"chr11",120301920,120302188,"AluSz6",1145,"SetA_ER_H3K27ac","10nM",FALSE,"POU2F3",0,"ENSG00000137709",41.934987993697,-1.19273629668793,0.345464983310547,-3.4525533825689,0.000555307586454547,0.0205369311014288,TRUE
"chr11",120637176,120637463,"AluSg",324,"SetA_ER_H3K27ac","10nM",FALSE,"GRIK4",0,"ENSG00000149403",31.8041607501313,-1.08385060753588,0.604991769372764,-1.79151297985357,0.0732110135794454,0.657550065335567,FALSE
"chr11",120812731,120813383,"AluSx1",939,"SetA_ER_H3K27ac","10nM",FALSE,"GRIK4",0,"ENSG00000149403",31.8041607501313,-1.08385060753588,0.604991769372764,-1.79151297985357,0.0732110135794454,0.657550065335567,FALSE
"chr11",120952519,120952837,"AluJb",3367,"SetA_ER_H3K27ac","10nM",FALSE,"GRIK4",0,"ENSG00000149403",31.8041607501313,-1.08385060753588,0.604991769372764,-1.79151297985357,0.0732110135794454,0.657550065335567,FALSE
"chr11",120985904,120986147,"AluSz",777,"SetA_ER_H3K27ac","10nM",FALSE,"GRIK4",0,"ENSG00000149403",31.8041607501313,-1.08385060753588,0.604991769372764,-1.79151297985357,0.0732110135794454,0.657550065335567,FALSE
"chr11",123072358,123072541,"AluSx3",0,"SetA_ER_H3K27ac","10nM",TRUE,"ENSG00000288061",0,"ENSG00000288061",13.1566006548759,3.14914595523072,0.795795934522637,3.95722800107009,7.58245501782049e-05,0.00393578652145778,TRUE
"chr11",123096377,123096779,"AluSx",0,"SetA_ER_H3K27ac","10nM",TRUE,"ENSG00000288061",0,"ENSG00000288061",13.1566006548759,3.14914595523072,0.795795934522637,3.95722800107009,7.58245501782049e-05,0.00393578652145778,TRUE
"chr11",123097766,123098046,"AluSx",140,"SetA_ER_H3K27ac","10nM",FALSE,"ENSG00000288061",0,"ENSG00000288061",13.1566006548759,3.14914595523072,0.795795934522637,3.95722800107009,7.58245501782049e-05,0.00393578652145778,TRUE
"chr11",134258625,134258994,"AluSx3",477,"SetA_ER_H3K27ac","10nM",FALSE,"ACAD8",0,"ENSG00000151498",957.033539247977,0.235392580985695,0.246402647749923,0.955316767637162,0.339417530544233,1,FALSE
"chr12",495197,495502,"AluSz",824,"SetA_ER_H3K27ac","10nM",FALSE,"B4GALNT3",0,"ENSG00000139044",214.638159198717,1.20934786527072,0.572094790918663,2.11389420856072,0.0345243040013496,0.423432153772866,FALSE
"chr12",524125,524661,"AluSx3",47,"SetA_ER_H3K27ac","10nM",FALSE,"B4GALNT3",0,"ENSG00000139044",214.638159198717,1.20934786527072,0.572094790918663,2.11389420856072,0.0345243040013496,0.423432153772866,FALSE
"chr12",1629092,1629369,"AluSx",669,"SetA_ER_H3K27ac","10nM",FALSE,"WNT5B",0,"ENSG00000111186",147.994889654999,3.63661858955043,0.524317841766923,6.93590471248361,4.03629604875679e-12,1.49372852293251e-09,TRUE
"chr12",1767867,1768323,"AluSq10",574,"SetA_ER_H3K27ac","10nM",FALSE,"ADIPOR2",0,"ENSG00000006831",9976.76776401379,-0.217329178468792,0.142440751533531,-1.52575141684528,0.127071784154257,0.843375136014173,FALSE
"chr12",1932223,1932569,"AluJo",564,"SetA_ER_H3K27ac","10nM",FALSE,"LINC00940",0,"ENSG00000235049",8.81587719757561,3.34474507298317,1.08264368612492,3.08942370961856,0.00200545204305364,0.057416839009146,FALSE
"chr12",1933722,1934159,"AluJo",2063,"SetA_ER_H3K27ac","10nM",FALSE,"LINC00940",0,"ENSG00000235049",8.81587719757561,3.34474507298317,1.08264368612492,3.08942370961856,0.00200545204305364,0.057416839009146,FALSE
"chr12",1934869,1935146,"AluJo",3210,"SetA_ER_H3K27ac","10nM",FALSE,"LINC00940",0,"ENSG00000235049",8.81587719757561,3.34474507298317,1.08264368612492,3.08942370961856,0.00200545204305364,0.057416839009146,FALSE
"chr12",2625339,2625574,"AluJo",95,"SetA_ER_H3K27ac","10nM",FALSE,"CACNA1C",0,"ENSG00000151067",14.5182362210083,0.126805495577666,1.05776341588794,0.11988077265011,0.904577595822245,1,FALSE
"chr12",2795902,2796218,"AluSz6",1981,"SetA_ER_H3K27ac","10nM",FALSE,"ITFG2-AS1",0,"ENSG00000258325",17.8827915020541,0.605964556586007,0.627904500579696,0.965058469921089,0.334515526637881,1,FALSE
"chr12",3315330,3315567,"AluJo",319,"SetA_ER_H3K27ac","10nM",FALSE,"ENSG00000291189",0,"ENSG00000291189",25.3006974626987,0.931847533669768,0.593781506447348,1.56934415024998,0.116567770049513,0.813768859645786,FALSE
"chr12",3349835,3350219,"AluSz",2710,"SetA_ER_H3K27ac","10nM",FALSE,"ENSG00000291189",0,"ENSG00000291189",25.3006974626987,0.931847533669768,0.593781506447348,1.56934415024998,0.116567770049513,0.813768859645786,FALSE
"chr12",3747752,3748007,"AluSp",1897,"SetA_ER_H3K27ac","10nM",FALSE,"CRACR2A",0,"ENSG00000130038",1389.50565166161,0.0657397726131333,0.136321795592053,0.482239632537275,0.629635725618939,1,FALSE
"chr12",5634989,5635518,"AluY",2710,"SetA_ER_H3K27ac","10nM",FALSE,"ANO2",0,"ENSG00000047617",19.8027129971505,-0.0145059963319508,0.928634137528652,-0.0156207872893357,0.987536921846845,1,FALSE
"chr12",6065255,6065686,"AluSx1",2165,"SetA_ER_H3K27ac","10nM",FALSE,"VWF",0,"ENSG00000110799",86.2188113489333,2.06004830538245,0.690365295042388,2.98399748680293,0.00284509108627044,0.074419241188519,FALSE
"chr12",6088850,6089210,"AluY",359,"SetA_ER_H3K27ac","10nM",FALSE,"VWF",0,"ENSG00000110799",86.2188113489333,2.06004830538245,0.690365295042388,2.98399748680293,0.00284509108627044,0.074419241188519,FALSE
"chr12",6235502,6235706,"AluSq2",1263,"SetA_ER_H3K27ac","10nM",FALSE,"CD9",0,"ENSG00000010278",13853.3615157653,0.0114305338901289,0.110130614213431,0.103790703173386,0.917335444414575,1,FALSE
"chr12",6237534,6237938,"AluSx",136,"SetA_ER_H3K27ac","10nM",FALSE,"CD9",0,"ENSG00000010278",13853.3615157653,0.0114305338901289,0.110130614213431,0.103790703173386,0.917335444414575,1,FALSE
"chr12",6363890,6364272,"AluY",202,"SetA_ER_H3K27ac","10nM",FALSE,"SCNN1A",0,"ENSG00000111319",844.316817305599,0.000417055990984026,0.464891272954551,0.000897104366647895,0.999284214372433,1,FALSE
"chr12",6533661,6533869,"AluSp",1843,"SetA_ER_H3K27ac","10nM",FALSE,"GAPDH-DT",0,"ENSG00000255966",3.35666611884502,1.49315892463122,1.45999228389791,1.02271699727396,0.306441672481032,1,FALSE
"chr12",11661998,11662332,"AluJr4",707,"SetA_ER_H3K27ac","10nM",FALSE,"ETV6",0,"ENSG00000139083",776.841362348541,0.552860050974325,0.218904765153363,2.52557339529359,0.0115509650754657,0.216137159239799,FALSE
"chr12",11753349,11753616,"AluJb",10243,"SetA_ER_H3K27ac","10nM",FALSE,"ETV6",0,"ENSG00000139083",776.841362348541,0.552860050974325,0.218904765153363,2.52557339529359,0.0115509650754657,0.216137159239799,FALSE
"chr12",11754331,11754637,"AluJb",11225,"SetA_ER_H3K27ac","10nM",FALSE,"ETV6",0,"ENSG00000139083",776.841362348541,0.552860050974325,0.218904765153363,2.52557339529359,0.0115509650754657,0.216137159239799,FALSE
"chr12",11861189,11861939,"AluSz6",596,"SetA_ER_H3K27ac","10nM",FALSE,"ETV6",0,"ENSG00000139083",776.841362348541,0.552860050974325,0.218904765153363,2.52557339529359,0.0115509650754657,0.216137159239799,FALSE
"chr12",12267055,12267245,"AluSx3",1230,"SetA_ER_H3K27ac","10nM",FALSE,"LRP6",0,"ENSG00000070018",991.898847033209,-0.21649402871231,0.442188458554919,-0.489596742121711,0.624419282273161,1,FALSE
"chr12",12433414,12433603,"FLAM_A",0,"SetA_ER_H3K27ac","10nM",TRUE,"BORCS5",0,"ENSG00000165714",181.222729468387,0.452857074374578,0.378540880706163,1.19632276844123,0.231570626981389,1,FALSE
"chr12",12499093,12499505,"AluJb",388,"SetA_ER_H3K27ac","10nM",FALSE,"DUSP16",0,"ENSG00000111266",3394.65496045281,-0.574544002789928,0.326728380569812,-1.75847596033111,0.0786665584212714,0.682619410981627,FALSE
"chr12",12872262,12872699,"AluJr",271,"SetA_ER_H3K27ac","10nM",FALSE,"ENSG00000305513",0,"ENSG00000305513",41.4486931059899,-0.918853467590942,0.544776177903824,-1.68666234842809,0.0916682958344862,0.733139102108071,FALSE
"chr12",13045535,13045733,"AluSp",710,"SetA_ER_H3K27ac","10nM",FALSE,"FAM234B",0,"ENSG00000084444",4346.41973055364,0.34084480928121,0.168161320466164,2.02689184609365,0.0426734746003279,0.48071404532861,FALSE
"chr12",13047079,13047464,"AluSp",322,"SetA_ER_H3K27ac","10nM",FALSE,"FAM234B",0,"ENSG00000084444",4346.41973055364,0.34084480928121,0.168161320466164,2.02689184609365,0.0426734746003279,0.48071404532861,FALSE
"chr12",13050079,13050610,"AluSx1",601,"SetA_ER_H3K27ac","10nM",FALSE,"FAM234B",0,"ENSG00000084444",4346.41973055364,0.34084480928121,0.168161320466164,2.02689184609365,0.0426734746003279,0.48071404532861,FALSE
"chr12",13051534,13051742,"AluSx1",2056,"SetA_ER_H3K27ac","10nM",FALSE,"FAM234B",0,"ENSG00000084444",4346.41973055364,0.34084480928121,0.168161320466164,2.02689184609365,0.0426734746003279,0.48071404532861,FALSE
"chr12",14820078,14820388,"AluSc5",1279,"SetA_ER_H3K27ac","10nM",FALSE,"C12orf60",0,"ENSG00000182993",16.027627176478,-1.48661512379794,0.755071832282328,-1.96883933453643,0.048971543781016,0.517528995727035,FALSE
"chr12",14886398,14886621,"AluSz6",2568,"SetA_ER_H3K27ac","10nM",FALSE,"C12orf60",0,"ENSG00000182993",16.027627176478,-1.48661512379794,0.755071832282328,-1.96883933453643,0.048971543781016,0.517528995727035,FALSE
"chr12",14935556,14935908,"AluSz6",0,"SetA_ER_H3K27ac","10nM",TRUE,"ERP27",0,"ENSG00000139055",55.7920076590841,-0.0817421091725383,0.444647496914584,-0.183835756952975,0.854142304167168,1,FALSE
"chr12",15216382,15216891,"AluJr",1526,"SetA_ER_H3K27ac","10nM",FALSE,"RERG",0,"ENSG00000134533",418.730138473813,0.889849058946812,0.452149344013541,1.96804235310394,0.0490631647740848,0.518223194949953,FALSE
"chr12",15222168,15222516,"AluSq10",637,"SetA_ER_H3K27ac","10nM",FALSE,"RERG",0,"ENSG00000134533",418.730138473813,0.889849058946812,0.452149344013541,1.96804235310394,0.0490631647740848,0.518223194949953,FALSE
"chr12",15243131,15243497,"AluJr",771,"SetA_ER_H3K27ac","10nM",FALSE,"RERG",0,"ENSG00000134533",418.730138473813,0.889849058946812,0.452149344013541,1.96804235310394,0.0490631647740848,0.518223194949953,FALSE
"chr12",15243604,15243904,"AluJr",1244,"SetA_ER_H3K27ac","10nM",FALSE,"RERG",0,"ENSG00000134533",418.730138473813,0.889849058946812,0.452149344013541,1.96804235310394,0.0490631647740848,0.518223194949953,FALSE
"chr12",15273957,15274296,"AluY",518,"SetA_ER_H3K27ac","10nM",FALSE,"RERG",0,"ENSG00000134533",418.730138473813,0.889849058946812,0.452149344013541,1.96804235310394,0.0490631647740848,0.518223194949953,FALSE
"chr12",15274592,15274852,"AluSz",696,"SetA_ER_H3K27ac","10nM",FALSE,"RERG",0,"ENSG00000134533",418.730138473813,0.889849058946812,0.452149344013541,1.96804235310394,0.0490631647740848,0.518223194949953,FALSE
"chr12",18343769,18344090,"AluSz",3438,"SetA_ER_H3K27ac","10nM",FALSE,"PIK3C2G",0,"ENSG00000139144",88.3739974102725,-0.39402777950391,0.54664334850328,-0.720813269900322,0.471024409860224,1,FALSE
"chr12",18567880,18568127,"AluJr",483,"SetA_ER_H3K27ac","10nM",FALSE,"PIK3C2G",0,"ENSG00000139144",88.3739974102725,-0.39402777950391,0.54664334850328,-0.720813269900322,0.471024409860224,1,FALSE
"chr12",24544092,24544719,"AluSz",400,"SetA_ER_H3K27ac","10nM",FALSE,"SOX5",0,"ENSG00000134532",362.951918267273,0.0065045687530344,0.369946292158899,0.0175824677551859,0.985971943220709,1,FALSE
"chr12",27623521,27624251,"AluJr",0,"SetA_ER_H3K27ac","10nM",TRUE,"PPFIBP1",0,"ENSG00000110841",1518.41806162393,0.469053671567231,0.306866485574278,1.52852687933461,0.126381775071286,0.84243275284342,FALSE
"chr12",31311215,31311505,"AluSg",84,"SetA_ER_H3K27ac","10nM",FALSE,"SINHCAF",0,"ENSG00000139146",4053.5569866863,0.603022017947755,0.283576704428342,2.12648644451729,0.0334627767661778,0.418473173276157,FALSE
"chr12",31431397,31431707,"AluSc",723,"SetA_ER_H3K27ac","10nM",FALSE,"DENND5B",0,"ENSG00000170456",156.507291202805,1.3498548136325,0.42711801813284,3.16037899673125,0.00157564036830335,0.0476363042665266,TRUE
"chr12",31459941,31460376,"AluSc8",350,"SetA_ER_H3K27ac","10nM",FALSE,"DENND5B",0,"ENSG00000170456",156.507291202805,1.3498548136325,0.42711801813284,3.16037899673125,0.00157564036830335,0.0476363042665266,TRUE
"chr12",39443162,39443538,"AluSx4",1252,"SetA_ER_H3K27ac","10nM",FALSE,"KIF21A",0,"ENSG00000139116",2907.33452019484,1.73296895657232,0.253814533034493,6.82769790938964,8.62880448894772e-12,2.82685293290379e-09,TRUE
"chr12",42012384,42012575,"AluSx",139,"SetA_ER_H3K27ac","10nM",FALSE,"ENSG00000286591",0,"ENSG00000286591",2.8311227797204,-1.31772852144392,1.55241368011191,-0.84882563090331,0.395978325796612,1,FALSE
"chr12",45596212,45596645,"AluSg",1364,"SetA_ER_H3K27ac","10nM",FALSE,"ENSG00000293678",0,"ENSG00000293678",168.907662243691,0.0360621921787879,0.312280260561959,0.115480216757514,0.908064500303184,1,FALSE
"chr12",45987677,45987976,"FLAM_C",423,"SetA_ER_H3K27ac","10nM",FALSE,"SCAF11",0,"ENSG00000139218",5836.89935702783,0.238458388890943,0.100475760192272,2.37329270696361,0.0176302861434211,0.28690850023626,FALSE
"chr12",46201400,46201937,"AluJb",0,"SetA_ER_H3K27ac","10nM",TRUE,"SLC38A1",0,"ENSG00000111371",36693.8942443536,-0.2276425586776,0.168535726507275,-1.35070802728449,0.17678897985651,0.948101672871875,FALSE
"chr12",46209225,46209611,"AluSx",5806,"SetA_ER_H3K27ac","10nM",FALSE,"SLC38A1",0,"ENSG00000111371",36693.8942443536,-0.2276425586776,0.168535726507275,-1.35070802728449,0.17678897985651,0.948101672871875,FALSE
"chr12",46219400,46219684,"AluSx",2530,"SetA_ER_H3K27ac","10nM",FALSE,"SLC38A1",0,"ENSG00000111371",36693.8942443536,-0.2276425586776,0.168535726507275,-1.35070802728449,0.17678897985651,0.948101672871875,FALSE
"chr12",46456295,46456662,"AluSx3",914,"SetA_ER_H3K27ac","10nM",FALSE,"SLC38A4-AS1",0,"ENSG00000257261",170.029300220924,-0.0515917243949701,0.417484242419664,-0.12357765671814,0.901649684215894,1,FALSE
"chr12",46493730,46494122,"AluSx",1174,"SetA_ER_H3K27ac","10nM",FALSE,"SLC38A4-AS1",0,"ENSG00000257261",170.029300220924,-0.0515917243949701,0.417484242419664,-0.12357765671814,0.901649684215894,1,FALSE
"chr12",46509218,46509480,"AluSp",9306,"SetA_ER_H3K27ac","10nM",FALSE,"SLC38A4-AS1",0,"ENSG00000257261",170.029300220924,-0.0515917243949701,0.417484242419664,-0.12357765671814,0.901649684215894,1,FALSE
"chr12",47188826,47189136,"AluSg",2587,"SetA_ER_H3K27ac","10nM",FALSE,"PCED1B",0,"ENSG00000179715",98.3850590105888,-0.255569192282242,0.434163658009414,-0.588647132406232,0.556098009454878,1,FALSE
"chr12",48013300,48013523,"AluJo",0,"SetA_ER_H3K27ac","10nM",TRUE,"ENSG00000257985",0,"ENSG00000257985",10.7806661549288,-0.154442246139422,1.21751145452988,-0.126850754105683,0.899058524196816,1,FALSE
"chr12",48021903,48022306,"AluSz6",620,"SetA_ER_H3K27ac","10nM",FALSE,"ENSG00000257985",0,"ENSG00000257985",10.7806661549288,-0.154442246139422,1.21751145452988,-0.126850754105683,0.899058524196816,1,FALSE
"chr12",48023607,48023833,"AluSz6",318,"SetA_ER_H3K27ac","10nM",FALSE,"ENSG00000257985",0,"ENSG00000257985",10.7806661549288,-0.154442246139422,1.21751145452988,-0.126850754105683,0.899058524196816,1,FALSE
"chr12",48024026,48024335,"AluSz6",0,"SetA_ER_H3K27ac","10nM",TRUE,"ENSG00000257985",0,"ENSG00000257985",10.7806661549288,-0.154442246139422,1.21751145452988,-0.126850754105683,0.899058524196816,1,FALSE
"chr12",48025972,48026178,"AluSz6",1535,"SetA_ER_H3K27ac","10nM",FALSE,"ENSG00000257985",504,"ENSG00000257985",10.7806661549288,-0.154442246139422,1.21751145452988,-0.126850754105683,0.899058524196816,1,FALSE
"chr12",49187902,49188271,"AluSx1",3309,"SetA_ER_H3K27ac","10nM",FALSE,"TUBA1B-AS1",0,"ENSG00000258017",12.3072544880336,-0.264846018992968,0.953785344473539,-0.277678851460183,0.781258896478573,1,FALSE
"chr12",49804027,49804341,"AluJr",1250,"SetA_ER_H3K27ac","10nM",FALSE,"NCKAP5L",0,"ENSG00000167566",1286.67406135782,0.303585178827082,0.410939349708459,0.738759087058615,0.460053299331134,1,FALSE
"chr12",50402623,50402832,"AluSx",1111,"SetA_ER_H3K27ac","10nM",FALSE,"LARP4",0,"ENSG00000161813",5038.01951831939,0.121121955990456,0.215950066572039,0.560879456594427,0.574879715532161,1,FALSE
"chr12",50765557,50765816,"AluSx3",1421,"SetA_ER_H3K27ac","10nM",FALSE,"ATF1",0,"ENSG00000123268",2122.16425100176,0.149517308495485,0.266600708625727,0.560828623698027,0.574914371631319,1,FALSE
"chr12",51025788,51026184,"AluJb",564,"SetA_ER_H3K27ac","10nM",FALSE,"SLC11A2",0,"ENSG00000110911",4141.84132363235,0.0953562472534455,0.120295840674195,0.792681166023891,0.427963606104603,1,FALSE
"chr12",51257519,51257745,"AluJr",0,"SetA_ER_H3K27ac","10nM",TRUE,"DAZAP2",0,"ENSG00000183283",19793.4977676318,-0.00215579928984358,0.179781050031848,-0.011991248740964,0.990432597048273,1,FALSE
"chr12",52203320,52203941,"AluSz",1129,"SetA_ER_H3K27ac","10nM",FALSE,"LINC00592",0,"ENSG00000258279",6.52037358415104,0.0106626171372486,0.856664606442897,0.0124466647239258,0.990069254794904,1,FALSE
"chr12",52277784,52278047,"AluJr",3672,"SetA_ER_H3K27ac","10nM",FALSE,"KRT86",0,"ENSG00000170442",154.388942763407,0.0871049746874564,0.379156792751739,0.229733388277947,0.818298948616042,1,FALSE
"chr12",52617366,52617728,"AluSp",2374,"SetA_ER_H3K27ac","10nM",FALSE,"KRT73",0,"ENSG00000186049",9.98912514956888,5.54299526952092,1.63644665508785,3.38721415225317,0.00070606250918471,0.0247109512846712,TRUE
"chr12",52895168,52895554,"AluSc8",203,"SetA_ER_H3K27ac","10nM",FALSE,"KRT8",1628,"ENSG00000170421",238437.519975584,0.243139063818785,0.150333497840506,1.61733124893255,0.1058067974219,0.783511570117327,FALSE
"chr12",52906642,52906896,"AluSg",549,"SetA_ER_H3K27ac","10nM",FALSE,"KRT8",0,"ENSG00000170421",238437.519975584,0.243139063818785,0.150333497840506,1.61733124893255,0.1058067974219,0.783511570117327,FALSE
"chr12",53157921,53158387,"AluSz",0,"SetA_ER_H3K27ac","10nM",TRUE,"CSAD",0,"ENSG00000139631",159.819368840554,0.344484905974147,0.37729451971295,0.913039781855922,0.361221619212419,1,FALSE
"chr12",53990287,53990650,"AluSz",41836,"SetA_ER_H3K27ac","10nM",FALSE,"ENSG00000273049",0,"ENSG00000273049",39.5149124819094,8.9678398696902,2.19278176706706,4.08970924711997,4.31914269076405e-05,0.00243137316992194,TRUE
"chr12",54038198,54038436,"AluSq2",3251,"SetA_ER_H3K27ac","10nM",FALSE,"HOXC4",0,"ENSG00000198353",1706.4869425716,2.53415777468195,0.332704887800823,7.61683361922548,2.59974085013459e-14,1.79149038445137e-11,TRUE
"chr12",57522182,57522522,"AluSz",690,"SetA_ER_H3K27ac","10nM",FALSE,"MBD6",0,"ENSG00000166987",5474.27725751774,0.035154293640362,0.256289851301951,0.137166155670146,0.890899461875175,1,FALSE
"chr12",57917730,57917956,"AluSz",928,"SetA_ER_H3K27ac","10nM",FALSE,"ATP23",0,"ENSG00000166896",122.711875614737,0.0500381852528947,0.443545455012035,0.112814108875351,0.910177932489439,1,FALSE
"chr12",57918114,57918436,"AluSz",1312,"SetA_ER_H3K27ac","10nM",FALSE,"ATP23",0,"ENSG00000166896",122.711875614737,0.0500381852528947,0.443545455012035,0.112814108875351,0.910177932489439,1,FALSE
"chr12",63985310,63985578,"AluSx",280,"SetA_ER_H3K27ac","10nM",FALSE,"SRGAP1",0,"ENSG00000196935",1933.24673203877,0.285242255483437,0.263338116368185,1.08317876431009,0.278729083583106,1,FALSE
"chr12",64018008,64018277,"AluSx",0,"SetA_ER_H3K27ac","10nM",TRUE,"SRGAP1",0,"ENSG00000196935",1933.24673203877,0.285242255483437,0.263338116368185,1.08317876431009,0.278729083583106,1,FALSE
"chr12",64018964,64019572,"AluSx",575,"SetA_ER_H3K27ac","10nM",FALSE,"SRGAP1",0,"ENSG00000196935",1933.24673203877,0.285242255483437,0.263338116368185,1.08317876431009,0.278729083583106,1,FALSE
"chr12",64080336,64080521,"AluSq2",81,"SetA_ER_H3K27ac","10nM",FALSE,"SRGAP1",0,"ENSG00000196935",1933.24673203877,0.285242255483437,0.263338116368185,1.08317876431009,0.278729083583106,1,FALSE
"chr12",64081249,64081592,"AluSq2",856,"SetA_ER_H3K27ac","10nM",FALSE,"SRGAP1",0,"ENSG00000196935",1933.24673203877,0.285242255483437,0.263338116368185,1.08317876431009,0.278729083583106,1,FALSE
"chr12",64600304,64600534,"AluJb",4,"SetA_ER_H3K27ac","10nM",FALSE,"RASSF3",0,"ENSG00000153179",6491.28968295351,0.338157945529092,0.275368921034788,1.22801783243495,0.219440273890379,1,FALSE
"chr12",64600788,64601083,"AluJo",0,"SetA_ER_H3K27ac","10nM",TRUE,"RASSF3",0,"ENSG00000153179",6491.28968295351,0.338157945529092,0.275368921034788,1.22801783243495,0.219440273890379,1,FALSE
"chr12",64608302,64608501,"AluSq2",0,"SetA_ER_H3K27ac","10nM",TRUE,"RASSF3",0,"ENSG00000153179",6491.28968295351,0.338157945529092,0.275368921034788,1.22801783243495,0.219440273890379,1,FALSE
"chr12",64611045,64611378,"AluSx",1098,"SetA_ER_H3K27ac","10nM",FALSE,"RASSF3",0,"ENSG00000153179",6491.28968295351,0.338157945529092,0.275368921034788,1.22801783243495,0.219440273890379,1,FALSE
"chr12",64625410,64625655,"AluY",445,"SetA_ER_H3K27ac","10nM",FALSE,"RASSF3",0,"ENSG00000153179",6491.28968295351,0.338157945529092,0.275368921034788,1.22801783243495,0.219440273890379,1,FALSE
"chr12",67275734,67275987,"AluSx",193,"SetA_ER_H3K27ac","10nM",FALSE,"CAND1",0,"ENSG00000111530",14898.8253576041,0.102452812732557,0.152185187481164,0.673211463140836,0.500812769468467,1,FALSE
"chr12",68792834,68793026,"FLAM_A",339,"SetA_ER_H3K27ac","10nM",FALSE,"SLC35E3",0,"ENSG00000175782",1116.3646769725,0.0828672114341812,0.13757070314546,0.602360891814023,0.546933936358247,1,FALSE
"chr12",68793150,68793565,"FLAM_A",655,"SetA_ER_H3K27ac","10nM",FALSE,"SLC35E3",0,"ENSG00000175782",1116.3646769725,0.0828672114341812,0.13757070314546,0.602360891814023,0.546933936358247,1,FALSE
"chr12",68794375,68794664,"AluSz6",538,"SetA_ER_H3K27ac","10nM",FALSE,"SLC35E3",412,"ENSG00000175782",1116.3646769725,0.0828672114341812,0.13757070314546,0.602360891814023,0.546933936358247,1,FALSE
"chr12",68804314,68804602,"AluJb",7,"SetA_ER_H3K27ac","10nM",FALSE,"ENSG00000289595",271,"ENSG00000289595",28.660359298444,1.81173372694749,0.719695771301834,2.51736052814415,0.0118237771683122,0.22021096265755,FALSE
"chr12",68965153,68965436,"AluSx1",168,"SetA_ER_H3K27ac","10nM",FALSE,"CPM",0,"ENSG00000135678",566.131326961834,0.356055819063736,0.42578680741061,0.83623027502675,0.403025369658113,1,FALSE
"chr12",69417886,69418099,"AluSx4",147,"SetA_ER_H3K27ac","10nM",FALSE,"LINC02373",0,"ENSG00000257507",5.74787255953627,-0.746120010276082,0.919427766452935,-0.811504761439327,0.41707585964513,1,FALSE
"chr12",69439743,69440513,"AluSz",136,"SetA_ER_H3K27ac","10nM",FALSE,"LINC02373",0,"ENSG00000257507",5.74787255953627,-0.746120010276082,0.919427766452935,-0.811504761439327,0.41707585964513,1,FALSE
"chr12",70810916,70811122,"AluJr",5302,"SetA_ER_H3K27ac","10nM",FALSE,"PTPRR",0,"ENSG00000153233",5.88483230024736,1.30570776724472,1.34620254926753,0.969919250231073,0.332086743854095,1,FALSE
"chr12",73916710,73917210,"AluSg7",640,"SetA_ER_H3K27ac","10nM",FALSE,"LINC02882",0,"ENSG00000251138",41.0106922736363,-0.502087668127904,0.441526051832819,-1.13716431010965,0.25546960372233,1,FALSE
"chr12",75706127,75706753,"AluSx1",605,"SetA_ER_H3K27ac","10nM",FALSE,"ENSG00000258077",0,"ENSG00000258077",6.00025151381751,-1.2298470364586,1.03735680866849,-1.18555835965176,0.235796754794266,1,FALSE
"chr12",75708814,75709067,"AluSq2",97,"SetA_ER_H3K27ac","10nM",FALSE,"ENSG00000258077",0,"ENSG00000258077",6.00025151381751,-1.2298470364586,1.03735680866849,-1.18555835965176,0.235796754794266,1,FALSE
"chr12",75711252,75711477,"AluSq2",2535,"SetA_ER_H3K27ac","10nM",FALSE,"ENSG00000258077",0,"ENSG00000258077",6.00025151381751,-1.2298470364586,1.03735680866849,-1.18555835965176,0.235796754794266,1,FALSE
"chr12",75712330,75712582,"AluSq2",3613,"SetA_ER_H3K27ac","10nM",FALSE,"ENSG00000258077",0,"ENSG00000258077",6.00025151381751,-1.2298470364586,1.03735680866849,-1.18555835965176,0.235796754794266,1,FALSE
"chr12",75890809,75891002,"AluJo",883,"SetA_ER_H3K27ac","10nM",FALSE,"ENSG00000258077",0,"ENSG00000258077",6.00025151381751,-1.2298470364586,1.03735680866849,-1.18555835965176,0.235796754794266,1,FALSE
"chr12",76879632,76879952,"AluSx",792,"SetA_ER_H3K27ac","10nM",FALSE,"CSRP2",0,"ENSG00000175183",270.211862688373,0.228210561291319,0.328448216688264,0.694814432522609,0.487171602274104,1,FALSE
"chr12",78101232,78101530,"AluSc",6189,"SetA_ER_H3K27ac","10nM",FALSE,"NAV3",0,"ENSG00000067798",118.28129948916,-0.683459473187803,0.646214741514966,-1.05763522445421,0.290221777069252,1,FALSE
"chr12",79022824,79023461,"AluSc",8673,"SetA_ER_H3K27ac","10nM",FALSE,"ENSG00000257191",0,"ENSG00000257191",22.3907713592964,-0.599524350353489,0.698221522491421,-0.858644901426475,0.390536457490481,1,FALSE
"chr12",80477649,80477832,"AluYa5",5909,"SetA_ER_H3K27ac","10nM",FALSE,"PTPRQ",0,"ENSG00000139304",95.4996675381411,1.12560472570027,0.948141035086478,1.18717014035534,0.235160516290816,1,FALSE
"chr12",85580574,85580874,"AluY",699,"SetA_ER_H3K27ac","10nM",FALSE,"LINC02820",0,"ENSG00000258815",77.7240196648271,0.0955607100651163,0.307026735799434,0.311245565687613,0.755613945643041,1,FALSE
"chr12",89708074,89708299,"AluSc5",3718,"SetA_ER_H3K27ac","10nM",FALSE,"ATP2B1",0,"ENSG00000070961",4677.6603021283,-0.508796174853377,0.259070774102017,-1.963927334594,0.0495385193860384,0.520766844508465,FALSE
"chr12",93697817,93698291,"AluSq",1900,"SetA_ER_H3K27ac","10nM",FALSE,"CRADD",0,"ENSG00000169372",377.697027906489,-0.0144481370823658,0.212390765958722,-0.0680262016907732,0.945764776658669,1,FALSE
"chr12",97500469,97500968,"AluSx",512,"SetA_ER_H3K27ac","10nM",FALSE,"RMST",0,"ENSG00000255794",105.90543190584,0.823368341348929,0.489635514699287,1.68159440365474,0.0926475165462456,0.737269441014661,FALSE
"chr12",97556410,97556620,"AluSx",2158,"SetA_ER_H3K27ac","10nM",FALSE,"RMST",0,"ENSG00000255794",105.90543190584,0.823368341348929,0.489635514699287,1.68159440365474,0.0926475165462456,0.737269441014661,FALSE
"chr12",97567750,97568307,"AluSx1",9093,"SetA_ER_H3K27ac","10nM",FALSE,"RMST",0,"ENSG00000255794",105.90543190584,0.823368341348929,0.489635514699287,1.68159440365474,0.0926475165462456,0.737269441014661,FALSE
"chr12",97568677,97569116,"AluSx1",8284,"SetA_ER_H3K27ac","10nM",FALSE,"RMST",0,"ENSG00000255794",105.90543190584,0.823368341348929,0.489635514699287,1.68159440365474,0.0926475165462456,0.737269441014661,FALSE
"chr12",97572338,97572669,"AluSx1",4731,"SetA_ER_H3K27ac","10nM",FALSE,"RMST",0,"ENSG00000255794",105.90543190584,0.823368341348929,0.489635514699287,1.68159440365474,0.0926475165462456,0.737269441014661,FALSE
"chr12",97701928,97702220,"AluSc",3270,"SetA_ER_H3K27ac","10nM",FALSE,"PAFAH1B2P2",0,"ENSG00000293309",48.0566040333195,-0.568722827767933,0.415811063135229,-1.36774337719575,0.171392417060531,0.938128201188074,FALSE
"chr12",101696837,101697073,"AluSx",2012,"SetA_ER_H3K27ac","10nM",FALSE,"CHPT1",0,"ENSG00000111666",2793.28809391614,0.477959360853722,0.156594757268098,3.05220538153414,0.00227166610632096,0.0627030047910469,FALSE
"chr12",101697193,101697877,"AluSx",1208,"SetA_ER_H3K27ac","10nM",FALSE,"CHPT1",0,"ENSG00000111666",2793.28809391614,0.477959360853722,0.156594757268098,3.05220538153414,0.00227166610632096,0.0627030047910469,FALSE
"chr12",101698518,101698890,"AluSx",195,"SetA_ER_H3K27ac","10nM",FALSE,"CHPT1",0,"ENSG00000111666",2793.28809391614,0.477959360853722,0.156594757268098,3.05220538153414,0.00227166610632096,0.0627030047910469,FALSE
"chr12",101714017,101714241,"AluJb",1700,"SetA_ER_H3K27ac","10nM",FALSE,"CHPT1",0,"ENSG00000111666",2793.28809391614,0.477959360853722,0.156594757268098,3.05220538153414,0.00227166610632096,0.0627030047910469,FALSE
"chr12",102949062,102949398,"AluJr",20008,"SetA_ER_H3K27ac","10nM",FALSE,"PAH",0,"ENSG00000171759",95.1991620459796,2.18941524159314,0.791968336809089,2.76452370610483,0.00570059648175177,0.128578690847999,FALSE
"chr12",103241327,103241685,"AluJo",1347,"SetA_ER_H3K27ac","10nM",FALSE,"C12orf42",0,"ENSG00000179088",12.2696722642601,1.27375090731224,0.741038051307859,1.71887382174801,0.0856373498099542,0.710263249864918,FALSE
"chr12",104656316,104656666,"AluJr4",3018,"SetA_ER_H3K27ac","10nM",FALSE,"CHST11",0,"ENSG00000171310",861.305823879818,0.344399731669559,0.322078397717395,1.06930403935923,0.284932691070104,1,FALSE
"chr12",106277021,106277366,"FAM",456,"SetA_ER_H3K27ac","10nM",FALSE,"CKAP4",0,"ENSG00000136026",7988.88220902656,0.428729388785485,0.212760607829234,2.01507879282613,0.0438963939131873,0.488025265047562,FALSE
"chr12",106277581,106277811,"FAM",1016,"SetA_ER_H3K27ac","10nM",FALSE,"CKAP4",0,"ENSG00000136026",7988.88220902656,0.428729388785485,0.212760607829234,2.01507879282613,0.0438963939131873,0.488025265047562,FALSE
"chr12",106279205,106279726,"FAM",2640,"SetA_ER_H3K27ac","10nM",FALSE,"CKAP4",0,"ENSG00000136026",7988.88220902656,0.428729388785485,0.212760607829234,2.01507879282613,0.0438963939131873,0.488025265047562,FALSE
"chr12",106281147,106281380,"AluSp",2123,"SetA_ER_H3K27ac","10nM",FALSE,"CKAP4",0,"ENSG00000136026",7988.88220902656,0.428729388785485,0.212760607829234,2.01507879282613,0.0438963939131873,0.488025265047562,FALSE
"chr12",106987848,106988166,"AluSc8",1223,"SetA_ER_H3K27ac","10nM",FALSE,"MTERF2",676,"ENSG00000120832",559.258296822333,0.830952006119017,0.267813450318465,3.10272693597318,0.00191746473104572,0.0554538569974208,FALSE
"chr12",109875491,109875731,"AluSz",330,"SetA_ER_H3K27ac","10nM",FALSE,"GLTP",0,"ENSG00000139433",3169.91919280518,-0.132709109343095,0.184933460028152,-0.717604641814911,0.473001094737814,1,FALSE
"chr12",110247456,110247753,"AluSz",869,"SetA_ER_H3K27ac","10nM",FALSE,"ENSG00000289311",0,"ENSG00000289311",13.7986152464453,0.281327661238769,0.906280900887185,0.310419938192859,0.75624163401404,1,FALSE
"chr12",112926427,112926825,"AluJr",140,"SetA_ER_H3K27ac","10nM",FALSE,"OAS1",0,"ENSG00000089127",29.3121965018039,0.104642320341962,0.448689757278273,0.23321753760709,0.815592488249995,1,FALSE
"chr12",113221885,113222102,"AluSz",1334,"SetA_ER_H3K27ac","10nM",FALSE,"TPCN1",0,"ENSG00000186815",778.505340006627,0.315445123966774,0.373274319908465,0.8450758788982,0.398068474883682,1,FALSE
"chr12",116916298,116916534,"FLAM_A",83,"SetA_ER_H3K27ac","10nM",FALSE,"FBXW8",0,"ENSG00000174989",1904.87874757226,0.0366562860490079,0.195580594197604,0.187422919944564,0.851329053485161,1,FALSE
"chr12",118370970,118371208,"AluSc5",799,"SetA_ER_H3K27ac","10nM",FALSE,"TAOK3",0,"ENSG00000135090",2067.29836935841,0.181776910326654,0.270191541861796,0.672770542978851,0.501093280770976,1,FALSE
"chr12",119171151,119171602,"AluY",158,"SetA_ER_H3K27ac","10nM",FALSE,"HSPB8",0,"ENSG00000152137",5266.23412650413,2.43364784929319,0.382219889720426,6.3671407866118,1.92584391453136e-10,4.58167437952319e-08,TRUE
"chr12",119172540,119172787,"AluY",1547,"SetA_ER_H3K27ac","10nM",FALSE,"HSPB8",0,"ENSG00000152137",5266.23412650413,2.43364784929319,0.382219889720426,6.3671407866118,1.92584391453136e-10,4.58167437952319e-08,TRUE
"chr12",119173147,119173505,"AluSq2",2137,"SetA_ER_H3K27ac","10nM",FALSE,"HSPB8",0,"ENSG00000152137",5266.23412650413,2.43364784929319,0.382219889720426,6.3671407866118,1.92584391453136e-10,4.58167437952319e-08,TRUE
"chr12",119178509,119178728,"AluSg4",505,"SetA_ER_H3K27ac","10nM",FALSE,"HSPB8",0,"ENSG00000152137",5266.23412650413,2.43364784929319,0.382219889720426,6.3671407866118,1.92584391453136e-10,4.58167437952319e-08,TRUE
"chr12",119179741,119179972,"AluSg4",1737,"SetA_ER_H3K27ac","10nM",FALSE,"HSPB8",0,"ENSG00000152137",5266.23412650413,2.43364784929319,0.382219889720426,6.3671407866118,1.92584391453136e-10,4.58167437952319e-08,TRUE
"chr12",119479384,119479677,"AluSc8",481,"SetA_ER_H3K27ac","10nM",FALSE,"CCDC60",0,"ENSG00000183273",131.761191636873,-0.0323614826101128,0.31040996387373,-0.104254007204733,0.916967775881447,1,FALSE
"chr12",119480165,119480489,"AluSc8",1262,"SetA_ER_H3K27ac","10nM",FALSE,"CCDC60",0,"ENSG00000183273",131.761191636873,-0.0323614826101128,0.31040996387373,-0.104254007204733,0.916967775881447,1,FALSE
"chr12",121171307,121171658,"AluSq2",0,"SetA_ER_H3K27ac","10nM",TRUE,"P2RX7",0,"ENSG00000089041",9.20452001211419,4.84324388024312,1.20145428769737,4.03115118888573,5.55043237646296e-05,0.00301412610356619,TRUE
"chr12",121581469,121581714,"AluJb",1677,"SetA_ER_H3K27ac","10nM",FALSE,"KDM2B",0,"ENSG00000089094",2045.82737233436,0.158032926186877,0.125745281447518,1.25677022921003,0.208836849182963,0.989962875971881,FALSE
"chr12",121748731,121749222,"AluJb",178,"SetA_ER_H3K27ac","10nM",FALSE,"TMEM120B",0,"ENSG00000188735",201.574766890656,0.458784199721774,0.337374797711318,1.35986506056194,0.173872629341121,0.943434869604388,FALSE
"chr12",122004831,122005176,"AluSz6",467,"SetA_ER_H3K27ac","10nM",FALSE,"CFAP251",905,"ENSG00000158023",12.3498630278909,1.0289847039754,0.952914008908513,1.07982954847523,0.28021809042074,1,FALSE
"chr12",122098079,122098616,"AluJo",341,"SetA_ER_H3K27ac","10nM",FALSE,"MLXIP",0,"ENSG00000175727",3144.80283665832,0.337170710051813,0.279903686747725,1.20459545913628,0.228359510547265,1,FALSE
"chr12",122864535,122864772,"AluSz",358,"SetA_ER_H3K27ac","10nM",FALSE,"VPS37B",558,"ENSG00000139722",5109.02458937753,-0.0103716183826118,0.162077264463705,-0.0639918153661482,0.948976743843524,1,FALSE
"chr12",123062872,123063264,"AluSq2",3911,"SetA_ER_H3K27ac","10nM",FALSE,"PITPNM2",0,"ENSG00000090975",339.604775431148,0.831624484574537,0.309777431347474,2.68458706290231,0.00726194667571503,0.152439855428035,FALSE
"chr12",123069690,123070262,"AluJr",421,"SetA_ER_H3K27ac","10nM",FALSE,"PITPNM2",0,"ENSG00000090975",339.604775431148,0.831624484574537,0.309777431347474,2.68458706290231,0.00726194667571503,0.152439855428035,FALSE
"chr12",123073608,123073857,"AluJr",4339,"SetA_ER_H3K27ac","10nM",FALSE,"PITPNM2",0,"ENSG00000090975",339.604775431148,0.831624484574537,0.309777431347474,2.68458706290231,0.00726194667571503,0.152439855428035,FALSE
"chr12",124360379,124360562,"AluSc",478,"SetA_ER_H3K27ac","10nM",FALSE,"NCOR2",0,"ENSG00000196498",7775.6907727982,0.897396540416189,0.297400215474606,3.01747104985811,0.00254893386531115,0.0684649117800781,FALSE
"chr12",124361449,124361663,"AluSc",303,"SetA_ER_H3K27ac","10nM",FALSE,"NCOR2",0,"ENSG00000196498",7775.6907727982,0.897396540416189,0.297400215474606,3.01747104985811,0.00254893386531115,0.0684649117800781,FALSE
"chr12",124393001,124393367,"AluJo",7556,"SetA_ER_H3K27ac","10nM",FALSE,"NCOR2",0,"ENSG00000196498",7775.6907727982,0.897396540416189,0.297400215474606,3.01747104985811,0.00254893386531115,0.0684649117800781,FALSE
"chr12",124394205,124394488,"AluJo",6435,"SetA_ER_H3K27ac","10nM",FALSE,"NCOR2",0,"ENSG00000196498",7775.6907727982,0.897396540416189,0.297400215474606,3.01747104985811,0.00254893386531115,0.0684649117800781,FALSE
"chr12",124518923,124519195,"AluSz6",2584,"SetA_ER_H3K27ac","10nM",FALSE,"NCOR2",0,"ENSG00000196498",7775.6907727982,0.897396540416189,0.297400215474606,3.01747104985811,0.00254893386531115,0.0684649117800781,FALSE
"chr12",124742087,124742396,"AluJr",1143,"SetA_ER_H3K27ac","10nM",FALSE,"ENSG00000289940",0,"ENSG00000289940",20.0065252607409,3.19271333563568,0.710832182641626,4.49151489423393,7.07183542984477e-06,0.000535316512234916,TRUE
"chr12",124838294,124838522,"AluSg7",254,"SetA_ER_H3K27ac","10nM",FALSE,"SCARB1",0,"ENSG00000073060",4334.98987370413,0.168868888556569,0.164899414819185,1.02407209110921,0.305801225438506,1,FALSE
"chr12",124993891,124994226,"AluSp",1395,"SetA_ER_H3K27ac","10nM",FALSE,"BRI3BP",0,"ENSG00000184992",4448.51763168206,0.498110805923469,0.233413174555563,2.13403038141233,0.0328402939376294,0.413014747671231,FALSE
"chr12",132622327,132622673,"AluSx1",4334,"SetA_ER_H3K27ac","10nM",FALSE,"P2RX2",0,"ENSG00000187848",31.5380879394241,0.113806693915437,0.716683171427147,0.15879638095703,0.87382930021031,1,FALSE
"chr13",20021498,20021752,"AluYh3",225,"SetA_ER_H3K27ac","10nM",FALSE,"ZMYM2",0,"ENSG00000121741",3908.8970812895,-0.0129306381143517,0.288744808932487,-0.0447822357816834,0.964280884678946,1,FALSE
"chr13",20505627,20505977,"AluSx",246,"SetA_ER_H3K27ac","10nM",FALSE,"CRYL1",0,"ENSG00000165475",719.64629848359,0.0928948879103695,0.274656953908707,0.338221503546008,0.735196272259373,1,FALSE
"chr13",21529562,21529838,"AluJb",3311,"SetA_ER_H3K27ac","10nM",FALSE,"ENSG00000291046",0,"ENSG00000291046",243.751229204936,-0.020724784602037,0.245690941754167,-0.0843530675330056,0.932775720916442,1,FALSE
"chr13",22979070,22979388,"AluSq2",770,"SetA_ER_H3K27ac","10nM",FALSE,"ENSG00000300142",0,"ENSG00000300142",11.3260213832503,0.203512215670545,0.902095752708177,0.225599350245893,0.821513046252562,1,FALSE
"chr13",24148862,24149161,"AluSq2",5697,"SetA_ER_H3K27ac","10nM",FALSE,"ENSG00000273167",0,"ENSG00000273167",6.79879915233359,-1.45545928801324,2.25627816461235,-0.645070856439947,0.518881268997272,1,FALSE
"chr13",24149648,24149928,"AluSq2",4930,"SetA_ER_H3K27ac","10nM",FALSE,"ENSG00000273167",0,"ENSG00000273167",6.79879915233359,-1.45545928801324,2.25627816461235,-0.645070856439947,0.518881268997272,1,FALSE
"chr13",25652843,25653151,"AluJb",1051,"SetA_ER_H3K27ac","10nM",FALSE,"ATP8A2",0,"ENSG00000132932",242.813659184086,-0.0891070225162496,0.36943632264026,-0.241197243084887,0.80940224753471,1,FALSE
"chr13",25655799,25656017,"AluSx",261,"SetA_ER_H3K27ac","10nM",FALSE,"ATP8A2",0,"ENSG00000132932",242.813659184086,-0.0891070225162496,0.36943632264026,-0.241197243084887,0.80940224753471,1,FALSE
"chr13",25659091,25659623,"AluSq2",439,"SetA_ER_H3K27ac","10nM",FALSE,"ATP8A2",0,"ENSG00000132932",242.813659184086,-0.0891070225162496,0.36943632264026,-0.241197243084887,0.80940224753471,1,FALSE
"chr13",27425286,27425570,"FLAM_A",1186,"SetA_ER_H3K27ac","10nM",FALSE,"GTF3A",0,"ENSG00000122034",7707.09671988005,-0.183422904609824,0.19218083470713,-0.954428701953281,0.339866683452733,1,FALSE
"chr13",28035136,28035414,"AluSx1",182,"SetA_ER_H3K27ac","10nM",FALSE,"FLT3",0,"ENSG00000122025",40.4851167250864,-0.0211862532639048,0.427295372451564,-0.0495822202387795,0.960455315397394,1,FALSE
"chr13",28442988,28443268,"AluSz",892,"SetA_ER_H3K27ac","10nM",FALSE,"FLT1",0,"ENSG00000102755",19.2981211962103,1.3002416190671,0.968881049749642,1.34200335469775,0.179594907935359,0.951644699317062,FALSE
"chr13",29480219,29480476,"AluSx",7899,"SetA_ER_H3K27ac","10nM",FALSE,"MTUS2",0,"ENSG00000132938",47.1329887839368,1.78229514487606,0.556878674159089,3.20050888565162,0.00137185139397077,0.0431054689577231,TRUE
"chr13",29483124,29483491,"AluSx1",4934,"SetA_ER_H3K27ac","10nM",FALSE,"MTUS2",0,"ENSG00000132938",47.1329887839368,1.78229514487606,0.556878674159089,3.20050888565162,0.00137185139397077,0.0431054689577231,TRUE
"chr13",29840387,29840573,"AluY",439,"SetA_ER_H3K27ac","10nM",FALSE,"UBL3",0,"ENSG00000122042",14192.5960191489,0.216109676978674,0.192567406040605,1.12225470250716,0.261754159955811,1,FALSE
"chr13",29918777,29919086,"AluJo",488,"SetA_ER_H3K27ac","10nM",FALSE,"LINC00572",0,"ENSG00000224405",2.31675862811491,0.575414327818897,1.45545853496108,0.395349172784428,0.692585214274022,1,FALSE
"chr13",29920119,29920473,"AluJo",255,"SetA_ER_H3K27ac","10nM",FALSE,"LINC00572",0,"ENSG00000224405",2.31675862811491,0.575414327818897,1.45545853496108,0.395349172784428,0.692585214274022,1,FALSE
"chr13",30108605,30108885,"AluJr",473,"SetA_ER_H3K27ac","10nM",FALSE,"LINC00365",0,"ENSG00000224511",14.4688097456216,0.177397593298624,0.98522508833438,0.180057933358692,0.857107087100944,1,FALSE
"chr13",30616866,30617090,"AluSg4",1858,"SetA_ER_H3K27ac","10nM",FALSE,"HMGB1",0,"ENSG00000189403",27758.9490423506,0.0520558870773064,0.27886187320737,0.186672657967108,0.851917295019276,1,FALSE
"chr13",32068254,32068588,"AluY",321,"SetA_ER_H3K27ac","10nM",FALSE,"FRY",0,"ENSG00000073910",466.589372285007,-0.137463635083322,0.355010899263657,-0.387209619108712,0.698601029510467,1,FALSE
"chr13",33116528,33116746,"AluSx1",368,"SetA_ER_H3K27ac","10nM",FALSE,"STARD13",0,"ENSG00000133121",1054.41447620143,0.115061351020667,0.315586202523544,0.364595632193657,0.715413275742703,1,FALSE
"chr13",33119948,33120279,"AluSx1",498,"SetA_ER_H3K27ac","10nM",FALSE,"STARD13",0,"ENSG00000133121",1054.41447620143,0.115061351020667,0.315586202523544,0.364595632193657,0.715413275742703,1,FALSE
"chr13",33345594,33346075,"AluSx",538,"SetA_ER_H3K27ac","10nM",FALSE,"STARD13",0,"ENSG00000133121",1054.41447620143,0.115061351020667,0.315586202523544,0.364595632193657,0.715413275742703,1,FALSE
"chr13",33642697,33643097,"FLAM_C",1316,"SetA_ER_H3K27ac","10nM",FALSE,"ENSG00000230490",0,"ENSG00000230490",49.4632308267395,-0.0121293096832626,0.359142743408381,-0.0337729493519805,0.973058206925844,1,FALSE
"chr13",33648744,33649214,"AluSp",0,"SetA_ER_H3K27ac","10nM",TRUE,"ENSG00000230490",0,"ENSG00000230490",49.4632308267395,-0.0121293096832626,0.359142743408381,-0.0337729493519805,0.973058206925844,1,FALSE
"chr13",33649535,33649816,"AluYa5",349,"SetA_ER_H3K27ac","10nM",FALSE,"ENSG00000230490",0,"ENSG00000230490",49.4632308267395,-0.0121293096832626,0.359142743408381,-0.0337729493519805,0.973058206925844,1,FALSE
"chr13",36130804,36131101,"AluJo",4256,"SetA_ER_H3K27ac","10nM",FALSE,"DCLK1",0,"ENSG00000133083",110.957818712019,-0.146265734621995,0.626957974817432,-0.233294320348325,0.815532868650279,1,FALSE
"chr13",38566154,38566408,"AluJb",0,"SetA_ER_H3K27ac","10nM",TRUE,"LINC00437",0,"ENSG00000236354",16.3491015407815,0.373405480415419,0.932837841528061,0.400289807930338,0.688943073939731,1,FALSE
"chr13",38636351,38636594,"AluSx",4106,"SetA_ER_H3K27ac","10nM",FALSE,"LINC00437",0,"ENSG00000236354",16.3491015407815,0.373405480415419,0.932837841528061,0.400289807930338,0.688943073939731,1,FALSE
"chr13",38650042,38650332,"AluJb",3115,"SetA_ER_H3K27ac","10nM",FALSE,"LINC00437",0,"ENSG00000236354",16.3491015407815,0.373405480415419,0.932837841528061,0.400289807930338,0.688943073939731,1,FALSE
"chr13",38682198,38682405,"AluSc",1596,"SetA_ER_H3K27ac","10nM",FALSE,"LINC00437",0,"ENSG00000236354",16.3491015407815,0.373405480415419,0.932837841528061,0.400289807930338,0.688943073939731,1,FALSE
"chr13",38684434,38685212,"AluSc",3832,"SetA_ER_H3K27ac","10nM",FALSE,"LINC00437",0,"ENSG00000236354",16.3491015407815,0.373405480415419,0.932837841528061,0.400289807930338,0.688943073939731,1,FALSE
"chr13",38686039,38686309,"AluSc",5437,"SetA_ER_H3K27ac","10nM",FALSE,"LINC00437",0,"ENSG00000236354",16.3491015407815,0.373405480415419,0.932837841528061,0.400289807930338,0.688943073939731,1,FALSE
"chr13",40665371,40665743,"AluSc5",1101,"SetA_ER_H3K27ac","10nM",FALSE,"FOXO1",0,"ENSG00000150907",758.513646271305,1.31799952316519,0.382493421064198,3.4458096547077,0.000569351243916618,0.0209152854015252,TRUE
"chr13",40895670,40896110,"FRAM",0,"SetA_ER_H3K27ac","10nM",TRUE,"SUGT1P3",0,"ENSG00000290476",361.546832129759,0.40102774573525,0.306122063282748,1.31002561995946,0.190187168669607,0.966922648227661,FALSE
"chr13",40975192,40975387,"AluSp",1150,"SetA_ER_H3K27ac","10nM",FALSE,"ELF1",0,"ENSG00000120690",15660.390505431,1.25063671083867,0.266351813817472,4.69543155315515,2.66044444468632e-06,0.000231157920793962,TRUE
"chr13",40993791,40994205,"AluJr",8,"SetA_ER_H3K27ac","10nM",FALSE,"ELF1",0,"ENSG00000120690",15660.390505431,1.25063671083867,0.266351813817472,4.69543155315515,2.66044444468632e-06,0.000231157920793962,TRUE
"chr13",41016361,41016740,"AluSp",0,"SetA_ER_H3K27ac","10nM",TRUE,"ELF1",0,"ENSG00000120690",15660.390505431,1.25063671083867,0.266351813817472,4.69543155315515,2.66044444468632e-06,0.000231157920793962,TRUE
"chr13",41017090,41017532,"AluSp",147,"SetA_ER_H3K27ac","10nM",FALSE,"ELF1",0,"ENSG00000120690",15660.390505431,1.25063671083867,0.266351813817472,4.69543155315515,2.66044444468632e-06,0.000231157920793962,TRUE
"chr13",41025499,41025686,"AluJo",824,"SetA_ER_H3K27ac","10nM",FALSE,"ELF1",0,"ENSG00000120690",15660.390505431,1.25063671083867,0.266351813817472,4.69543155315515,2.66044444468632e-06,0.000231157920793962,TRUE
"chr13",44311072,44311455,"AluSx3",4124,"SetA_ER_H3K27ac","10nM",FALSE,"ENSG00000309535",0,"ENSG00000309535",7.47848592035122,1.5922838997009,0.884839933982639,1.7995163176396,0.0719370450768705,0.649611346053403,FALSE
"chr13",45368477,45368811,"AluJr",329,"SetA_ER_H3K27ac","10nM",FALSE,"TPT1-AS1",0,"ENSG00000170919",159.664597329446,-0.0371592487577775,0.28749892928582,-0.129250042252628,0.897159800262328,1,FALSE
"chr13",46120182,46120753,"AluSx1",3391,"SetA_ER_H3K27ac","10nM",FALSE,"CPB2-AS1",0,"ENSG00000235903",15.4163861118896,0.443215391005383,0.85363763783995,0.519207883249968,0.603615782268882,1,FALSE
"chr13",46121835,46122141,"AluSx1",5044,"SetA_ER_H3K27ac","10nM",FALSE,"CPB2-AS1",0,"ENSG00000235903",15.4163861118896,0.443215391005383,0.85363763783995,0.519207883249968,0.603615782268882,1,FALSE
"chr13",46135218,46135493,"AluSz",83,"SetA_ER_H3K27ac","10nM",FALSE,"CPB2-AS1",0,"ENSG00000235903",15.4163861118896,0.443215391005383,0.85363763783995,0.519207883249968,0.603615782268882,1,FALSE
"chr13",46143221,46143514,"AluY",274,"SetA_ER_H3K27ac","10nM",FALSE,"CPB2-AS1",0,"ENSG00000235903",15.4163861118896,0.443215391005383,0.85363763783995,0.519207883249968,0.603615782268882,1,FALSE
"chr13",48001355,48001621,"AluJo",644,"SetA_ER_H3K27ac","10nM",FALSE,"SUCLA2",0,"ENSG00000136143",977.860047105675,0.120319651411197,0.25233168630807,0.476831321391398,0.633482240234027,1,FALSE
"chr13",49225660,49226045,"AluJr4",0,"SetA_ER_H3K27ac","10nM",TRUE,"ENSG00000288743",0,"ENSG00000288743",9.04617753495347,1.11948086177153,0.944412269424843,1.1853730600655,0.235869978416263,1,FALSE
"chr13",49775360,49775717,"AluSx",169,"SetA_ER_H3K27ac","10nM",FALSE,"KPNA3",0,"ENSG00000102753",2163.56082015842,0.123685984624805,0.217301786599534,0.569189911230441,0.569227266499775,1,FALSE
"chr13",50149017,50149434,"AluJr",1545,"SetA_ER_H3K27ac","10nM",FALSE,"DLEU1",0,"ENSG00000176124",304.461542044113,0.505764501512581,0.463968645355364,1.09008336355403,0.275676423959072,1,FALSE
"chr13",51636354,51636787,"AluSx1",1117,"SetA_ER_H3K27ac","10nM",FALSE,"WDFY2",0,"ENSG00000139668",473.376797738458,-0.22316234886886,0.181434565551319,-1.22998805762697,0.218701576954646,1,FALSE
"chr13",51907190,51907470,"AluSc",8322,"SetA_ER_H3K27ac","10nM",FALSE,"CTAGE3P",748,"ENSG00000232872",10.5759850813013,1.16834922996425,0.789091040180294,1.48062665836036,0.138706087508258,0.872216001499381,FALSE
"chr13",98293132,98293908,"AluSq2",827,"SetA_ER_H3K27ac","10nM",FALSE,"FARP1",0,"ENSG00000152767",1598.44229658756,0.0279429694546573,0.322635502527787,0.0866084768592716,0.930982727663468,1,FALSE
"chr13",98295427,98295670,"AluSq2",399,"SetA_ER_H3K27ac","10nM",FALSE,"FARP1",0,"ENSG00000152767",1598.44229658756,0.0279429694546573,0.322635502527787,0.0866084768592716,0.930982727663468,1,FALSE
"chr13",98297817,98298243,"AluJb",859,"SetA_ER_H3K27ac","10nM",FALSE,"FARP1",0,"ENSG00000152767",1598.44229658756,0.0279429694546573,0.322635502527787,0.0866084768592716,0.930982727663468,1,FALSE
"chr13",98300923,98301285,"AluJb",3965,"SetA_ER_H3K27ac","10nM",FALSE,"FARP1",0,"ENSG00000152767",1598.44229658756,0.0279429694546573,0.322635502527787,0.0866084768592716,0.930982727663468,1,FALSE
"chr13",98416436,98416712,"AluJr",1339,"SetA_ER_H3K27ac","10nM",FALSE,"FARP1",0,"ENSG00000152767",1598.44229658756,0.0279429694546573,0.322635502527787,0.0866084768592716,0.930982727663468,1,FALSE
"chr13",98419945,98420314,"AluSx1",464,"SetA_ER_H3K27ac","10nM",FALSE,"FARP1",0,"ENSG00000152767",1598.44229658756,0.0279429694546573,0.322635502527787,0.0866084768592716,0.930982727663468,1,FALSE
"chr13",98484902,98485085,"AluSz6",2822,"SetA_ER_H3K27ac","10nM",FALSE,"STK24",0,"ENSG00000102572",2165.12792163107,0.467197340983441,0.271204790579323,1.72267362971523,0.0849475616547183,0.707330030044954,FALSE
"chr13",106753301,106753626,"AluSq2",10451,"SetA_ER_H3K27ac","10nM",FALSE,"ENSG00000287546",0,"ENSG00000287546",3.20951303032483,3.88328265319524,1.65700543868945,2.34355456085079,0.0191009682704172,0.303188046001602,FALSE
"chr13",108919214,108919736,"AluSq",244,"SetA_ER_H3K27ac","10nM",FALSE,"MYO16",0,"ENSG00000041515",51.6875382562649,0.0498563523164808,0.505020873730343,0.0987213695707591,0.921359501282023,1,FALSE
"chr13",112968717,112969176,"AluSx1",8670,"SetA_ER_H3K27ac","10nM",FALSE,"MCF2L",0,"ENSG00000126217",760.716499146644,0.525378487303466,0.26412101692547,1.98915820262694,0.0466837437535349,0.504831133750347,FALSE
"chr13",112985627,112985931,"AluSx",1091,"SetA_ER_H3K27ac","10nM",FALSE,"MCF2L",0,"ENSG00000126217",760.716499146644,0.525378487303466,0.26412101692547,1.98915820262694,0.0466837437535349,0.504831133750347,FALSE
"chr13",113013489,113013713,"AluSx1",5273,"SetA_ER_H3K27ac","10nM",FALSE,"MCF2L",0,"ENSG00000126217",760.716499146644,0.525378487303466,0.26412101692547,1.98915820262694,0.0466837437535349,0.504831133750347,FALSE
"chr13",113325645,113325973,"AluSx1",416,"SetA_ER_H3K27ac","10nM",FALSE,"GRTP1",0,"ENSG00000139835",305.195391862072,0.227804881637961,0.356363051115976,0.639249442175819,0.522660672606523,1,FALSE
"chr13",113427269,113427497,"AluSp",0,"SetA_ER_H3K27ac","10nM",TRUE,"ADPRHL1",0,"ENSG00000153531",77.9307086604007,-0.541577627783469,0.522894271996202,-1.03573065682273,0.300327815916365,1,FALSE
"chr13",113427935,113428210,"AluSx1",0,"SetA_ER_H3K27ac","10nM",TRUE,"ADPRHL1",0,"ENSG00000153531",77.9307086604007,-0.541577627783469,0.522894271996202,-1.03573065682273,0.300327815916365,1,FALSE
"chr13",113863804,113864103,"AluY",877,"SetA_ER_H3K27ac","10nM",FALSE,"GAS6",0,"ENSG00000183087",244.151417213632,0.152737947193357,0.318383552723174,0.479729388930333,0.631419827603489,1,FALSE
"chr13",113928592,113929019,"AluSz",3539,"SetA_ER_H3K27ac","10nM",FALSE,"SWINGN",0,"ENSG00000260910",30.8168544743388,5.15280952260962,1.13694869981028,4.53213898170556,5.83894112450026e-06,0.000457589801694169,TRUE
"chr13",114032285,114032637,"AluSp",3890,"SetA_ER_H3K27ac","10nM",FALSE,"RASA3",0,"ENSG00000185989",149.55090670076,0.881770105052384,0.400199574864859,2.20332594143845,0.0275717838361679,0.373210180711374,FALSE
"chr14",22273314,22273897,"AluSz",1962,"SetA_ER_H3K27ac","10nM",FALSE,"TRD-AS1",0,"ENSG00000251002",3.43381487039536,-0.550652644638849,1.48162089630124,-0.371655560483463,0.710149316144492,1,FALSE
"chr14",22766709,22767094,"AluSq",633,"SetA_ER_H3K27ac","10nM",FALSE,"OXA1L",0,"ENSG00000155463",3334.60963398024,-0.0800822539503483,0.112469546042163,-0.71203500652814,0.476443098870341,1,FALSE
"chr14",22886753,22887061,"AluJr",1459,"SetA_ER_H3K27ac","10nM",FALSE,"REM2",0,"ENSG00000139890",18.2667723852372,1.46174878416714,0.523659794058584,2.79140923315493,0.00524790742698628,0.120887256699635,FALSE
"chr14",23072135,23072479,"AluSp",919,"SetA_ER_H3K27ac","10nM",FALSE,"ACIN1",0,"ENSG00000100813",4274.93914361011,-0.0698711044032263,0.161241182163565,-0.433332871079724,0.664772961025746,1,FALSE
"chr14",23640538,23641172,"AluJr4",1395,"SetA_ER_H3K27ac","10nM",FALSE,"DHRS2",0,"ENSG00000100867",82.5877003627307,0.884946431730372,0.578299391280364,1.53025655062698,0.125953238547672,0.840463972130877,FALSE
"chr14",29111665,29111922,"AluSq2",902,"SetA_ER_H3K27ac","10nM",FALSE,"LINC02327",0,"ENSG00000258038",11.6806320991206,0.379535661974375,0.607912867475352,0.624325758312335,0.532413670926598,1,FALSE
"chr14",31090340,31090657,"AluSx",56,"SetA_ER_H3K27ac","10nM",FALSE,"AP4S1",0,"ENSG00000100478",444.5511155351,0.163398281488041,0.280446877869824,0.582635409347958,0.560138763077753,1,FALSE
"chr14",32509699,32510000,"AluSx",316,"SetA_ER_H3K27ac","10nM",FALSE,"AKAP6",0,"ENSG00000151320",413.374735895921,0.00327172964050756,0.289731336524469,0.011292287813097,0.990990249379067,1,FALSE
"chr14",33780946,33781967,"AluSp",2755,"SetA_ER_H3K27ac","10nM",FALSE,"NPAS3",0,"ENSG00000151322",200.865461518993,-0.242871157573394,0.495160014505161,-0.490490246503664,0.623787029957723,1,FALSE
"chr14",35403876,35404109,"AluJb",3324,"SetA_ER_H3K27ac","10nM",FALSE,"NFKBIA",0,"ENSG00000100906",3615.4397238262,-0.169919008364098,0.270760686689506,-0.627561594859422,0.530291174138334,1,FALSE
"chr14",36656227,36656576,"AluJo",11591,"SetA_ER_H3K27ac","10nM",FALSE,"ENSG00000258661",0,"ENSG00000258661",3.61646643291135,4.65979303854769,1.77809896860983,2.62066010993238,0.00877597096633349,0.177150508880009,FALSE
"chr14",36701016,36701463,"AluJo",831,"SetA_ER_H3K27ac","10nM",FALSE,"SLC25A21",0,"ENSG00000183032",151.702096674874,0.135128146195667,0.329120707269866,0.410573212839102,0.681385509058644,1,FALSE
"chr14",36856103,36856526,"AluSq2",9423,"SetA_ER_H3K27ac","10nM",FALSE,"SLC25A21",0,"ENSG00000183032",151.702096674874,0.135128146195667,0.329120707269866,0.410573212839102,0.681385509058644,1,FALSE
"chr14",37012732,37013040,"AluJr",1424,"SetA_ER_H3K27ac","10nM",FALSE,"SLC25A21",0,"ENSG00000183032",151.702096674874,0.135128146195667,0.329120707269866,0.410573212839102,0.681385509058644,1,FALSE
"chr14",37213786,37214068,"AluSx1",1718,"SetA_ER_H3K27ac","10nM",FALSE,"MIPOL1",0,"ENSG00000151338",399.129920160683,0.0204949996976941,0.340754512317975,0.0601459377845867,0.952039403102105,1,FALSE
"chr14",37590433,37590632,"AluJr",12963,"SetA_ER_H3K27ac","10nM",FALSE,"FOXA1",0,"ENSG00000129514",11663.0974674545,-0.54134163834534,0.195266776032,-2.77231820663965,0.00556585985963364,0.126257278240656,FALSE
"chr14",37650495,37651038,"FAM",602,"SetA_ER_H3K27ac","10nM",FALSE,"TTC6",0,"ENSG00000139865",194.011207240435,-0.046367020851884,0.356896423872117,-0.12991730303383,0.896631854470825,1,FALSE
"chr14",43168422,43168705,"AluSg",3545,"SetA_ER_H3K27ac","10nM",FALSE,"ENSG00000304974",0,"ENSG00000304974",16.2338064571703,0.0993833914664516,0.556308281482255,0.178648053201095,0.858214060391057,1,FALSE
"chr14",49999498,49999725,"AluSc8",629,"SetA_ER_H3K27ac","10nM",FALSE,"LINC01588",0,"ENSG00000214900",125.602511806305,2.25889918179596,0.465071811967842,4.85709760012751,1.1911888764233e-06,0.000117845141121006,TRUE
"chr14",50003768,50004083,"AluJr",174,"SetA_ER_H3K27ac","10nM",FALSE,"LINC01588",0,"ENSG00000214900",125.602511806305,2.25889918179596,0.465071811967842,4.85709760012751,1.1911888764233e-06,0.000117845141121006,TRUE
"chr14",50004659,50004905,"AluJb",0,"SetA_ER_H3K27ac","10nM",TRUE,"LINC01588",0,"ENSG00000214900",125.602511806305,2.25889918179596,0.465071811967842,4.85709760012751,1.1911888764233e-06,0.000117845141121006,TRUE
"chr14",50018354,50018731,"AluY",1337,"SetA_ER_H3K27ac","10nM",FALSE,"LINC01588",0,"ENSG00000214900",125.602511806305,2.25889918179596,0.465071811967842,4.85709760012751,1.1911888764233e-06,0.000117845141121006,TRUE
"chr14",50040121,50040322,"AluSz6",1474,"SetA_ER_H3K27ac","10nM",FALSE,"LINC01588",0,"ENSG00000214900",125.602511806305,2.25889918179596,0.465071811967842,4.85709760012751,1.1911888764233e-06,0.000117845141121006,TRUE
"chr14",50876453,50876803,"AluSq2",835,"SetA_ER_H3K27ac","10nM",FALSE,"PYGL",0,"ENSG00000100504",90.3287424895424,0.623995955835579,0.52193931255507,1.19553354350893,0.231878638736106,1,FALSE
"chr14",53103855,53104279,"AluJb",0,"SetA_ER_H3K27ac","10nM",TRUE,"DDHD1",0,"ENSG00000100523",1442.51990515854,0.457765429679851,0.197275167822893,2.32044121280797,0.0203170216139165,0.314253374560764,FALSE
"chr14",53152158,53152382,"AluY",2820,"SetA_ER_H3K27ac","10nM",FALSE,"DDHD1",0,"ENSG00000100523",1442.51990515854,0.457765429679851,0.197275167822893,2.32044121280797,0.0203170216139165,0.314253374560764,FALSE
"chr14",53231241,53231629,"AluJb",268,"SetA_ER_H3K27ac","10nM",FALSE,"DDHD1-DT",0,"ENSG00000258731",77.2668889935705,-0.399454198866686,0.309106510080751,-1.29228659325982,0.196257913091856,0.976598141241943,FALSE
"chr14",53943496,53943879,"FLAM_C",5149,"SetA_ER_H3K27ac","10nM",FALSE,"ENSG00000295303",0,"ENSG00000295303",6.49730700434693,0.748844412538743,1.10002054974017,0.680754930183461,0.496026572541833,1,FALSE
"chr14",55103318,55103706,"AluJr",1299,"SetA_ER_H3K27ac","10nM",FALSE,"ENSG00000307927",0,"ENSG00000307927",26.5950241177,-0.509924687784986,0.545666322996386,-0.93449910008165,0.350046499974946,1,FALSE
"chr14",58246949,58247176,"AluSc",254,"SetA_ER_H3K27ac","10nM",FALSE,"ARMH4",0,"ENSG00000139971",237.179676835739,-0.0621503403909281,0.332917334848968,-0.186684001958394,0.851908400169347,1,FALSE
"chr14",58299489,58299735,"AluSz",2341,"SetA_ER_H3K27ac","10nM",FALSE,"ARID4A",0,"ENSG00000032219",923.542826230354,0.83008991083122,0.211141992784507,3.93142974490354,8.44421737073072e-05,0.00433802673359082,TRUE
"chr14",59361197,59361679,"AluSx1",2346,"SetA_ER_H3K27ac","10nM",FALSE,"DAAM1",0,"ENSG00000100592",2823.34462204931,0.171377058723828,0.168954207523044,1.01434028330105,0.310420408443217,1,FALSE
"chr14",59619163,59619553,"AluSx",2501,"SetA_ER_H3K27ac","10nM",FALSE,"RTN1",0,"ENSG00000139970",1442.19896367167,0.00927818818349993,0.591510673569441,0.0156855803252225,0.987485230816984,1,FALSE
"chr14",61485140,61485496,"AluJo",118,"SetA_ER_H3K27ac","10nM",FALSE,"PRKCH",0,"ENSG00000027075",3817.30034966783,0.028239726361993,0.209116218550306,0.135043214523313,0.892577707003551,1,FALSE
"chr14",61514127,61514492,"AluJr",1095,"SetA_ER_H3K27ac","10nM",FALSE,"PRKCH",0,"ENSG00000027075",3817.30034966783,0.028239726361993,0.209116218550306,0.135043214523313,0.892577707003551,1,FALSE
"chr14",61515377,61515654,"AluJr",2345,"SetA_ER_H3K27ac","10nM",FALSE,"PRKCH",0,"ENSG00000027075",3817.30034966783,0.028239726361993,0.209116218550306,0.135043214523313,0.892577707003551,1,FALSE
"chr14",61714045,61714393,"AluSq2",358,"SetA_ER_H3K27ac","10nM",FALSE,"ENSG00000258667",0,"ENSG00000258667",2.43851555507459,-0.795158001879208,1.79073504324721,-0.444040007413557,0.657013659193272,1,FALSE
"chr14",63659862,63660071,"AluSx1",36,"SetA_ER_H3K27ac","10nM",FALSE,"ENSG00000274015",0,"ENSG00000274015",12.9610521443374,0.31765101934285,0.806142319973257,0.394038386861253,0.693552698552038,1,FALSE
"chr14",64216004,64216256,"AluSz",464,"SetA_ER_H3K27ac","10nM",FALSE,"SYNE2",0,"ENSG00000054654",2299.36044685142,0.0163167657913487,0.179774429660748,0.0907624394756253,0.927681355778604,1,FALSE
"chr14",64234938,64235353,"AluSx3",1605,"SetA_ER_H3K27ac","10nM",FALSE,"ESR2",0,"ENSG00000140009",4.8853758228193,4.01004788715205,1.54378466440201,2.59754354322813,0.00938932148932548,0.185228233605805,FALSE
"chr14",65432471,65432762,"AluJb",868,"SetA_ER_H3K27ac","10nM",FALSE,"FUT8",0,"ENSG00000033170",4368.49269803197,-0.0112845056791059,0.225838803214127,-0.0499670805836082,0.960148621427074,1,FALSE
"chr14",65506982,65507238,"AluSx3",830,"SetA_ER_H3K27ac","10nM",FALSE,"FUT8",0,"ENSG00000033170",4368.49269803197,-0.0112845056791059,0.225838803214127,-0.0499670805836082,0.960148621427074,1,FALSE
"chr14",66536728,66537341,"AluJo",479,"SetA_ER_H3K27ac","10nM",FALSE,"GPHN",0,"ENSG00000171723",1177.85923009505,0.105690304140897,0.256832780228332,0.411514075605674,0.680695622298036,1,FALSE
"chr14",67446199,67446539,"AluJb",314,"SetA_ER_H3K27ac","10nM",FALSE,"TMEM229B",545,"ENSG00000198133",1195.35416170332,1.25480216368998,0.239978768895888,5.22880490413034,1.70609283172184e-07,2.00556230288996e-05,TRUE
"chr14",67453003,67453380,"AluSx",658,"SetA_ER_H3K27ac","10nM",FALSE,"TMEM229B",0,"ENSG00000198133",1195.35416170332,1.25480216368998,0.239978768895888,5.22880490413034,1.70609283172184e-07,2.00556230288996e-05,TRUE
"chr14",67461820,67462112,"AluJo",230,"SetA_ER_H3K27ac","10nM",FALSE,"TMEM229B",0,"ENSG00000198133",1195.35416170332,1.25480216368998,0.239978768895888,5.22880490413034,1.70609283172184e-07,2.00556230288996e-05,TRUE
"chr14",67480064,67480434,"AluSx",331,"SetA_ER_H3K27ac","10nM",FALSE,"TMEM229B",0,"ENSG00000198133",1195.35416170332,1.25480216368998,0.239978768895888,5.22880490413034,1.70609283172184e-07,2.00556230288996e-05,TRUE
"chr14",67533706,67534094,"AluJr",203,"SetA_ER_H3K27ac","10nM",FALSE,"TMEM229B",0,"ENSG00000198133",1195.35416170332,1.25480216368998,0.239978768895888,5.22880490413034,1.70609283172184e-07,2.00556230288996e-05,TRUE
"chr14",68177701,68178179,"AluJr",3304,"SetA_ER_H3K27ac","10nM",FALSE,"RAD51B",0,"ENSG00000182185",211.989735704531,-0.0287234526159671,0.498825624758532,-0.0575821513376971,0.954081467249195,1,FALSE
"chr14",68255886,68256163,"AluJb",1981,"SetA_ER_H3K27ac","10nM",FALSE,"RAD51B",0,"ENSG00000182185",211.989735704531,-0.0287234526159671,0.498825624758532,-0.0575821513376971,0.954081467249195,1,FALSE
"chr14",68306673,68307344,"AluSz6",2492,"SetA_ER_H3K27ac","10nM",FALSE,"RAD51B",0,"ENSG00000182185",211.989735704531,-0.0287234526159671,0.498825624758532,-0.0575821513376971,0.954081467249195,1,FALSE
"chr14",68309436,68309771,"AluSz",793,"SetA_ER_H3K27ac","10nM",FALSE,"RAD51B",0,"ENSG00000182185",211.989735704531,-0.0287234526159671,0.498825624758532,-0.0575821513376971,0.954081467249195,1,FALSE
"chr14",68311291,68311582,"AluSg",25,"SetA_ER_H3K27ac","10nM",FALSE,"RAD51B",0,"ENSG00000182185",211.989735704531,-0.0287234526159671,0.498825624758532,-0.0575821513376971,0.954081467249195,1,FALSE
"chr14",68393441,68393922,"AluSz",5045,"SetA_ER_H3K27ac","10nM",FALSE,"RAD51B",0,"ENSG00000182185",211.989735704531,-0.0287234526159671,0.498825624758532,-0.0575821513376971,0.954081467249195,1,FALSE
"chr14",68458171,68458535,"AluJo",0,"SetA_ER_H3K27ac","10nM",TRUE,"RAD51B",0,"ENSG00000182185",211.989735704531,-0.0287234526159671,0.498825624758532,-0.0575821513376971,0.954081467249195,1,FALSE
"chr14",68458939,68459430,"AluJo",675,"SetA_ER_H3K27ac","10nM",FALSE,"RAD51B",0,"ENSG00000182185",211.989735704531,-0.0287234526159671,0.498825624758532,-0.0575821513376971,0.954081467249195,1,FALSE
"chr14",68569972,68570508,"AluSg4",2657,"SetA_ER_H3K27ac","10nM",FALSE,"RAD51B",0,"ENSG00000182185",211.989735704531,-0.0287234526159671,0.498825624758532,-0.0575821513376971,0.954081467249195,1,FALSE
"chr14",68924547,68924829,"AluSx",896,"SetA_ER_H3K27ac","10nM",FALSE,"ACTN1",0,"ENSG00000072110",12596.6369594824,0.170194245478449,0.247947140854639,0.686413422198832,0.492452442855851,1,FALSE
"chr14",68944741,68945043,"AluSx",0,"SetA_ER_H3K27ac","10nM",TRUE,"ACTN1",0,"ENSG00000072110",12596.6369594824,0.170194245478449,0.247947140854639,0.686413422198832,0.492452442855851,1,FALSE
"chr14",68945842,68946280,"AluSx",650,"SetA_ER_H3K27ac","10nM",FALSE,"ACTN1",0,"ENSG00000072110",12596.6369594824,0.170194245478449,0.247947140854639,0.686413422198832,0.492452442855851,1,FALSE
"chr14",68977352,68977658,"AluJr4",2925,"SetA_ER_H3K27ac","10nM",FALSE,"ACTN1",0,"ENSG00000072110",12596.6369594824,0.170194245478449,0.247947140854639,0.686413422198832,0.492452442855851,1,FALSE
"chr14",69335337,69335520,"AluSq",600,"SetA_ER_H3K27ac","10nM",FALSE,"GALNT16",0,"ENSG00000100626",89.2003197719766,0.258617399342555,0.605804305165734,0.426899243100961,0.669452716860396,1,FALSE
"chr14",69357604,69357889,"AluY",750,"SetA_ER_H3K27ac","10nM",FALSE,"ENSG00000280073",0,"ENSG00000280073",3.12867409465848,0.428933056679593,1.35840306975546,0.315762726270053,0.752182611794634,1,FALSE
"chr14",70662781,70662973,"AluSx1",1471,"SetA_ER_H3K27ac","10nM",FALSE,"TTC9",0,"ENSG00000133985",1168.84592370666,-0.309749114413327,0.172155445118832,-1.799240879076,0.0719805855790028,0.649710940474612,FALSE
"chr14",71449003,71449254,"AluSx3",1136,"SetA_ER_H3K27ac","10nM",FALSE,"SIPA1L1",0,"ENSG00000197555",2207.56458335947,0.00881104147341734,0.276725106996834,0.0318404122019841,0.974599318685554,1,FALSE
"chr14",71471759,71472011,"AluSg",293,"SetA_ER_H3K27ac","10nM",FALSE,"SIPA1L1",0,"ENSG00000197555",2207.56458335947,0.00881104147341734,0.276725106996834,0.0318404122019841,0.974599318685554,1,FALSE
"chr14",71475936,71476229,"AluY",421,"SetA_ER_H3K27ac","10nM",FALSE,"SIPA1L1",0,"ENSG00000197555",2207.56458335947,0.00881104147341734,0.276725106996834,0.0318404122019841,0.974599318685554,1,FALSE
"chr14",71500631,71501083,"AluSp",0,"SetA_ER_H3K27ac","10nM",TRUE,"SIPA1L1",0,"ENSG00000197555",2207.56458335947,0.00881104147341734,0.276725106996834,0.0318404122019841,0.974599318685554,1,FALSE
"chr14",73602132,73602469,"AluSg",0,"SetA_ER_H3K27ac","10nM",TRUE,"ENSG00000258603",0,"ENSG00000258603",6.83774685401564,1.8254322990343,0.938371714375104,1.94531897229012,0.051736600087006,0.5343174243611,FALSE
"chr14",73633798,73634127,"AluSx1",502,"SetA_ER_H3K27ac","10nM",FALSE,"ENSG00000258603",0,"ENSG00000258603",6.83774685401564,1.8254322990343,0.938371714375104,1.94531897229012,0.051736600087006,0.5343174243611,FALSE
"chr14",73756606,73756952,"AluJb",39,"SetA_ER_H3K27ac","10nM",FALSE,"MIDEAS",0,"ENSG00000156030",7494.33263467233,1.28648138532125,0.272212125247339,4.72602527955845,2.28957158125032e-06,0.000205081881209167,TRUE
"chr14",73775622,73776002,"FLAM_C",400,"SetA_ER_H3K27ac","10nM",FALSE,"MIDEAS",0,"ENSG00000156030",7494.33263467233,1.28648138532125,0.272212125247339,4.72602527955845,2.28957158125032e-06,0.000205081881209167,TRUE
"chr14",73782559,73782911,"AluJo",0,"SetA_ER_H3K27ac","10nM",TRUE,"MIDEAS",0,"ENSG00000156030",7494.33263467233,1.28648138532125,0.272212125247339,4.72602527955845,2.28957158125032e-06,0.000205081881209167,TRUE
"chr14",73784741,73785090,"AluJo",2114,"SetA_ER_H3K27ac","10nM",FALSE,"MIDEAS",0,"ENSG00000156030",7494.33263467233,1.28648138532125,0.272212125247339,4.72602527955845,2.28957158125032e-06,0.000205081881209167,TRUE
"chr14",74018988,74019208,"AluSx",794,"SetA_ER_H3K27ac","10nM",FALSE,"ENTPD5",0,"ENSG00000187097",1588.96343528855,-0.0201015144587496,0.159875793948761,-0.125732069641462,0.899944015401073,1,FALSE
"chr14",74147029,74147377,"AluSq2",0,"SetA_ER_H3K27ac","10nM",TRUE,"LIN52",0,"ENSG00000205659",662.129955276641,0.0181432727079886,0.48846280164032,0.0371436118514269,0.970370498774426,1,FALSE
"chr14",74302823,74303051,"AluJb",219,"SetA_ER_H3K27ac","10nM",FALSE,"ABCD4",0,"ENSG00000119688",679.227620321155,0.198423253910736,0.260887234480053,0.760570958200362,0.446913371628245,1,FALSE
"chr14",74922333,74922734,"AluSz",262,"SetA_ER_H3K27ac","10nM",FALSE,"RPS6KL1",0,"ENSG00000198208",75.6693107881999,0.74980120035325,0.456537628197288,1.64236451508709,0.100514484249857,0.766872728288593,FALSE
"chr14",75069386,75070022,"AluSq",1075,"SetA_ER_H3K27ac","10nM",FALSE,"ACYP1",0,"ENSG00000119640",93.2696677432159,-0.247432914554811,0.4704539950818,-0.525944974729758,0.598926439157264,1,FALSE
"chr14",75283180,75283534,"AluSp",102,"SetA_ER_H3K27ac","10nM",FALSE,"FOS",0,"ENSG00000170345",517.740660633185,4.91004745453355,0.528475037605769,9.29097328187588,1.5288383365584e-20,3.81903816472289e-17,TRUE
"chr14",75392736,75393107,"FLAM_C",458,"SetA_ER_H3K27ac","10nM",FALSE,"JDP2-AS1",1813,"ENSG00000259319",38.6051042186084,0.0469416719900795,0.411783462686036,0.113996010631127,0.909240955884685,1,FALSE
"chr14",76774727,76774922,"AluSx1",2459,"SetA_ER_H3K27ac","10nM",FALSE,"VASH1",0,"ENSG00000071246",296.953076058529,0.356054398696509,0.286421394671577,1.24311383618803,0.213825887852795,0.997304205644549,FALSE
"chr14",77099667,77100060,"AluSx",170,"SetA_ER_H3K27ac","10nM",FALSE,"CIPC",0,"ENSG00000198894",2511.06312246874,0.336576911045145,0.347218401080393,0.969352171422548,0.332369507175293,1,FALSE
"chr14",77111194,77111609,"AluSx3",1093,"SetA_ER_H3K27ac","10nM",FALSE,"CIPC",0,"ENSG00000198894",2511.06312246874,0.336576911045145,0.347218401080393,0.969352171422548,0.332369507175293,1,FALSE
"chr14",77400162,77400689,"AluSg",404,"SetA_ER_H3K27ac","10nM",FALSE,"NOXRED1",0,"ENSG00000165555",6.76543501434163,2.1982253534235,0.8055362917933,2.72889673105822,0.00635466005663907,0.138637037742222,FALSE
"chr14",79325098,79325393,"AluSc",1230,"SetA_ER_H3K27ac","10nM",FALSE,"NRXN3",0,"ENSG00000021645",438.051304581437,-0.143971015082339,0.202574339226271,-0.710707069968651,0.477265777626266,1,FALSE
"chr14",79413397,79413998,"AluSz",591,"SetA_ER_H3K27ac","10nM",FALSE,"NRXN3",0,"ENSG00000021645",438.051304581437,-0.143971015082339,0.202574339226271,-0.710707069968651,0.477265777626266,1,FALSE
"chr14",81286878,81287117,"AluSx1",713,"SetA_ER_H3K27ac","10nM",FALSE,"STON2",0,"ENSG00000140022",302.051659023674,-0.331872095174842,0.569878331595541,-0.582356051765767,0.560326877541062,1,FALSE
"chr14",85587290,85587677,"AluYc",249,"SetA_ER_H3K27ac","10nM",FALSE,"FLRT2",0,"ENSG00000185070",27.8895100612324,-0.444100910198736,0.742880405295332,-0.597809428049437,0.549967099096587,1,FALSE
"chr14",85631144,85631376,"AluSx",405,"SetA_ER_H3K27ac","10nM",FALSE,"FLRT2",0,"ENSG00000185070",27.8895100612324,-0.444100910198736,0.742880405295332,-0.597809428049437,0.549967099096587,1,FALSE
"chr14",89436224,89436487,"FLAM_C",85,"SetA_ER_H3K27ac","10nM",FALSE,"FOXN3",0,"ENSG00000053254",1989.44828471717,0.0614998826363473,0.251052218010676,0.244968489518511,0.80648082982451,1,FALSE
"chr14",90503432,90504254,"AluSx",0,"SetA_ER_H3K27ac","10nM",TRUE,"LINC00642",0,"ENSG00000233208",3.2886108912495,3.03595569249757,1.95704734991872,1.55129393911888,0.120831258640456,0.825535682964404,FALSE
"chr14",90555834,90556146,"AluY",6689,"SetA_ER_H3K27ac","10nM",FALSE,"TTC7B",0,"ENSG00000165914",1137.31283963455,0.158209407347922,0.233342805473195,0.678012793353922,0.497763581672995,1,FALSE
"chr14",91088584,91088800,"AluSz",740,"SetA_ER_H3K27ac","10nM",FALSE,"DGLUCY",0,"ENSG00000133943",71.6835984189741,-0.0253044524329444,0.358849781862207,-0.0705154460499603,0.943783406982672,1,FALSE
"chr14",91109340,91109523,"AluSx",504,"SetA_ER_H3K27ac","10nM",FALSE,"DGLUCY",0,"ENSG00000133943",71.6835984189741,-0.0253044524329444,0.358849781862207,-0.0705154460499603,0.943783406982672,1,FALSE
"chr14",91126400,91126648,"AluJo",0,"SetA_ER_H3K27ac","10nM",TRUE,"DGLUCY",0,"ENSG00000133943",71.6835984189741,-0.0253044524329444,0.358849781862207,-0.0705154460499603,0.943783406982672,1,FALSE
"chr14",91127541,91127832,"AluJr",191,"SetA_ER_H3K27ac","10nM",FALSE,"DGLUCY",0,"ENSG00000133943",71.6835984189741,-0.0253044524329444,0.358849781862207,-0.0705154460499603,0.943783406982672,1,FALSE
"chr14",91173327,91173671,"AluSg",385,"SetA_ER_H3K27ac","10nM",FALSE,"DGLUCY",0,"ENSG00000133943",71.6835984189741,-0.0253044524329444,0.358849781862207,-0.0705154460499603,0.943783406982672,1,FALSE
"chr14",91276376,91276795,"AluSx1",167,"SetA_ER_H3K27ac","10nM",FALSE,"CCDC88C",0,"ENSG00000015133",7941.48041796438,2.19368765004531,0.231594404714161,9.47210988431612,2.74247318990977e-21,1.37013960567892e-17,TRUE
"chr14",91280195,91280410,"AluJb",999,"SetA_ER_H3K27ac","10nM",FALSE,"CCDC88C",0,"ENSG00000015133",7941.48041796438,2.19368765004531,0.231594404714161,9.47210988431612,2.74247318990977e-21,1.37013960567892e-17,TRUE
"chr14",91325928,91326739,"AluSx1",0,"SetA_ER_H3K27ac","10nM",TRUE,"CCDC88C",0,"ENSG00000015133",7941.48041796438,2.19368765004531,0.231594404714161,9.47210988431612,2.74247318990977e-21,1.37013960567892e-17,TRUE
"chr14",91382493,91382895,"AluSz",649,"SetA_ER_H3K27ac","10nM",FALSE,"CCDC88C",0,"ENSG00000015133",7941.48041796438,2.19368765004531,0.231594404714161,9.47210988431612,2.74247318990977e-21,1.37013960567892e-17,TRUE
"chr14",91393021,91393428,"AluSx",228,"SetA_ER_H3K27ac","10nM",FALSE,"CCDC88C",0,"ENSG00000015133",7941.48041796438,2.19368765004531,0.231594404714161,9.47210988431612,2.74247318990977e-21,1.37013960567892e-17,TRUE
"chr14",91394216,91394660,"AluSx",352,"SetA_ER_H3K27ac","10nM",FALSE,"CCDC88C",0,"ENSG00000015133",7941.48041796438,2.19368765004531,0.231594404714161,9.47210988431612,2.74247318990977e-21,1.37013960567892e-17,TRUE
"chr14",91418074,91418588,"AluY",1357,"SetA_ER_H3K27ac","10nM",FALSE,"CCDC88C-DT",0,"ENSG00000258798",8.75219708782031,-0.620107775948566,0.735323518930528,-0.843312854796847,0.399053495329947,1,FALSE
"chr14",92963650,92964186,"AluSp",1536,"SetA_ER_H3K27ac","10nM",FALSE,"ITPK1",0,"ENSG00000100605",5408.16280586606,0.554566967588856,0.115776084374889,4.78999588371928,1.6678473456462e-06,0.000153595674448818,TRUE
"chr14",92973911,92974446,"AluSz6",1026,"SetA_ER_H3K27ac","10nM",FALSE,"ITPK1",0,"ENSG00000100605",5408.16280586606,0.554566967588856,0.115776084374889,4.78999588371928,1.6678473456462e-06,0.000153595674448818,TRUE
"chr14",92985003,92985269,"AluSx",3997,"SetA_ER_H3K27ac","10nM",FALSE,"ITPK1",0,"ENSG00000100605",5408.16280586606,0.554566967588856,0.115776084374889,4.78999588371928,1.6678473456462e-06,0.000153595674448818,TRUE
"chr14",92988109,92988389,"AluSx",7103,"SetA_ER_H3K27ac","10nM",FALSE,"ITPK1",0,"ENSG00000100605",5408.16280586606,0.554566967588856,0.115776084374889,4.78999588371928,1.6678473456462e-06,0.000153595674448818,TRUE
"chr14",93011624,93012101,"AluSz",9210,"SetA_ER_H3K27ac","10nM",FALSE,"ITPK1",0,"ENSG00000100605",5408.16280586606,0.554566967588856,0.115776084374889,4.78999588371928,1.6678473456462e-06,0.000153595674448818,TRUE
"chr14",93017332,93017799,"AluSz",3512,"SetA_ER_H3K27ac","10nM",FALSE,"ITPK1",0,"ENSG00000100605",5408.16280586606,0.554566967588856,0.115776084374889,4.78999588371928,1.6678473456462e-06,0.000153595674448818,TRUE
"chr14",93032554,93032833,"AluSz",181,"SetA_ER_H3K27ac","10nM",FALSE,"ITPK1",0,"ENSG00000100605",5408.16280586606,0.554566967588856,0.115776084374889,4.78999588371928,1.6678473456462e-06,0.000153595674448818,TRUE
"chr14",93033088,93033363,"AluSz",715,"SetA_ER_H3K27ac","10nM",FALSE,"ITPK1",0,"ENSG00000100605",5408.16280586606,0.554566967588856,0.115776084374889,4.78999588371928,1.6678473456462e-06,0.000153595674448818,TRUE
"chr14",93045071,93045515,"FAM",0,"SetA_ER_H3K27ac","10nM",TRUE,"ITPK1",0,"ENSG00000100605",5408.16280586606,0.554566967588856,0.115776084374889,4.78999588371928,1.6678473456462e-06,0.000153595674448818,TRUE
"chr14",93046007,93046267,"FAM",336,"SetA_ER_H3K27ac","10nM",FALSE,"ITPK1",0,"ENSG00000100605",5408.16280586606,0.554566967588856,0.115776084374889,4.78999588371928,1.6678473456462e-06,0.000153595674448818,TRUE
"chr14",93959230,93959833,"AluYa5",2275,"SetA_ER_H3K27ac","10nM",FALSE,"ASB2",0,"ENSG00000100628",3.90602473244021,0.840601876740649,1.15286912434032,0.72913903147649,0.465916621113875,1,FALSE
"chr14",94390672,94391079,"AluSz6",1658,"SetA_ER_H3K27ac","10nM",FALSE,"SERPINA1",0,"ENSG00000197249",363.866525355642,0.248107752067325,0.420225572845882,0.590415643643655,0.554912025208561,1,FALSE
"chr14",95197688,95197937,"AluSq2",94,"SetA_ER_H3K27ac","10nM",FALSE,"CLMN",0,"ENSG00000165959",2014.25534404881,-0.0133410000122669,0.290491264733131,-0.0459256495183187,0.96336951038306,1,FALSE
"chr14",95264577,95264879,"AluJb",0,"SetA_ER_H3K27ac","10nM",TRUE,"CLMN",0,"ENSG00000165959",2014.25534404881,-0.0133410000122669,0.290491264733131,-0.0459256495183187,0.96336951038306,1,FALSE
"chr14",95273705,95274046,"AluSc",654,"SetA_ER_H3K27ac","10nM",FALSE,"CLMN",0,"ENSG00000165959",2014.25534404881,-0.0133410000122669,0.290491264733131,-0.0459256495183187,0.96336951038306,1,FALSE
"chr14",95516104,95516387,"AluSx3",2824,"SetA_ER_H3K27ac","10nM",FALSE,"SYNE3",0,"ENSG00000176438",147.992284572995,2.82912876266564,0.457106568443023,6.18921047733377,6.04663012211835e-10,1.25870683708764e-07,TRUE
"chr14",96038893,96039141,"AluJr",5017,"SetA_ER_H3K27ac","10nM",FALSE,"C14orf132",221,"ENSG00000227051",1221.79668172558,2.51340365568891,0.306949327144856,8.18833414318834,2.64866614254057e-16,2.64654720962654e-13,TRUE
"chr14",96039912,96040154,"AluJr",4004,"SetA_ER_H3K27ac","10nM",FALSE,"C14orf132",0,"ENSG00000227051",1221.79668172558,2.51340365568891,0.306949327144856,8.18833414318834,2.64866614254057e-16,2.64654720962654e-13,TRUE
"chr14",98887046,98887264,"AluY",535,"SetA_ER_H3K27ac","10nM",FALSE,"ENSG00000294598",0,"ENSG00000294598",2060.11251142111,-0.466533880158978,0.349462270773018,-1.33500500390785,0.181874708719121,0.951960235474832,FALSE
"chr14",98891204,98891568,"AluY",3188,"SetA_ER_H3K27ac","10nM",FALSE,"ENSG00000294598",0,"ENSG00000294598",2060.11251142111,-0.466533880158978,0.349462270773018,-1.33500500390785,0.181874708719121,0.951960235474832,FALSE
"chr14",98899464,98899860,"AluSc",3168,"SetA_ER_H3K27ac","10nM",FALSE,"ENSG00000294598",0,"ENSG00000294598",2060.11251142111,-0.466533880158978,0.349462270773018,-1.33500500390785,0.181874708719121,0.951960235474832,FALSE
"chr14",98903473,98904161,"AluSx1",1369,"SetA_ER_H3K27ac","10nM",FALSE,"ENSG00000294598",0,"ENSG00000294598",2060.11251142111,-0.466533880158978,0.349462270773018,-1.33500500390785,0.181874708719121,0.951960235474832,FALSE
"chr14",98958103,98958326,"AluSg7",4562,"SetA_ER_H3K27ac","10nM",FALSE,"ENSG00000294598",0,"ENSG00000294598",2060.11251142111,-0.466533880158978,0.349462270773018,-1.33500500390785,0.181874708719121,0.951960235474832,FALSE
"chr14",99004272,99004463,"AluJb",907,"SetA_ER_H3K27ac","10nM",FALSE,"ENSG00000294598",0,"ENSG00000294598",2060.11251142111,-0.466533880158978,0.349462270773018,-1.33500500390785,0.181874708719121,0.951960235474832,FALSE
"chr14",99207508,99207832,"AluJr",5234,"SetA_ER_H3K27ac","10nM",FALSE,"BCL11B",0,"ENSG00000127152",1121.92313756529,1.89451562144587,0.557528966741558,3.39805774131924,0.000678660944438736,0.0241753303273863,TRUE
"chr14",99578792,99579004,"AluSx1",1579,"SetA_ER_H3K27ac","10nM",FALSE,"CCDC85C",0,"ENSG00000205476",4637.29266145098,0.424651631456483,0.204289258050091,2.07867822082137,0.0376469360764876,0.446225605309922,FALSE
"chr14",99590636,99590907,"AluSx",819,"SetA_ER_H3K27ac","10nM",FALSE,"CCDC85C",0,"ENSG00000205476",4637.29266145098,0.424651631456483,0.204289258050091,2.07867822082137,0.0376469360764876,0.446225605309922,FALSE
"chr14",100011723,100011982,"AluSq",1028,"SetA_ER_H3K27ac","10nM",FALSE,"EVL",0,"ENSG00000196405",4839.36524737205,-0.214489110641523,0.419182134701772,-0.511684761551496,0.608871652710909,1,FALSE
"chr14",100012266,100012768,"AluSq",1571,"SetA_ER_H3K27ac","10nM",FALSE,"EVL",0,"ENSG00000196405",4839.36524737205,-0.214489110641523,0.419182134701772,-0.511684761551496,0.608871652710909,1,FALSE
"chr14",100025314,100025567,"AluSp",79,"SetA_ER_H3K27ac","10nM",FALSE,"EVL",0,"ENSG00000196405",4839.36524737205,-0.214489110641523,0.419182134701772,-0.511684761551496,0.608871652710909,1,FALSE
"chr14",100091547,100091907,"AluJo",46,"SetA_ER_H3K27ac","10nM",FALSE,"EVL",0,"ENSG00000196405",4839.36524737205,-0.214489110641523,0.419182134701772,-0.511684761551496,0.608871652710909,1,FALSE
"chr14",100093026,100093232,"AluSq2",264,"SetA_ER_H3K27ac","10nM",FALSE,"EVL",0,"ENSG00000196405",4839.36524737205,-0.214489110641523,0.419182134701772,-0.511684761551496,0.608871652710909,1,FALSE
"chr14",100096418,100096945,"AluSz6",393,"SetA_ER_H3K27ac","10nM",FALSE,"EVL",0,"ENSG00000196405",4839.36524737205,-0.214489110641523,0.419182134701772,-0.511684761551496,0.608871652710909,1,FALSE
"chr14",100137231,100137603,"AluJb",2376,"SetA_ER_H3K27ac","10nM",FALSE,"EVL",0,"ENSG00000196405",4839.36524737205,-0.214489110641523,0.419182134701772,-0.511684761551496,0.608871652710909,1,FALSE
"chr14",100817394,100817814,"AluJo",232,"SetA_ER_H3K27ac","10nM",FALSE,"MEG3",0,"ENSG00000214548",3.02228574876979,-1.64723067094562,1.34419664835211,-1.22543875776287,0.220409951438517,1,FALSE
"chr14",102868390,102868648,"AluY",882,"SetA_ER_H3K27ac","10nM",FALSE,"TRAF3",0,"ENSG00000131323",1650.13670891247,0.245222311776002,0.233611107741861,1.04970313332434,0.293854622718239,1,FALSE
"chr14",102870984,102871385,"AluJr",1055,"SetA_ER_H3K27ac","10nM",FALSE,"TRAF3",0,"ENSG00000131323",1650.13670891247,0.245222311776002,0.233611107741861,1.04970313332434,0.293854622718239,1,FALSE
"chr14",102873566,102873845,"AluJo",134,"SetA_ER_H3K27ac","10nM",FALSE,"TRAF3",0,"ENSG00000131323",1650.13670891247,0.245222311776002,0.233611107741861,1.04970313332434,0.293854622718239,1,FALSE
"chr14",103693370,103693943,"AluYc",308,"SetA_ER_H3K27ac","10nM",FALSE,"KLC1",0,"ENSG00000126214",1327.01231378728,0.0878407168292848,0.164331212566597,0.534534586931782,0.592971726706781,1,FALSE
"chr14",103737107,103737335,"AluJb",0,"SetA_ER_H3K27ac","10nM",TRUE,"PPP1R13B",0,"ENSG00000088808",1480.62965458613,0.0425404905181594,0.281943606660902,0.150882976287253,0.880068029691186,1,FALSE
"chr14",105032179,105032715,"AluY",0,"SetA_ER_H3K27ac","10nM",TRUE,"LINC02298",140,"ENSG00000257556",17.480103017026,0.304653348555255,0.600348760263458,0.507460610764918,0.61183166724663,1,FALSE
"chr14",105035673,105035859,"AluSp",0,"SetA_ER_H3K27ac","10nM",TRUE,"LINC02298",0,"ENSG00000257556",17.480103017026,0.304653348555255,0.600348760263458,0.507460610764918,0.61183166724663,1,FALSE
"chr14",105050379,105050653,"AluJr",577,"SetA_ER_H3K27ac","10nM",FALSE,"LINC02298",0,"ENSG00000257556",17.480103017026,0.304653348555255,0.600348760263458,0.507460610764918,0.61183166724663,1,FALSE
"chr14",105328682,105329020,"AluSx",1942,"SetA_ER_H3K27ac","10nM",FALSE,"PACS2",0,"ENSG00000179364",3153.3007836372,-0.0038323573323731,0.189889669142779,-0.0201820212214469,0.983898169952447,1,FALSE
"chr15",24944911,24945316,"FAM",96,"SetA_ER_H3K27ac","10nM",FALSE,"SNRPN",0,"ENSG00000128739",437.517973131477,0.137169737307727,0.450592736239833,0.304420658114463,0.760807431272488,1,FALSE
"chr15",26026235,26026476,"AluYj4",0,"SetA_ER_H3K27ac","10nM",TRUE,"LINC02346",0,"ENSG00000206187",37.4809019251416,0.0231650283391814,0.716046871699623,0.0323512737150801,0.974191920069469,1,FALSE
"chr15",29822997,29823335,"AluSx4",471,"SetA_ER_H3K27ac","10nM",FALSE,"TJP1",0,"ENSG00000104067",2399.46853942952,0.254372281391539,0.204538068894934,1.24364272512128,0.213631084162882,0.997103256377209,FALSE
"chr15",33067841,33068360,"AluSp",1634,"SetA_ER_H3K27ac","10nM",FALSE,"FMN1",0,"ENSG00000248905",833.612688889079,1.67009628494718,0.374036066165975,4.46506750556534,8.00435101321536e-06,0.000594642939212252,TRUE
"chr15",39596384,39596640,"AluSx1",2279,"SetA_ER_H3K27ac","10nM",FALSE,"THBS1",0,"ENSG00000137801",5261.36897934969,-0.185107312681294,0.629838224694072,-0.293896599831179,0.768836916375163,1,FALSE
"chr15",39629616,39629890,"AluJb",2283,"SetA_ER_H3K27ac","10nM",FALSE,"FSIP1",0,"ENSG00000150667",25.4198420761957,0.440572338568714,0.772576049812939,0.57026403895822,0.568498627509595,1,FALSE
"chr15",39668461,39668840,"AluJo",1633,"SetA_ER_H3K27ac","10nM",FALSE,"FSIP1",0,"ENSG00000150667",25.4198420761957,0.440572338568714,0.772576049812939,0.57026403895822,0.568498627509595,1,FALSE
"chr15",40334782,40335353,"AluJb",1193,"SetA_ER_H3K27ac","10nM",FALSE,"CCDC9B",0,"ENSG00000188549",75.9725132949313,1.96921169235368,0.643161804599086,3.06176716072433,0.00220034537811636,0.0611567483119296,FALSE
"chr15",42270618,42270832,"AluSx",16,"SetA_ER_H3K27ac","10nM",FALSE,"TMEM87A",0,"ENSG00000103978",1388.25315963195,0.237930571155564,0.221815790664838,1.07264938371802,0.283428458582402,1,FALSE
"chr15",44194532,44194920,"AluSq2",1260,"SetA_ER_H3K27ac","10nM",FALSE,"FRMD5",0,"ENSG00000171877",111.851019801114,0.372329563516812,0.426611501736068,0.872760256115086,0.382793766660204,1,FALSE
"chr15",49213130,49213326,"AluYh3",510,"SetA_ER_H3K27ac","10nM",FALSE,"GALK2",0,"ENSG00000156958",609.788543709617,0.059646340896454,0.295161259463018,0.202080520339856,0.839853776221943,1,FALSE
"chr15",50181398,50181940,"AluSz",2055,"SetA_ER_H3K27ac","10nM",FALSE,"ATP8B4",0,"ENSG00000104043",13.7181470935655,0.348403943594313,0.742709661919742,0.46909843975069,0.638999274271261,1,FALSE
"chr15",50764958,50765376,"AluSc8",848,"SetA_ER_H3K27ac","10nM",FALSE,"SPPL2A",0,"ENSG00000138600",7285.50443737553,0.0264557781725103,0.165919646542094,0.159449340231076,0.873314868226699,1,FALSE
"chr15",51037311,51037494,"AluSq",7725,"SetA_ER_H3K27ac","10nM",FALSE,"MIR4713HG",0,"ENSG00000259240",48.5445838879274,0.0636825160404213,0.34016103381558,0.18721284835625,0.851493751407137,1,FALSE
"chr15",52185275,52185565,"AluSz",239,"SetA_ER_H3K27ac","10nM",FALSE,"GNB5",0,"ENSG00000069966",1568.59855186647,-0.023539915312541,0.147649318461476,-0.159431249380829,0.873329120327819,1,FALSE
"chr15",52486167,52486476,"AluJr",659,"SetA_ER_H3K27ac","10nM",FALSE,"MYO5A",0,"ENSG00000197535",2588.77810046622,0.225075457255538,0.250827955518758,0.897330031614862,0.369542835945701,1,FALSE
"chr15",53739686,53739964,"AluYc",344,"SetA_ER_H3K27ac","10nM",FALSE,"WDR72",0,"ENSG00000166415",1937.88884365029,0.0803729897793169,0.114963111225108,0.699119821330681,0.484477152248395,1,FALSE
"chr15",56968639,56968871,"FAM",120,"SetA_ER_H3K27ac","10nM",FALSE,"TCF12",0,"ENSG00000140262",1797.62320516243,0.0823380055162995,0.2465773945081,0.333923576735639,0.738437228291115,1,FALSE
"chr15",57070443,57070893,"AluJo",232,"SetA_ER_H3K27ac","10nM",FALSE,"TCF12",0,"ENSG00000140262",1797.62320516243,0.0823380055162995,0.2465773945081,0.333923576735639,0.738437228291115,1,FALSE
"chr15",57461024,57461254,"AluSz",3502,"SetA_ER_H3K27ac","10nM",FALSE,"CGNL1",0,"ENSG00000128849",255.012189757183,1.02452950956283,0.329504601417763,3.10930258683664,0.00187529556800331,0.0546288298343296,FALSE
"chr15",57461614,57461839,"AluSz",2917,"SetA_ER_H3K27ac","10nM",FALSE,"CGNL1",0,"ENSG00000128849",255.012189757183,1.02452950956283,0.329504601417763,3.10930258683664,0.00187529556800331,0.0546288298343296,FALSE
"chr15",57591545,57592196,"AluSz",1931,"SetA_ER_H3K27ac","10nM",FALSE,"MYZAP",0,"ENSG00000263155",727.342886518724,3.85068576961829,0.448495331622499,8.58578785132023,9.02160145671279e-18,1.3868283346996e-14,TRUE
"chr15",60393062,60393289,"AluSx1",1128,"SetA_ER_H3K27ac","10nM",FALSE,"ANXA2",0,"ENSG00000182718",12427.9993728826,-0.0786994459495348,0.141193152543603,-0.557388545632417,0.57726198979853,1,FALSE
"chr15",61171197,61171445,"AluJb",2228,"SetA_ER_H3K27ac","10nM",FALSE,"RORA",0,"ENSG00000069667",123.716217447205,-0.129504107123571,0.521792525374701,-0.248190805398321,0.803986780066545,1,FALSE
"chr15",62785898,62786190,"AluSz",233,"SetA_ER_H3K27ac","10nM",FALSE,"TLN2",0,"ENSG00000171914",417.442513617341,0.885705560507623,0.317903010539744,2.78608736357623,0.00533484915091621,0.121981264796235,FALSE
"chr15",62832254,62832828,"AluSz",6207,"SetA_ER_H3K27ac","10nM",FALSE,"TLN2",0,"ENSG00000171914",417.442513617341,0.885705560507623,0.317903010539744,2.78608736357623,0.00533484915091621,0.121981264796235,FALSE
"chr15",62899060,62899307,"AluSx3",4235,"SetA_ER_H3K27ac","10nM",FALSE,"ENSG00000259727",0,"ENSG00000259727",34.0713291087863,-0.886707221573076,0.821087761739586,-1.07991771755856,0.280178822752541,1,FALSE
"chr15",63379895,63380195,"AluSx1",1499,"SetA_ER_H3K27ac","10nM",FALSE,"CA12",0,"ENSG00000074410",6885.12993406269,3.075269068002,0.388234664178415,7.92116045204234,2.35304058835753e-15,2.13741650535167e-12,TRUE
"chr15",63380517,63380867,"AluSx",1413,"SetA_ER_H3K27ac","10nM",FALSE,"CA12",0,"ENSG00000074410",6885.12993406269,3.075269068002,0.388234664178415,7.92116045204234,2.35304058835753e-15,2.13741650535167e-12,TRUE
"chr15",63387784,63388135,"AluSz",435,"SetA_ER_H3K27ac","10nM",FALSE,"LINC02568",0,"ENSG00000259459",35.8103244023536,4.13610214958726,0.894662475384392,4.62308665377988,3.78071692021856e-06,0.000317453138376671,TRUE
"chr15",63391592,63391814,"AluSz6",202,"SetA_ER_H3K27ac","10nM",FALSE,"LINC02568",0,"ENSG00000259459",35.8103244023536,4.13610214958726,0.894662475384392,4.62308665377988,3.78071692021856e-06,0.000317453138376671,TRUE
"chr15",63395717,63396070,"AluSc",1054,"SetA_ER_H3K27ac","10nM",FALSE,"LINC02568",0,"ENSG00000259459",35.8103244023536,4.13610214958726,0.894662475384392,4.62308665377988,3.78071692021856e-06,0.000317453138376671,TRUE
"chr15",63945758,63946085,"FLAM_A",605,"SetA_ER_H3K27ac","10nM",FALSE,"DAPK2",0,"ENSG00000035664",145.216065262207,0.808577901612711,0.385287385350337,2.09863580370658,0.035849017665017,0.432351701278032,FALSE
"chr15",64046017,64046253,"AluSz",5098,"SetA_ER_H3K27ac","10nM",FALSE,"DAPK2",0,"ENSG00000035664",145.216065262207,0.808577901612711,0.385287385350337,2.09863580370658,0.035849017665017,0.432351701278032,FALSE
"chr15",65286214,65286460,"AluSp",777,"SetA_ER_H3K27ac","10nM",FALSE,"PARP16",0,"ENSG00000138617",385.053698233526,-0.323247232218365,0.186525757004377,-1.7329897887013,0.0830974837608945,0.700388070635899,FALSE
"chr15",66763143,66763371,"AluSc8",1859,"SetA_ER_H3K27ac","10nM",FALSE,"SMAD6",0,"ENSG00000137834",459.361587009663,-1.09806773870665,0.239350556494229,-4.58769661867538,4.48163273866892e-06,0.00036406889694943,TRUE
"chr15",67114925,67115205,"AluY",1537,"SetA_ER_H3K27ac","10nM",FALSE,"SMAD3",0,"ENSG00000166949",1938.19540161421,-0.0597151991895387,0.276495389562652,-0.215971771840368,0.829009751113571,1,FALSE
"chr15",67125651,67125863,"AluJr",1365,"SetA_ER_H3K27ac","10nM",FALSE,"SMAD3",0,"ENSG00000166949",1938.19540161421,-0.0597151991895387,0.276495389562652,-0.215971771840368,0.829009751113571,1,FALSE
"chr15",69481272,69481658,"AluJr",165,"SetA_ER_H3K27ac","10nM",FALSE,"DRAIC",0,"ENSG00000245750",1583.66605550536,-0.0680423124470416,0.458860397340397,-0.148285432435272,0.8821175114931,1,FALSE
"chr15",69482641,69483086,"AluSz6",257,"SetA_ER_H3K27ac","10nM",FALSE,"DRAIC",0,"ENSG00000245750",1583.66605550536,-0.0680423124470416,0.458860397340397,-0.148285432435272,0.8821175114931,1,FALSE
"chr15",69576938,69577209,"AluSx",3543,"SetA_ER_H3K27ac","10nM",FALSE,"DRAIC",0,"ENSG00000245750",1583.66605550536,-0.0680423124470416,0.458860397340397,-0.148285432435272,0.8821175114931,1,FALSE
"chr15",69604052,69604279,"AluSx1",568,"SetA_ER_H3K27ac","10nM",FALSE,"DRAIC",0,"ENSG00000245750",1583.66605550536,-0.0680423124470416,0.458860397340397,-0.148285432435272,0.8821175114931,1,FALSE
"chr15",70091975,70092188,"AluJb",14959,"SetA_ER_H3K27ac","10nM",FALSE,"TLE3",0,"ENSG00000140332",11546.1960397,0.365217165624973,0.209218027209763,1.74562952579036,0.0808753482503653,0.692946610031027,FALSE
"chr15",70093304,70093681,"AluJb",14135,"SetA_ER_H3K27ac","10nM",FALSE,"TLE3",0,"ENSG00000140332",11546.1960397,0.365217165624973,0.209218027209763,1.74562952579036,0.0808753482503653,0.692946610031027,FALSE
"chr15",70308233,70308595,"AluSg",221,"SetA_ER_H3K27ac","10nM",FALSE,"ENSG00000306630",0,"ENSG00000306630",3.51657570801553,1.38633054294081,1.41028655934731,0.983013369695882,0.325600858567656,1,FALSE
"chr15",70318950,70319345,"AluSx1",1704,"SetA_ER_H3K27ac","10nM",FALSE,"ENSG00000306630",0,"ENSG00000306630",3.51657570801553,1.38633054294081,1.41028655934731,0.983013369695882,0.325600858567656,1,FALSE
"chr15",70321022,70321631,"AluJo",607,"SetA_ER_H3K27ac","10nM",FALSE,"ENSG00000306630",0,"ENSG00000306630",3.51657570801553,1.38633054294081,1.41028655934731,0.983013369695882,0.325600858567656,1,FALSE
"chr15",70322965,70323246,"AluJo",664,"SetA_ER_H3K27ac","10nM",FALSE,"ENSG00000306630",0,"ENSG00000306630",3.51657570801553,1.38633054294081,1.41028655934731,0.983013369695882,0.325600858567656,1,FALSE
"chr15",70324087,70324484,"AluJo",1786,"SetA_ER_H3K27ac","10nM",FALSE,"ENSG00000306630",0,"ENSG00000306630",3.51657570801553,1.38633054294081,1.41028655934731,0.983013369695882,0.325600858567656,1,FALSE
"chr15",70341574,70341839,"AluSz",84,"SetA_ER_H3K27ac","10nM",FALSE,"ENSG00000306630",0,"ENSG00000306630",3.51657570801553,1.38633054294081,1.41028655934731,0.983013369695882,0.325600858567656,1,FALSE
"chr15",70362300,70362720,"AluY",510,"SetA_ER_H3K27ac","10nM",FALSE,"ENSG00000306630",0,"ENSG00000306630",3.51657570801553,1.38633054294081,1.41028655934731,0.983013369695882,0.325600858567656,1,FALSE
"chr15",70375080,70375361,"AluSc",9172,"SetA_ER_H3K27ac","10nM",FALSE,"ENSG00000306630",0,"ENSG00000306630",3.51657570801553,1.38633054294081,1.41028655934731,0.983013369695882,0.325600858567656,1,FALSE
"chr15",70378034,70378474,"FLAM_C",11706,"SetA_ER_H3K27ac","10nM",FALSE,"ENSG00000306658",0,"ENSG00000306658",13.1749438562886,1.77085008205466,0.871867087536227,2.03110096409171,0.0422447536913846,0.477499523624791,FALSE
"chr15",70379499,70379720,"FLAM_C",10460,"SetA_ER_H3K27ac","10nM",FALSE,"ENSG00000306658",0,"ENSG00000306658",13.1749438562886,1.77085008205466,0.871867087536227,2.03110096409171,0.0422447536913846,0.477499523624791,FALSE
"chr15",70385003,70385341,"FLAM_C",4839,"SetA_ER_H3K27ac","10nM",FALSE,"ENSG00000306658",0,"ENSG00000306658",13.1749438562886,1.77085008205466,0.871867087536227,2.03110096409171,0.0422447536913846,0.477499523624791,FALSE
"chr15",71079116,71079419,"FAM",1194,"SetA_ER_H3K27ac","10nM",FALSE,"ENSG00000303631",0,"ENSG00000303631",115.165087741034,1.52675758383449,0.507746634868881,3.00692802076128,0.00263902242558094,0.0700374822746473,FALSE
"chr15",71083865,71084193,"AluJr",310,"SetA_ER_H3K27ac","10nM",FALSE,"ENSG00000303631",0,"ENSG00000303631",115.165087741034,1.52675758383449,0.507746634868881,3.00692802076128,0.00263902242558094,0.0700374822746473,FALSE
"chr15",71096585,71097145,"AluJb",138,"SetA_ER_H3K27ac","10nM",FALSE,"ENSG00000303631",0,"ENSG00000303631",115.165087741034,1.52675758383449,0.507746634868881,3.00692802076128,0.00263902242558094,0.0700374822746473,FALSE
"chr15",71104691,71105100,"AluSq2",1827,"SetA_ER_H3K27ac","10nM",FALSE,"ENSG00000303631",0,"ENSG00000303631",115.165087741034,1.52675758383449,0.507746634868881,3.00692802076128,0.00263902242558094,0.0700374822746473,FALSE
"chr15",71111176,71111428,"AluJo",1469,"SetA_ER_H3K27ac","10nM",FALSE,"THSD4",0,"ENSG00000187720",1043.3089376692,-0.11695564480555,0.212559383699753,-0.550225742895233,0.582164548912144,1,FALSE
"chr15",71252054,71252430,"AluSz",983,"SetA_ER_H3K27ac","10nM",FALSE,"THSD4",0,"ENSG00000187720",1043.3089376692,-0.11695564480555,0.212559383699753,-0.550225742895233,0.582164548912144,1,FALSE
"chr15",71679537,71679790,"AluSz",1127,"SetA_ER_H3K27ac","10nM",FALSE,"THSD4",0,"ENSG00000187720",1043.3089376692,-0.11695564480555,0.212559383699753,-0.550225742895233,0.582164548912144,1,FALSE
"chr15",71968922,71969354,"AluYj4",1523,"SetA_ER_H3K27ac","10nM",FALSE,"MYO9A",0,"ENSG00000066933",1568.64541208634,-0.00379843487317225,0.31421930060463,-0.0120884836350383,0.990355020450443,1,FALSE
"chr15",71969459,71969661,"AluYj4",1216,"SetA_ER_H3K27ac","10nM",FALSE,"MYO9A",0,"ENSG00000066933",1568.64541208634,-0.00379843487317225,0.31421930060463,-0.0120884836350383,0.990355020450443,1,FALSE
"chr15",71975354,71975790,"AluSz6",1435,"SetA_ER_H3K27ac","10nM",FALSE,"MYO9A",0,"ENSG00000066933",1568.64541208634,-0.00379843487317225,0.31421930060463,-0.0120884836350383,0.990355020450443,1,FALSE
"chr15",71976711,71976907,"AluSz6",318,"SetA_ER_H3K27ac","10nM",FALSE,"MYO9A",0,"ENSG00000066933",1568.64541208634,-0.00379843487317225,0.31421930060463,-0.0120884836350383,0.990355020450443,1,FALSE
"chr15",72169506,72169826,"AluSx4",1992,"SetA_ER_H3K27ac","10nM",FALSE,"GRAMD2A",0,"ENSG00000175318",37.5963491681338,0.921792683109434,0.75462844809815,1.22151859691028,0.221889728756103,1,FALSE
"chr15",73695946,73696179,"AluJo",917,"SetA_ER_H3K27ac","10nM",FALSE,"CD276",0,"ENSG00000103855",6550.05219585482,0.0269819007450126,0.240329496187453,0.112270450248717,0.910608970931207,1,FALSE
"chr15",73710082,73710503,"AluSz",1370,"SetA_ER_H3K27ac","10nM",FALSE,"CD276",0,"ENSG00000103855",6550.05219585482,0.0269819007450126,0.240329496187453,0.112270450248717,0.910608970931207,1,FALSE
"chr15",74569463,74569647,"AluSz6",0,"SetA_ER_H3K27ac","10nM",TRUE,"ARID3B",0,"ENSG00000179361",96.88551787318,-0.667164486184001,0.343114933375006,-1.94443441916539,0.0518430866311343,0.534864348599167,FALSE
"chr15",74642376,74642610,"AluSx3",2643,"SetA_ER_H3K27ac","10nM",FALSE,"CLK3",0,"ENSG00000179335",1588.72662243644,-0.0144391156863319,0.213126874755168,-0.0677489204630761,0.945985505842442,1,FALSE
"chr15",74643300,74643491,"AluSz",2088,"SetA_ER_H3K27ac","10nM",FALSE,"CLK3",0,"ENSG00000179335",1588.72662243644,-0.0144391156863319,0.213126874755168,-0.0677489204630761,0.945985505842442,1,FALSE
"chr15",74725891,74726151,"AluSx",1233,"SetA_ER_H3K27ac","10nM",FALSE,"CYP1A1",356,"ENSG00000140465",336.771550889935,-0.773663965004382,1.29223795637506,-0.598700851640853,0.549372389183481,1,FALSE
"chr15",74789067,74789477,"AluSp",2753,"SetA_ER_H3K27ac","10nM",FALSE,"CSK",0,"ENSG00000103653",6563.7674548714,0.606813030187846,0.238391155436128,2.54545110567422,0.0109136646713,0.208706865828955,FALSE
"chr15",74816817,74817003,"AluSx1",727,"SetA_ER_H3K27ac","10nM",FALSE,"LMAN1L",0,"ENSG00000140506",2.42271909574456,0.589280854856678,1.82219262983272,0.323391086764946,0.746399078938316,1,FALSE
"chr15",74817181,74817766,"AluSx1",0,"SetA_ER_H3K27ac","10nM",TRUE,"LMAN1L",0,"ENSG00000140506",2.42271909574456,0.589280854856678,1.82219262983272,0.323391086764946,0.746399078938316,1,FALSE
"chr15",74937535,74937887,"AluSp",520,"SetA_ER_H3K27ac","10nM",FALSE,"COX5A",0,"ENSG00000178741",4758.18101174431,0.135184886055376,0.160197400957541,0.843864415073787,0.398745175121642,1,FALSE
"chr15",75036062,75036612,"AluSx",71,"SetA_ER_H3K27ac","10nM",FALSE,"PPCDC",0,"ENSG00000138621",637.015638320106,0.218329813349,0.28547526606294,0.764794149629985,0.444394132046693,1,FALSE
"chr15",75675138,75675324,"AluJo",3028,"SetA_ER_H3K27ac","10nM",FALSE,"CSPG4",0,"ENSG00000173546",52.8250530902187,3.07424003055249,0.708819805194903,4.33712490540127,1.44358597483708e-05,0.000977919393937091,TRUE
"chr15",75682354,75682726,"AluSc8",2372,"SetA_ER_H3K27ac","10nM",FALSE,"CSPG4",0,"ENSG00000173546",52.8250530902187,3.07424003055249,0.708819805194903,4.33712490540127,1.44358597483708e-05,0.000977919393937091,TRUE
"chr15",76107993,76108412,"AluJo",1104,"SetA_ER_H3K27ac","10nM",FALSE,"TMEM266",0,"ENSG00000169758",4.07767603187505,-2.5613514834122,1.46043149936769,-1.75383199042281,0.0794592997622504,0.687234449033242,FALSE
"chr15",76108951,76109345,"AluJo",171,"SetA_ER_H3K27ac","10nM",FALSE,"TMEM266",0,"ENSG00000169758",4.07767603187505,-2.5613514834122,1.46043149936769,-1.75383199042281,0.0794592997622504,0.687234449033242,FALSE
"chr15",78131785,78131989,"AluSx",288,"SetA_ER_H3K27ac","10nM",FALSE,"IDH3A",0,"ENSG00000166411",5537.99276011649,0.366162350274869,0.180770014171103,2.02557018072858,0.0428088498668545,0.481638338922397,FALSE
"chr15",78135246,78135771,"AluSx4",0,"SetA_ER_H3K27ac","10nM",TRUE,"IDH3A",0,"ENSG00000166411",5537.99276011649,0.366162350274869,0.180770014171103,2.02557018072858,0.0428088498668545,0.481638338922397,FALSE
"chr15",80679435,80679789,"AluSp",226,"SetA_ER_H3K27ac","10nM",FALSE,"ABHD17C",0,"ENSG00000136379",5248.49050164905,0.45470364151543,0.169751501713359,2.67864282157125,0.00739211997046016,0.154523143817653,FALSE
"chr15",80696828,80697083,"AluY",979,"SetA_ER_H3K27ac","10nM",FALSE,"ABHD17C",0,"ENSG00000136379",5248.49050164905,0.45470364151543,0.169751501713359,2.67864282157125,0.00739211997046016,0.154523143817653,FALSE
"chr15",80743334,80743569,"AluJb",2,"SetA_ER_H3K27ac","10nM",FALSE,"ABHD17C",0,"ENSG00000136379",5248.49050164905,0.45470364151543,0.169751501713359,2.67864282157125,0.00739211997046016,0.154523143817653,FALSE
"chr15",81091945,81092433,"AluSx1",1033,"SetA_ER_H3K27ac","10nM",FALSE,"CFAP161",0,"ENSG00000156206",23.3552186989872,0.306575731509374,0.605572188611917,0.506257944593034,0.612675582112761,1,FALSE
"chr15",81092856,81093090,"AluSx1",376,"SetA_ER_H3K27ac","10nM",FALSE,"CFAP161",0,"ENSG00000156206",23.3552186989872,0.306575731509374,0.605572188611917,0.506257944593034,0.612675582112761,1,FALSE
"chr15",81279847,81280052,"AluJb",2133,"SetA_ER_H3K27ac","10nM",FALSE,"IL16",0,"ENSG00000172349",59.7039842482551,0.389517652134891,0.679181649684186,0.573510271244834,0.566299246590831,1,FALSE
"chr15",81303744,81304039,"AluJo",1343,"SetA_ER_H3K27ac","10nM",FALSE,"IL16",0,"ENSG00000172349",59.7039842482551,0.389517652134891,0.679181649684186,0.573510271244834,0.566299246590831,1,FALSE
"chr15",81388272,81388652,"AluSx1",1158,"SetA_ER_H3K27ac","10nM",FALSE,"TMC3-AS1",0,"ENSG00000259343",30.3036763591494,-1.17712233159795,1.04583098277432,-1.12553782684402,0.260361197323083,1,FALSE
"chr15",81398568,81398840,"AluSc",4792,"SetA_ER_H3K27ac","10nM",FALSE,"TMC3-AS1",0,"ENSG00000259343",30.3036763591494,-1.17712233159795,1.04583098277432,-1.12553782684402,0.260361197323083,1,FALSE
"chr15",81399090,81399486,"AluSc",4146,"SetA_ER_H3K27ac","10nM",FALSE,"TMC3-AS1",0,"ENSG00000259343",30.3036763591494,-1.17712233159795,1.04583098277432,-1.12553782684402,0.260361197323083,1,FALSE
"chr15",82919216,82919817,"FLAM_A",1033,"SetA_ER_H3K27ac","10nM",FALSE,"HOMER2",0,"ENSG00000103942",2135.7259584788,0.715253767645798,0.367993503338425,1.94365868189802,0.0519366242888572,0.535276688905891,FALSE
"chr15",82942664,82943009,"AluSz",1198,"SetA_ER_H3K27ac","10nM",FALSE,"HOMER2",0,"ENSG00000103942",2135.7259584788,0.715253767645798,0.367993503338425,1.94365868189802,0.0519366242888572,0.535276688905891,FALSE
"chr15",82952094,82952495,"AluY",1097,"SetA_ER_H3K27ac","10nM",FALSE,"HOMER2",0,"ENSG00000103942",2135.7259584788,0.715253767645798,0.367993503338425,1.94365868189802,0.0519366242888572,0.535276688905891,FALSE
"chr15",83753934,83754353,"AluSx1",1407,"SetA_ER_H3K27ac","10nM",FALSE,"ADAMTSL3",0,"ENSG00000156218",357.383696759979,-0.287460466322675,0.325850894473231,-0.882184063933238,0.377677278312241,1,FALSE
"chr15",84625259,84625665,"AluSx3",0,"SetA_ER_H3K27ac","10nM",TRUE,"ZSCAN2-AS1",0,"ENSG00000275120",29.8380656364874,-0.416920028994171,0.471794314643215,-0.883690235456648,0.376863452855334,1,FALSE
"chr15",87878063,87878545,"AluYm1",2892,"SetA_ER_H3K27ac","10nM",FALSE,"NTRK3",0,"ENSG00000140538",5.81721994483358,1.46956769846456,1.48995401834221,0.986317483877567,0.323977342765601,1,FALSE
"chr15",88648424,88648674,"AluSz6",1356,"SetA_ER_H3K27ac","10nM",FALSE,"ISG20",0,"ENSG00000172183",21.3293270670298,1.56729917765385,0.647314951781171,2.42123123116687,0.0154680346195419,0.263973700970902,FALSE
"chr15",88648845,88649066,"AluSx",1704,"SetA_ER_H3K27ac","10nM",FALSE,"ISG20",0,"ENSG00000172183",21.3293270670298,1.56729917765385,0.647314951781171,2.42123123116687,0.0154680346195419,0.263973700970902,FALSE
"chr15",89106091,89106355,"AluSq2",0,"SetA_ER_H3K27ac","10nM",TRUE,"ABHD2",0,"ENSG00000140526",3535.17278370009,0.664875385412555,0.248767390111329,2.67267902402726,0.00752482114826239,0.156447942339698,FALSE
"chr15",89108872,89109184,"AluSz",888,"SetA_ER_H3K27ac","10nM",FALSE,"ABHD2",0,"ENSG00000140526",3535.17278370009,0.664875385412555,0.248767390111329,2.67267902402726,0.00752482114826239,0.156447942339698,FALSE
"chr15",89115514,89115942,"AluSz",733,"SetA_ER_H3K27ac","10nM",FALSE,"ABHD2",0,"ENSG00000140526",3535.17278370009,0.664875385412555,0.248767390111329,2.67267902402726,0.00752482114826239,0.156447942339698,FALSE
"chr15",89119910,89120385,"AluSg",96,"SetA_ER_H3K27ac","10nM",FALSE,"ABHD2",0,"ENSG00000140526",3535.17278370009,0.664875385412555,0.248767390111329,2.67267902402726,0.00752482114826239,0.156447942339698,FALSE
"chr15",89121397,89121714,"AluJr4",133,"SetA_ER_H3K27ac","10nM",FALSE,"ABHD2",0,"ENSG00000140526",3535.17278370009,0.664875385412555,0.248767390111329,2.67267902402726,0.00752482114826239,0.156447942339698,FALSE
"chr15",89125569,89125764,"AluSc",303,"SetA_ER_H3K27ac","10nM",FALSE,"ABHD2",0,"ENSG00000140526",3535.17278370009,0.664875385412555,0.248767390111329,2.67267902402726,0.00752482114826239,0.156447942339698,FALSE
"chr15",89129753,89130109,"AluY",3726,"SetA_ER_H3K27ac","10nM",FALSE,"ABHD2",0,"ENSG00000140526",3535.17278370009,0.664875385412555,0.248767390111329,2.67267902402726,0.00752482114826239,0.156447942339698,FALSE
"chr15",89693609,89693952,"AluY",293,"SetA_ER_H3K27ac","10nM",FALSE,"WDR93",0,"ENSG00000140527",8.23244278839502,0.0274355517316264,0.900814300955541,0.0304563900712101,0.97570307291375,1,FALSE
"chr15",89837331,89837542,"AluSx1",1285,"SetA_ER_H3K27ac","10nM",FALSE,"AP3S2",0,"ENSG00000157823",2185.07287022161,-0.0405516153914547,0.269012799533578,-0.150742326988769,0.880178982611037,1,FALSE
"chr15",89906051,89906316,"AluSx3",531,"SetA_ER_H3K27ac","10nM",FALSE,"ARPIN-AP3S2",0,"ENSG00000250021",12.5252482493255,-0.0917354367454913,1.72188161613454,-0.0532762739818481,0.957511783968073,1,FALSE
"chr15",89998309,89998593,"AluSx",260,"SetA_ER_H3K27ac","10nM",FALSE,"ZNF710",587,"ENSG00000140548",1400.32369720744,0.144004142178488,0.319158302300087,0.451199737373867,0.651845598918185,1,FALSE
"chr15",90099886,90100087,"AluJr",130,"SetA_ER_H3K27ac","10nM",FALSE,"IDH2",0,"ENSG00000182054",9160.08259058077,-0.00115289918442459,0.189145784604724,-0.00609529409726953,0.99513668906037,1,FALSE
"chr15",90477598,90477872,"AluSq2",115,"SetA_ER_H3K27ac","10nM",FALSE,"IQGAP1",0,"ENSG00000140575",13835.7503959506,-0.134630364125443,0.159080913053974,-0.846301178066317,0.397384750835446,1,FALSE
"chr15",90991691,90992139,"AluSx1",248,"SetA_ER_H3K27ac","10nM",FALSE,"PRC1",0,"ENSG00000198901",6699.42150632581,0.032842903645746,0.15316519514119,0.214427981601636,0.830213322925632,1,FALSE
"chr15",92639181,92639497,"AluSx1",773,"SetA_ER_H3K27ac","10nM",FALSE,"FAM174B",0,"ENSG00000185442",2895.05229159736,0.5627326983082,0.172355376444826,3.26495587150043,0.00109481131554864,0.0359847192926382,TRUE
"chr15",92644710,92645245,"FLAM_C",1446,"SetA_ER_H3K27ac","10nM",FALSE,"FAM174B",0,"ENSG00000185442",2895.05229159736,0.5627326983082,0.172355376444826,3.26495587150043,0.00109481131554864,0.0359847192926382,TRUE
"chr15",92645518,92645972,"FLAM_C",2254,"SetA_ER_H3K27ac","10nM",FALSE,"FAM174B",0,"ENSG00000185442",2895.05229159736,0.5627326983082,0.172355376444826,3.26495587150043,0.00109481131554864,0.0359847192926382,TRUE
"chr15",92648177,92648481,"FLAM_C",4913,"SetA_ER_H3K27ac","10nM",FALSE,"FAM174B",0,"ENSG00000185442",2895.05229159736,0.5627326983082,0.172355376444826,3.26495587150043,0.00109481131554864,0.0359847192926382,TRUE
"chr15",92745894,92746317,"AluSz6",0,"SetA_ER_H3K27ac","10nM",TRUE,"FAM174B",0,"ENSG00000185442",2895.05229159736,0.5627326983082,0.172355376444826,3.26495587150043,0.00109481131554864,0.0359847192926382,TRUE
"chr15",92747950,92748207,"AluSz",0,"SetA_ER_H3K27ac","10nM",TRUE,"FAM174B",0,"ENSG00000185442",2895.05229159736,0.5627326983082,0.172355376444826,3.26495587150043,0.00109481131554864,0.0359847192926382,TRUE
"chr15",93180089,93180732,"AluSq2",450,"SetA_ER_H3K27ac","10nM",FALSE,"ENSG00000257060",0,"ENSG00000257060",8.53027653479796,-0.326703425072805,0.941542853840475,-0.346987313153309,0.72860084998549,1,FALSE
"chr15",95894343,95894776,"AluSc8",1533,"SetA_ER_H3K27ac","10nM",FALSE,"ENSG00000300007",0,"ENSG00000300007",4.36217955300946,0.525565209431862,1.3093604436655,0.401390779731029,0.68813243669656,1,FALSE
"chr15",95895536,95895924,"AluY",496,"SetA_ER_H3K27ac","10nM",FALSE,"ENSG00000300007",0,"ENSG00000300007",4.36217955300946,0.525565209431862,1.3093604436655,0.401390779731029,0.68813243669656,1,FALSE
"chr15",95911553,95912013,"AluSq2",5003,"SetA_ER_H3K27ac","10nM",FALSE,"ENSG00000300007",0,"ENSG00000300007",4.36217955300946,0.525565209431862,1.3093604436655,0.401390779731029,0.68813243669656,1,FALSE
"chr15",96336896,96337354,"AluJb",29540,"SetA_ER_H3K27ac","10nM",FALSE,"NR2F2-AS1",0,"ENSG00000247809",6.45313736491633,0.268563914589704,1.03219296942733,0.260187699920787,0.794718991654489,1,FALSE
"chr15",96339368,96339692,"AluSq2",29304,"SetA_ER_H3K27ac","10nM",FALSE,"NR2F2",0,"ENSG00000185551",4196.12766422197,0.472130349417109,0.265800628350459,1.77625746164378,0.0756904910868587,0.66904677265754,FALSE
"chr15",98443041,98443274,"AluSx1",1458,"SetA_ER_H3K27ac","10nM",FALSE,"FAM169BP",0,"ENSG00000293555",3.78603162530484,1.36134686500129,1.30612082528063,1.04228248922437,0.29728072838482,1,FALSE
"chr15",98749186,98749536,"AluJr",721,"SetA_ER_H3K27ac","10nM",FALSE,"IGF1R",0,"ENSG00000140443",3681.80122343889,0.000344460220470758,0.348893722280651,0.00098729268677891,0.999212254536201,1,FALSE
"chr15",98751977,98752219,"AluY",183,"SetA_ER_H3K27ac","10nM",FALSE,"IGF1R",0,"ENSG00000140443",3681.80122343889,0.000344460220470758,0.348893722280651,0.00098729268677891,0.999212254536201,1,FALSE
"chr15",98758291,98758549,"AluSz",829,"SetA_ER_H3K27ac","10nM",FALSE,"IGF1R",0,"ENSG00000140443",3681.80122343889,0.000344460220470758,0.348893722280651,0.00098729268677891,0.999212254536201,1,FALSE
"chr15",98760208,98760689,"AluSx",0,"SetA_ER_H3K27ac","10nM",TRUE,"IGF1R",0,"ENSG00000140443",3681.80122343889,0.000344460220470758,0.348893722280651,0.00098729268677891,0.999212254536201,1,FALSE
"chr15",98763526,98764009,"AluSc",464,"SetA_ER_H3K27ac","10nM",FALSE,"IGF1R",0,"ENSG00000140443",3681.80122343889,0.000344460220470758,0.348893722280651,0.00098729268677891,0.999212254536201,1,FALSE
"chr15",99250787,99251000,"AluSx1",2126,"SetA_ER_H3K27ac","10nM",FALSE,"TTC23",0,"ENSG00000103852",285.922009237078,-0.0462531036929314,0.218732010846371,-0.211460149403637,0.832528225254569,1,FALSE
"chr15",99306636,99306954,"AluJr",1441,"SetA_ER_H3K27ac","10nM",FALSE,"LRRC28",0,"ENSG00000168904",455.689871530446,-0.130452310743406,0.220550863548637,-0.591484017085421,0.554196161077133,1,FALSE
"chr15",101248269,101248629,"AluY",149,"SetA_ER_H3K27ac","10nM",FALSE,"CHSY1",0,"ENSG00000131873",2885.98906092329,0.839696720977337,0.184794337699096,4.54395265262203,5.52090637998999e-06,0.000437816639276666,TRUE
"chr15",101611747,101612146,"AluSc",144,"SetA_ER_H3K27ac","10nM",FALSE,"LINC02348",0,"ENSG00000286733",100.104355349004,1.37073810136451,0.69919806624244,1.96044320993477,0.0499440095778754,0.523377602204648,FALSE
"chr15",101614096,101614327,"AluSc",2493,"SetA_ER_H3K27ac","10nM",FALSE,"LINC02348",0,"ENSG00000286733",100.104355349004,1.37073810136451,0.69919806624244,1.96044320993477,0.0499440095778754,0.523377602204648,FALSE
"chr16",316791,317086,"AluSx",722,"SetA_ER_H3K27ac","10nM",FALSE,"AXIN1",0,"ENSG00000103126",3468.62833182377,0.536208924888607,0.127646222483675,4.20074260291708,2.6604091829604e-05,0.00163084715068345,TRUE
"chr16",327114,327478,"AluY",0,"SetA_ER_H3K27ac","10nM",TRUE,"AXIN1",0,"ENSG00000103126",3468.62833182377,0.536208924888607,0.127646222483675,4.20074260291708,2.6604091829604e-05,0.00163084715068345,TRUE
"chr16",379607,379866,"AluJb",359,"SetA_ER_H3K27ac","10nM",FALSE,"PGAP6",0,"ENSG00000129925",4072.80729062462,-0.091156715314198,0.289920666376745,-0.314419515012228,0.753202436322082,1,FALSE
"chr16",450522,450972,"AluSz",44,"SetA_ER_H3K27ac","10nM",FALSE,"RAB11FIP3",0,"ENSG00000090565",3475.76607350943,0.193832031974916,0.18841282481242,1.02876241130555,0.303591334065347,1,FALSE
"chr16",451608,451980,"AluSx",0,"SetA_ER_H3K27ac","10nM",TRUE,"RAB11FIP3",0,"ENSG00000090565",3475.76607350943,0.193832031974916,0.18841282481242,1.02876241130555,0.303591334065347,1,FALSE
"chr16",585345,585530,"AluJb",431,"SetA_ER_H3K27ac","10nM",FALSE,"PIGQ",1226,"ENSG00000007541",2051.25959157635,0.395839052418233,0.336539881054159,1.17620250883291,0.239513962202664,1,FALSE
"chr16",588113,588445,"AluJb",0,"SetA_ER_H3K27ac","10nM",TRUE,"RAB40C",562,"ENSG00000197562",2021.09830225331,0.525716922031,0.218414303772677,2.40697112300007,0.0160854417033619,0.270582042929279,FALSE
"chr16",641586,641799,"AluSx1",1235,"SetA_ER_H3K27ac","10nM",FALSE,"MCRIP2",0,"ENSG00000172366",2430.25941470989,0.245316404182076,0.195399911309217,1.25545811427655,0.209312504206009,0.989962875971881,FALSE
"chr16",1190717,1191118,"AluJb",996,"SetA_ER_H3K27ac","10nM",FALSE,"CACNA1H",0,"ENSG00000196557",1280.81809597006,0.17054725941924,0.474288136599292,0.359585758653139,0.719156935120005,1,FALSE
"chr16",1191757,1192021,"AluJb",2036,"SetA_ER_H3K27ac","10nM",FALSE,"CACNA1H",0,"ENSG00000196557",1280.81809597006,0.17054725941924,0.474288136599292,0.359585758653139,0.719156935120005,1,FALSE
"chr16",1287646,1288414,"AluJo",47,"SetA_ER_H3K27ac","10nM",FALSE,"UBE2I-AS1",0,"ENSG00000260710",6.14459363230338,5.0906747509409,1.55798803585387,3.26746716520895,0.00108514453166012,0.0357257468215747,TRUE
"chr16",1296947,1297281,"AluSc",32,"SetA_ER_H3K27ac","10nM",FALSE,"UBE2I-AS1",0,"ENSG00000260710",6.14459363230338,5.0906747509409,1.55798803585387,3.26746716520895,0.00108514453166012,0.0357257468215747,TRUE
"chr16",1308670,1308964,"AluSz",1490,"SetA_ER_H3K27ac","10nM",FALSE,"UBE2I",0,"ENSG00000103275",7262.46505158357,0.0198054729383659,0.179923015094753,0.110077484683856,0.912347924249377,1,FALSE
"chr16",1378843,1379268,"AluSx",1406,"SetA_ER_H3K27ac","10nM",FALSE,"UNKL",0,"ENSG00000059145",749.858302918278,0.275455113195213,0.39483015607353,0.69765469774278,0.485393165743884,1,FALSE
"chr16",1414858,1415169,"AluSx",179,"SetA_ER_H3K27ac","10nM",FALSE,"UNKL",108,"ENSG00000059145",749.858302918278,0.275455113195213,0.39483015607353,0.69765469774278,0.485393165743884,1,FALSE
"chr16",1827565,1827940,"AluY",60,"SetA_ER_H3K27ac","10nM",FALSE,"FAHD1",0,"ENSG00000180185",2173.33755707896,0.282154363935178,0.179402020859662,1.57274908377924,0.115776929539148,0.812960702709183,FALSE
"chr16",2329583,2329998,"AluSx",14,"SetA_ER_H3K27ac","10nM",FALSE,"ABCA3",0,"ENSG00000167972",6344.01177388644,0.415331352001013,0.26394193966962,1.57357088654,0.115586688302143,0.811940485987835,FALSE
"chr16",2339734,2339997,"AluSz",681,"SetA_ER_H3K27ac","10nM",FALSE,"ABCA3",0,"ENSG00000167972",6344.01177388644,0.415331352001013,0.26394193966962,1.57357088654,0.115586688302143,0.811940485987835,FALSE
"chr16",2719168,2719641,"AluY",553,"SetA_ER_H3K27ac","10nM",FALSE,"PRSS27",0,"ENSG00000172382",71.9677296211061,0.954105490716389,0.423899203924131,2.25078387004273,0.0243992296455364,0.347042138958291,FALSE
"chr16",2858087,2858297,"AluSx3",851,"SetA_ER_H3K27ac","10nM",FALSE,"PRSS22",0,"ENSG00000005001",320.846121260856,0.908389791209514,0.431934123831764,2.10307484657852,0.0354592273408208,0.430247236902832,FALSE
"chr16",2912406,2912720,"AluSx1",1016,"SetA_ER_H3K27ac","10nM",FALSE,"FLYWCH1",0,"ENSG00000059122",1116.18639127378,0.185438898688186,0.263636336851687,0.703388997520881,0.481813361326163,1,FALSE
"chr16",3182497,3182686,"AluSx",0,"SetA_ER_H3K27ac","10nM",TRUE,"ENSG00000262521",0,"ENSG00000262521",3.70793049073849,0.488156472190292,1.42875504689054,0.34166561528702,0.732602551504782,1,FALSE
"chr16",4113415,4113752,"AluSx3",2007,"SetA_ER_H3K27ac","10nM",FALSE,"ADCY9",0,"ENSG00000162104",4998.74211896835,1.26381395455986,0.193783772558899,6.52177392292091,6.94806886791639e-11,1.78013087508258e-08,TRUE
"chr16",4176795,4177097,"AluSq2",0,"SetA_ER_H3K27ac","10nM",TRUE,"ENSG00000263105",0,"ENSG00000263105",17.5285344647745,-0.319416891766515,0.535222869834232,-0.596792307969658,0.550646054141642,1,FALSE
"chr16",4260425,4260741,"AluJo",218,"SetA_ER_H3K27ac","10nM",FALSE,"TFAP4",0,"ENSG00000090447",1237.51391793573,0.00455285720810549,0.234290319569474,0.0194325451280775,0.984496048048244,1,FALSE
"chr16",4368962,4369497,"AluJo",138,"SetA_ER_H3K27ac","10nM",FALSE,"CORO7-PAM16",0,"ENSG00000103426",3.8799891896559,-2.36157435500908,2.07942944988801,-1.1356838074676,0.256088919810365,1,FALSE
"chr16",4371475,4371826,"AluJo",2651,"SetA_ER_H3K27ac","10nM",FALSE,"CORO7-PAM16",0,"ENSG00000103426",3.8799891896559,-2.36157435500908,2.07942944988801,-1.1356838074676,0.256088919810365,1,FALSE
"chr16",4616465,4616799,"FRAM",21,"SetA_ER_H3K27ac","10nM",FALSE,"MGRN1",0,"ENSG00000102858",4203.43559348069,-0.0355556267409509,0.306006651640042,-0.116192332912996,0.907500113045456,1,FALSE
"chr16",8673863,8674084,"AluSz6",491,"SetA_ER_H3K27ac","10nM",FALSE,"ABAT",512,"ENSG00000183044",5491.87457992263,0.275902218467125,0.254673196181353,1.08335789790244,0.278649595639099,1,FALSE
"chr16",8679247,8679558,"AluJr",70,"SetA_ER_H3K27ac","10nM",FALSE,"ABAT",0,"ENSG00000183044",5491.87457992263,0.275902218467125,0.254673196181353,1.08335789790244,0.278649595639099,1,FALSE
"chr16",8786371,8786698,"AluSx",0,"SetA_ER_H3K27ac","10nM",TRUE,"TMEM186",0,"ENSG00000184857",366.248032041793,0.626281304683088,0.211415871524884,2.96231924389543,0.00305331025504089,0.0787889977813731,FALSE
"chr16",10577037,10577324,"AluY",1500,"SetA_ER_H3K27ac","10nM",FALSE,"EMP2",0,"ENSG00000213853",9708.68295097436,0.413937362585249,0.134128206895577,3.0861320833694,0.00202778723063811,0.0575576674740274,FALSE
"chr16",10628003,10628266,"AluSx",0,"SetA_ER_H3K27ac","10nM",TRUE,"TEKT5",0,"ENSG00000153060",23.2900068082284,-0.0682670532083322,0.437406089522037,-0.156072480113226,0.87597589020184,1,FALSE
"chr16",11127866,11128433,"AluJo",0,"SetA_ER_H3K27ac","10nM",TRUE,"CLEC16A",0,"ENSG00000038532",1128.42839915739,0.035370135602621,0.198551234634181,0.178141101302081,0.85861216406145,1,FALSE
"chr16",11130472,11130832,"AluY",412,"SetA_ER_H3K27ac","10nM",FALSE,"CLEC16A",0,"ENSG00000038532",1128.42839915739,0.035370135602621,0.198551234634181,0.178141101302081,0.85861216406145,1,FALSE
"chr16",11131459,11131740,"AluSx1",1376,"SetA_ER_H3K27ac","10nM",FALSE,"CLEC16A",0,"ENSG00000038532",1128.42839915739,0.035370135602621,0.198551234634181,0.178141101302081,0.85861216406145,1,FALSE
"chr16",11363222,11363563,"AluYh3",104,"SetA_ER_H3K27ac","10nM",FALSE,"RMI2",0,"ENSG00000175643",922.276008831957,-0.115627212270676,0.155586198423751,-0.743171395934213,0.457377918748819,1,FALSE
"chr16",11612384,11612629,"AluSx1",398,"SetA_ER_H3K27ac","10nM",FALSE,"LITAF",0,"ENSG00000189067",9847.63767440889,-0.322453763284969,0.148773176159504,-2.1674186947468,0.0302029430624015,0.395432592957692,FALSE
"chr16",12037018,12037251,"AluY",387,"SetA_ER_H3K27ac","10nM",FALSE,"SNX29",0,"ENSG00000048471",423.631804532795,0.0627364213572385,0.360967088752187,0.173800945604513,0.862021901220011,1,FALSE
"chr16",17170584,17170792,"AluSq",1671,"SetA_ER_H3K27ac","10nM",FALSE,"XYLT1",0,"ENSG00000103489",440.820458359438,-0.0275745965078562,0.317342706487262,-0.0868921703387661,0.930757223145867,1,FALSE
"chr16",17171084,17171620,"AluSq",843,"SetA_ER_H3K27ac","10nM",FALSE,"XYLT1",0,"ENSG00000103489",440.820458359438,-0.0275745965078562,0.317342706487262,-0.0868921703387661,0.930757223145867,1,FALSE
"chr16",17295387,17295907,"AluSx",0,"SetA_ER_H3K27ac","10nM",TRUE,"XYLT1",0,"ENSG00000103489",440.820458359438,-0.0275745965078562,0.317342706487262,-0.0868921703387661,0.930757223145867,1,FALSE
"chr16",17296443,17296813,"AluJr",475,"SetA_ER_H3K27ac","10nM",FALSE,"XYLT1",0,"ENSG00000103489",440.820458359438,-0.0275745965078562,0.317342706487262,-0.0868921703387661,0.930757223145867,1,FALSE
"chr16",17315681,17316292,"AluJb",98,"SetA_ER_H3K27ac","10nM",FALSE,"XYLT1",0,"ENSG00000103489",440.820458359438,-0.0275745965078562,0.317342706487262,-0.0868921703387661,0.930757223145867,1,FALSE
"chr16",17344445,17344752,"AluY",0,"SetA_ER_H3K27ac","10nM",TRUE,"XYLT1",0,"ENSG00000103489",440.820458359438,-0.0275745965078562,0.317342706487262,-0.0868921703387661,0.930757223145867,1,FALSE
"chr16",17359931,17360521,"AluJr",1501,"SetA_ER_H3K27ac","10nM",FALSE,"XYLT1",0,"ENSG00000103489",440.820458359438,-0.0275745965078562,0.317342706487262,-0.0868921703387661,0.930757223145867,1,FALSE
"chr16",17458517,17458786,"AluJb",305,"SetA_ER_H3K27ac","10nM",FALSE,"XYLT1",0,"ENSG00000103489",440.820458359438,-0.0275745965078562,0.317342706487262,-0.0868921703387661,0.930757223145867,1,FALSE
"chr16",17459555,17459913,"AluJb",179,"SetA_ER_H3K27ac","10nM",FALSE,"XYLT1",0,"ENSG00000103489",440.820458359438,-0.0275745965078562,0.317342706487262,-0.0868921703387661,0.930757223145867,1,FALSE
"chr16",20881198,20881513,"AluJr4",0,"SetA_ER_H3K27ac","10nM",TRUE,"ERI2",0,"ENSG00000196678",590.341998745865,0.113158255194036,0.214105389423813,0.528516612769816,0.597140819755188,1,FALSE
"chr16",21511420,21511823,"AluSq",115,"SetA_ER_H3K27ac","10nM",FALSE,"ENSG00000291073",0,"ENSG00000291073",416.071315346769,0.493680918700504,0.360496664049787,1.36944656617495,0.170859726711046,0.937145791654368,FALSE
"chr16",21512545,21512880,"AluSq",1240,"SetA_ER_H3K27ac","10nM",FALSE,"ENSG00000291073",0,"ENSG00000291073",416.071315346769,0.493680918700504,0.360496664049787,1.36944656617495,0.170859726711046,0.937145791654368,FALSE
"chr16",23079227,23080262,"FAM",0,"SetA_ER_H3K27ac","10nM",TRUE,"USP31",0,"ENSG00000103404",2158.61421492459,2.60811888148763,0.359378864672929,7.25729623488371,3.94904226344355e-13,1.87899191887276e-10,TRUE
"chr16",23137813,23138284,"AluJb",582,"SetA_ER_H3K27ac","10nM",FALSE,"USP31",0,"ENSG00000103404",2158.61421492459,2.60811888148763,0.359378864672929,7.25729623488371,3.94904226344355e-13,1.87899191887276e-10,TRUE
"chr16",23148551,23148921,"AluJr",599,"SetA_ER_H3K27ac","10nM",FALSE,"USP31",0,"ENSG00000103404",2158.61421492459,2.60811888148763,0.359378864672929,7.25729623488371,3.94904226344355e-13,1.87899191887276e-10,TRUE
"chr16",23150175,23150438,"AluSx",954,"SetA_ER_H3K27ac","10nM",FALSE,"USP31",724,"ENSG00000103404",2158.61421492459,2.60811888148763,0.359378864672929,7.25729623488371,3.94904226344355e-13,1.87899191887276e-10,TRUE
"chr16",25040336,25040997,"AluSp",0,"SetA_ER_H3K27ac","10nM",TRUE,"ENSG00000291179",0,"ENSG00000291179",31.7866788429609,-0.0442661041378365,0.648346129318291,-0.068275419773664,0.945566390639132,1,FALSE
"chr16",25119584,25119873,"AluSc8",6,"SetA_ER_H3K27ac","10nM",FALSE,"LCMT1",0,"ENSG00000205629",1084.13786383753,0.231283402125775,0.167678032841364,1.37933036430948,0.167792918643091,0.930418252861402,FALSE
"chr16",25120189,25120372,"AluSq",0,"SetA_ER_H3K27ac","10nM",TRUE,"LCMT1",0,"ENSG00000205629",1084.13786383753,0.231283402125775,0.167678032841364,1.37933036430948,0.167792918643091,0.930418252861402,FALSE
"chr16",27363971,27364227,"AluSx1",1952,"SetA_ER_H3K27ac","10nM",FALSE,"IL4R",0,"ENSG00000077238",490.195577590594,0.589754071391579,0.269395525370337,2.18917545338159,0.0285840900412485,0.38083941143115,FALSE
"chr16",27896523,27896738,"AluSx",120,"SetA_ER_H3K27ac","10nM",FALSE,"GSG1L",0,"ENSG00000169181",7.08702038108841,-0.273382739828319,1.1565144500625,-0.236385061867187,0.813133886683439,1,FALSE
"chr16",27897630,27898330,"AluJr4",32,"SetA_ER_H3K27ac","10nM",FALSE,"GSG1L",0,"ENSG00000169181",7.08702038108841,-0.273382739828319,1.1565144500625,-0.236385061867187,0.813133886683439,1,FALSE
"chr16",29290870,29291180,"AluSz",4589,"SetA_ER_H3K27ac","10nM",FALSE,"RRN3P2",0,"ENSG00000103472",9.52738310831932,-0.152596155663197,0.977639640913487,-0.156086301411238,0.875964995909692,1,FALSE
"chr16",29307831,29308289,"AluSx",14185,"SetA_ER_H3K27ac","10nM",FALSE,"RRN3P2",0,"ENSG00000103472",9.52738310831932,-0.152596155663197,0.977639640913487,-0.156086301411238,0.875964995909692,1,FALSE
"chr16",29310688,29311296,"AluSx",11178,"SetA_ER_H3K27ac","10nM",FALSE,"RRN3P2",0,"ENSG00000103472",9.52738310831932,-0.152596155663197,0.977639640913487,-0.156086301411238,0.875964995909692,1,FALSE
"chr16",30090189,30090555,"AluSx4",232,"SetA_ER_H3K27ac","10nM",FALSE,"TBX6",0,"ENSG00000149922",24.0327177065642,0.322589910534081,0.5552596773387,0.580971253090481,0.56125982822269,1,FALSE
"chr16",50706258,50706540,"AluSx1",151,"SetA_ER_H3K27ac","10nM",FALSE,"NOD2",0,"ENSG00000167207",158.69109531648,-0.593406947886109,0.380807594334246,-1.55828548777643,0.119165587561519,0.820522513821529,FALSE
"chr16",53045417,53045865,"AluJo",167,"SetA_ER_H3K27ac","10nM",FALSE,"CHD9NB",0,"ENSG00000277639",9.80611168674998,1.47255715202634,0.965908062600214,1.52453138041134,0.127376024070361,0.844167184352813,FALSE
"chr16",53054707,53054907,"AluJr",338,"SetA_ER_H3K27ac","10nM",FALSE,"CHD9",84,"ENSG00000177200",1346.17293047651,0.92400604729597,0.418718004823247,2.20675021530545,0.0273315149177777,0.371559859943448,FALSE
"chr16",53099366,53099938,"AluJo",516,"SetA_ER_H3K27ac","10nM",FALSE,"CHD9",0,"ENSG00000177200",1346.17293047651,0.92400604729597,0.418718004823247,2.20675021530545,0.0273315149177777,0.371559859943448,FALSE
"chr16",53732462,53732835,"AluY",113,"SetA_ER_H3K27ac","10nM",FALSE,"FTO",0,"ENSG00000140718",2643.40642700971,-0.0689975343216092,0.248454306859524,-0.277707137355524,0.781237181218766,1,FALSE
"chr16",53775567,53776020,"AluSq",4412,"SetA_ER_H3K27ac","10nM",FALSE,"FTO",0,"ENSG00000140718",2643.40642700971,-0.0689975343216092,0.248454306859524,-0.277707137355524,0.781237181218766,1,FALSE
"chr16",53945225,53945468,"AluJb",3364,"SetA_ER_H3K27ac","10nM",FALSE,"FTO",0,"ENSG00000140718",2643.40642700971,-0.0689975343216092,0.248454306859524,-0.277707137355524,0.781237181218766,1,FALSE
"chr16",54082993,54083176,"FLAM_C",2757,"SetA_ER_H3K27ac","10nM",FALSE,"FTO",0,"ENSG00000140718",2643.40642700971,-0.0689975343216092,0.248454306859524,-0.277707137355524,0.781237181218766,1,FALSE
"chr16",54085469,54085764,"AluJr4",1758,"SetA_ER_H3K27ac","10nM",FALSE,"FTO",0,"ENSG00000140718",2643.40642700971,-0.0689975343216092,0.248454306859524,-0.277707137355524,0.781237181218766,1,FALSE
"chr16",54094717,54095020,"AluJr",48,"SetA_ER_H3K27ac","10nM",FALSE,"FTO",0,"ENSG00000140718",2643.40642700971,-0.0689975343216092,0.248454306859524,-0.277707137355524,0.781237181218766,1,FALSE
"chr16",54096013,54096497,"AluJr",675,"SetA_ER_H3K27ac","10nM",FALSE,"FTO",0,"ENSG00000140718",2643.40642700971,-0.0689975343216092,0.248454306859524,-0.277707137355524,0.781237181218766,1,FALSE
"chr16",54424092,54424457,"AluJo",768,"SetA_ER_H3K27ac","10nM",FALSE,"ENSG00000287885",0,"ENSG00000287885",189.975609192703,-0.334211369677852,0.537560834320691,-0.621718228598612,0.534127163237856,1,FALSE
"chr16",54424905,54425258,"AluJo",1581,"SetA_ER_H3K27ac","10nM",FALSE,"ENSG00000287885",0,"ENSG00000287885",189.975609192703,-0.334211369677852,0.537560834320691,-0.621718228598612,0.534127163237856,1,FALSE
"chr16",54425648,54426016,"AluJo",2324,"SetA_ER_H3K27ac","10nM",FALSE,"ENSG00000287885",0,"ENSG00000287885",189.975609192703,-0.334211369677852,0.537560834320691,-0.621718228598612,0.534127163237856,1,FALSE
"chr16",54431403,54431653,"AluSz",1995,"SetA_ER_H3K27ac","10nM",FALSE,"ENSG00000287885",0,"ENSG00000287885",189.975609192703,-0.334211369677852,0.537560834320691,-0.621718228598612,0.534127163237856,1,FALSE
"chr16",54432300,54432612,"AluSz",1036,"SetA_ER_H3K27ac","10nM",FALSE,"ENSG00000287885",0,"ENSG00000287885",189.975609192703,-0.334211369677852,0.537560834320691,-0.621718228598612,0.534127163237856,1,FALSE
"chr16",56370782,56371279,"AluSz",1426,"SetA_ER_H3K27ac","10nM",FALSE,"AMFR",0,"ENSG00000159461",3046.21505154083,0.497619891523026,0.249075375474799,1.99786867960929,0.0457308990257529,0.499664453871321,FALSE
"chr16",56373108,56373394,"AluSz",96,"SetA_ER_H3K27ac","10nM",FALSE,"AMFR",0,"ENSG00000159461",3046.21505154083,0.497619891523026,0.249075375474799,1.99786867960929,0.0457308990257529,0.499664453871321,FALSE
"chr16",56639625,56639948,"FLAM_A",1780,"SetA_ER_H3K27ac","10nM",FALSE,"MT1A",0,"ENSG00000205362",2.37628561381725,2.92295455664163,1.89856229394918,1.53956210231144,0.123667129202461,0.833884036618454,FALSE
"chr16",57622411,57623087,"FRAM",270,"SetA_ER_H3K27ac","10nM",FALSE,"ADGRG1",0,"ENSG00000205336",3646.13698864044,0.194150332140466,0.165755911103035,1.1713026150831,0.241477160657694,1,FALSE
"chr16",57635709,57635930,"AluSq4",2860,"SetA_ER_H3K27ac","10nM",FALSE,"ADGRG1",0,"ENSG00000205336",3646.13698864044,0.194150332140466,0.165755911103035,1.1713026150831,0.241477160657694,1,FALSE
"chr16",67893580,67893806,"AluJr",365,"SetA_ER_H3K27ac","10nM",FALSE,"PSKH1",0,"ENSG00000159792",1330.38695337,-0.171575943783018,0.318519207834738,-0.538667494966392,0.59011630629794,1,FALSE
"chr16",67948185,67948388,"AluSx",780,"SetA_ER_H3K27ac","10nM",FALSE,"SLC12A4",0,"ENSG00000124067",28.0038618935272,3.04181694044499,0.789962587759739,3.85058354354641,0.000117836725017946,0.00570181383234534,TRUE
"chr16",68234470,68234663,"AluSx1",1253,"SetA_ER_H3K27ac","10nM",FALSE,"ESRP2",0,"ENSG00000103067",6965.33486804609,0.118899077718884,0.247400540985985,0.480593442702373,0.630805476783017,1,FALSE
"chr16",68237816,68238098,"AluSq2",198,"SetA_ER_H3K27ac","10nM",FALSE,"ESRP2",0,"ENSG00000103067",6965.33486804609,0.118899077718884,0.247400540985985,0.480593442702373,0.630805476783017,1,FALSE
"chr16",68328082,68328385,"AluJb",134,"SetA_ER_H3K27ac","10nM",FALSE,"PRMT7",0,"ENSG00000132600",1004.31177666088,-0.211337809028752,0.293782719455805,-0.719367733474006,0.471914372248143,1,FALSE
"chr16",68416613,68416913,"AluSx",3070,"SetA_ER_H3K27ac","10nM",FALSE,"SMPD3",0,"ENSG00000103056",77.9756045365817,0.524689470100595,0.549902535630718,0.95414993767722,0.340007751323869,1,FALSE
"chr16",68707818,68708203,"AluSx1",0,"SetA_ER_H3K27ac","10nM",TRUE,"CDH3",0,"ENSG00000062038",4511.75142786786,-0.34907187165888,0.185820438385804,-1.87854401104215,0.0603067822403728,0.587737339077117,FALSE
"chr16",68745639,68745990,"AluSx",0,"SetA_ER_H3K27ac","10nM",TRUE,"CDH1",0,"ENSG00000039068",38750.0074132711,0.413740232832373,0.30902492196297,1.33885717114412,0.180617174699213,0.951644699317062,FALSE
"chr16",69324514,69324807,"AluSx",546,"SetA_ER_H3K27ac","10nM",FALSE,"VPS4A",0,"ENSG00000132612",4253.03798686936,0.145867369816673,0.137623604839738,1.05990080688945,0.289189728541052,1,FALSE
"chr16",70136591,70136977,"AluSz",0,"SetA_ER_H3K27ac","10nM",TRUE,"PDPR",0,"ENSG00000090857",1631.66301782322,0.24973689575153,0.198390328569166,1.25881587853947,0.20809684369359,0.989962875971881,FALSE
"chr16",70390776,70391086,"AluJo",405,"SetA_ER_H3K27ac","10nM",FALSE,"ST3GAL2",0,"ENSG00000157350",20.2222483557119,0.89677029634112,0.792571902081582,1.13146869575603,0.257857872009963,1,FALSE
"chr16",72849088,72849304,"AluSx1",2257,"SetA_ER_H3K27ac","10nM",FALSE,"ZFHX3-AS1",0,"ENSG00000259768",136.316334210985,-0.748463529558525,0.336704501108995,-2.22290918919506,0.0262219240211191,0.364661746442619,FALSE
"chr16",72913260,72913862,"AluSc",239,"SetA_ER_H3K27ac","10nM",FALSE,"ZFHX3",0,"ENSG00000140836",3465.49477953242,0.552794182847504,0.465711858027785,1.18698756176942,0.235232526740051,1,FALSE
"chr16",72914351,72914675,"AluSz",35,"SetA_ER_H3K27ac","10nM",FALSE,"ZFHX3",0,"ENSG00000140836",3465.49477953242,0.552794182847504,0.465711858027785,1.18698756176942,0.235232526740051,1,FALSE
"chr16",72927770,72927974,"AluJr",722,"SetA_ER_H3K27ac","10nM",FALSE,"ZFHX3",0,"ENSG00000140836",3465.49477953242,0.552794182847504,0.465711858027785,1.18698756176942,0.235232526740051,1,FALSE
"chr16",72929397,72929780,"AluSz",141,"SetA_ER_H3K27ac","10nM",FALSE,"ZFHX3",0,"ENSG00000140836",3465.49477953242,0.552794182847504,0.465711858027785,1.18698756176942,0.235232526740051,1,FALSE
"chr16",72935997,72936593,"AluSx",249,"SetA_ER_H3K27ac","10nM",FALSE,"ZFHX3",0,"ENSG00000140836",3465.49477953242,0.552794182847504,0.465711858027785,1.18698756176942,0.235232526740051,1,FALSE
"chr16",72944865,72945214,"AluJb",561,"SetA_ER_H3K27ac","10nM",FALSE,"ZFHX3",0,"ENSG00000140836",3465.49477953242,0.552794182847504,0.465711858027785,1.18698756176942,0.235232526740051,1,FALSE
"chr16",72952901,72953259,"AluJb",344,"SetA_ER_H3K27ac","10nM",FALSE,"ZFHX3",0,"ENSG00000140836",3465.49477953242,0.552794182847504,0.465711858027785,1.18698756176942,0.235232526740051,1,FALSE
"chr16",73015623,73016082,"AluJb",279,"SetA_ER_H3K27ac","10nM",FALSE,"ZFHX3",0,"ENSG00000140836",3465.49477953242,0.552794182847504,0.465711858027785,1.18698756176942,0.235232526740051,1,FALSE
"chr16",73043879,73044107,"AluSp",536,"SetA_ER_H3K27ac","10nM",FALSE,"ZFHX3",0,"ENSG00000140836",3465.49477953242,0.552794182847504,0.465711858027785,1.18698756176942,0.235232526740051,1,FALSE
"chr16",73055384,73055683,"AluSp",10465,"SetA_ER_H3K27ac","10nM",FALSE,"ZFHX3",0,"ENSG00000140836",3465.49477953242,0.552794182847504,0.465711858027785,1.18698756176942,0.235232526740051,1,FALSE
"chr16",75029867,75030161,"AluSz",0,"SetA_ER_H3K27ac","10nM",TRUE,"ZNRF1",0,"ENSG00000186187",2243.99154655991,0.15536384724826,0.282500370350224,0.549959800249645,0.582346946396215,1,FALSE
"chr16",75310017,75310229,"AluY",173,"SetA_ER_H3K27ac","10nM",FALSE,"CFDP1",0,"ENSG00000153774",1002.26476344727,0.0956334838111473,0.236178360333314,0.404920601854386,0.685535874243587,1,FALSE
"chr16",79037479,79037971,"AluSq2",582,"SetA_ER_H3K27ac","10nM",FALSE,"WWOX",0,"ENSG00000186153",599.125069189536,0.124210785167292,0.215871565852578,0.575392060907722,0.565026172207026,1,FALSE
"chr16",79171712,79172177,"AluJb",567,"SetA_ER_H3K27ac","10nM",FALSE,"WWOX",0,"ENSG00000186153",599.125069189536,0.124210785167292,0.215871565852578,0.575392060907722,0.565026172207026,1,FALSE
"chr16",80527802,80528036,"AluY",114,"SetA_ER_H3K27ac","10nM",FALSE,"DYNLRB2-AS1",0,"ENSG00000259867",4.69177322671646,-0.186080273649889,0.887255045336999,-0.209725799394256,0.833881688312535,1,FALSE
"chr16",80609354,80609551,"AluSg4",5033,"SetA_ER_H3K27ac","10nM",FALSE,"CDYL2",0,"ENSG00000166446",3312.3335222879,-0.0275871219862409,0.273936277115363,-0.100706347756282,0.919783572214623,1,FALSE
"chr16",80613903,80614197,"AluSg4",387,"SetA_ER_H3K27ac","10nM",FALSE,"CDYL2",0,"ENSG00000166446",3312.3335222879,-0.0275871219862409,0.273936277115363,-0.100706347756282,0.919783572214623,1,FALSE
"chr16",80615726,80616110,"AluSg4",836,"SetA_ER_H3K27ac","10nM",FALSE,"CDYL2",0,"ENSG00000166446",3312.3335222879,-0.0275871219862409,0.273936277115363,-0.100706347756282,0.919783572214623,1,FALSE
"chr16",80654185,80654387,"AluSp",691,"SetA_ER_H3K27ac","10nM",FALSE,"CDYL2",0,"ENSG00000166446",3312.3335222879,-0.0275871219862409,0.273936277115363,-0.100706347756282,0.919783572214623,1,FALSE
"chr16",80676669,80676897,"AluJb",67,"SetA_ER_H3K27ac","10nM",FALSE,"CDYL2",0,"ENSG00000166446",3312.3335222879,-0.0275871219862409,0.273936277115363,-0.100706347756282,0.919783572214623,1,FALSE
"chr16",80837576,80837994,"AluSz",537,"SetA_ER_H3K27ac","10nM",FALSE,"ARLNC1",0,"ENSG00000260896",7.13378514755988,1.04549885773129,1.42290822318683,0.734761975997112,0.462484468225431,1,FALSE
"chr16",82136480,82136800,"AluSz",980,"SetA_ER_H3K27ac","10nM",FALSE,"HSD17B2-AS1",0,"ENSG00000261235",11.2000104126368,-0.211596806555178,0.705824909566915,-0.299786538682818,0.764339983925325,1,FALSE
"chr16",82137193,82137649,"AluSz",1693,"SetA_ER_H3K27ac","10nM",FALSE,"HSD17B2-AS1",0,"ENSG00000261235",11.2000104126368,-0.211596806555178,0.705824909566915,-0.299786538682818,0.764339983925325,1,FALSE
"chr16",82137882,82138080,"AluSz",2382,"SetA_ER_H3K27ac","10nM",FALSE,"HSD17B2-AS1",0,"ENSG00000261235",11.2000104126368,-0.211596806555178,0.705824909566915,-0.299786538682818,0.764339983925325,1,FALSE
"chr16",82138496,82138828,"AluSz",2996,"SetA_ER_H3K27ac","10nM",FALSE,"HSD17B2-AS1",0,"ENSG00000261235",11.2000104126368,-0.211596806555178,0.705824909566915,-0.299786538682818,0.764339983925325,1,FALSE
"chr16",82152619,82152985,"AluSg4",0,"SetA_ER_H3K27ac","10nM",TRUE,"MPHOSPH6",0,"ENSG00000135698",757.214793259273,0.088253484853683,0.242929323935986,0.363288727041197,0.71638921346247,1,FALSE
"chr16",84724558,84724981,"AluSq2",406,"SetA_ER_H3K27ac","10nM",FALSE,"USP10",0,"ENSG00000103194",5821.95107243327,0.167427945072238,0.173341928473954,0.965882556783688,0.334102951670038,1,FALSE
"chr16",84725611,84725818,"AluSq2",0,"SetA_ER_H3K27ac","10nM",TRUE,"USP10",0,"ENSG00000103194",5821.95107243327,0.167427945072238,0.173341928473954,0.965882556783688,0.334102951670038,1,FALSE
"chr16",85282224,85282698,"AluSc",0,"SetA_ER_H3K27ac","10nM",TRUE,"GSE1",0,"ENSG00000131149",12795.0568727514,0.14182220683456,0.237977770131512,0.595947288505921,0.551210440935503,1,FALSE
"chr16",85288117,85288651,"AluSx",0,"SetA_ER_H3K27ac","10nM",TRUE,"GSE1",0,"ENSG00000131149",12795.0568727514,0.14182220683456,0.237977770131512,0.595947288505921,0.551210440935503,1,FALSE
"chr16",85288899,85289311,"AluSx",635,"SetA_ER_H3K27ac","10nM",FALSE,"GSE1",0,"ENSG00000131149",12795.0568727514,0.14182220683456,0.237977770131512,0.595947288505921,0.551210440935503,1,FALSE
"chr16",85306052,85306483,"AluSz",0,"SetA_ER_H3K27ac","10nM",TRUE,"GSE1",0,"ENSG00000131149",12795.0568727514,0.14182220683456,0.237977770131512,0.595947288505921,0.551210440935503,1,FALSE
"chr16",85311294,85311562,"AluJr",1772,"SetA_ER_H3K27ac","10nM",FALSE,"GSE1",0,"ENSG00000131149",12795.0568727514,0.14182220683456,0.237977770131512,0.595947288505921,0.551210440935503,1,FALSE
"chr16",85311874,85312206,"AluJr",2352,"SetA_ER_H3K27ac","10nM",FALSE,"GSE1",0,"ENSG00000131149",12795.0568727514,0.14182220683456,0.237977770131512,0.595947288505921,0.551210440935503,1,FALSE
"chr16",85350287,85350507,"AluSx1",278,"SetA_ER_H3K27ac","10nM",FALSE,"GSE1",0,"ENSG00000131149",12795.0568727514,0.14182220683456,0.237977770131512,0.595947288505921,0.551210440935503,1,FALSE
"chr16",85446909,85447160,"AluSc",2627,"SetA_ER_H3K27ac","10nM",FALSE,"GSE1",0,"ENSG00000131149",12795.0568727514,0.14182220683456,0.237977770131512,0.595947288505921,0.551210440935503,1,FALSE
"chr16",85459042,85459272,"AluJr",3607,"SetA_ER_H3K27ac","10nM",FALSE,"GSE1",0,"ENSG00000131149",12795.0568727514,0.14182220683456,0.237977770131512,0.595947288505921,0.551210440935503,1,FALSE
"chr16",85462136,85462666,"AluSx1",4112,"SetA_ER_H3K27ac","10nM",FALSE,"GSE1",0,"ENSG00000131149",12795.0568727514,0.14182220683456,0.237977770131512,0.595947288505921,0.551210440935503,1,FALSE
"chr16",85464451,85464634,"AluSx1",2144,"SetA_ER_H3K27ac","10nM",FALSE,"GSE1",0,"ENSG00000131149",12795.0568727514,0.14182220683456,0.237977770131512,0.595947288505921,0.551210440935503,1,FALSE
"chr16",85465949,85466391,"AluSx1",387,"SetA_ER_H3K27ac","10nM",FALSE,"GSE1",0,"ENSG00000131149",12795.0568727514,0.14182220683456,0.237977770131512,0.595947288505921,0.551210440935503,1,FALSE
"chr16",85472600,85472889,"FRAM",727,"SetA_ER_H3K27ac","10nM",FALSE,"GSE1",0,"ENSG00000131149",12795.0568727514,0.14182220683456,0.237977770131512,0.595947288505921,0.551210440935503,1,FALSE
"chr16",85474292,85474514,"AluJb",1292,"SetA_ER_H3K27ac","10nM",FALSE,"GSE1",0,"ENSG00000131149",12795.0568727514,0.14182220683456,0.237977770131512,0.595947288505921,0.551210440935503,1,FALSE
"chr16",85475287,85475638,"AluJb",168,"SetA_ER_H3K27ac","10nM",FALSE,"GSE1",0,"ENSG00000131149",12795.0568727514,0.14182220683456,0.237977770131512,0.595947288505921,0.551210440935503,1,FALSE
"chr16",85491691,85492298,"AluJr",915,"SetA_ER_H3K27ac","10nM",FALSE,"GSE1",0,"ENSG00000131149",12795.0568727514,0.14182220683456,0.237977770131512,0.595947288505921,0.551210440935503,1,FALSE
"chr16",85520920,85521369,"AluSq2",199,"SetA_ER_H3K27ac","10nM",FALSE,"GSE1",0,"ENSG00000131149",12795.0568727514,0.14182220683456,0.237977770131512,0.595947288505921,0.551210440935503,1,FALSE
"chr16",85570461,85570696,"AluSx",2206,"SetA_ER_H3K27ac","10nM",FALSE,"GSE1",0,"ENSG00000131149",12795.0568727514,0.14182220683456,0.237977770131512,0.595947288505921,0.551210440935503,1,FALSE
"chr16",85602857,85603076,"AluJb",426,"SetA_ER_H3K27ac","10nM",FALSE,"GSE1",0,"ENSG00000131149",12795.0568727514,0.14182220683456,0.237977770131512,0.595947288505921,0.551210440935503,1,FALSE
"chr16",85746310,85746719,"AluSx1",0,"SetA_ER_H3K27ac","10nM",TRUE,"C16orf74",0,"ENSG00000154102",121.855206748798,0.73377969350305,0.368441777176186,1.99157570872361,0.046417630812605,0.504112352903419,FALSE
"chr16",85752955,85753227,"AluJb",610,"SetA_ER_H3K27ac","10nM",FALSE,"C16orf74",1827,"ENSG00000154102",121.855206748798,0.73377969350305,0.368441777176186,1.99157570872361,0.046417630812605,0.504112352903419,FALSE
"chr16",87860615,87860855,"AluSq",276,"SetA_ER_H3K27ac","10nM",FALSE,"SLC7A5",0,"ENSG00000103257",8389.66029789634,1.3234960837561,0.314813787319078,4.20406010494921,2.62169270555119e-05,0.00161205867777646,TRUE
"chr16",88760738,88761061,"FLAM_C",2336,"SetA_ER_H3K27ac","10nM",FALSE,"PIEZO1",0,"ENSG00000103335",4913.80921959767,0.238492555684078,0.388285883568985,0.61421897054804,0.539070639067214,1,FALSE
"chr16",88763351,88763896,"FLAM_C",0,"SetA_ER_H3K27ac","10nM",TRUE,"PIEZO1",0,"ENSG00000103335",4913.80921959767,0.238492555684078,0.388285883568985,0.61421897054804,0.539070639067214,1,FALSE
"chr16",88771039,88771235,"AluSc",1264,"SetA_ER_H3K27ac","10nM",FALSE,"PIEZO1",0,"ENSG00000103335",4913.80921959767,0.238492555684078,0.388285883568985,0.61421897054804,0.539070639067214,1,FALSE
"chr16",88923794,88924233,"AluSx1",3211,"SetA_ER_H3K27ac","10nM",FALSE,"CBFA2T3",0,"ENSG00000129993",1692.62989874799,2.28242525973246,0.293089048323551,7.78748053804047,6.83585658973034e-15,5.46431032356685e-12,TRUE
"chr16",88927041,88927679,"AluJr",4675,"SetA_ER_H3K27ac","10nM",FALSE,"CBFA2T3",0,"ENSG00000129993",1692.62989874799,2.28242525973246,0.293089048323551,7.78748053804047,6.83585658973034e-15,5.46431032356685e-12,TRUE
"chr16",88928243,88928821,"AluJr",3533,"SetA_ER_H3K27ac","10nM",FALSE,"CBFA2T3",0,"ENSG00000129993",1692.62989874799,2.28242525973246,0.293089048323551,7.78748053804047,6.83585658973034e-15,5.46431032356685e-12,TRUE
"chr16",88929095,88929384,"AluJr",2970,"SetA_ER_H3K27ac","10nM",FALSE,"CBFA2T3",0,"ENSG00000129993",1692.62989874799,2.28242525973246,0.293089048323551,7.78748053804047,6.83585658973034e-15,5.46431032356685e-12,TRUE
"chr16",88936246,88936541,"AluY",1208,"SetA_ER_H3K27ac","10nM",FALSE,"CBFA2T3",0,"ENSG00000129993",1692.62989874799,2.28242525973246,0.293089048323551,7.78748053804047,6.83585658973034e-15,5.46431032356685e-12,TRUE
"chr16",89153955,89154580,"AluJb",1053,"SetA_ER_H3K27ac","10nM",FALSE,"ACSF3",0,"ENSG00000176715",533.635098290005,0.124220896379274,0.267982480464739,0.463541109716757,0.642976555022267,1,FALSE
"chr16",89345790,89346022,"AluSx1",0,"SetA_ER_H3K27ac","10nM",TRUE,"ANKRD11",0,"ENSG00000167522",3074.63174615941,0.0339433976038926,0.164130927741274,0.206806834464488,0.836160718407894,1,FALSE
"chr16",89827821,89828017,"FLAM_A",321,"SetA_ER_H3K27ac","10nM",FALSE,"SPIRE2",0,"ENSG00000204991",214.624587093614,0.320096004752926,0.281130500559575,1.13860290546843,0.254868816043944,1,FALSE
"chr17",1087766,1087994,"AluSx",579,"SetA_ER_H3K27ac","10nM",FALSE,"ABR",0,"ENSG00000159842",960.291571691873,-0.45015080309927,0.373087718882291,-1.20655486717131,0.227603616916267,1,FALSE
"chr17",1946021,1946311,"AluJr",372,"SetA_ER_H3K27ac","10nM",FALSE,"RTN4RL1",0,"ENSG00000185924",1610.3975080817,-0.502315535897809,0.353023687547151,-1.42289470541751,0.154766681318309,0.905955124860137,FALSE
"chr17",2401356,2401544,"AluSx1",2479,"SetA_ER_H3K27ac","10nM",FALSE,"MNT",215,"ENSG00000070444",1387.86965563302,-0.0170456977297196,0.394140089811231,-0.0432478151052422,0.965503989778082,1,FALSE
"chr17",4247822,4248315,"AluYg6",361,"SetA_ER_H3K27ac","10nM",FALSE,"ANKFY1",0,"ENSG00000185722",1192.26619444664,0.0403100367535382,0.158032258009538,0.255074737659607,0.798665375364255,1,FALSE
"chr17",4533685,4534046,"AluSx1",3993,"SetA_ER_H3K27ac","10nM",FALSE,"SPNS2",0,"ENSG00000183018",8.76925616847288,1.77923341174324,0.753000306190035,2.36285881574955,0.0181345767489173,0.292259178830939,FALSE
"chr17",4534262,4534698,"AluSx1",4570,"SetA_ER_H3K27ac","10nM",FALSE,"SPNS2",0,"ENSG00000183018",8.76925616847288,1.77923341174324,0.753000306190035,2.36285881574955,0.0181345767489173,0.292259178830939,FALSE
"chr17",4593629,4594012,"AluSx1",155,"SetA_ER_H3K27ac","10nM",FALSE,"SMTNL2",0,"ENSG00000188176",290.260283423553,5.43975711022141,0.647403077480615,8.40242701871353,4.37344156071582e-17,5.46242850933405e-14,TRUE
"chr17",5313839,5314188,"AluSx",47,"SetA_ER_H3K27ac","10nM",FALSE,"RABEP1",0,"ENSG00000029725",3408.5110431119,-0.120272201873006,0.198265200711798,-0.606622853840275,0.544101229961222,1,FALSE
"chr17",6550639,6550883,"AluY",193,"SetA_ER_H3K27ac","10nM",FALSE,"PITPNM3",0,"ENSG00000091622",50.8532020237504,0.102303096564888,0.353947950778579,0.289034295409402,0.772555133101739,1,FALSE
"chr17",6675992,6676421,"AluSq2",2030,"SetA_ER_H3K27ac","10nM",FALSE,"C17orf100",0,"ENSG00000256806",72.1801495342933,0.332928804678693,0.404589774175063,0.822879929077587,0.41057627747111,1,FALSE
"chr17",6686172,6686625,"AluSq2",1862,"SetA_ER_H3K27ac","10nM",FALSE,"C17orf100",0,"ENSG00000256806",72.1801495342933,0.332928804678693,0.404589774175063,0.822879929077587,0.41057627747111,1,FALSE
"chr17",7296325,7296528,"FLAM_C",0,"SetA_ER_H3K27ac","10nM",TRUE,"YBX2",1687,"ENSG00000006047",1430.05490078791,-0.11193703692775,0.176671408472467,-0.633588863617365,0.526349170461242,1,FALSE
"chr17",7351853,7352094,"AluSx3",945,"SetA_ER_H3K27ac","10nM",FALSE,"KCTD11",0,"ENSG00000213859",741.669859137585,1.14914382500193,0.54452375374862,2.11036491446145,0.0348269361264784,0.425156683904425,FALSE
"chr17",7477811,7477999,"FLAM_A",1314,"SetA_ER_H3K27ac","10nM",FALSE,"ZBTB4",0,"ENSG00000174282",1937.2351560314,0.021000374818992,0.363206616597185,0.0578193619261141,0.953892515391451,1,FALSE
"chr17",7486304,7486575,"AluSq",444,"SetA_ER_H3K27ac","10nM",FALSE,"POLR2A",0,"ENSG00000181222",12.4719214484195,2.05677668060734,1.71808046747834,1.19713640864919,0.231253390952152,1,FALSE
"chr17",9054205,9054461,"AluJb",1256,"SetA_ER_H3K27ac","10nM",FALSE,"NTN1",0,"ENSG00000065320",85.2682218589789,0.459755858076532,0.470088499472696,0.978019795405006,0.328064533640137,1,FALSE
"chr17",9175686,9176068,"AluSq2",1845,"SetA_ER_H3K27ac","10nM",FALSE,"NTN1",0,"ENSG00000065320",85.2682218589789,0.459755858076532,0.470088499472696,0.978019795405006,0.328064533640137,1,FALSE
"chr17",9205935,9206175,"AluJo",298,"SetA_ER_H3K27ac","10nM",FALSE,"NTN1",0,"ENSG00000065320",85.2682218589789,0.459755858076532,0.470088499472696,0.978019795405006,0.328064533640137,1,FALSE
"chr17",9973648,9973987,"AluSx1",102,"SetA_ER_H3K27ac","10nM",FALSE,"GAS7",0,"ENSG00000007237",2.4777316489171,2.85022192956608,2.21035297438889,1.28948722787323,0.197228753775038,0.977456486571886,FALSE
"chr17",15659358,15660063,"AluY",554,"SetA_ER_H3K27ac","10nM",FALSE,"TRIM16",0,"ENSG00000221926",1905.77461856413,0.718572907932015,0.223779395757304,3.21107716597524,0.00132238419865973,0.0420135545723625,TRUE
"chr17",17755315,17755878,"AluSp",320,"SetA_ER_H3K27ac","10nM",FALSE,"RAI1",0,"ENSG00000108557",2615.24772350375,-0.289051167413599,0.346184531370799,-0.834962689606705,0.403738715969173,1,FALSE
"chr17",19554421,19554691,"AluSx",581,"SetA_ER_H3K27ac","10nM",FALSE,"SLC47A1",0,"ENSG00000142494",60.9822191309956,1.26444025876419,0.531714415789433,2.37804396724298,0.0174047505079461,0.284628915017016,FALSE
"chr17",27241700,27242304,"AluSq2",0,"SetA_ER_H3K27ac","10nM",TRUE,"ENSG00000265246",0,"ENSG00000265246",63.3821461537992,0.281305310885155,0.300755474214807,0.935328979861692,0.349618784857872,1,FALSE
"chr17",27332447,27332843,"AluSz",445,"SetA_ER_H3K27ac","10nM",FALSE,"ENSG00000295161",0,"ENSG00000295161",2.62587728893998,1.36201519291732,1.66783174118825,0.816638249099966,0.414135189919571,1,FALSE
"chr17",28497508,28497744,"AluJr",5040,"SetA_ER_H3K27ac","10nM",FALSE,"RSKR",0,"ENSG00000167524",145.721595892623,0.281791949931201,0.439334115644392,0.641406938129272,0.521258326385914,1,FALSE
"chr17",28498004,28498334,"AluJr",4450,"SetA_ER_H3K27ac","10nM",FALSE,"RSKR",0,"ENSG00000167524",145.721595892623,0.281791949931201,0.439334115644392,0.641406938129272,0.521258326385914,1,FALSE
"chr17",28499799,28500291,"AluJr",2493,"SetA_ER_H3K27ac","10nM",FALSE,"RSKR",0,"ENSG00000167524",145.721595892623,0.281791949931201,0.439334115644392,0.641406938129272,0.521258326385914,1,FALSE
"chr17",28525329,28525690,"AluSc8",2478,"SetA_ER_H3K27ac","10nM",FALSE,"RSKR",0,"ENSG00000167524",145.721595892623,0.281791949931201,0.439334115644392,0.641406938129272,0.521258326385914,1,FALSE
"chr17",28532869,28533207,"AluSx",2261,"SetA_ER_H3K27ac","10nM",FALSE,"RSKR",0,"ENSG00000167524",145.721595892623,0.281791949931201,0.439334115644392,0.641406938129272,0.521258326385914,1,FALSE
"chr17",28536752,28537435,"AluSx",990,"SetA_ER_H3K27ac","10nM",FALSE,"RSKR",0,"ENSG00000167524",145.721595892623,0.281791949931201,0.439334115644392,0.641406938129272,0.521258326385914,1,FALSE
"chr17",28540360,28540559,"AluSx1",177,"SetA_ER_H3K27ac","10nM",FALSE,"RSKR",0,"ENSG00000167524",145.721595892623,0.281791949931201,0.439334115644392,0.641406938129272,0.521258326385914,1,FALSE
"chr17",28634111,28634626,"FLAM_C",2131,"SetA_ER_H3K27ac","10nM",FALSE,"BLTP2",0,"ENSG00000007202",11919.5173390891,0.00238490739711612,0.225572676101284,0.0105726785634501,0.991564380165936,1,FALSE
"chr17",29158132,29158376,"AluJb",40,"SetA_ER_H3K27ac","10nM",FALSE,"MYO18A",0,"ENSG00000196535",1554.961152864,0.203776933173326,0.21106993252105,0.965447473921958,0.334320732825723,1,FALSE
"chr17",29158782,29159190,"AluJb",690,"SetA_ER_H3K27ac","10nM",FALSE,"MYO18A",0,"ENSG00000196535",1554.961152864,0.203776933173326,0.21106993252105,0.965447473921958,0.334320732825723,1,FALSE
"chr17",29761132,29761315,"AluSq2",573,"SetA_ER_H3K27ac","10nM",FALSE,"SSH2",0,"ENSG00000141298",594.144306648525,-0.160792705991019,0.192044843693037,-0.837266457661466,0.402442808941073,1,FALSE
"chr17",38702638,38702821,"AluSc8",1684,"SetA_ER_H3K27ac","10nM",FALSE,"ENSG00000275532",0,"ENSG00000275532",20.6386639377409,-0.0267989876464185,0.564227069914622,-0.047496813030388,0.962117270304243,1,FALSE
"chr17",39812506,39812796,"AluY",21,"SetA_ER_H3K27ac","10nM",FALSE,"IKZF3",0,"ENSG00000161405",18.4902436967451,1.02417617902132,0.652087547044465,1.57061146722294,0.116272924720495,0.813325885333253,FALSE
"chr17",40023383,40023733,"AluSx",519,"SetA_ER_H3K27ac","10nM",FALSE,"MED24",0,"ENSG00000008838",1369.67605867907,0.279872855844569,0.207963097360334,1.34578134004053,0.178373044993593,0.95148775342824,FALSE
"chr17",40180752,40181065,"AluSx",735,"SetA_ER_H3K27ac","10nM",FALSE,"RAPGEFL1",0,"ENSG00000108352",64.0518528762448,-0.193689258047324,0.448618098746595,-0.431746419924825,0.665925725367362,1,FALSE
"chr17",40308279,40308499,"AluYm1",2084,"SetA_ER_H3K27ac","10nM",FALSE,"RARA",681,"ENSG00000131759",13123.7703461455,1.57702100314786,0.226928743482493,6.94941054600042,3.66815627028202e-12,1.38310254538332e-09,TRUE
"chr17",40311267,40311633,"FLAM_C",3570,"SetA_ER_H3K27ac","10nM",FALSE,"RARA",0,"ENSG00000131759",13123.7703461455,1.57702100314786,0.226928743482493,6.94941054600042,3.66815627028202e-12,1.38310254538332e-09,TRUE
"chr17",40314551,40314841,"FLAM_C",362,"SetA_ER_H3K27ac","10nM",FALSE,"RARA",0,"ENSG00000131759",13123.7703461455,1.57702100314786,0.226928743482493,6.94941054600042,3.66815627028202e-12,1.38310254538332e-09,TRUE
"chr17",40322229,40322666,"AluSx1",2305,"SetA_ER_H3K27ac","10nM",FALSE,"RARA",0,"ENSG00000131759",13123.7703461455,1.57702100314786,0.226928743482493,6.94941054600042,3.66815627028202e-12,1.38310254538332e-09,TRUE
"chr17",40448650,40449040,"FLAM_C",300,"SetA_ER_H3K27ac","10nM",FALSE,"IGFBP4",0,"ENSG00000141753",9056.95630890496,2.37643063829465,0.385103297537376,6.17089142962743,6.79060410169932e-10,1.39900445740577e-07,TRUE
"chr17",40552514,40552829,"AluJb",3072,"SetA_ER_H3K27ac","10nM",FALSE,"CCR7",0,"ENSG00000126353",13.5743742158138,3.05516348462313,1.25198298925319,2.44025958087941,0.0146767115474296,0.255867451734484,FALSE
"chr17",40684535,40684878,"AluSz6",45,"SetA_ER_H3K27ac","10nM",FALSE,"ENSG00000300052",0,"ENSG00000300052",602.247990691071,0.152406770793731,0.310114350614724,0.491453460607751,0.623105760671983,1,FALSE
"chr17",40686079,40686563,"AluSx",0,"SetA_ER_H3K27ac","10nM",TRUE,"ENSG00000300052",0,"ENSG00000300052",602.247990691071,0.152406770793731,0.310114350614724,0.491453460607751,0.623105760671983,1,FALSE
"chr17",40687113,40687821,"AluSp",115,"SetA_ER_H3K27ac","10nM",FALSE,"ENSG00000300052",0,"ENSG00000300052",602.247990691071,0.152406770793731,0.310114350614724,0.491453460607751,0.623105760671983,1,FALSE
"chr17",40701046,40701422,"AluJo",0,"SetA_ER_H3K27ac","10nM",TRUE,"ENSG00000300052",0,"ENSG00000300052",602.247990691071,0.152406770793731,0.310114350614724,0.491453460607751,0.623105760671983,1,FALSE
"chr17",40702228,40702460,"AluSz",0,"SetA_ER_H3K27ac","10nM",TRUE,"KRT24",0,"ENSG00000167916",8.51875742969496,0.932681428058974,1.07526951410905,0.867393165918757,0.385726625067164,1,FALSE
"chr17",41505878,41506315,"AluJb",5668,"SetA_ER_H3K27ac","10nM",FALSE,"KRT13",174,"ENSG00000171401",41.4373487680372,6.57869667678275,0.935590380066539,7.03159931626795,2.04179448541262e-12,8.16064419929718e-10,TRUE
"chr17",41506609,41507069,"AluJb",4914,"SetA_ER_H3K27ac","10nM",FALSE,"KRT13",905,"ENSG00000171401",41.4373487680372,6.57869667678275,0.935590380066539,7.03159931626795,2.04179448541262e-12,8.16064419929718e-10,TRUE
"chr17",41525664,41525956,"AluY",4,"SetA_ER_H3K27ac","10nM",FALSE,"KRT19",0,"ENSG00000171345",46431.4885704626,0.595847165131205,0.253500124772046,2.350480756832,0.0187491770996683,0.298741947118142,FALSE
"chr17",44218124,44218428,"AluJo",4685,"SetA_ER_H3K27ac","10nM",FALSE,"ATXN7L3-AS1",0,"ENSG00000267394",164.331552933965,-0.308859712235941,0.4870466974769,-0.634148047478732,0.52598420878175,1,FALSE
"chr17",45043123,45043587,"AluSz6",0,"SetA_ER_H3K27ac","10nM",TRUE,"NMT1",0,"ENSG00000136448",2482.55950224608,0.00110209097765008,0.116525681268492,0.00945792348650339,0.992453781377488,1,FALSE
"chr17",45124518,45125068,"AluSz",0,"SetA_ER_H3K27ac","10nM",TRUE,"PLCD3",0,"ENSG00000161714",495.359810379184,1.04680524669259,0.410609543409018,2.54939336772754,0.0107910505573555,0.207354186863646,FALSE
"chr17",45899263,45900038,"AluSz",2035,"SetA_ER_H3K27ac","10nM",FALSE,"MAPT",0,"ENSG00000186868",262.36202061424,0.837110780287565,0.347458538968892,2.40923933765378,0.0159858107811092,0.26935956378557,FALSE
"chr17",45901082,45901477,"AluSz",596,"SetA_ER_H3K27ac","10nM",FALSE,"MAPT",0,"ENSG00000186868",262.36202061424,0.837110780287565,0.347458538968892,2.40923933765378,0.0159858107811092,0.26935956378557,FALSE
"chr17",47673995,47674368,"AluJr",484,"SetA_ER_H3K27ac","10nM",FALSE,"KPNB1",0,"ENSG00000108424",18487.541503321,0.0100825430442101,0.185086766754338,0.0544746835282529,0.95655697825042,1,FALSE
"chr17",47693135,47693509,"AluSq2",1265,"SetA_ER_H3K27ac","10nM",FALSE,"TBKBP1",521,"ENSG00000198933",684.881669738306,3.08512530395107,0.494266400678957,6.24182687658546,4.3248949157338e-10,9.29340860172304e-08,TRUE
"chr17",47905890,47906096,"AluJr",824,"SetA_ER_H3K27ac","10nM",FALSE,"SP2-AS1",0,"ENSG00000234494",102.575780102783,-0.048011531642794,0.288850196073247,-0.16621602579982,0.867986948112394,1,FALSE
"chr17",48589473,48589690,"AluYm1",18451,"SetA_ER_H3K27ac","10nM",FALSE,"HOXB3",0,"ENSG00000120093",124.312192174457,1.09491255139827,0.412651166921277,2.65336109326247,0.00796945647118336,0.16418723517539,FALSE
"chr17",48590301,48590543,"AluYm1",17598,"SetA_ER_H3K27ac","10nM",FALSE,"HOXB3",0,"ENSG00000120093",124.312192174457,1.09491255139827,0.412651166921277,2.65336109326247,0.00796945647118336,0.16418723517539,FALSE
"chr17",49012827,49013177,"AluJb",0,"SetA_ER_H3K27ac","10nM",TRUE,"IGF2BP1",0,"ENSG00000159217",109.081625431919,0.609575767348901,0.454757530980765,1.34044128094865,0.180101922443824,0.951644699317062,FALSE
"chr17",49630229,49630470,"AluJr",160,"SetA_ER_H3K27ac","10nM",FALSE,"SPOP",0,"ENSG00000121067",1968.96199807565,-0.295564824876329,0.177331574395674,-1.66673546932395,0.0955670167474762,0.746311552435156,FALSE
"chr17",50652675,50653105,"AluSq2",0,"SetA_ER_H3K27ac","10nM",TRUE,"ABCC3",0,"ENSG00000108846",207.511858048311,0.468553153669112,0.559177138015757,0.837933316322222,0.402068156048682,1,FALSE
"chr17",50655771,50656092,"AluSx",8,"SetA_ER_H3K27ac","10nM",FALSE,"ABCC3",0,"ENSG00000108846",207.511858048311,0.468553153669112,0.559177138015757,0.837933316322222,0.402068156048682,1,FALSE
"chr17",50861790,50862018,"AluSx1",878,"SetA_ER_H3K27ac","10nM",FALSE,"TOB1",205,"ENSG00000141232",22799.0739882669,1.08352213632065,0.284828114142434,3.80412635733991,0.000142305531113828,0.00669137349124409,TRUE
"chr17",50944312,50944922,"AluJr4",374,"SetA_ER_H3K27ac","10nM",FALSE,"ENSG00000247011",0,"ENSG00000247011",30.6987546515516,0.0595886813271634,0.585807588905288,0.101720569101056,0.918978475049692,1,FALSE
"chr17",54977791,54978140,"AluSx",2484,"SetA_ER_H3K27ac","10nM",FALSE,"STXBP4",0,"ENSG00000166263",312.52046790602,0.0688507450395406,0.350576459848525,0.196392949684326,0.844302614148021,1,FALSE
"chr17",55750958,55751144,"FLAM_C",1770,"SetA_ER_H3K27ac","10nM",FALSE,"PCTP",0,"ENSG00000141179",831.065062525521,-0.121685003587569,0.186601342048231,-0.652112156600229,0.514328822344282,1,FALSE
"chr17",56173852,56174255,"AluJr",92,"SetA_ER_H3K27ac","10nM",FALSE,"ANKFN1",0,"ENSG00000153930",3.88269988138641,1.97339145358543,2.28841908424065,0.862338313456362,0.388501375116389,1,FALSE
"chr17",56835049,56835271,"AluSg7",2805,"SetA_ER_H3K27ac","10nM",FALSE,"C17orf67",0,"ENSG00000214226",251.976652085058,0.58087794022165,0.262266799253613,2.21483596808583,0.0267713254473874,0.368456038388836,FALSE
"chr17",56890705,56891087,"AluSz6",3155,"SetA_ER_H3K27ac","10nM",FALSE,"TRIM25",0,"ENSG00000121060",3961.69166956003,-0.272674694773901,0.18568913050655,-1.4684472592987,0.141982772396626,0.880371010804457,FALSE
"chr17",57085589,57085990,"AluY",1343,"SetA_ER_H3K27ac","10nM",FALSE,"AKAP1",0,"ENSG00000121057",5070.1396910975,1.19322652826173,0.15731878964082,7.58476804319452,3.33082405572268e-14,2.14719961063104e-11,TRUE
"chr17",57286570,57286901,"AluJr",3395,"SetA_ER_H3K27ac","10nM",FALSE,"MSI2",0,"ENSG00000153944",7834.58848872557,0.204857156982871,0.212313345500666,0.964881206594849,0.334604315534027,1,FALSE
"chr17",57296360,57296593,"AluSg",287,"SetA_ER_H3K27ac","10nM",FALSE,"MSI2",0,"ENSG00000153944",7834.58848872557,0.204857156982871,0.212313345500666,0.964881206594849,0.334604315534027,1,FALSE
"chr17",57340562,57341001,"AluYj4",2086,"SetA_ER_H3K27ac","10nM",FALSE,"MSI2",0,"ENSG00000153944",7834.58848872557,0.204857156982871,0.212313345500666,0.964881206594849,0.334604315534027,1,FALSE
"chr17",57342829,57343315,"AluSg",1514,"SetA_ER_H3K27ac","10nM",FALSE,"MSI2",0,"ENSG00000153944",7834.58848872557,0.204857156982871,0.212313345500666,0.964881206594849,0.334604315534027,1,FALSE
"chr17",57343612,57343826,"AluSg",1003,"SetA_ER_H3K27ac","10nM",FALSE,"MSI2",0,"ENSG00000153944",7834.58848872557,0.204857156982871,0.212313345500666,0.964881206594849,0.334604315534027,1,FALSE
"chr17",57357371,57358276,"AluSx1",1198,"SetA_ER_H3K27ac","10nM",FALSE,"MSI2",0,"ENSG00000153944",7834.58848872557,0.204857156982871,0.212313345500666,0.964881206594849,0.334604315534027,1,FALSE
"chr17",57375745,57376270,"AluY",653,"SetA_ER_H3K27ac","10nM",FALSE,"MSI2",0,"ENSG00000153944",7834.58848872557,0.204857156982871,0.212313345500666,0.964881206594849,0.334604315534027,1,FALSE
"chr17",57376739,57377002,"AluY",0,"SetA_ER_H3K27ac","10nM",TRUE,"MSI2",0,"ENSG00000153944",7834.58848872557,0.204857156982871,0.212313345500666,0.964881206594849,0.334604315534027,1,FALSE
"chr17",57410286,57410562,"AluSx3",262,"SetA_ER_H3K27ac","10nM",FALSE,"MSI2",0,"ENSG00000153944",7834.58848872557,0.204857156982871,0.212313345500666,0.964881206594849,0.334604315534027,1,FALSE
"chr17",57411939,57412247,"AluSx1",0,"SetA_ER_H3K27ac","10nM",TRUE,"MSI2",0,"ENSG00000153944",7834.58848872557,0.204857156982871,0.212313345500666,0.964881206594849,0.334604315534027,1,FALSE
"chr17",57458268,57458606,"AluY",0,"SetA_ER_H3K27ac","10nM",TRUE,"MSI2",0,"ENSG00000153944",7834.58848872557,0.204857156982871,0.212313345500666,0.964881206594849,0.334604315534027,1,FALSE
"chr17",57459149,57459533,"AluJo",176,"SetA_ER_H3K27ac","10nM",FALSE,"MSI2",0,"ENSG00000153944",7834.58848872557,0.204857156982871,0.212313345500666,0.964881206594849,0.334604315534027,1,FALSE
"chr17",57835411,57835837,"AluSx1",116,"SetA_ER_H3K27ac","10nM",FALSE,"MRPS23",0,"ENSG00000181610",2159.06198824549,0.265920106519065,0.382784900668687,0.694698526651729,0.487244251575058,1,FALSE
"chr17",57890250,57890438,"AluSz6",2050,"SetA_ER_H3K27ac","10nM",FALSE,"CUEDC1",0,"ENSG00000180891",329.694304023278,0.895914882476312,0.290102845880264,3.08826643791729,0.00201327879585322,0.0575576674740274,FALSE
"chr17",57890674,57890892,"AluSz6",2474,"SetA_ER_H3K27ac","10nM",FALSE,"CUEDC1",0,"ENSG00000180891",329.694304023278,0.895914882476312,0.290102845880264,3.08826643791729,0.00201327879585322,0.0575576674740274,FALSE
"chr17",57899789,57900157,"AluSq2",1735,"SetA_ER_H3K27ac","10nM",FALSE,"CUEDC1",0,"ENSG00000180891",329.694304023278,0.895914882476312,0.290102845880264,3.08826643791729,0.00201327879585322,0.0575576674740274,FALSE
"chr17",57955583,57955917,"AluSx",1135,"SetA_ER_H3K27ac","10nM",FALSE,"CUEDC1",0,"ENSG00000180891",329.694304023278,0.895914882476312,0.290102845880264,3.08826643791729,0.00201327879585322,0.0575576674740274,FALSE
"chr17",58639630,58640057,"AluSp",0,"SetA_ER_H3K27ac","10nM",TRUE,"TEX14",0,"ENSG00000121101",25.5821548558656,0.361923377597393,0.655715731058745,0.551951646810451,0.580981482043307,1,FALSE
"chr17",58640304,58640576,"AluSx",0,"SetA_ER_H3K27ac","10nM",TRUE,"TEX14",0,"ENSG00000121101",25.5821548558656,0.361923377597393,0.655715731058745,0.551951646810451,0.580981482043307,1,FALSE
"chr17",59332228,59332518,"AluSx",3037,"SetA_ER_H3K27ac","10nM",FALSE,"YPEL2",0,"ENSG00000175155",1506.33057501824,1.83995046601468,0.331577050843801,5.54908869999402,2.87162468655368e-08,4.06996792454529e-06,TRUE
"chr17",59366894,59367182,"AluJb",905,"SetA_ER_H3K27ac","10nM",FALSE,"YPEL2",0,"ENSG00000175155",1506.33057501824,1.83995046601468,0.331577050843801,5.54908869999402,2.87162468655368e-08,4.06996792454529e-06,TRUE
"chr17",60345065,60345505,"FLAM_C",81,"SetA_ER_H3K27ac","10nM",FALSE,"USP32",0,"ENSG00000170832",8259.29318027682,0.0915344426121678,0.212675729725267,0.430394397754795,0.666908769869691,1,FALSE
"chr17",60346809,60347397,"AluSz",0,"SetA_ER_H3K27ac","10nM",TRUE,"USP32",0,"ENSG00000170832",8259.29318027682,0.0915344426121678,0.212675729725267,0.430394397754795,0.666908769869691,1,FALSE
"chr17",60567927,60568319,"AluSz",0,"SetA_ER_H3K27ac","10nM",TRUE,"LINC01999",0,"ENSG00000267772",10.7509228792406,0.654030036873645,0.807009467767986,0.810436634259757,0.417689269911962,1,FALSE
"chr17",60568616,60568848,"AluJr",0,"SetA_ER_H3K27ac","10nM",TRUE,"LINC01999",0,"ENSG00000267772",10.7509228792406,0.654030036873645,0.807009467767986,0.810436634259757,0.417689269911962,1,FALSE
"chr17",61356784,61357029,"AluJr",95,"SetA_ER_H3K27ac","10nM",FALSE,"BCAS3",0,"ENSG00000141376",20719.9265969898,0.0155409460769534,0.321888291442256,0.048280557230959,0.961492649563295,1,FALSE
"chr17",61399262,61399705,"AluJr",12191,"SetA_ER_H3K27ac","10nM",FALSE,"TBX2-AS1",0,"ENSG00000267280",861.172109572555,0.798375138230482,0.25171215950695,3.17177819217922,0.00151508678006965,0.0465901136654706,TRUE
"chr17",61401875,61402437,"AluJr",14804,"SetA_ER_H3K27ac","10nM",FALSE,"TBX2-AS1",0,"ENSG00000267280",861.172109572555,0.798375138230482,0.25171215950695,3.17177819217922,0.00151508678006965,0.0465901136654706,TRUE
"chr17",61403336,61403688,"AluSq2",14572,"SetA_ER_H3K27ac","10nM",FALSE,"TBX2-AS1",0,"ENSG00000267280",861.172109572555,0.798375138230482,0.25171215950695,3.17177819217922,0.00151508678006965,0.0465901136654706,TRUE
"chr17",61414835,61415177,"AluSq2",3083,"SetA_ER_H3K27ac","10nM",FALSE,"TBX2-AS1",1531,"ENSG00000267280",861.172109572555,0.798375138230482,0.25171215950695,3.17177819217922,0.00151508678006965,0.0465901136654706,TRUE
"chr17",61450151,61450478,"AluSz",789,"SetA_ER_H3K27ac","10nM",FALSE,"TBX4",1428,"ENSG00000121075",14.5568771280023,0.524172490105096,0.648292905682885,0.808542690364558,0.418778240909148,1,FALSE
"chr17",61723041,61723725,"AluSc8",701,"SetA_ER_H3K27ac","10nM",FALSE,"BRIP1",0,"ENSG00000136492",8391.78262701849,0.0356536135424444,0.438043490685191,0.0813928623540889,0.935129525295126,1,FALSE
"chr17",61724889,61725155,"AluJr4",466,"SetA_ER_H3K27ac","10nM",FALSE,"BRIP1",0,"ENSG00000136492",8391.78262701849,0.0356536135424444,0.438043490685191,0.0813928623540889,0.935129525295126,1,FALSE
"chr17",61725590,61725821,"AluJr4",0,"SetA_ER_H3K27ac","10nM",TRUE,"BRIP1",0,"ENSG00000136492",8391.78262701849,0.0356536135424444,0.438043490685191,0.0813928623540889,0.935129525295126,1,FALSE
"chr17",61862013,61862299,"AluSz",1337,"SetA_ER_H3K27ac","10nM",FALSE,"BRIP1",0,"ENSG00000136492",8391.78262701849,0.0356536135424444,0.438043490685191,0.0813928623540889,0.935129525295126,1,FALSE
"chr17",62804741,62805121,"AluSz",527,"SetA_ER_H3K27ac","10nM",FALSE,"MARCHF10",0,"ENSG00000173838",8.30565692079787,0.115241043430748,0.861495044196777,0.13376866669987,0.893585504819267,1,FALSE
"chr17",63258887,63259084,"AluJo",1229,"SetA_ER_H3K27ac","10nM",FALSE,"TANC2",0,"ENSG00000170921",3755.65282539161,0.0595007303791729,0.33749354211715,0.17630183382448,0.860056821416481,1,FALSE
"chr17",63435588,63435958,"AluY",2316,"SetA_ER_H3K27ac","10nM",FALSE,"CYB561",0,"ENSG00000008283",6199.99828172567,0.0518624871643108,0.146884036785659,0.353084571334264,0.724025039221051,1,FALSE
"chr17",64147290,64147709,"AluSx",1789,"SetA_ER_H3K27ac","10nM",FALSE,"TEX2",0,"ENSG00000136478",3310.49516051889,0.368240918862689,0.187641148342286,1.96247423401483,0.0497072975345128,0.521844327377697,FALSE
"chr17",67390787,67391410,"AluSx1",68,"SetA_ER_H3K27ac","10nM",FALSE,"PITPNC1",0,"ENSG00000154217",1272.91311642626,-0.0274741250023158,0.225425254302334,-0.12187687261281,0.902996532045309,1,FALSE
"chr17",67411446,67411837,"AluSg7",349,"SetA_ER_H3K27ac","10nM",FALSE,"PITPNC1",0,"ENSG00000154217",1272.91311642626,-0.0274741250023158,0.225425254302334,-0.12187687261281,0.902996532045309,1,FALSE
"chr17",67467568,67467950,"AluSx",217,"SetA_ER_H3K27ac","10nM",FALSE,"PITPNC1",0,"ENSG00000154217",1272.91311642626,-0.0274741250023158,0.225425254302334,-0.12187687261281,0.902996532045309,1,FALSE
"chr17",68292214,68292507,"AluJb",2908,"SetA_ER_H3K27ac","10nM",FALSE,"ARSG",0,"ENSG00000141337",156.245180653869,0.00650437388048321,0.368782762313588,0.0176374129844831,0.985928110067645,1,FALSE
"chr17",68328848,68329216,"AluSx",713,"SetA_ER_H3K27ac","10nM",FALSE,"ARSG",0,"ENSG00000141337",156.245180653869,0.00650437388048321,0.368782762313588,0.0176374129844831,0.985928110067645,1,FALSE
"chr17",72399521,72399749,"AluY",713,"SetA_ER_H3K27ac","10nM",FALSE,"LINC00511",0,"ENSG00000227036",57.513919868936,3.91759032138732,0.511722322070995,7.65569558414494,1.92268682744772e-14,1.37224905570411e-11,TRUE
"chr17",72471411,72471738,"AluSc8",0,"SetA_ER_H3K27ac","10nM",TRUE,"LINC00511",0,"ENSG00000227036",57.513919868936,3.91759032138732,0.511722322070995,7.65569558414494,1.92268682744772e-14,1.37224905570411e-11,TRUE
"chr17",72517773,72518122,"AluJb",1257,"SetA_ER_H3K27ac","10nM",FALSE,"LINC00511",0,"ENSG00000227036",57.513919868936,3.91759032138732,0.511722322070995,7.65569558414494,1.92268682744772e-14,1.37224905570411e-11,TRUE
"chr17",72617354,72617558,"AluSx1",974,"SetA_ER_H3K27ac","10nM",FALSE,"LINC00511",0,"ENSG00000227036",57.513919868936,3.91759032138732,0.511722322070995,7.65569558414494,1.92268682744772e-14,1.37224905570411e-11,TRUE
"chr17",72617709,72618352,"AluY",624,"SetA_ER_H3K27ac","10nM",FALSE,"LINC00511",0,"ENSG00000227036",57.513919868936,3.91759032138732,0.511722322070995,7.65569558414494,1.92268682744772e-14,1.37224905570411e-11,TRUE
"chr17",72640434,72640835,"AluSc",563,"SetA_ER_H3K27ac","10nM",FALSE,"LINC00511",0,"ENSG00000227036",57.513919868936,3.91759032138732,0.511722322070995,7.65569558414494,1.92268682744772e-14,1.37224905570411e-11,TRUE
"chr17",72684121,72684372,"AluJb",495,"SetA_ER_H3K27ac","10nM",FALSE,"SLC39A11",0,"ENSG00000133195",1331.95188111289,0.0393973030413725,0.17890633321141,0.220211897109408,0.825706131489531,1,FALSE
"chr17",72952747,72953065,"AluSx1",969,"SetA_ER_H3K27ac","10nM",FALSE,"SLC39A11",0,"ENSG00000133195",1331.95188111289,0.0393973030413725,0.17890633321141,0.220211897109408,0.825706131489531,1,FALSE
"chr17",73506545,73506768,"AluY",1888,"SetA_ER_H3K27ac","10nM",FALSE,"SDK2",0,"ENSG00000069188",517.171990347747,-0.304890249938248,0.260390875555775,-1.1708945226575,0.241641177054442,1,FALSE
"chr17",73548488,73548767,"AluSz",8540,"SetA_ER_H3K27ac","10nM",FALSE,"SDK2",0,"ENSG00000069188",517.171990347747,-0.304890249938248,0.260390875555775,-1.1708945226575,0.241641177054442,1,FALSE
"chr17",73549876,73550309,"AluSz",6998,"SetA_ER_H3K27ac","10nM",FALSE,"SDK2",0,"ENSG00000069188",517.171990347747,-0.304890249938248,0.260390875555775,-1.1708945226575,0.241641177054442,1,FALSE
"chr17",73559072,73559345,"AluSz",989,"SetA_ER_H3K27ac","10nM",FALSE,"SDK2",0,"ENSG00000069188",517.171990347747,-0.304890249938248,0.260390875555775,-1.1708945226575,0.241641177054442,1,FALSE
"chr17",73564839,73565146,"AluSz",0,"SetA_ER_H3K27ac","10nM",TRUE,"SDK2",0,"ENSG00000069188",517.171990347747,-0.304890249938248,0.260390875555775,-1.1708945226575,0.241641177054442,1,FALSE
"chr17",73610965,73611267,"AluSg",1370,"SetA_ER_H3K27ac","10nM",FALSE,"SDK2",0,"ENSG00000069188",517.171990347747,-0.304890249938248,0.260390875555775,-1.1708945226575,0.241641177054442,1,FALSE
"chr17",73612098,73612509,"AluSg",128,"SetA_ER_H3K27ac","10nM",FALSE,"SDK2",0,"ENSG00000069188",517.171990347747,-0.304890249938248,0.260390875555775,-1.1708945226575,0.241641177054442,1,FALSE
"chr17",74744822,74745091,"AluJb",1132,"SetA_ER_H3K27ac","10nM",FALSE,"RAB37",0,"ENSG00000172794",21.1929768069136,3.16362091857655,0.719103206305914,4.39939759805592,1.08551784610222e-05,0.000766536700936635,TRUE
"chr17",74758217,74758624,"AluSx",1640,"SetA_ER_H3K27ac","10nM",FALSE,"NHERF1",0,"ENSG00000109062",34115.6256665048,0.884321393631382,0.320575218827606,2.75854570688741,0.0058059185274427,0.13036570320496,FALSE
"chr17",74760634,74761029,"AluSx1",1519,"SetA_ER_H3K27ac","10nM",FALSE,"NHERF1",0,"ENSG00000109062",34115.6256665048,0.884321393631382,0.320575218827606,2.75854570688741,0.0058059185274427,0.13036570320496,FALSE
"chr17",74769732,74770247,"FLAM_C",2971,"SetA_ER_H3K27ac","10nM",FALSE,"NAT9",275,"ENSG00000109065",611.169960462427,-0.166039525766208,0.217365966943992,-0.763870849243806,0.444944210645411,1,FALSE
"chr17",74770646,74770856,"AluSp",3604,"SetA_ER_H3K27ac","10nM",FALSE,"NAT9",0,"ENSG00000109065",611.169960462427,-0.166039525766208,0.217365966943992,-0.763870849243806,0.444944210645411,1,FALSE
"chr17",74771137,74771342,"AluSp",3118,"SetA_ER_H3K27ac","10nM",FALSE,"NAT9",0,"ENSG00000109065",611.169960462427,-0.166039525766208,0.217365966943992,-0.763870849243806,0.444944210645411,1,FALSE
"chr17",74982668,74982939,"AluSz",55,"SetA_ER_H3K27ac","10nM",FALSE,"ENSG00000297995",0,"ENSG00000297995",3.94751392563105,-0.571364620329658,1.19990751303186,-0.476173883507043,0.63395050391376,1,FALSE
"chr17",75084129,75084401,"AluSx1",177,"SetA_ER_H3K27ac","10nM",FALSE,"SLC16A5",0,"ENSG00000170190",332.557849116171,-0.153242546651887,0.354948179111056,-0.431732167314319,0.665936085337163,1,FALSE
"chr17",75085452,75085775,"AluSz",0,"SetA_ER_H3K27ac","10nM",TRUE,"SLC16A5",0,"ENSG00000170190",332.557849116171,-0.153242546651887,0.354948179111056,-0.431732167314319,0.665936085337163,1,FALSE
"chr17",75289641,75289828,"AluSq2",653,"SetA_ER_H3K27ac","10nM",FALSE,"SLC25A19",0,"ENSG00000125454",576.882703110119,0.727802965290311,0.27189688378976,2.67676096594425,0.00743376489271545,0.155231303674008,FALSE
"chr17",75549417,75549667,"AluSx",648,"SetA_ER_H3K27ac","10nM",FALSE,"LLGL2",0,"ENSG00000073350",3692.91980283458,0.185128061478595,0.202667244334187,0.913458226003849,0.361001594427701,1,FALSE
"chr17",75873015,75873349,"AluSx1",4,"SetA_ER_H3K27ac","10nM",FALSE,"TRIM47",815,"ENSG00000132481",57.2344820403097,1.96201012314293,0.635716347428034,3.08629804956375,0.00202665563233826,0.0575576674740274,FALSE
"chr17",76541279,76541515,"AluSx1",6802,"SetA_ER_H3K27ac","10nM",FALSE,"CYGB",0,"ENSG00000161544",3.05729719055811,0.520951022099669,1.20243032798972,0.433248405311449,0.664834316512552,1,FALSE
"chr17",77089153,77089412,"AluSq",323,"SetA_ER_H3K27ac","10nM",FALSE,"SNHG20",0,"ENSG00000234912",179.805044567326,0.355897296103841,0.271761564649099,1.30959393232586,0.190333242193667,0.966941897789078,FALSE
"chr17",77126477,77126821,"AluSx",317,"SetA_ER_H3K27ac","10nM",FALSE,"SEC14L1",0,"ENSG00000129657",3527.37233236697,-0.327367262110714,0.325367863971569,-1.00614503877162,0.314345806015822,1,FALSE
"chr17",77283311,77283620,"AluJo",455,"SetA_ER_H3K27ac","10nM",FALSE,"SEPTIN9",0,"ENSG00000184640",10181.7095946991,-0.076067430837823,0.149343784904068,-0.509344469116578,0.610510792829069,1,FALSE
"chr17",77286274,77286783,"AluSx",577,"SetA_ER_H3K27ac","10nM",FALSE,"SEPTIN9",0,"ENSG00000184640",10181.7095946991,-0.076067430837823,0.149343784904068,-0.509344469116578,0.610510792829069,1,FALSE
"chr17",77286962,77287340,"AluSx",1265,"SetA_ER_H3K27ac","10nM",FALSE,"SEPTIN9",0,"ENSG00000184640",10181.7095946991,-0.076067430837823,0.149343784904068,-0.509344469116578,0.610510792829069,1,FALSE
"chr17",77287902,77288131,"AluSx",946,"SetA_ER_H3K27ac","10nM",FALSE,"SEPTIN9",0,"ENSG00000184640",10181.7095946991,-0.076067430837823,0.149343784904068,-0.509344469116578,0.610510792829069,1,FALSE
"chr17",77288864,77289047,"AluSx",30,"SetA_ER_H3K27ac","10nM",FALSE,"SEPTIN9",0,"ENSG00000184640",10181.7095946991,-0.076067430837823,0.149343784904068,-0.509344469116578,0.610510792829069,1,FALSE
"chr17",78374261,78374444,"AluSc8",209,"SetA_ER_H3K27ac","10nM",FALSE,"SOCS3-DT",0,"ENSG00000266970",40.4913300677533,-0.320083168398634,0.609437977527817,-0.525210407295342,0.599436930907749,1,FALSE
"chr17",78421098,78421821,"AluJb",681,"SetA_ER_H3K27ac","10nM",FALSE,"PGS1",0,"ENSG00000087157",540.570317585262,-0.196801812479563,0.213716558653444,-0.920854302163318,0.357126499771796,1,FALSE
"chr17",78782602,78782804,"AluSq",126,"SetA_ER_H3K27ac","10nM",FALSE,"CYTH1",305,"ENSG00000108669",733.119565145623,0.145666308255049,0.216959412995284,0.671398886289463,0.50196645422475,1,FALSE
"chr17",79005906,79006163,"AluJb",5816,"SetA_ER_H3K27ac","10nM",FALSE,"CANT1",0,"ENSG00000171302",7912.12120711695,0.136488192357404,0.215474607299847,0.633430519112034,0.52645254042718,1,FALSE
"chr17",79812951,79813328,"AluSx",7306,"SetA_ER_H3K27ac","10nM",FALSE,"LINC01977",0,"ENSG00000262772",252.425961433421,-0.00683578351079798,0.369240401404991,-0.0185130973880086,0.985229529151954,1,FALSE
"chr17",79979520,79979708,"AluSg7",2434,"SetA_ER_H3K27ac","10nM",FALSE,"TBC1D16",0,"ENSG00000167291",6309.80934508132,0.317702835413241,0.261694245607646,1.21402300870447,0.224738938070145,1,FALSE
"chr17",79992469,79992715,"AluSq10",1697,"SetA_ER_H3K27ac","10nM",FALSE,"TBC1D16",0,"ENSG00000167291",6309.80934508132,0.317702835413241,0.261694245607646,1.21402300870447,0.224738938070145,1,FALSE
"chr17",80030805,80031013,"AluSg",1895,"SetA_ER_H3K27ac","10nM",FALSE,"TBC1D16",0,"ENSG00000167291",6309.80934508132,0.317702835413241,0.261694245607646,1.21402300870447,0.224738938070145,1,FALSE
"chr17",80047229,80047607,"AluSx1",85,"SetA_ER_H3K27ac","10nM",FALSE,"CCDC40",0,"ENSG00000141519",65.0015818691147,1.00028524135497,0.401963527675416,2.48849751901544,0.0128284132232779,0.23293997364982,FALSE
"chr17",80068397,80068936,"AluSx",66,"SetA_ER_H3K27ac","10nM",FALSE,"CCDC40",0,"ENSG00000141519",65.0015818691147,1.00028524135497,0.401963527675416,2.48849751901544,0.0128284132232779,0.23293997364982,FALSE
"chr17",80102965,80103260,"AluJb",727,"SetA_ER_H3K27ac","10nM",FALSE,"GAA",0,"ENSG00000171298",3458.91184212202,0.0600634714048257,0.50428625347762,0.119105906596939,0.90519145127004,1,FALSE
"chr17",80394660,80394991,"AluJo",1138,"SetA_ER_H3K27ac","10nM",FALSE,"RNF213",0,"ENSG00000173821",2285.13624177564,0.402122552210326,0.503313169020699,0.798950985114773,0.424318833657288,1,FALSE
"chr17",80405688,80405983,"AluJo",9411,"SetA_ER_H3K27ac","10nM",FALSE,"RNF213-AS1",0,"ENSG00000263069",19.2059117718848,0.402864583800136,0.73261165390152,0.54990195918217,0.582386620381657,1,FALSE
"chr17",81343044,81343272,"AluSx4",2401,"SetA_ER_H3K27ac","10nM",FALSE,"RENO1",0,"ENSG00000287431",295.07039883371,1.83716086600787,1.60266818766644,1.14631392832653,0.25166528186422,1,FALSE
"chr17",82101007,82101393,"AluSg",757,"SetA_ER_H3K27ac","10nM",FALSE,"CCDC57",66,"ENSG00000176155",372.176345174933,0.220679199316645,0.531522401771112,0.415183252072366,0.678007758195781,1,FALSE
"chr17",82103696,82104257,"AluY",274,"SetA_ER_H3K27ac","10nM",FALSE,"CCDC57",0,"ENSG00000176155",372.176345174933,0.220679199316645,0.531522401771112,0.415183252072366,0.678007758195781,1,FALSE
"chr17",82152640,82152868,"AluSz",3162,"SetA_ER_H3K27ac","10nM",FALSE,"CCDC57",0,"ENSG00000176155",372.176345174933,0.220679199316645,0.531522401771112,0.415183252072366,0.678007758195781,1,FALSE
"chr17",82234880,82235147,"AluY",742,"SetA_ER_H3K27ac","10nM",FALSE,"SLC16A3",0,"ENSG00000141526",335.521473064213,0.763448241568725,0.454735367957454,1.6788846774728,0.0931745213254542,0.737717763140997,FALSE
"chr17",82522014,82522340,"AluJo",0,"SetA_ER_H3K27ac","10nM",TRUE,"FOXK2",0,"ENSG00000141568",6225.8146193017,0.433600530985018,0.105349940305562,4.11581183366012,3.85818976719884e-05,0.00220665092366392,TRUE
"chr17",82613978,82614539,"AluJo",1057,"SetA_ER_H3K27ac","10nM",FALSE,"FOXK2",0,"ENSG00000141568",6225.8146193017,0.433600530985018,0.105349940305562,4.11581183366012,3.85818976719884e-05,0.00220665092366392,TRUE
"chr17",82888889,82889420,"AluSz",1923,"SetA_ER_H3K27ac","10nM",FALSE,"TBCD",0,"ENSG00000141556",1994.09894137213,0.133609979387319,0.296257596581511,0.450992585267119,0.651994893007013,1,FALSE
"chr17",82889589,82889860,"AluSz",2623,"SetA_ER_H3K27ac","10nM",FALSE,"TBCD",0,"ENSG00000141556",1994.09894137213,0.133609979387319,0.296257596581511,0.450992585267119,0.651994893007013,1,FALSE
"chr17",82892976,82893307,"AluSz6",1009,"SetA_ER_H3K27ac","10nM",FALSE,"TBCD",0,"ENSG00000141556",1994.09894137213,0.133609979387319,0.296257596581511,0.450992585267119,0.651994893007013,1,FALSE
"chr17",83180925,83181367,"AluY",10323,"SetA_ER_H3K27ac","10nM",FALSE,"ENSG00000262898",0,"ENSG00000262898",2.66163349631069,1.39729823024333,1.55764896454421,0.897055923413528,0.369689076654002,1,FALSE
"chr17",83189758,83190061,"AluY",19156,"SetA_ER_H3K27ac","10nM",FALSE,"ENSG00000262898",0,"ENSG00000262898",2.66163349631069,1.39729823024333,1.55764896454421,0.897055923413528,0.369689076654002,1,FALSE
"chr18",110948,111212,"AluSq",1671,"SetA_ER_H3K27ac","10nM",FALSE,"ROCK1P1",0,"ENSG00000290877",72.381968362985,-0.0673543385269761,0.701048634701221,-0.0960765561660094,0.923459770627152,1,FALSE
"chr18",111398,111727,"AluSq",1156,"SetA_ER_H3K27ac","10nM",FALSE,"ROCK1P1",0,"ENSG00000290877",72.381968362985,-0.0673543385269761,0.701048634701221,-0.0960765561660094,0.923459770627152,1,FALSE
"chr18",499365,499928,"AluSq2",706,"SetA_ER_H3K27ac","10nM",FALSE,"COLEC12",0,"ENSG00000158270",4.88079757277617,4.09894832835147,1.19877253355195,3.41928782452692,0.000627852759502709,0.0227131258347487,TRUE
"chr18",2385216,2385960,"AluJb",0,"SetA_ER_H3K27ac","10nM",TRUE,"ENSG00000263745",0,"ENSG00000263745",11.5265626784371,-0.564284232994334,1.00224139403675,-0.563022278217382,0.573419713826883,1,FALSE
"chr18",2893980,2894235,"AluSx",912,"SetA_ER_H3K27ac","10nM",FALSE,"EMILIN2",0,"ENSG00000132205",49.909480718058,1.68688499004971,0.458580106477258,3.67849578780925,0.000234613565045112,0.0100396519997035,TRUE
"chr18",3646178,3646567,"AluJo",0,"SetA_ER_H3K27ac","10nM",TRUE,"DLGAP1",0,"ENSG00000170579",4.94573203206867,-0.828993335671777,1.3361270966661,-0.620444969449599,0.53496487374241,1,FALSE
"chr18",3689029,3689568,"AluJo",527,"SetA_ER_H3K27ac","10nM",FALSE,"DLGAP1",0,"ENSG00000170579",4.94573203206867,-0.828993335671777,1.3361270966661,-0.620444969449599,0.53496487374241,1,FALSE
"chr18",3710821,3711086,"AluJb",472,"SetA_ER_H3K27ac","10nM",FALSE,"DLGAP1",0,"ENSG00000170579",4.94573203206867,-0.828993335671777,1.3361270966661,-0.620444969449599,0.53496487374241,1,FALSE
"chr18",3722590,3722817,"AluJb",1230,"SetA_ER_H3K27ac","10nM",FALSE,"DLGAP1",0,"ENSG00000170579",4.94573203206867,-0.828993335671777,1.3361270966661,-0.620444969449599,0.53496487374241,1,FALSE
"chr18",5410576,5410881,"AluSz",1324,"SetA_ER_H3K27ac","10nM",FALSE,"EPB41L3",0,"ENSG00000082397",240.678048468666,1.38991829210927,0.378328274345738,3.6738419683618,0.000238930538977737,0.0101807844156313,TRUE
"chr18",5787907,5788351,"AluSz",335,"SetA_ER_H3K27ac","10nM",FALSE,"MIR3976HG",0,"ENSG00000261738",7.20954832221438,6.5942834830467,1.64169714368126,4.01674785658699,5.90067990792252e-05,0.00317841475148042,TRUE
"chr18",9494868,9495168,"AluSq2",1450,"SetA_ER_H3K27ac","10nM",FALSE,"RALBP1",0,"ENSG00000017797",7490.81112390455,-0.0190472496743752,0.132521729491549,-0.143729256684579,0.885714267568294,1,FALSE
"chr18",9495933,9496378,"AluSp",460,"SetA_ER_H3K27ac","10nM",FALSE,"RALBP1",0,"ENSG00000017797",7490.81112390455,-0.0190472496743752,0.132521729491549,-0.143729256684579,0.885714267568294,1,FALSE
"chr18",9717708,9717919,"AluJb",0,"SetA_ER_H3K27ac","10nM",TRUE,"RAB31",0,"ENSG00000168461",5142.74339885697,0.818428960377813,0.208371799049442,3.92773381096363,8.57500425194059e-05,0.00438268248007112,TRUE
"chr18",9736905,9737349,"AluJr",633,"SetA_ER_H3K27ac","10nM",FALSE,"RAB31",0,"ENSG00000168461",5142.74339885697,0.818428960377813,0.208371799049442,3.92773381096363,8.57500425194059e-05,0.00438268248007112,TRUE
"chr18",9757637,9758224,"AluJr",962,"SetA_ER_H3K27ac","10nM",FALSE,"RAB31",0,"ENSG00000168461",5142.74339885697,0.818428960377813,0.208371799049442,3.92773381096363,8.57500425194059e-05,0.00438268248007112,TRUE
"chr18",9802142,9802464,"AluJo",0,"SetA_ER_H3K27ac","10nM",TRUE,"RAB31",0,"ENSG00000168461",5142.74339885697,0.818428960377813,0.208371799049442,3.92773381096363,8.57500425194059e-05,0.00438268248007112,TRUE
"chr18",9804067,9804508,"AluJb",478,"SetA_ER_H3K27ac","10nM",FALSE,"RAB31",0,"ENSG00000168461",5142.74339885697,0.818428960377813,0.208371799049442,3.92773381096363,8.57500425194059e-05,0.00438268248007112,TRUE
"chr18",9808543,9808857,"AluJb",566,"SetA_ER_H3K27ac","10nM",FALSE,"RAB31",0,"ENSG00000168461",5142.74339885697,0.818428960377813,0.208371799049442,3.92773381096363,8.57500425194059e-05,0.00438268248007112,TRUE
"chr18",11983630,11983988,"AluSq2",571,"SetA_ER_H3K27ac","10nM",FALSE,"IMPA2",0,"ENSG00000141401",2512.42944035393,0.0967874237290344,0.144720155029164,0.668790215913809,0.503629308875127,1,FALSE
"chr18",13223579,13223958,"AluY",510,"SetA_ER_H3K27ac","10nM",FALSE,"LDLRAD4",0,"ENSG00000168675",1592.5302383109,0.150967083914893,0.299634032831654,0.503838240563655,0.614375052912785,1,FALSE
"chr18",13394935,13395448,"AluJo",1033,"SetA_ER_H3K27ac","10nM",FALSE,"LDLRAD4",0,"ENSG00000168675",1592.5302383109,0.150967083914893,0.299634032831654,0.503838240563655,0.614375052912785,1,FALSE
"chr18",13425857,13426192,"AluSc",712,"SetA_ER_H3K27ac","10nM",FALSE,"LDLRAD4",0,"ENSG00000168675",1592.5302383109,0.150967083914893,0.299634032831654,0.503838240563655,0.614375052912785,1,FALSE
"chr18",13539769,13540420,"AluSz",945,"SetA_ER_H3K27ac","10nM",FALSE,"LDLRAD4",0,"ENSG00000168675",1592.5302383109,0.150967083914893,0.299634032831654,0.503838240563655,0.614375052912785,1,FALSE
"chr18",14947567,14947770,"AluSx1",4178,"SetA_ER_H3K27ac","10nM",FALSE,"LINC01443",0,"ENSG00000266554",2.69154159263829,4.64726532552055,1.99443262713753,2.33011898335741,0.019799863366026,0.30888405113713,FALSE
"chr18",21330014,21330523,"AluSz6",669,"SetA_ER_H3K27ac","10nM",FALSE,"GREB1L",0,"ENSG00000141449",284.999665152301,0.698040972778663,0.29634718039133,2.35548376690101,0.0184986052660584,0.295977684256935,FALSE
"chr18",22847237,22847534,"AluSx3",1479,"SetA_ER_H3K27ac","10nM",FALSE,"RBBP8-AS1",0,"ENSG00000266850",2.78304758732948,0.0951413099194824,1.52322098462238,0.062460608723211,0.950196030345483,1,FALSE
"chr18",22871756,22872042,"AluSx3",1297,"SetA_ER_H3K27ac","10nM",FALSE,"RBBP8-AS1",0,"ENSG00000266850",2.78304758732948,0.0951413099194824,1.52322098462238,0.062460608723211,0.950196030345483,1,FALSE
"chr18",22873270,22873563,"AluSx1",212,"SetA_ER_H3K27ac","10nM",FALSE,"RBBP8-AS1",0,"ENSG00000266850",2.78304758732948,0.0951413099194824,1.52322098462238,0.062460608723211,0.950196030345483,1,FALSE
"chr18",23257833,23258138,"AluSx1",1058,"SetA_ER_H3K27ac","10nM",FALSE,"CABLES1",0,"ENSG00000134508",1535.25826621776,-0.452763957997685,0.232279691520177,-1.94921887072661,0.0512692923155508,0.531535241310576,FALSE
"chr18",23401617,23401853,"AluJr",670,"SetA_ER_H3K27ac","10nM",FALSE,"TMEM241",0,"ENSG00000134490",432.045695477928,-0.52367621670776,0.229562638014433,-2.28119096921528,0.0225371489137569,0.332136983250517,FALSE
"chr18",23585665,23585890,"AluJb",340,"SetA_ER_H3K27ac","10nM",FALSE,"NPC1",0,"ENSG00000141458",2008.4382431909,0.901134371290968,0.221622704221949,4.06607425197965,4.78117080918193e-05,0.00263941760913513,TRUE
"chr18",23604132,23604413,"AluSz",0,"SetA_ER_H3K27ac","10nM",TRUE,"ANKRD29",0,"ENSG00000154065",34.5429573700927,1.62660639145773,0.527633499870191,3.08283380766746,0.00205039627642585,0.0579563213410101,FALSE
"chr18",23626669,23627760,"AluSz6",795,"SetA_ER_H3K27ac","10nM",FALSE,"ANKRD29",0,"ENSG00000154065",34.5429573700927,1.62660639145773,0.527633499870191,3.08283380766746,0.00205039627642585,0.0579563213410101,FALSE
"chr18",23629402,23629901,"AluSx4",115,"SetA_ER_H3K27ac","10nM",FALSE,"ANKRD29",0,"ENSG00000154065",34.5429573700927,1.62660639145773,0.527633499870191,3.08283380766746,0.00205039627642585,0.0579563213410101,FALSE
"chr18",23722661,23722978,"AluJr",1491,"SetA_ER_H3K27ac","10nM",FALSE,"LAMA3",0,"ENSG00000053747",1002.75447276194,0.1853148640409,0.369075285293535,0.502105861392247,0.615593057358419,1,FALSE
"chr18",25090171,25090403,"AluY",1654,"SetA_ER_H3K27ac","10nM",FALSE,"ZNF521",0,"ENSG00000198795",26.183898016621,0.793695171064265,0.670512200026112,1.18371473484503,0.23652600416532,1,FALSE
"chr18",25111662,25111933,"AluSx1",601,"SetA_ER_H3K27ac","10nM",FALSE,"ZNF521",0,"ENSG00000198795",26.183898016621,0.793695171064265,0.670512200026112,1.18371473484503,0.23652600416532,1,FALSE
"chr18",25168620,25168959,"AluSz",9649,"SetA_ER_H3K27ac","10nM",FALSE,"ZNF521",0,"ENSG00000198795",26.183898016621,0.793695171064265,0.670512200026112,1.18371473484503,0.23652600416532,1,FALSE
"chr18",26575375,26575727,"AluJr4",1817,"SetA_ER_H3K27ac","10nM",FALSE,"KCTD1",0,"ENSG00000134504",524.368596632941,0.263452874137404,0.183812122336738,1.43327257630358,0.151779955901789,0.898049990400405,FALSE
"chr18",32769957,32770301,"AluJo",11674,"SetA_ER_H3K27ac","10nM",FALSE,"KLHL14",0,"ENSG00000197705",24.3606589719513,2.78610691763844,0.693060095243726,4.02000769739695,5.8196239947403e-05,0.00314322610569974,TRUE
"chr18",36580765,36581041,"AluJb",2801,"SetA_ER_H3K27ac","10nM",FALSE,"FHOD3",0,"ENSG00000134775",59.3650807455595,0.0572828491747873,0.644244015559331,0.0889148331863889,0.929149595066482,1,FALSE
"chr18",39523315,39523614,"AluY",589,"SetA_ER_H3K27ac","10nM",FALSE,"MIR924HG",0,"ENSG00000267374",65.4776406637449,0.197995533728067,0.386348586940435,0.512478990271531,0.60831582065861,1,FALSE
"chr18",44729698,44730085,"AluJo",6018,"SetA_ER_H3K27ac","10nM",FALSE,"SETBP1",0,"ENSG00000152217",292.516445716034,-0.186386193483716,0.399128575603156,-0.466982834296072,0.640512159418418,1,FALSE
"chr18",44825948,44826183,"AluSx",2813,"SetA_ER_H3K27ac","10nM",FALSE,"SETBP1",0,"ENSG00000152217",292.516445716034,-0.186386193483716,0.399128575603156,-0.466982834296072,0.640512159418418,1,FALSE
"chr18",44831656,44832023,"AluSx",8521,"SetA_ER_H3K27ac","10nM",FALSE,"SETBP1",0,"ENSG00000152217",292.516445716034,-0.186386193483716,0.399128575603156,-0.466982834296072,0.640512159418418,1,FALSE
"chr18",44916414,44916667,"AluSz",183,"SetA_ER_H3K27ac","10nM",FALSE,"SETBP1",0,"ENSG00000152217",292.516445716034,-0.186386193483716,0.399128575603156,-0.466982834296072,0.640512159418418,1,FALSE
"chr18",44918067,44918394,"AluSc",954,"SetA_ER_H3K27ac","10nM",FALSE,"SETBP1",0,"ENSG00000152217",292.516445716034,-0.186386193483716,0.399128575603156,-0.466982834296072,0.640512159418418,1,FALSE
"chr18",45802630,45803040,"AluSz",89,"SetA_ER_H3K27ac","10nM",FALSE,"EPG5",0,"ENSG00000152223",727.512534365866,-0.0767300463691855,0.28289073245619,-0.27123563116748,0.786209810051763,1,FALSE
"chr18",46113780,46114360,"AluSz",405,"SetA_ER_H3K27ac","10nM",FALSE,"HAUS1",0,"ENSG00000152240",831.731263108366,0.051351454186745,0.391433768395033,0.131188104688304,0.895626505714735,1,FALSE
"chr18",48038065,48038318,"AluY",5331,"SetA_ER_H3K27ac","10nM",FALSE,"ZBTB7C",0,"ENSG00000184828",9.30795702678243,-1.90516006864646,1.40235383989324,-1.35854448032282,0.174290978502868,0.944109130081293,FALSE
"chr18",48123917,48124304,"AluSx1",3285,"SetA_ER_H3K27ac","10nM",FALSE,"ZBTB7C",0,"ENSG00000184828",9.30795702678243,-1.90516006864646,1.40235383989324,-1.35854448032282,0.174290978502868,0.944109130081293,FALSE
"chr18",48126717,48127033,"AluSz",3860,"SetA_ER_H3K27ac","10nM",FALSE,"ZBTB7C",0,"ENSG00000184828",9.30795702678243,-1.90516006864646,1.40235383989324,-1.35854448032282,0.174290978502868,0.944109130081293,FALSE
"chr18",48308122,48308514,"AluSc",277,"SetA_ER_H3K27ac","10nM",FALSE,"ZBTB7C",0,"ENSG00000184828",9.30795702678243,-1.90516006864646,1.40235383989324,-1.35854448032282,0.174290978502868,0.944109130081293,FALSE
"chr18",48548235,48548569,"AluY",3224,"SetA_ER_H3K27ac","10nM",FALSE,"CTIF",0,"ENSG00000134030",612.568488597814,0.0170632160985439,0.261534829303052,0.0652426146988325,0.947980831761854,1,FALSE
"chr18",48974629,48974937,"AluSq",1349,"SetA_ER_H3K27ac","10nM",FALSE,"ENSG00000309250",0,"ENSG00000309250",5.37354966054507,2.75051377770351,1.84660067182541,1.48950112478003,0.136355457375739,0.868115722632006,FALSE
"chr18",48982927,48983356,"AluSc5",202,"SetA_ER_H3K27ac","10nM",FALSE,"ENSG00000309250",0,"ENSG00000309250",5.37354966054507,2.75051377770351,1.84660067182541,1.48950112478003,0.136355457375739,0.868115722632006,FALSE
"chr18",48984043,48984251,"AluJb",0,"SetA_ER_H3K27ac","10nM",TRUE,"ENSG00000309250",0,"ENSG00000309250",5.37354966054507,2.75051377770351,1.84660067182541,1.48950112478003,0.136355457375739,0.868115722632006,FALSE
"chr18",48990808,48991305,"AluJo",1270,"SetA_ER_H3K27ac","10nM",FALSE,"ENSG00000309250",0,"ENSG00000309250",5.37354966054507,2.75051377770351,1.84660067182541,1.48950112478003,0.136355457375739,0.868115722632006,FALSE
"chr18",48994137,48994392,"AluSx1",2044,"SetA_ER_H3K27ac","10nM",FALSE,"ENSG00000309250",0,"ENSG00000309250",5.37354966054507,2.75051377770351,1.84660067182541,1.48950112478003,0.136355457375739,0.868115722632006,FALSE
"chr18",48996957,48997304,"AluSx1",213,"SetA_ER_H3K27ac","10nM",FALSE,"ENSG00000309250",0,"ENSG00000309250",5.37354966054507,2.75051377770351,1.84660067182541,1.48950112478003,0.136355457375739,0.868115722632006,FALSE
"chr18",49021573,49021892,"AluJr",260,"SetA_ER_H3K27ac","10nM",FALSE,"ENSG00000309250",0,"ENSG00000309250",5.37354966054507,2.75051377770351,1.84660067182541,1.48950112478003,0.136355457375739,0.868115722632006,FALSE
"chr18",54958679,54959066,"AluJo",821,"SetA_ER_H3K27ac","10nM",FALSE,"CCDC68",0,"ENSG00000166510",63.2536441790591,2.57233657581059,0.451064460527867,5.70281367944677,1.17845774494828e-08,1.85435365534246e-06,TRUE
"chr18",57437523,57437752,"AluSx",11297,"SetA_ER_H3K27ac","10nM",FALSE,"ONECUT2",0,"ENSG00000119547",1570.63154575792,0.581580597198584,0.464298256687039,1.25260129415174,0.210350843655948,0.99302906443135,FALSE
"chr18",57581476,57581738,"AluJo",744,"SetA_ER_H3K27ac","10nM",FALSE,"FECH",0,"ENSG00000066926",1506.37115890761,0.303765263238467,0.237520066249681,1.27890358079957,0.200931011538242,0.98344485294642,FALSE
"chr18",57793658,57794057,"AluSx",584,"SetA_ER_H3K27ac","10nM",FALSE,"ATP8B1",0,"ENSG00000081923",3031.90936828409,0.500846902738683,0.233802772696305,2.14217691673508,0.032179248275169,0.409338063355174,FALSE
"chr18",57794351,57794639,"AluSx",2,"SetA_ER_H3K27ac","10nM",FALSE,"ATP8B1",0,"ENSG00000081923",3031.90936828409,0.500846902738683,0.233802772696305,2.14217691673508,0.032179248275169,0.409338063355174,FALSE
"chr18",58087863,58088062,"AluSp",0,"SetA_ER_H3K27ac","10nM",TRUE,"NEDD4L",0,"ENSG00000049759",2904.39286301898,-0.188101006596699,0.421016111102136,-0.446778642518663,0.655034893381577,1,FALSE
"chr18",63132481,63132805,"AluSx1",515,"SetA_ER_H3K27ac","10nM",FALSE,"BCL2",0,"ENSG00000171791",4199.54486484093,0.967588370211964,0.216155284725535,4.47635768628358,7.59272389996075e-06,0.000568288368602305,TRUE
"chr18",63155627,63155990,"AluSx1",5446,"SetA_ER_H3K27ac","10nM",FALSE,"BCL2",0,"ENSG00000171791",4199.54486484093,0.967588370211964,0.216155284725535,4.47635768628358,7.59272389996075e-06,0.000568288368602305,TRUE
"chr18",63156208,63156498,"AluSx1",6027,"SetA_ER_H3K27ac","10nM",FALSE,"BCL2",0,"ENSG00000171791",4199.54486484093,0.967588370211964,0.216155284725535,4.47635768628358,7.59272389996075e-06,0.000568288368602305,TRUE
"chr18",63187038,63187422,"AluSx",6910,"SetA_ER_H3K27ac","10nM",FALSE,"BCL2",0,"ENSG00000171791",4199.54486484093,0.967588370211964,0.216155284725535,4.47635768628358,7.59272389996075e-06,0.000568288368602305,TRUE
"chr18",63220875,63221229,"AluSz",770,"SetA_ER_H3K27ac","10nM",FALSE,"BCL2",0,"ENSG00000171791",4199.54486484093,0.967588370211964,0.216155284725535,4.47635768628358,7.59272389996075e-06,0.000568288368602305,TRUE
"chr18",63225704,63226093,"AluJb",1247,"SetA_ER_H3K27ac","10nM",FALSE,"BCL2",0,"ENSG00000171791",4199.54486484093,0.967588370211964,0.216155284725535,4.47635768628358,7.59272389996075e-06,0.000568288368602305,TRUE
"chr18",63230918,63231113,"AluSz6",1910,"SetA_ER_H3K27ac","10nM",FALSE,"BCL2",0,"ENSG00000171791",4199.54486484093,0.967588370211964,0.216155284725535,4.47635768628358,7.59272389996075e-06,0.000568288368602305,TRUE
"chr18",63241357,63242006,"AluJb",1070,"SetA_ER_H3K27ac","10nM",FALSE,"BCL2",0,"ENSG00000171791",4199.54486484093,0.967588370211964,0.216155284725535,4.47635768628358,7.59272389996075e-06,0.000568288368602305,TRUE
"chr18",63254660,63255218,"AluSz",95,"SetA_ER_H3K27ac","10nM",FALSE,"BCL2",0,"ENSG00000171791",4199.54486484093,0.967588370211964,0.216155284725535,4.47635768628358,7.59272389996075e-06,0.000568288368602305,TRUE
"chr18",63257306,63257676,"AluSz",791,"SetA_ER_H3K27ac","10nM",FALSE,"BCL2",0,"ENSG00000171791",4199.54486484093,0.967588370211964,0.216155284725535,4.47635768628358,7.59272389996075e-06,0.000568288368602305,TRUE
"chr18",63259477,63259832,"AluSx1",1953,"SetA_ER_H3K27ac","10nM",FALSE,"BCL2",0,"ENSG00000171791",4199.54486484093,0.967588370211964,0.216155284725535,4.47635768628358,7.59272389996075e-06,0.000568288368602305,TRUE
"chr18",63260463,63260662,"AluSx1",1123,"SetA_ER_H3K27ac","10nM",FALSE,"BCL2",0,"ENSG00000171791",4199.54486484093,0.967588370211964,0.216155284725535,4.47635768628358,7.59272389996075e-06,0.000568288368602305,TRUE
"chr18",63261754,63261989,"AluSx1",0,"SetA_ER_H3K27ac","10nM",TRUE,"BCL2",0,"ENSG00000171791",4199.54486484093,0.967588370211964,0.216155284725535,4.47635768628358,7.59272389996075e-06,0.000568288368602305,TRUE
"chr18",63265281,63265603,"AluSq2",1213,"SetA_ER_H3K27ac","10nM",FALSE,"BCL2",0,"ENSG00000171791",4199.54486484093,0.967588370211964,0.216155284725535,4.47635768628358,7.59272389996075e-06,0.000568288368602305,TRUE
"chr18",74282637,74282864,"AluSq2",1087,"SetA_ER_H3K27ac","10nM",FALSE,"CYB5A",0,"ENSG00000166347",3160.75318326534,0.257175784141877,0.238607044090662,1.07782142443439,0.281113456544996,1,FALSE
"chr18",74283706,74284124,"AluSq2",0,"SetA_ER_H3K27ac","10nM",TRUE,"CYB5A",0,"ENSG00000166347",3160.75318326534,0.257175784141877,0.238607044090662,1.07782142443439,0.281113456544996,1,FALSE
"chr18",74920358,74920656,"AluSq2",5868,"SetA_ER_H3K27ac","10nM",FALSE,"ZNF407",0,"ENSG00000215421",776.38291206949,-0.111895831174901,0.219035977077468,-0.51085594552956,0.609451931199945,1,FALSE
"chr18",74929201,74929451,"AluSq2",2398,"SetA_ER_H3K27ac","10nM",FALSE,"ZNF407",0,"ENSG00000215421",776.38291206949,-0.111895831174901,0.219035977077468,-0.51085594552956,0.609451931199945,1,FALSE
"chr18",74961158,74961482,"AluJb",0,"SetA_ER_H3K27ac","10nM",TRUE,"ZNF407",0,"ENSG00000215421",776.38291206949,-0.111895831174901,0.219035977077468,-0.51085594552956,0.609451931199945,1,FALSE
"chr18",76857513,76857924,"AluSx1",1032,"SetA_ER_H3K27ac","10nM",FALSE,"ZNF236",0,"ENSG00000130856",1180.79613634369,0.411171131060864,1.07363018730725,0.382972773979201,0.701739951151611,1,FALSE
"chr18",77043347,77043741,"AluSx1",4726,"SetA_ER_H3K27ac","10nM",FALSE,"MBP",0,"ENSG00000197971",3502.1985147602,-0.320333424865911,0.260212005328457,-1.23104783140795,0.2183049753684,1,FALSE
"chr18",77054743,77055058,"AluY",2767,"SetA_ER_H3K27ac","10nM",FALSE,"MBP",0,"ENSG00000197971",3502.1985147602,-0.320333424865911,0.260212005328457,-1.23104783140795,0.2183049753684,1,FALSE
"chr18",77055163,77055444,"AluY",2381,"SetA_ER_H3K27ac","10nM",FALSE,"MBP",0,"ENSG00000197971",3502.1985147602,-0.320333424865911,0.260212005328457,-1.23104783140795,0.2183049753684,1,FALSE
"chr18",79405237,79405782,"AluSx",1665,"SetA_ER_H3K27ac","10nM",FALSE,"NFATC1",0,"ENSG00000131196",1348.48509332308,1.28969773640329,0.322118374148066,4.00380058981193,6.23329119006907e-05,0.00332176243046241,TRUE
"chr19",1166824,1167158,"AluJo",221,"SetA_ER_H3K27ac","10nM",FALSE,"SBNO2",0,"ENSG00000064932",1609.12413104963,1.28454417935171,0.375910178740397,3.41715721467285,0.000632787260761221,0.0227439219767127,TRUE
"chr19",1170217,1170632,"AluJo",3614,"SetA_ER_H3K27ac","10nM",FALSE,"SBNO2",0,"ENSG00000064932",1609.12413104963,1.28454417935171,0.375910178740397,3.41715721467285,0.000632787260761221,0.0227439219767127,TRUE
"chr19",1181557,1182177,"AluY",164,"SetA_ER_H3K27ac","10nM",FALSE,"STK11",0,"ENSG00000118046",2802.2287736898,0.812851033623519,0.189360033627859,4.29262193320572,1.76575524175638e-05,0.00117232068941062,TRUE
"chr19",1184931,1185179,"AluSx1",0,"SetA_ER_H3K27ac","10nM",TRUE,"STK11",0,"ENSG00000118046",2802.2287736898,0.812851033623519,0.189360033627859,4.29262193320572,1.76575524175638e-05,0.00117232068941062,TRUE
"chr19",1185628,1185965,"AluSx",0,"SetA_ER_H3K27ac","10nM",TRUE,"STK11",0,"ENSG00000118046",2802.2287736898,0.812851033623519,0.189360033627859,4.29262193320572,1.76575524175638e-05,0.00117232068941062,TRUE
"chr19",1208022,1208309,"AluY",0,"SetA_ER_H3K27ac","10nM",TRUE,"STK11",0,"ENSG00000118046",2802.2287736898,0.812851033623519,0.189360033627859,4.29262193320572,1.76575524175638e-05,0.00117232068941062,TRUE
"chr19",1513100,1513715,"AluSx",396,"SetA_ER_H3K27ac","10nM",FALSE,"ADAMTSL5",0,"ENSG00000185761",368.339297676427,2.01433323209601,0.387742520182477,5.19502795604681,2.04689078707809e-07,2.37820148191677e-05,TRUE
"chr19",2168783,2169343,"AluSx3",0,"SetA_ER_H3K27ac","10nM",TRUE,"DOT1L",0,"ENSG00000104885",2343.42025471012,0.402914005767818,0.270689112218383,1.48847510882802,0.136625641716104,0.868115722632006,FALSE
"chr19",2520155,2520486,"AluSx",0,"SetA_ER_H3K27ac","10nM",TRUE,"GNG7",0,"ENSG00000176533",23.2412443761101,-0.0418925143917611,0.955235237891567,-0.0438557045741193,0.965019423933162,1,FALSE
"chr19",2524975,2525388,"AluSx1",428,"SetA_ER_H3K27ac","10nM",FALSE,"GNG7",0,"ENSG00000176533",23.2412443761101,-0.0418925143917611,0.955235237891567,-0.0438557045741193,0.965019423933162,1,FALSE
"chr19",2529511,2529771,"AluSx",0,"SetA_ER_H3K27ac","10nM",TRUE,"GNG7",0,"ENSG00000176533",23.2412443761101,-0.0418925143917611,0.955235237891567,-0.0438557045741193,0.965019423933162,1,FALSE
"chr19",2535510,2535931,"AluJb",0,"SetA_ER_H3K27ac","10nM",TRUE,"GNG7",0,"ENSG00000176533",23.2412443761101,-0.0418925143917611,0.955235237891567,-0.0438557045741193,0.965019423933162,1,FALSE
"chr19",2576160,2576582,"AluJr",0,"SetA_ER_H3K27ac","10nM",TRUE,"GNG7",0,"ENSG00000176533",23.2412443761101,-0.0418925143917611,0.955235237891567,-0.0438557045741193,0.965019423933162,1,FALSE
"chr19",2579056,2579563,"AluSx",719,"SetA_ER_H3K27ac","10nM",FALSE,"GNG7",0,"ENSG00000176533",23.2412443761101,-0.0418925143917611,0.955235237891567,-0.0438557045741193,0.965019423933162,1,FALSE
"chr19",3336732,3337013,"AluJb",873,"SetA_ER_H3K27ac","10nM",FALSE,"NFIC",0,"ENSG00000141905",3445.13529147153,0.69999683109002,0.357684188969712,1.95702480757206,0.0503445517843767,0.525336953963122,FALSE
"chr19",3384922,3385210,"AluSx1",236,"SetA_ER_H3K27ac","10nM",FALSE,"NFIC",0,"ENSG00000141905",3445.13529147153,0.69999683109002,0.357684188969712,1.95702480757206,0.0503445517843767,0.525336953963122,FALSE
"chr19",3387705,3388007,"AluSx1",181,"SetA_ER_H3K27ac","10nM",FALSE,"NFIC",0,"ENSG00000141905",3445.13529147153,0.69999683109002,0.357684188969712,1.95702480757206,0.0503445517843767,0.525336953963122,FALSE
"chr19",3389988,3390316,"AluSp",0,"SetA_ER_H3K27ac","10nM",TRUE,"NFIC",0,"ENSG00000141905",3445.13529147153,0.69999683109002,0.357684188969712,1.95702480757206,0.0503445517843767,0.525336953963122,FALSE
"chr19",3555897,3556100,"AluSx",500,"SetA_ER_H3K27ac","10nM",FALSE,"MFSD12",0,"ENSG00000161091",1581.1760222384,0.125689372501592,0.270201753844586,0.465168603509086,0.641810720539043,1,FALSE
"chr19",3606283,3606645,"AluJb",3159,"SetA_ER_H3K27ac","10nM",FALSE,"TBXA2R",0,"ENSG00000006638",13.0747491073374,4.46625932363098,1.54259391496006,2.89529167742544,0.00378806370158748,0.0942723101027697,FALSE
"chr19",3708685,3708917,"AluSq",193,"SetA_ER_H3K27ac","10nM",FALSE,"TJP3",0,"ENSG00000105289",1730.59427031499,0.343938279518921,0.326860569268173,1.05224769169614,0.29268592376549,1,FALSE
"chr19",3713072,3713505,"AluJo",96,"SetA_ER_H3K27ac","10nM",FALSE,"TJP3",0,"ENSG00000105289",1730.59427031499,0.343938279518921,0.326860569268173,1.05224769169614,0.29268592376549,1,FALSE
"chr19",4042810,4043030,"AluJb",745,"SetA_ER_H3K27ac","10nM",FALSE,"ZBTB7A",273,"ENSG00000178951",7209.17112528459,0.373638022966101,0.416162157154027,0.897818354079255,0.369282397925938,1,FALSE
"chr19",4061895,4062132,"AluSc",4086,"SetA_ER_H3K27ac","10nM",FALSE,"ZBTB7A",0,"ENSG00000178951",7209.17112528459,0.373638022966101,0.416162157154027,0.897818354079255,0.369282397925938,1,FALSE
"chr19",4063149,4063453,"AluSx1",5197,"SetA_ER_H3K27ac","10nM",FALSE,"ZBTB7A",0,"ENSG00000178951",7209.17112528459,0.373638022966101,0.416162157154027,0.897818354079255,0.369282397925938,1,FALSE
"chr19",4536726,4537097,"AluSx",20,"SetA_ER_H3K27ac","10nM",FALSE,"ENSG00000267385",0,"ENSG00000267385",4.22516326097493,4.98396200322412,1.65284908197481,3.01537633264698,0.00256660580451667,0.0686527004283653,FALSE
"chr19",4538000,4538192,"AluY",135,"SetA_ER_H3K27ac","10nM",FALSE,"ENSG00000267385",0,"ENSG00000267385",4.22516326097493,4.98396200322412,1.65284908197481,3.01537633264698,0.00256660580451667,0.0686527004283653,FALSE
"chr19",4538381,4538716,"AluY",516,"SetA_ER_H3K27ac","10nM",FALSE,"ENSG00000267385",0,"ENSG00000267385",4.22516326097493,4.98396200322412,1.65284908197481,3.01537633264698,0.00256660580451667,0.0686527004283653,FALSE
"chr19",4539895,4540180,"AluJb",332,"SetA_ER_H3K27ac","10nM",FALSE,"ENSG00000267385",0,"ENSG00000267385",4.22516326097493,4.98396200322412,1.65284908197481,3.01537633264698,0.00256660580451667,0.0686527004283653,FALSE
"chr19",4792332,4792524,"AluSq2",1286,"SetA_ER_H3K27ac","10nM",FALSE,"FEM1A",0,"ENSG00000141965",2134.30241532062,0.439875261114886,0.253052975499156,1.73827341981344,0.0821626475800261,0.69576271380776,FALSE
"chr19",4914892,4915178,"AluSx",254,"SetA_ER_H3K27ac","10nM",FALSE,"UHRF1",0,"ENSG00000276043",1961.48677954268,-0.23247559260389,0.229352660030107,-1.0136162910575,0.310765881046263,1,FALSE
"chr19",4970784,4971118,"AluSx1",2072,"SetA_ER_H3K27ac","10nM",FALSE,"KDM4B",0,"ENSG00000127663",1474.47115997389,0.756326229942134,0.294507925411995,2.56810144882888,0.0102257224726641,0.198591679197007,FALSE
"chr19",4971680,4971975,"AluSx1",1215,"SetA_ER_H3K27ac","10nM",FALSE,"KDM4B",0,"ENSG00000127663",1474.47115997389,0.756326229942134,0.294507925411995,2.56810144882888,0.0102257224726641,0.198591679197007,FALSE
"chr19",4991610,4992333,"AluJb",118,"SetA_ER_H3K27ac","10nM",FALSE,"KDM4B",0,"ENSG00000127663",1474.47115997389,0.756326229942134,0.294507925411995,2.56810144882888,0.0102257224726641,0.198591679197007,FALSE
"chr19",6681654,6682024,"AluJo",87,"SetA_ER_H3K27ac","10nM",FALSE,"C3",0,"ENSG00000125730",67.4544465365668,0.898871554326939,0.604676750157273,1.48653235649154,0.137138364920757,0.869356840244545,FALSE
"chr19",7254665,7254955,"AluJr",108,"SetA_ER_H3K27ac","10nM",FALSE,"INSR",0,"ENSG00000171105",458.852065883936,0.367061636254645,0.463069027824496,0.792671533181791,0.427969219855256,1,FALSE
"chr19",7414800,7415069,"AluSc",0,"SetA_ER_H3K27ac","10nM",TRUE,"ARHGEF18",0,"ENSG00000104880",1149.7271046781,1.15517809089626,0.290135353534064,3.98151440982747,6.84775687869262e-05,0.0035917473350077,TRUE
"chr19",7421920,7422223,"AluSx",147,"SetA_ER_H3K27ac","10nM",FALSE,"ARHGEF18",0,"ENSG00000104880",1149.7271046781,1.15517809089626,0.290135353534064,3.98151440982747,6.84775687869262e-05,0.0035917473350077,TRUE
"chr19",7620063,7620376,"AluSz",2848,"SetA_ER_H3K27ac","10nM",FALSE,"XAB2",0,"ENSG00000076924",1300.60574323034,0.0117742627181935,0.161065007082839,0.0731025499048209,0.941724512559158,1,FALSE
"chr19",7888637,7888862,"AluSx",309,"SetA_ER_H3K27ac","10nM",FALSE,"LRRC8E",0,"ENSG00000171017",566.681756232604,0.727203410552235,0.325397067969967,2.23481857131962,0.0254292621174006,0.357071787096127,FALSE
"chr19",7904058,7904492,"AluSg7",1400,"SetA_ER_H3K27ac","10nM",FALSE,"MAP2K7",0,"ENSG00000076984",1444.52432299031,0.263737808452243,0.174276783485869,1.51332726698866,0.130196549865882,0.851390004096788,FALSE
"chr19",8310858,8311116,"AluSq2",0,"SetA_ER_H3K27ac","10nM",TRUE,"ENSG00000167774",0,"ENSG00000167774",232.305965898163,-0.476166517583118,2.47525364165102,-0.192370797711668,0.847451765228715,1,FALSE
"chr19",9846335,9847072,"FLAM_A",708,"SetA_ER_H3K27ac","10nM",FALSE,"PIN1",0,"ENSG00000127445",1057.62322457635,0.217433322404712,0.165017413853088,1.31763864993236,0.187624640824132,0.962059000762863,FALSE
"chr19",10501939,10502303,"AluSx1",97,"SetA_ER_H3K27ac","10nM",FALSE,"KEAP1",0,"ENSG00000079999",3139.6641643498,0.269531591874018,0.206923908851638,1.30256379443938,0.192723725156026,0.971592059414235,FALSE
"chr19",10502436,10502713,"AluSx1",594,"SetA_ER_H3K27ac","10nM",FALSE,"KEAP1",0,"ENSG00000079999",3139.6641643498,0.269531591874018,0.206923908851638,1.30256379443938,0.192723725156026,0.971592059414235,FALSE
"chr19",10863445,10863695,"AluSq2",0,"SetA_ER_H3K27ac","10nM",TRUE,"C19orf38",0,"ENSG00000214212",5.78270458570284,1.01945724123577,1.01611985280564,1.00328444368143,0.315723639699948,1,FALSE
"chr19",11477011,11477198,"AluSx1",80,"SetA_ER_H3K27ac","10nM",FALSE,"ELAVL3",0,"ENSG00000196361",2.36550945462785,2.52277135791769,1.55989288107039,1.61727217845021,0.10581954202095,0.783511570117327,FALSE
"chr19",11696764,11697101,"AluJr",0,"SetA_ER_H3K27ac","10nM",TRUE,"ENSG00000289985",1752,"ENSG00000289985",43.9505834218281,1.3797527575703,0.604798805602195,2.28134173677226,0.0225282328028213,0.332136983250517,FALSE
"chr19",11729663,11729984,"AluSp",0,"SetA_ER_H3K27ac","10nM",TRUE,"ZNF823",0,"ENSG00000197933",784.344973752818,1.71091220396641,0.482463965960689,3.54619686583146,0.000390834112079059,0.0153748600310786,TRUE
"chr19",11737992,11738265,"AluSp",433,"SetA_ER_H3K27ac","10nM",FALSE,"ZNF823",0,"ENSG00000197933",784.344973752818,1.71091220396641,0.482463965960689,3.54619686583146,0.000390834112079059,0.0153748600310786,TRUE
"chr19",12293889,12294072,"AluSq2",721,"SetA_ER_H3K27ac","10nM",FALSE,"ZNF44",0,"ENSG00000197857",424.832221571025,0.161410670273043,0.247964837665852,0.650941769778478,0.515084076643472,1,FALSE
"chr19",14119662,14119889,"AluSq2",946,"SetA_ER_H3K27ac","10nM",FALSE,"ASF1B",0,"ENSG00000105011",1741.34648994378,-0.171738635024377,0.123545102784656,-1.39008856808938,0.164501984282998,0.927441873943152,FALSE
"chr19",15479425,15479758,"AluSx1",518,"SetA_ER_H3K27ac","10nM",FALSE,"PGLYRP2",0,"ENSG00000161031",180.26198955473,7.32586032136474,0.905728491649399,8.08836244957228,6.04722273800953e-16,5.75465234268488e-13,TRUE
"chr19",15480126,15480440,"AluSx",310,"SetA_ER_H3K27ac","10nM",FALSE,"PGLYRP2",0,"ENSG00000161031",180.26198955473,7.32586032136474,0.905728491649399,8.08836244957228,6.04722273800953e-16,5.75465234268488e-13,TRUE
"chr19",15485755,15486082,"AluSq2",0,"SetA_ER_H3K27ac","10nM",TRUE,"PGLYRP2",0,"ENSG00000161031",180.26198955473,7.32586032136474,0.905728491649399,8.08836244957228,6.04722273800953e-16,5.75465234268488e-13,TRUE
"chr19",15488503,15489051,"AluSq",99,"SetA_ER_H3K27ac","10nM",FALSE,"PGLYRP2",0,"ENSG00000161031",180.26198955473,7.32586032136474,0.905728491649399,8.08836244957228,6.04722273800953e-16,5.75465234268488e-13,TRUE
"chr19",15562885,15563450,"AluY",48,"SetA_ER_H3K27ac","10nM",FALSE,"CYP4F23P",624,"ENSG00000269516",7.83880790169004,0.736638845992956,0.805350619079941,0.914680921006203,0.360359163205255,1,FALSE
"chr19",15828499,15828902,"AluJo",445,"SetA_ER_H3K27ac","10nM",FALSE,"UCA1-AS1",0,"ENSG00000267308",2.78993640524568,-0.890241211685841,1.38301905871336,-0.643694102461643,0.519773814975932,1,FALSE
"chr19",15934948,15935386,"AluSx1",3719,"SetA_ER_H3K27ac","10nM",FALSE,"CYP4F11",16,"ENSG00000171903",211.928442891037,0.461880350900529,0.345460767330688,1.33699798813449,0.18122329354684,0.951644699317062,FALSE
"chr19",16093676,16093869,"AluSc8",84,"SetA_ER_H3K27ac","10nM",FALSE,"TPM4",0,"ENSG00000167460",16242.7127591033,-0.186864413668506,0.313251712971472,-0.596531179018721,0.550820431273403,1,FALSE
"chr19",16098087,16098311,"AluSx1",0,"SetA_ER_H3K27ac","10nM",TRUE,"TPM4",0,"ENSG00000167460",16242.7127591033,-0.186864413668506,0.313251712971472,-0.596531179018721,0.550820431273403,1,FALSE
"chr19",16143430,16143632,"AluSz6",51,"SetA_ER_H3K27ac","10nM",FALSE,"HSH2D",0,"ENSG00000196684",108.69545293607,-0.117169893034806,0.497416145399145,-0.235557076541584,0.813776384153528,1,FALSE
"chr19",16462932,16463181,"AluSz",240,"SetA_ER_H3K27ac","10nM",FALSE,"EPS15L1",0,"ENSG00000127527",1507.53841999315,0.303880219652188,0.135502767147571,2.24261264953537,0.0249218038220252,0.35172127653909,FALSE
"chr19",16463709,16464289,"AluY",517,"SetA_ER_H3K27ac","10nM",FALSE,"EPS15L1",0,"ENSG00000127527",1507.53841999315,0.303880219652188,0.135502767147571,2.24261264953537,0.0249218038220252,0.35172127653909,FALSE
"chr19",17244726,17244962,"AluSp",2408,"SetA_ER_H3K27ac","10nM",FALSE,"NR2F6",0,"ENSG00000160113",3305.07428491548,0.474807754836666,0.301394391689411,1.5753702388927,0.115171009793584,0.811346536242332,FALSE
"chr19",18380234,18380494,"AluJo",102,"SetA_ER_H3K27ac","10nM",FALSE,"GDF15",0,"ENSG00000130513",233.075472367476,-0.0507215582857294,0.605972606486348,-0.083702724748288,0.933292790714432,1,FALSE
"chr19",18484818,18485104,"AluJb",150,"SetA_ER_H3K27ac","10nM",FALSE,"ELL",0,"ENSG00000105656",840.847235868278,0.828648428601083,0.284371907155726,2.9139602321804,0.003568753649441,0.089595443379936,FALSE
"chr19",18486173,18486505,"AluSc8",171,"SetA_ER_H3K27ac","10nM",FALSE,"ELL",0,"ENSG00000105656",840.847235868278,0.828648428601083,0.284371907155726,2.9139602321804,0.003568753649441,0.089595443379936,FALSE
"chr19",18488122,18488353,"AluSc8",2120,"SetA_ER_H3K27ac","10nM",FALSE,"ELL",0,"ENSG00000105656",840.847235868278,0.828648428601083,0.284371907155726,2.9139602321804,0.003568753649441,0.089595443379936,FALSE
"chr19",18489061,18489457,"AluJb",1628,"SetA_ER_H3K27ac","10nM",FALSE,"ELL",0,"ENSG00000105656",840.847235868278,0.828648428601083,0.284371907155726,2.9139602321804,0.003568753649441,0.089595443379936,FALSE
"chr19",18832516,18833089,"AluJb",1003,"SetA_ER_H3K27ac","10nM",FALSE,"UPF1",0,"ENSG00000005007",5318.32086261927,0.71167797792752,0.231849908071781,3.06956333882687,0.00214371944231625,0.0598325270045361,FALSE
"chr19",18999420,19000003,"FLAM_C",549,"SetA_ER_H3K27ac","10nM",FALSE,"SUGP2",0,"ENSG00000064607",1162.4715493071,-0.102695021142063,0.24268189770899,-0.423167208232438,0.672173269882139,1,FALSE
"chr19",19063233,19063640,"AluSz",2219,"SetA_ER_H3K27ac","10nM",FALSE,"SLC25A42",0,"ENSG00000181035",184.368322054019,1.02326013034582,0.500168459360318,2.04583098193457,0.0407730026843923,0.468819151694416,FALSE
"chr19",22426651,22427167,"AluSc8",1254,"SetA_ER_H3K27ac","10nM",FALSE,"ZNF98",0,"ENSG00000197360",316.440964850223,0.195923230997804,0.270202366976215,0.725098129932559,0.468391831589376,1,FALSE
"chr19",23399685,23399902,"AluSx",67,"SetA_ER_H3K27ac","10nM",FALSE,"LINC01224",0,"ENSG00000269416",2.6242443516101,2.34781577192604,1.5996907349858,1.46766854403697,0.142194279193946,0.881119527259477,FALSE
"chr19",23400258,23400881,"AluSx",0,"SetA_ER_H3K27ac","10nM",TRUE,"LINC01224",0,"ENSG00000269416",2.6242443516101,2.34781577192604,1.5996907349858,1.46766854403697,0.142194279193946,0.881119527259477,FALSE
"chr19",23401968,23402921,"AluSz",438,"SetA_ER_H3K27ac","10nM",FALSE,"LINC01224",0,"ENSG00000269416",2.6242443516101,2.34781577192604,1.5996907349858,1.46766854403697,0.142194279193946,0.881119527259477,FALSE
"chr19",23403626,23403843,"AluSz",117,"SetA_ER_H3K27ac","10nM",FALSE,"LINC01224",0,"ENSG00000269416",2.6242443516101,2.34781577192604,1.5996907349858,1.46766854403697,0.142194279193946,0.881119527259477,FALSE
"chr19",23404798,23405193,"AluSx3",680,"SetA_ER_H3K27ac","10nM",FALSE,"LINC01224",0,"ENSG00000269416",2.6242443516101,2.34781577192604,1.5996907349858,1.46766854403697,0.142194279193946,0.881119527259477,FALSE
"chr19",23544547,23544839,"AluSp",103,"SetA_ER_H3K27ac","10nM",FALSE,"ZNF675",0,"ENSG00000197372",575.249011155104,-0.91316961609175,0.190233765384612,-4.80024991486403,1.58467751603007e-06,0.000147982221870771,TRUE
"chr19",23563409,23563790,"AluSc",134,"SetA_ER_H3K27ac","10nM",FALSE,"ZNF675",0,"ENSG00000197372",575.249011155104,-0.91316961609175,0.190233765384612,-4.80024991486403,1.58467751603007e-06,0.000147982221870771,TRUE
"chr19",23817700,23817936,"AluSp",302,"SetA_ER_H3K27ac","10nM",FALSE,"RPSA2",0,"ENSG00000288920",3262.82030762537,-0.313282935891835,0.383461687909138,-0.816986274691587,0.413936271751129,1,FALSE
"chr19",23822818,23823236,"FLAM_C",1347,"SetA_ER_H3K27ac","10nM",FALSE,"RPSA2",0,"ENSG00000288920",3262.82030762537,-0.313282935891835,0.383461687909138,-0.816986274691587,0.413936271751129,1,FALSE
"chr19",29671347,29671707,"AluSx",85,"SetA_ER_H3K27ac","10nM",FALSE,"PLEKHF1",0,"ENSG00000166289",811.070621035294,-0.782427431845426,0.319277242505209,-2.45062073859731,0.0142610125665164,0.251511165002373,FALSE
"chr19",30318688,30319004,"AluSz",2272,"SetA_ER_H3K27ac","10nM",FALSE,"ZNF536",0,"ENSG00000198597",12.9437627203511,-0.318946426791944,1.1229999925188,-0.284012848545593,0.776400534207823,1,FALSE
"chr19",30687387,30687727,"AluSz",2957,"SetA_ER_H3K27ac","10nM",FALSE,"ZNF536",0,"ENSG00000198597",12.9437627203511,-0.318946426791944,1.1229999925188,-0.284012848545593,0.776400534207823,1,FALSE
"chr19",30698471,30699108,"AluSx",166,"SetA_ER_H3K27ac","10nM",FALSE,"ZNF536",0,"ENSG00000198597",12.9437627203511,-0.318946426791944,1.1229999925188,-0.284012848545593,0.776400534207823,1,FALSE
"chr19",31280463,31280777,"AluSq",2274,"SetA_ER_H3K27ac","10nM",FALSE,"TSHZ3",0,"ENSG00000121297",272.11894063618,0.540018624885181,0.386914750836887,1.39570441219192,0.162803525106181,0.923393463997902,FALSE
"chr19",33032546,33032739,"AluSx1",231,"SetA_ER_H3K27ac","10nM",FALSE,"RHPN2",0,"ENSG00000131941",2166.6612913984,-0.185244223656614,0.162265181958865,-1.14161412460976,0.25361445028346,1,FALSE
"chr19",33627490,33628179,"AluSz",80,"SetA_ER_H3K27ac","10nM",FALSE,"CHST8",0,"ENSG00000124302",518.237390714026,1.8971472108054,0.517293870458716,3.66744575790757,0.000244985498565601,0.0104165749007127,TRUE
"chr19",33629512,33629862,"AluSz",2102,"SetA_ER_H3K27ac","10nM",FALSE,"CHST8",0,"ENSG00000124302",518.237390714026,1.8971472108054,0.517293870458716,3.66744575790757,0.000244985498565601,0.0104165749007127,TRUE
"chr19",33630071,33630306,"AluJb",1834,"SetA_ER_H3K27ac","10nM",FALSE,"CHST8",0,"ENSG00000124302",518.237390714026,1.8971472108054,0.517293870458716,3.66744575790757,0.000244985498565601,0.0104165749007127,TRUE
"chr19",35000308,35000628,"AluSx",975,"SetA_ER_H3K27ac","10nM",FALSE,"GRAMD1A",0,"ENSG00000089351",1808.30402654216,-0.229890496469995,0.267749276431775,-0.858603614297995,0.390559243383826,1,FALSE
"chr19",35310415,35310659,"AluJr",392,"SetA_ER_H3K27ac","10nM",FALSE,"MAG",0,"ENSG00000105695",58.6549385148943,6.03097829639874,1.23694006005269,4.87572396688471,1.08410116264269e-06,0.000108693240980774,TRUE
"chr19",35315978,35316237,"AluSx",342,"SetA_ER_H3K27ac","10nM",FALSE,"MAG",0,"ENSG00000105695",58.6549385148943,6.03097829639874,1.23694006005269,4.87572396688471,1.08410116264269e-06,0.000108693240980774,TRUE
"chr19",36246615,36246969,"AluSx3",956,"SetA_ER_H3K27ac","10nM",FALSE,"ZNF565",359,"ENSG00000196357",127.71322513946,0.33582543854917,0.321126945782515,1.04577159581186,0.295666498209231,1,FALSE
"chr19",37932452,37932718,"AluSx",674,"SetA_ER_H3K27ac","10nM",FALSE,"SIPA1L3",0,"ENSG00000105738",3776.59059404758,-0.899145790655734,0.589485344681951,-1.5253064368222,0.127182683034157,0.843696648921269,FALSE
"chr19",37941710,37942085,"AluSz6",804,"SetA_ER_H3K27ac","10nM",FALSE,"SIPA1L3",0,"ENSG00000105738",3776.59059404758,-0.899145790655734,0.589485344681951,-1.5253064368222,0.127182683034157,0.843696648921269,FALSE
"chr19",37966782,37967121,"AluSg7",137,"SetA_ER_H3K27ac","10nM",FALSE,"SIPA1L3",0,"ENSG00000105738",3776.59059404758,-0.899145790655734,0.589485344681951,-1.5253064368222,0.127182683034157,0.843696648921269,FALSE
"chr19",38298901,38299636,"AluJo",0,"SetA_ER_H3K27ac","10nM",TRUE,"ENSG00000267748",0,"ENSG00000267748",9.88160079136261,0.151901425683555,0.666232534489174,0.228000612128652,0.819645764645105,1,FALSE
"chr19",38321592,38321955,"AluSx1",580,"SetA_ER_H3K27ac","10nM",FALSE,"KCNK6",0,"ENSG00000099337",6225.94882539976,3.65104658705249,0.486314338962535,7.50758572087624,6.02277467073494e-14,3.43883225771334e-11,TRUE
"chr19",38681463,38681719,"AluSz6",108,"SetA_ER_H3K27ac","10nM",FALSE,"ACTN4",0,"ENSG00000130402",20284.9536608595,-0.0389193763625201,0.174509960636076,-0.223020945169329,0.823519205121941,1,FALSE
"chr19",38683593,38683942,"AluSg",998,"SetA_ER_H3K27ac","10nM",FALSE,"ACTN4",0,"ENSG00000130402",20284.9536608595,-0.0389193763625201,0.174509960636076,-0.223020945169329,0.823519205121941,1,FALSE
"chr19",38684200,38684395,"AluSg",545,"SetA_ER_H3K27ac","10nM",FALSE,"ACTN4",0,"ENSG00000130402",20284.9536608595,-0.0389193763625201,0.174509960636076,-0.223020945169329,0.823519205121941,1,FALSE
"chr19",38714434,38714811,"AluSz",404,"SetA_ER_H3K27ac","10nM",FALSE,"ACTN4",0,"ENSG00000130402",20284.9536608595,-0.0389193763625201,0.174509960636076,-0.223020945169329,0.823519205121941,1,FALSE
"chr19",39130348,39130766,"FLAM_A",1142,"SetA_ER_H3K27ac","10nM",FALSE,"PAK4",0,"ENSG00000130669",9202.34814299038,0.559686398295101,0.262759952046,2.13002930597704,0.0331691939687808,0.415581926189414,FALSE
"chr19",39143986,39144177,"FRAM",0,"SetA_ER_H3K27ac","10nM",TRUE,"PAK4",0,"ENSG00000130669",9202.34814299038,0.559686398295101,0.262759952046,2.13002930597704,0.0331691939687808,0.415581926189414,FALSE
"chr19",39144384,39144652,"FRAM",344,"SetA_ER_H3K27ac","10nM",FALSE,"PAK4",0,"ENSG00000130669",9202.34814299038,0.559686398295101,0.262759952046,2.13002930597704,0.0331691939687808,0.415581926189414,FALSE
"chr19",39150945,39151340,"FLAM_C",210,"SetA_ER_H3K27ac","10nM",FALSE,"PAK4",0,"ENSG00000130669",9202.34814299038,0.559686398295101,0.262759952046,2.13002930597704,0.0331691939687808,0.415581926189414,FALSE
"chr19",39160354,39160540,"AluSz6",668,"SetA_ER_H3K27ac","10nM",FALSE,"PAK4",0,"ENSG00000130669",9202.34814299038,0.559686398295101,0.262759952046,2.13002930597704,0.0331691939687808,0.415581926189414,FALSE
"chr19",39874509,39874703,"AluSx1",166,"SetA_ER_H3K27ac","10nM",FALSE,"FCGBP",0,"ENSG00000275395",13.7270320838529,1.13402554758169,0.967847801250858,1.17169822167913,0.241318237260455,1,FALSE
"chr19",40226809,40227127,"AluY",0,"SetA_ER_H3K27ac","10nM",TRUE,"CCNP",113,"ENSG00000105219",139.718596676787,1.34640898624505,0.593469171412907,2.26870922888812,0.0232860140104696,0.338655880919314,FALSE
"chr19",40249784,40250026,"AluSp",195,"SetA_ER_H3K27ac","10nM",FALSE,"AKT2",0,"ENSG00000105221",7524.58506437749,-0.11200407050753,0.136295815992333,-0.821771891470471,0.411206734177552,1,FALSE
"chr19",40466038,40466493,"AluSq2",1588,"SetA_ER_H3K27ac","10nM",FALSE,"SPTBN4",0,"ENSG00000160460",136.855108048837,1.02239498328072,0.54775150684834,1.86653066308004,0.0619671581718412,0.596508520667665,FALSE
"chr19",40480197,40480530,"AluY",0,"SetA_ER_H3K27ac","10nM",TRUE,"SPTBN4",0,"ENSG00000160460",136.855108048837,1.02239498328072,0.54775150684834,1.86653066308004,0.0619671581718412,0.596508520667665,FALSE
"chr19",40920899,40921842,"AluSz6",1534,"SetA_ER_H3K27ac","10nM",FALSE,"CYP2B7P",0,"ENSG00000291083",6.96813851028915,-0.546998586884819,1.17268722768381,-0.46644883134372,0.640894265462141,1,FALSE
"chr19",42488823,42489181,"AluSz",0,"SetA_ER_H3K27ac","10nM",TRUE,"LIPE-AS1",0,"ENSG00000213904",31.0661177070731,0.0878266448884471,0.527173118479745,0.16659924759009,0.867685385760902,1,FALSE
"chr19",43595206,43595428,"AluJr",157,"SetA_ER_H3K27ac","10nM",FALSE,"IRGQ",0,"ENSG00000167378",1325.44761230855,0.832789511680217,0.331686120007163,2.51077588553369,0.0120466149620195,0.22373564442472,FALSE
"chr19",44694709,44694908,"AluJr",0,"SetA_ER_H3K27ac","10nM",TRUE,"CEACAM16-AS1",0,"ENSG00000266903",62.49519787976,0.10964645389822,0.380708941027961,0.288005985890851,0.773342156642479,1,FALSE
"chr19",44695789,44695986,"AluSz",63,"SetA_ER_H3K27ac","10nM",FALSE,"CEACAM16-AS1",0,"ENSG00000266903",62.49519787976,0.10964645389822,0.380708941027961,0.288005985890851,0.773342156642479,1,FALSE
"chr19",44718384,44718918,"AluSz6",67,"SetA_ER_H3K27ac","10nM",FALSE,"CEACAM16-AS1",0,"ENSG00000266903",62.49519787976,0.10964645389822,0.380708941027961,0.288005985890851,0.773342156642479,1,FALSE
"chr19",44741969,44742339,"AluSx1",34,"SetA_ER_H3K27ac","10nM",FALSE,"ENSG00000288773",0,"ENSG00000288773",7.58788451470849,-0.362460158351589,0.840802912072077,-0.431088133910409,0.666404288293102,1,FALSE
"chr19",44742823,44743097,"AluSx1",150,"SetA_ER_H3K27ac","10nM",FALSE,"ENSG00000288773",0,"ENSG00000288773",7.58788451470849,-0.362460158351589,0.840802912072077,-0.431088133910409,0.666404288293102,1,FALSE
"chr19",44748436,44748660,"AluSx",1626,"SetA_ER_H3K27ac","10nM",FALSE,"BCL3",0,"ENSG00000069399",5554.1308990027,0.823655213823503,0.25457021396754,3.23547362822474,0.00121441103061797,0.0393156188119451,TRUE
"chr19",46784721,46784980,"AluJb",125,"SetA_ER_H3K27ac","10nM",FALSE,"SLC1A5",0,"ENSG00000105281",33546.5849783227,0.100966709536688,0.139475854371039,0.723900993415624,0.469126520059978,1,FALSE
"chr19",46925259,46925492,"AluSx1",1311,"SetA_ER_H3K27ac","10nM",FALSE,"ARHGAP35",0,"ENSG00000160007",9094.43798888694,-0.406113387542846,0.265211965548394,-1.5312785254734,0.125700570582445,0.84005930292421,FALSE
"chr19",47081183,47081499,"AluJo",4,"SetA_ER_H3K27ac","10nM",FALSE,"ZC3H4",0,"ENSG00000130749",2671.35155506466,-0.113545874268246,0.350637958571031,-0.323826532446698,0.746069367655222,1,FALSE
"chr19",47096060,47096635,"AluSz6",1587,"SetA_ER_H3K27ac","10nM",FALSE,"ZC3H4",0,"ENSG00000130749",2671.35155506466,-0.113545874268246,0.350637958571031,-0.323826532446698,0.746069367655222,1,FALSE
"chr19",47152357,47152549,"AluJo",565,"SetA_ER_H3K27ac","10nM",FALSE,"SAE1",0,"ENSG00000142230",9633.19222196325,-0.0497222611536752,0.232586688086894,-0.213779479654051,0.830719027894554,1,FALSE
"chr19",47336882,47337214,"AluJr",71,"SetA_ER_H3K27ac","10nM",FALSE,"C5AR2",0,"ENSG00000134830",150.469611945299,0.628918952577129,0.416731795636806,1.50916958859854,0.131255449730935,0.855301608014562,FALSE
"chr19",48062725,48063000,"AluSg7",51,"SetA_ER_H3K27ac","10nM",FALSE,"PLA2G4C",0,"ENSG00000105499",176.662370786374,0.0577872102229116,0.494113978797367,0.116951174632948,0.906898744868128,1,FALSE
"chr19",48553837,48554184,"AluSq2",226,"SetA_ER_H3K27ac","10nM",FALSE,"ENSG00000287603",0,"ENSG00000287603",3.44269510431678,0.855172623821592,1.25551536162653,0.681132744336721,0.495787499574953,1,FALSE
"chr19",48554655,48554955,"AluSg4",0,"SetA_ER_H3K27ac","10nM",TRUE,"ENSG00000287603",0,"ENSG00000287603",3.44269510431678,0.855172623821592,1.25551536162653,0.681132744336721,0.495787499574953,1,FALSE
"chr19",48568527,48568731,"AluJr",226,"SetA_ER_H3K27ac","10nM",FALSE,"ENSG00000287603",0,"ENSG00000287603",3.44269510431678,0.855172623821592,1.25551536162653,0.681132744336721,0.495787499574953,1,FALSE
"chr19",48569628,48569888,"AluJr",0,"SetA_ER_H3K27ac","10nM",TRUE,"ENSG00000287603",0,"ENSG00000287603",3.44269510431678,0.855172623821592,1.25551536162653,0.681132744336721,0.495787499574953,1,FALSE
"chr19",49570620,49570919,"AluSx1",50,"SetA_ER_H3K27ac","10nM",FALSE,"NOSIP",0,"ENSG00000142546",1044.16137409642,0.10570821331489,0.252155390890134,0.419218534022729,0.675056428037481,1,FALSE
"chr19",51807383,51807719,"AluSx1",5120,"SetA_ER_H3K27ac","10nM",FALSE,"FPR3",0,"ENSG00000187474",21.6589579743909,-0.565577785691528,1.19471877521091,-0.47339825691756,0.635929073222536,1,FALSE
"chr19",54096929,54097326,"AluJr",116,"SetA_ER_H3K27ac","10nM",FALSE,"OSCAR",0,"ENSG00000170909",2.71294486118505,-4.72265674339834,3.2577664607788,-1.44966092574645,0.147153097096027,0.891237295276151,FALSE
"chr19",54156950,54157151,"AluSx",226,"SetA_ER_H3K27ac","10nM",FALSE,"LENG1",0,"ENSG00000105617",3.05460648674303,-0.209793032493388,1.47314323805395,-0.142411835505235,0.886754714288573,1,FALSE
"chr19",57798690,57798969,"AluY",0,"SetA_ER_H3K27ac","10nM",TRUE,"ZNF586",0,"ENSG00000083828",167.716524319191,0.540228310333378,0.361685413666869,1.49364140747726,0.135269370547075,0.864991179819143,FALSE
"chr19",57814003,57814355,"AluSg",0,"SetA_ER_H3K27ac","10nM",TRUE,"ZNF586",0,"ENSG00000083828",167.716524319191,0.540228310333378,0.361685413666869,1.49364140747726,0.135269370547075,0.864991179819143,FALSE
"chr19",57851773,57852033,"AluSq2",493,"SetA_ER_H3K27ac","10nM",FALSE,"ENSG00000268750",0,"ENSG00000268750",27.2531499228007,0.78559937474818,0.625153863513048,1.25664963555293,0.208880532899308,0.989962875971881,FALSE
"chr19",58518153,58518484,"AluY",2290,"SetA_ER_H3K27ac","10nM",FALSE,"ZBTB45",0,"ENSG00000119574",1228.22695659676,-0.0883400083475272,0.348081813627791,-0.253790933306244,0.799657078346221,1,FALSE
"chr2",260767,261394,"AluSq2",4054,"SetA_ER_H3K27ac","10nM",FALSE,"SH3YL1",0,"ENSG00000035115",2064.75829160409,-0.0880548757894437,0.178220365478592,-0.494078639963406,0.621250642387126,1,FALSE
"chr2",566985,567368,"AluJb",8595,"SetA_ER_H3K27ac","10nM",FALSE,"ENSG00000233633",0,"ENSG00000233633",12.1742596583479,-0.781799591537961,0.95035549471945,-0.822639102821994,0.410713255121733,1,FALSE
"chr2",1087027,1087435,"AluSg",1954,"SetA_ER_H3K27ac","10nM",FALSE,"SNTG2",0,"ENSG00000172554",4.16782643358911,-1.34730194124684,1.39843236878783,-0.963437325478019,0.335328102485454,1,FALSE
"chr2",1617676,1617999,"AluSx4",2619,"SetA_ER_H3K27ac","10nM",FALSE,"LALTOP",0,"ENSG00000228613",114.550850017011,-0.256923649568405,0.302184841938632,-0.850220176234324,0.395202686369433,1,FALSE
"chr2",1618213,1618473,"AluSx4",2145,"SetA_ER_H3K27ac","10nM",FALSE,"LALTOP",0,"ENSG00000228613",114.550850017011,-0.256923649568405,0.302184841938632,-0.850220176234324,0.395202686369433,1,FALSE
"chr2",1693347,1693592,"AluSq",3549,"SetA_ER_H3K27ac","10nM",FALSE,"PXDN",0,"ENSG00000130508",6872.30723120957,-0.116808245451121,0.422839708157561,-0.276247105457737,0.782358279357249,1,FALSE
"chr2",1913621,1913860,"AluSg",116,"SetA_ER_H3K27ac","10nM",FALSE,"MYT1L",0,"ENSG00000186487",4.53372124693812,2.36385624892683,1.45574511517171,1.62381190518232,0.104415958434132,0.779024497227199,FALSE
"chr2",1939010,1939221,"AluSq2",2789,"SetA_ER_H3K27ac","10nM",FALSE,"MYT1L",0,"ENSG00000186487",4.53372124693812,2.36385624892683,1.45574511517171,1.62381190518232,0.104415958434132,0.779024497227199,FALSE
"chr2",1940254,1940782,"AluSq2",4033,"SetA_ER_H3K27ac","10nM",FALSE,"MYT1L",0,"ENSG00000186487",4.53372124693812,2.36385624892683,1.45574511517171,1.62381190518232,0.104415958434132,0.779024497227199,FALSE
"chr2",2083394,2083634,"AluSg",1356,"SetA_ER_H3K27ac","10nM",FALSE,"MYT1L",0,"ENSG00000186487",4.53372124693812,2.36385624892683,1.45574511517171,1.62381190518232,0.104415958434132,0.779024497227199,FALSE
"chr2",3222665,3223344,"AluJr",1922,"SetA_ER_H3K27ac","10nM",FALSE,"EIPR1",0,"ENSG00000032389",1629.51516996216,0.0354718391768169,0.161403150519448,0.219771665315434,0.826048987937476,1,FALSE
"chr2",6917738,6918137,"AluYd8",358,"SetA_ER_H3K27ac","10nM",FALSE,"GRASLND",0,"ENSG00000228203",3.92656927532352,3.53015730217516,1.77652725060792,1.98711125932189,0.046910068793798,0.505909775917571,FALSE
"chr2",8274910,8275382,"AluSq",4742,"SetA_ER_H3K27ac","10nM",FALSE,"LINC00299",0,"ENSG00000236790",64.039711454571,-0.178439101199857,0.494410236817868,-0.360913039237071,0.718164455753391,1,FALSE
"chr2",8525462,8525743,"AluJo",1217,"SetA_ER_H3K27ac","10nM",FALSE,"LINC00299",0,"ENSG00000236790",64.039711454571,-0.178439101199857,0.494410236817868,-0.360913039237071,0.718164455753391,1,FALSE
"chr2",8573839,8574052,"AluSp",2292,"SetA_ER_H3K27ac","10nM",FALSE,"LINC00299",0,"ENSG00000236790",64.039711454571,-0.178439101199857,0.494410236817868,-0.360913039237071,0.718164455753391,1,FALSE
"chr2",9806254,9806595,"AluSx1",2000,"SetA_ER_H3K27ac","10nM",FALSE,"ENSG00000301544",0,"ENSG00000301544",5.19569597373972,6.30574282842175,1.57697898630766,3.99862197478359,6.37123448205151e-05,0.00338408653535346,TRUE
"chr2",9807762,9808148,"AluSc5",2361,"SetA_ER_H3K27ac","10nM",FALSE,"ENSG00000301544",0,"ENSG00000301544",5.19569597373972,6.30574282842175,1.57697898630766,3.99862197478359,6.37123448205151e-05,0.00338408653535346,TRUE
"chr2",9809112,9809303,"AluSc5",1206,"SetA_ER_H3K27ac","10nM",FALSE,"ENSG00000301544",0,"ENSG00000301544",5.19569597373972,6.30574282842175,1.57697898630766,3.99862197478359,6.37123448205151e-05,0.00338408653535346,TRUE
"chr2",9812561,9812829,"AluSq2",0,"SetA_ER_H3K27ac","10nM",TRUE,"ENSG00000301544",0,"ENSG00000301544",5.19569597373972,6.30574282842175,1.57697898630766,3.99862197478359,6.37123448205151e-05,0.00338408653535346,TRUE
"chr2",10733120,10733410,"AluSc",125,"SetA_ER_H3K27ac","10nM",FALSE,"ATP6V1C2",0,"ENSG00000143882",222.581136338044,0.579171386464817,0.408186517295586,1.41888906645442,0.155931360375811,0.908228593923116,FALSE
"chr2",10752419,10752602,"AluSx1",112,"SetA_ER_H3K27ac","10nM",FALSE,"ATP6V1C2",0,"ENSG00000143882",222.581136338044,0.579171386464817,0.408186517295586,1.41888906645442,0.155931360375811,0.908228593923116,FALSE
"chr2",10757179,10758086,"AluSx1",0,"SetA_ER_H3K27ac","10nM",TRUE,"ATP6V1C2",0,"ENSG00000143882",222.581136338044,0.579171386464817,0.408186517295586,1.41888906645442,0.155931360375811,0.908228593923116,FALSE
"chr2",10759473,10759656,"FLAM_C",41,"SetA_ER_H3K27ac","10nM",FALSE,"ATP6V1C2",0,"ENSG00000143882",222.581136338044,0.579171386464817,0.408186517295586,1.41888906645442,0.155931360375811,0.908228593923116,FALSE
"chr2",10828911,10829205,"AluSz",1076,"SetA_ER_H3K27ac","10nM",FALSE,"PDIA6",0,"ENSG00000143870",11823.3992921207,0.0708504923305177,0.135930473902215,0.521225964249089,0.602209368892267,1,FALSE
"chr2",11122296,11122693,"AluSz",2140,"SetA_ER_H3K27ac","10nM",FALSE,"ENSG00000145063",0,"ENSG00000145063",10.6707412895001,-0.534373422680828,1.02626847347786,-0.520695545552445,0.602578877957205,1,FALSE
"chr2",11125885,11126123,"AluSx",66,"SetA_ER_H3K27ac","10nM",FALSE,"ENSG00000145063",0,"ENSG00000145063",10.6707412895001,-0.534373422680828,1.02626847347786,-0.520695545552445,0.602578877957205,1,FALSE
"chr2",11480846,11481052,"FLAM_C",383,"SetA_ER_H3K27ac","10nM",FALSE,"GREB1",1289,"ENSG00000196208",3706.61204435216,1.38317530163975,0.604180827295756,2.28933994451742,0.0220596085466737,0.328494200593686,FALSE
"chr2",11494598,11494933,"AluJr",1923,"SetA_ER_H3K27ac","10nM",FALSE,"GREB1",0,"ENSG00000196208",3706.61204435216,1.38317530163975,0.604180827295756,2.28933994451742,0.0220596085466737,0.328494200593686,FALSE
"chr2",11497933,11498283,"AluJb",0,"SetA_ER_H3K27ac","10nM",TRUE,"GREB1",0,"ENSG00000196208",3706.61204435216,1.38317530163975,0.604180827295756,2.28933994451742,0.0220596085466737,0.328494200593686,FALSE
"chr2",11498450,11498964,"AluJb",361,"SetA_ER_H3K27ac","10nM",FALSE,"GREB1",0,"ENSG00000196208",3706.61204435216,1.38317530163975,0.604180827295756,2.28933994451742,0.0220596085466737,0.328494200593686,FALSE
"chr2",11501200,11501547,"AluSx",0,"SetA_ER_H3K27ac","10nM",TRUE,"GREB1",0,"ENSG00000196208",3706.61204435216,1.38317530163975,0.604180827295756,2.28933994451742,0.0220596085466737,0.328494200593686,FALSE
"chr2",11502540,11502812,"AluJb",20,"SetA_ER_H3K27ac","10nM",FALSE,"GREB1",0,"ENSG00000196208",3706.61204435216,1.38317530163975,0.604180827295756,2.28933994451742,0.0220596085466737,0.328494200593686,FALSE
"chr2",11503640,11503876,"AluSz",1064,"SetA_ER_H3K27ac","10nM",FALSE,"GREB1",0,"ENSG00000196208",3706.61204435216,1.38317530163975,0.604180827295756,2.28933994451742,0.0220596085466737,0.328494200593686,FALSE
"chr2",11512693,11513112,"AluSx1",1722,"SetA_ER_H3K27ac","10nM",FALSE,"GREB1",0,"ENSG00000196208",3706.61204435216,1.38317530163975,0.604180827295756,2.28933994451742,0.0220596085466737,0.328494200593686,FALSE
"chr2",11515514,11515804,"AluY",1847,"SetA_ER_H3K27ac","10nM",FALSE,"GREB1",0,"ENSG00000196208",3706.61204435216,1.38317530163975,0.604180827295756,2.28933994451742,0.0220596085466737,0.328494200593686,FALSE
"chr2",11524382,11524793,"AluSz",430,"SetA_ER_H3K27ac","10nM",FALSE,"GREB1",0,"ENSG00000196208",3706.61204435216,1.38317530163975,0.604180827295756,2.28933994451742,0.0220596085466737,0.328494200593686,FALSE
"chr2",11530959,11531332,"AluSx1",205,"SetA_ER_H3K27ac","10nM",FALSE,"GREB1",0,"ENSG00000196208",3706.61204435216,1.38317530163975,0.604180827295756,2.28933994451742,0.0220596085466737,0.328494200593686,FALSE
"chr2",11532308,11532770,"AluSx1",440,"SetA_ER_H3K27ac","10nM",FALSE,"GREB1",0,"ENSG00000196208",3706.61204435216,1.38317530163975,0.604180827295756,2.28933994451742,0.0220596085466737,0.328494200593686,FALSE
"chr2",11539459,11540098,"AluJo",110,"SetA_ER_H3K27ac","10nM",FALSE,"GREB1",0,"ENSG00000196208",3706.61204435216,1.38317530163975,0.604180827295756,2.28933994451742,0.0220596085466737,0.328494200593686,FALSE
"chr2",11550959,11551249,"AluSq2",713,"SetA_ER_H3K27ac","10nM",FALSE,"GREB1",0,"ENSG00000196208",3706.61204435216,1.38317530163975,0.604180827295756,2.28933994451742,0.0220596085466737,0.328494200593686,FALSE
"chr2",11558657,11558952,"AluSq2",1467,"SetA_ER_H3K27ac","10nM",FALSE,"GREB1",0,"ENSG00000196208",3706.61204435216,1.38317530163975,0.604180827295756,2.28933994451742,0.0220596085466737,0.328494200593686,FALSE
"chr2",13055113,13055494,"AluSx3",0,"SetA_ER_H3K27ac","10nM",TRUE,"ENSG00000285876",0,"ENSG00000285876",69.5245891512006,-0.193437262449427,0.326727573637619,-0.592044498405185,0.553820791122768,1,FALSE
"chr2",14178772,14179197,"AluSq2",897,"SetA_ER_H3K27ac","10nM",FALSE,"LINC00276",0,"ENSG00000230448",7.10479594992539,0.175357286988144,1.64468567180975,0.106620547618189,0.915090016862956,1,FALSE
"chr2",19130812,19131005,"AluSx1",6018,"SetA_ER_H3K27ac","10nM",FALSE,"LINC01376",0,"ENSG00000236204",39.5537060124784,-0.680483072945706,0.400988908509005,-1.69701220783374,0.089694352554283,0.728047092382125,FALSE
"chr2",19138406,19138700,"AluSx1",1083,"SetA_ER_H3K27ac","10nM",FALSE,"LINC01376",0,"ENSG00000236204",39.5537060124784,-0.680483072945706,0.400988908509005,-1.69701220783374,0.089694352554283,0.728047092382125,FALSE
"chr2",20351550,20351840,"AluSq2",2437,"SetA_ER_H3K27ac","10nM",FALSE,"PUM2",0,"ENSG00000055917",6782.60444990971,0.230267219168513,0.18342745109685,1.25535855070532,0.20934862901843,0.989962875971881,FALSE
"chr2",20468902,20469433,"AluYa5",1688,"SetA_ER_H3K27ac","10nM",FALSE,"ENSG00000228950",0,"ENSG00000228950",6.7312993559628,0.504683607215538,0.973464202854054,0.518440848400876,0.604150720617523,1,FALSE
"chr2",20471669,20472058,"AluSz",1626,"SetA_ER_H3K27ac","10nM",FALSE,"ENSG00000228950",0,"ENSG00000228950",6.7312993559628,0.504683607215538,0.973464202854054,0.518440848400876,0.604150720617523,1,FALSE
"chr2",20472366,20472578,"AluSz",1106,"SetA_ER_H3K27ac","10nM",FALSE,"ENSG00000228950",0,"ENSG00000228950",6.7312993559628,0.504683607215538,0.973464202854054,0.518440848400876,0.604150720617523,1,FALSE
"chr2",20474191,20474649,"AluSz",218,"SetA_ER_H3K27ac","10nM",FALSE,"ENSG00000228950",0,"ENSG00000228950",6.7312993559628,0.504683607215538,0.973464202854054,0.518440848400876,0.604150720617523,1,FALSE
"chr2",20474786,20475340,"AluSz",813,"SetA_ER_H3K27ac","10nM",FALSE,"ENSG00000228950",0,"ENSG00000228950",6.7312993559628,0.504683607215538,0.973464202854054,0.518440848400876,0.604150720617523,1,FALSE
"chr2",24084178,24084476,"AluY",1478,"SetA_ER_H3K27ac","10nM",FALSE,"FAM228B",0,"ENSG00000219626",62.1508054651113,0.333866911773759,0.658662614493935,0.506886081625076,0.61223475208373,1,FALSE
"chr2",25078971,25079423,"AluSq2",861,"SetA_ER_H3K27ac","10nM",FALSE,"EFR3B",0,"ENSG00000084710",1260.47246183337,-0.0334531904528947,0.424560399496039,-0.0787948911217445,0.937195767708738,1,FALSE
"chr2",25673918,25674164,"AluSz",571,"SetA_ER_H3K27ac","10nM",FALSE,"DTNB",202,"ENSG00000138101",1411.17849961496,0.103350240955055,0.189915499513203,0.544190659635287,0.586310278655819,1,FALSE
"chr2",26360046,26360291,"AluSx1",391,"SetA_ER_H3K27ac","10nM",FALSE,"SELENOI",0,"ENSG00000138018",5987.42436584001,0.215596099715478,0.247770010945466,0.870146063653082,0.384220587119662,1,FALSE
"chr2",26367992,26368278,"AluSz",1893,"SetA_ER_H3K27ac","10nM",FALSE,"SELENOI",0,"ENSG00000138018",5987.42436584001,0.215596099715478,0.247770010945466,0.870146063653082,0.384220587119662,1,FALSE
"chr2",26772561,26773088,"AluYj4",131,"SetA_ER_H3K27ac","10nM",FALSE,"SLC35F6",0,"ENSG00000213699",2694.88488311972,0.364013200043714,0.319556087225705,1.13912147067506,0.254652493427317,1,FALSE
"chr2",33192089,33192485,"AluSx",653,"SetA_ER_H3K27ac","10nM",FALSE,"LTBP1",0,"ENSG00000049323",2163.66250807903,-0.119935472728202,0.333204192004392,-0.359945869848544,0.718887613633811,1,FALSE
"chr2",38076077,38076599,"AluSz",1208,"SetA_ER_H3K27ac","10nM",FALSE,"CYP1B1",0,"ENSG00000138061",3791.68881983716,0.691402086691295,0.893540700533407,0.773777944618031,0.439062117337423,1,FALSE
"chr2",38096246,38096558,"AluYk4",1363,"SetA_ER_H3K27ac","10nM",FALSE,"CYP1B1",0,"ENSG00000138061",3791.68881983716,0.691402086691295,0.893540700533407,0.773777944618031,0.439062117337423,1,FALSE
"chr2",38690708,38691036,"AluJb",0,"SetA_ER_H3K27ac","10nM",TRUE,"GALM",0,"ENSG00000143891",485.068317039163,0.103621768975757,0.315425968322037,0.328513754041847,0.742523246603356,1,FALSE
"chr2",39448214,39448425,"AluSg",166,"SetA_ER_H3K27ac","10nM",FALSE,"MAP4K3-DT",0,"ENSG00000231312",96.7972386227666,-0.250218139498818,0.345264585947952,-0.724714174817043,0.468627397285419,1,FALSE
"chr2",42342499,42342868,"AluY",1703,"SetA_ER_H3K27ac","10nM",FALSE,"COX7A2L",0,"ENSG00000115944",4092.4765698291,0.186355252830716,0.210460388577205,0.885464737999158,0.375906029799205,1,FALSE
"chr2",42782697,42783153,"AluSq2",811,"SetA_ER_H3K27ac","10nM",FALSE,"HAAO",0,"ENSG00000162882",4.92833351488468,4.01574079364208,1.30117340411516,3.08624567712628,0.00202701265789636,0.0575576674740274,FALSE
"chr2",42784559,42784984,"AluJr",602,"SetA_ER_H3K27ac","10nM",FALSE,"HAAO",0,"ENSG00000162882",4.92833351488468,4.01574079364208,1.30117340411516,3.08624567712628,0.00202701265789636,0.0575576674740274,FALSE
"chr2",42787483,42787697,"AluJr",1599,"SetA_ER_H3K27ac","10nM",FALSE,"HAAO",0,"ENSG00000162882",4.92833351488468,4.01574079364208,1.30117340411516,3.08624567712628,0.00202701265789636,0.0575576674740274,FALSE
"chr2",42788796,42789290,"AluSz6",9,"SetA_ER_H3K27ac","10nM",FALSE,"HAAO",0,"ENSG00000162882",4.92833351488468,4.01574079364208,1.30117340411516,3.08624567712628,0.00202701265789636,0.0575576674740274,FALSE
"chr2",43273616,43273929,"AluSq2",335,"SetA_ER_H3K27ac","10nM",FALSE,"THADA",0,"ENSG00000115970",817.225400318391,0.407654809161157,0.338124046726012,1.20563684573279,0.227957545729269,1,FALSE
"chr2",43276610,43276883,"AluSx1",1066,"SetA_ER_H3K27ac","10nM",FALSE,"THADA",0,"ENSG00000115970",817.225400318391,0.407654809161157,0.338124046726012,1.20563684573279,0.227957545729269,1,FALSE
"chr2",45752535,45752948,"AluYa5",421,"SetA_ER_H3K27ac","10nM",FALSE,"PRKCE",0,"ENSG00000171132",484.785273703442,0.467130448859147,0.249929669383087,1.86904760051973,0.0616161921820704,0.593988415130967,FALSE
"chr2",45753431,45753729,"AluYa5",1317,"SetA_ER_H3K27ac","10nM",FALSE,"PRKCE",0,"ENSG00000171132",484.785273703442,0.467130448859147,0.249929669383087,1.86904760051973,0.0616161921820704,0.593988415130967,FALSE
"chr2",45820682,45820997,"AluY",2973,"SetA_ER_H3K27ac","10nM",FALSE,"PRKCE",0,"ENSG00000171132",484.785273703442,0.467130448859147,0.249929669383087,1.86904760051973,0.0616161921820704,0.593988415130967,FALSE
"chr2",45822465,45822710,"AluJr",2893,"SetA_ER_H3K27ac","10nM",FALSE,"PRKCE",0,"ENSG00000171132",484.785273703442,0.467130448859147,0.249929669383087,1.86904760051973,0.0616161921820704,0.593988415130967,FALSE
"chr2",47751857,47752108,"AluSx1",272,"SetA_ER_H3K27ac","10nM",FALSE,"MSH6",0,"ENSG00000116062",4961.09770636947,0.0438540724533499,0.121024178437531,0.362357943838354,0.71708456297506,1,FALSE
"chr2",53988701,53988973,"AluJb",0,"SetA_ER_H3K27ac","10nM",TRUE,"ACYP2",0,"ENSG00000170634",253.626460846345,0.142086355609249,0.329622376597903,0.431057979363388,0.66642621339931,1,FALSE
"chr2",53989319,53989831,"FLAM_C",0,"SetA_ER_H3K27ac","10nM",TRUE,"ACYP2",0,"ENSG00000170634",253.626460846345,0.142086355609249,0.329622376597903,0.431057979363388,0.66642621339931,1,FALSE
"chr2",62858282,62858862,"AluSp",1347,"SetA_ER_H3K27ac","10nM",FALSE,"EHBP1",0,"ENSG00000115504",1034.4036478508,0.0641215381574586,0.354246935822317,0.181008024836157,0.856361277154157,1,FALSE
"chr2",64975310,64975751,"AluJo",885,"SetA_ER_H3K27ac","10nM",FALSE,"LINC02245",0,"ENSG00000237638",36.7203554667214,0.826489753788993,0.50365328928331,1.64098948894998,0.100799597112214,0.767723406883858,FALSE
"chr2",65388265,65388451,"AluSz",179,"SetA_ER_H3K27ac","10nM",FALSE,"SPRED2",0,"ENSG00000198369",3327.60689704131,-0.697953369849734,0.285061509112715,-2.44843076858111,0.0143480000786176,0.252274136702091,FALSE
"chr2",66554178,66554530,"AluJo",3386,"SetA_ER_H3K27ac","10nM",FALSE,"MEIS1",0,"ENSG00000143995",128.789863681929,1.37856503296768,0.47670991773246,2.89183208003103,0.00383002592002358,0.0950797987400636,FALSE
"chr2",70258552,70258852,"AluYm1",649,"SetA_ER_H3K27ac","10nM",FALSE,"PCYOX1",0,"ENSG00000116005",2747.51099739142,0.487992927769052,0.201000426584545,2.42782035869855,0.0151898650102131,0.261390683743857,FALSE
"chr2",72572567,72572849,"AluY",985,"SetA_ER_H3K27ac","10nM",FALSE,"EXOC6B",0,"ENSG00000144036",1014.3992870293,0.106824491180129,0.318387302002035,0.335517435866352,0.737234794278354,1,FALSE
"chr2",72574873,72575347,"AluY",745,"SetA_ER_H3K27ac","10nM",FALSE,"EXOC6B",0,"ENSG00000144036",1014.3992870293,0.106824491180129,0.318387302002035,0.335517435866352,0.737234794278354,1,FALSE
"chr2",73268480,73268690,"AluSz",2948,"SetA_ER_H3K27ac","10nM",FALSE,"FBXO41",0,"ENSG00000163013",578.177835385074,0.277150123077147,0.193529498821444,1.43208205862639,0.152120338432631,0.89878838616336,FALSE
"chr2",73431869,73432281,"AluJb",1332,"SetA_ER_H3K27ac","10nM",FALSE,"ALMS1",0,"ENSG00000116127",962.5760066386,-0.177520348509399,0.255731936145245,-0.694165739270729,0.487578275653735,1,FALSE
"chr2",74441876,74442264,"AluSp",402,"SetA_ER_H3K27ac","10nM",FALSE,"RTKN",0,"ENSG00000114993",483.920083834071,1.22955377454582,0.262352875381672,4.68664112317069,2.777253372071e-06,0.000238048605458845,TRUE
"chr2",74845238,74845594,"AluJb",1064,"SetA_ER_H3K27ac","10nM",FALSE,"HK2",0,"ENSG00000159399",7847.05692087131,0.82142657769548,0.229488181164308,3.57938510614347,0.000344403624614619,0.0138761331336664,TRUE
"chr2",74845859,74846407,"AluJb",251,"SetA_ER_H3K27ac","10nM",FALSE,"HK2",0,"ENSG00000159399",7847.05692087131,0.82142657769548,0.229488181164308,3.57938510614347,0.000344403624614619,0.0138761331336664,TRUE
"chr2",85397942,85398175,"AluJr",78,"SetA_ER_H3K27ac","10nM",FALSE,"CAPG",0,"ENSG00000042493",199.530197325112,0.0927914084266335,0.285146973787266,0.325416072961239,0.744866192472437,1,FALSE
"chr2",85515295,85515616,"AluSx",0,"SetA_ER_H3K27ac","10nM",TRUE,"ENSG00000303258",0,"ENSG00000303258",6.0484771716297,0.170554418435251,1.42362418174715,0.119802979341034,0.904639221771463,1,FALSE
"chr2",85517086,85517405,"AluSx",19,"SetA_ER_H3K27ac","10nM",FALSE,"ENSG00000303258",211,"ENSG00000303258",6.0484771716297,0.170554418435251,1.42362418174715,0.119802979341034,0.904639221771463,1,FALSE
"chr2",85954520,85955409,"AluSz",207,"SetA_ER_H3K27ac","10nM",FALSE,"ENSG00000297464",0,"ENSG00000297464",3.4087366965936,1.26739841981586,1.38096686895434,0.91776164099833,0.358743668547622,1,FALSE
"chr2",86264159,86264523,"AluSx",627,"SetA_ER_H3K27ac","10nM",FALSE,"REEP1",0,"ENSG00000068615",372.675717461793,0.639525520532085,0.187283146289242,3.41475211840149,0.000638400810594228,0.0229044915599911,TRUE
"chr2",86265294,86265543,"AluYb8",795,"SetA_ER_H3K27ac","10nM",FALSE,"REEP1",0,"ENSG00000068615",372.675717461793,0.639525520532085,0.187283146289242,3.41475211840149,0.000638400810594228,0.0229044915599911,TRUE
"chr2",95526489,95526800,"AluSp",682,"SetA_ER_H3K27ac","10nM",FALSE,"LINC03052",0,"ENSG00000272913",368.353027234724,-0.602766501822928,1.18851938267337,-0.507157485700494,0.612044322618625,1,FALSE
"chr2",96147096,96147280,"FLAM_A",265,"SetA_ER_H3K27ac","10nM",FALSE,"ENSG00000228873",85,"ENSG00000228873",6.11108744337792,-1.21419893785908,2.07657442722705,-0.584712458142162,0.558741075786818,1,FALSE
"chr2",96964642,96965425,"AluSz",0,"SetA_ER_H3K27ac","10nM",TRUE,"FAM178B",0,"ENSG00000168754",11.7023357657215,0.358886486338003,0.675772549666063,0.531075857572713,0.595366213373125,1,FALSE
"chr2",98233837,98234309,"AluSx1",1120,"SetA_ER_H3K27ac","10nM",FALSE,"VWA3B",0,"ENSG00000168658",2.6195252838455,2.588282222501,1.56434917350943,1.65454251923469,0.098017331591229,0.757413894763653,FALSE
"chr2",98729856,98730056,"AluSx1",1099,"SetA_ER_H3K27ac","10nM",FALSE,"MGAT4A",0,"ENSG00000071073",1839.81719888528,0.243067186204392,0.248280794111762,0.979001163074166,0.327579404828741,1,FALSE
"chr2",99574066,99574482,"AluSq10",0,"SetA_ER_H3K27ac","10nM",TRUE,"AFF3",0,"ENSG00000144218",1372.38537522397,0.0442832654003243,0.19908040090275,0.22243910098391,0.823972075974704,1,FALSE
"chr2",99609753,99610262,"AluSz",1349,"SetA_ER_H3K27ac","10nM",FALSE,"AFF3",0,"ENSG00000144218",1372.38537522397,0.0442832654003243,0.19908040090275,0.22243910098391,0.823972075974704,1,FALSE
"chr2",99617877,99618274,"AluSx1",0,"SetA_ER_H3K27ac","10nM",TRUE,"AFF3",0,"ENSG00000144218",1372.38537522397,0.0442832654003243,0.19908040090275,0.22243910098391,0.823972075974704,1,FALSE
"chr2",99618958,99619209,"AluJr",0,"SetA_ER_H3K27ac","10nM",TRUE,"AFF3",0,"ENSG00000144218",1372.38537522397,0.0442832654003243,0.19908040090275,0.22243910098391,0.823972075974704,1,FALSE
"chr2",99636613,99637060,"AluJo",1013,"SetA_ER_H3K27ac","10nM",FALSE,"AFF3",0,"ENSG00000144218",1372.38537522397,0.0442832654003243,0.19908040090275,0.22243910098391,0.823972075974704,1,FALSE
"chr2",100056540,100056735,"AluSx1",308,"SetA_ER_H3K27ac","10nM",FALSE,"AFF3",0,"ENSG00000144218",1372.38537522397,0.0442832654003243,0.19908040090275,0.22243910098391,0.823972075974704,1,FALSE
"chr2",100061995,100062281,"AluSq",688,"SetA_ER_H3K27ac","10nM",FALSE,"AFF3",0,"ENSG00000144218",1372.38537522397,0.0442832654003243,0.19908040090275,0.22243910098391,0.823972075974704,1,FALSE
"chr2",100066922,100067183,"AluSp",2833,"SetA_ER_H3K27ac","10nM",FALSE,"AFF3",0,"ENSG00000144218",1372.38537522397,0.0442832654003243,0.19908040090275,0.22243910098391,0.823972075974704,1,FALSE
"chr2",100292074,100292304,"AluJr4",1442,"SetA_ER_H3K27ac","10nM",FALSE,"LONRF2",0,"ENSG00000170500",3303.83777510189,1.4621975663512,0.433338953132909,3.37425831622095,0.000740148772555852,0.0256790504700627,TRUE
"chr2",100322306,100322565,"AluSc5",3171,"SetA_ER_H3K27ac","10nM",FALSE,"LONRF2",0,"ENSG00000170500",3303.83777510189,1.4621975663512,0.433338953132909,3.37425831622095,0.000740148772555852,0.0256790504700627,TRUE
"chr2",101234646,101235009,"AluJb",0,"SetA_ER_H3K27ac","10nM",TRUE,"TBC1D8",0,"ENSG00000204634",466.188295775313,-0.159956760516204,0.207292145144309,-0.771648922851602,0.440322390074531,1,FALSE
"chr2",105399100,105399307,"AluSc8",2955,"SetA_ER_H3K27ac","10nM",FALSE,"FHL2",0,"ENSG00000115641",1038.26839146806,1.45236962981474,0.573371674192383,2.53303344965631,0.0113080161490426,0.21379318327575,FALSE
"chr2",105404051,105404348,"AluSx",1073,"SetA_ER_H3K27ac","10nM",FALSE,"FHL2",0,"ENSG00000115641",1038.26839146806,1.45236962981474,0.573371674192383,2.53303344965631,0.0113080161490426,0.21379318327575,FALSE
"chr2",108594992,108595279,"AluSp",1266,"SetA_ER_H3K27ac","10nM",FALSE,"LIMS1",0,"ENSG00000169756",2247.06689118963,0.0236327973335588,0.250692282559056,0.0942701430307954,0.924894566679425,1,FALSE
"chr2",108786451,108786685,"FLAM_A",61,"SetA_ER_H3K27ac","10nM",FALSE,"CCDC138",60,"ENSG00000163006",274.147165559259,0.503132864022382,0.332179711651792,1.51464055863169,0.129863455088808,0.850324798982546,FALSE
"chr2",108905212,108905496,"AluSx3",1868,"SetA_ER_H3K27ac","10nM",FALSE,"EDAR",0,"ENSG00000135960",7.41715721575781,2.7076725411904,1.22228333713024,2.21525767302666,0.0267423833166423,0.368456038388836,FALSE
"chr2",109350114,109350607,"AluJr",6072,"SetA_ER_H3K27ac","10nM",FALSE,"SH3RF3",0,"ENSG00000172985",2.88367374304881,2.88929546245449,1.67834066123366,1.72151907487644,0.0851566738569997,0.708048493909378,FALSE
"chr2",109351193,109351509,"AluY",5660,"SetA_ER_H3K27ac","10nM",FALSE,"SH3RF3",0,"ENSG00000172985",2.88367374304881,2.88929546245449,1.67834066123366,1.72151907487644,0.0851566738569997,0.708048493909378,FALSE
"chr2",109407764,109408036,"AluSx1",5091,"SetA_ER_H3K27ac","10nM",FALSE,"SH3RF3",0,"ENSG00000172985",2.88367374304881,2.88929546245449,1.67834066123366,1.72151907487644,0.0851566738569997,0.708048493909378,FALSE
"chr2",109472594,109473063,"AluSx1",1360,"SetA_ER_H3K27ac","10nM",FALSE,"SH3RF3",0,"ENSG00000172985",2.88367374304881,2.88929546245449,1.67834066123366,1.72151907487644,0.0851566738569997,0.708048493909378,FALSE
"chr2",109480473,109480974,"AluSx1",3090,"SetA_ER_H3K27ac","10nM",FALSE,"SH3RF3",0,"ENSG00000172985",2.88367374304881,2.88929546245449,1.67834066123366,1.72151907487644,0.0851566738569997,0.708048493909378,FALSE
"chr2",109482434,109482642,"AluSx1",1422,"SetA_ER_H3K27ac","10nM",FALSE,"SH3RF3",0,"ENSG00000172985",2.88367374304881,2.88929546245449,1.67834066123366,1.72151907487644,0.0851566738569997,0.708048493909378,FALSE
"chr2",111048754,111049525,"AluSx1",1955,"SetA_ER_H3K27ac","10nM",FALSE,"ACOXL",0,"ENSG00000153093",4.5134902405066,0.842117504685206,1.14234194978228,0.737185135191531,0.461009771824102,1,FALSE
"chr2",111932732,111933258,"AluY",253,"SetA_ER_H3K27ac","10nM",FALSE,"MERTK",0,"ENSG00000153208",29.299023712185,0.741334234429895,0.592386310913139,1.25143714628915,0.210775031873243,0.994364550744778,FALSE
"chr2",113236549,113236767,"AluSx3",1300,"SetA_ER_H3K27ac","10nM",FALSE,"PAX8-AS1",0,"ENSG00000189223",1028.93293976519,0.220116156132425,0.205836480441402,1.06937388192997,0.284901231304063,1,FALSE
"chr2",118085805,118086110,"AluSx4",1258,"SetA_ER_H3K27ac","10nM",FALSE,"ENSG00000297418",0,"ENSG00000297418",2.50212519581818,2.94563088835154,2.04326812999746,1.44162718788905,0.149407574316987,0.894499004280353,FALSE
"chr2",131563968,131564329,"AluJb",4909,"SetA_ER_H3K27ac","10nM",FALSE,"ENSG00000286208",0,"ENSG00000286208",65.0532208589232,-0.0363482170951365,0.2956320627488,-0.122950862491602,0.902146008688663,1,FALSE
"chr2",131672402,131672612,"AluJb",643,"SetA_ER_H3K27ac","10nM",FALSE,"LINC03124",0,"ENSG00000287151",420.229216681552,0.121905576889649,0.216040603487818,0.564271599512184,0.572569306548458,1,FALSE
"chr2",133331428,133332022,"AluJr",518,"SetA_ER_H3K27ac","10nM",FALSE,"NCKAP5",0,"ENSG00000176771",371.636789037765,0.169810102566603,0.373083188912551,0.455153455350157,0.648998843169561,1,FALSE
"chr2",133421618,133421852,"AluSg",4138,"SetA_ER_H3K27ac","10nM",FALSE,"NCKAP5",0,"ENSG00000176771",371.636789037765,0.169810102566603,0.373083188912551,0.455153455350157,0.648998843169561,1,FALSE
"chr2",133439521,133439704,"AluY",725,"SetA_ER_H3K27ac","10nM",FALSE,"NCKAP5",0,"ENSG00000176771",371.636789037765,0.169810102566603,0.373083188912551,0.455153455350157,0.648998843169561,1,FALSE
"chr2",133443093,133443369,"AluY",2359,"SetA_ER_H3K27ac","10nM",FALSE,"NCKAP5",0,"ENSG00000176771",371.636789037765,0.169810102566603,0.373083188912551,0.455153455350157,0.648998843169561,1,FALSE
"chr2",133492929,133493316,"AluJo",3835,"SetA_ER_H3K27ac","10nM",FALSE,"NCKAP5",0,"ENSG00000176771",371.636789037765,0.169810102566603,0.373083188912551,0.455153455350157,0.648998843169561,1,FALSE
"chr2",133504867,133505465,"AluSx1",5011,"SetA_ER_H3K27ac","10nM",FALSE,"NCKAP5",0,"ENSG00000176771",371.636789037765,0.169810102566603,0.373083188912551,0.455153455350157,0.648998843169561,1,FALSE
"chr2",134815583,134816147,"AluJo",0,"SetA_ER_H3K27ac","10nM",TRUE,"CCNT2-AS1",0,"ENSG00000224043",175.637752996008,-0.240622722010072,0.280543276756761,-0.857702685987725,0.391056656505469,1,FALSE
"chr2",134823345,134823737,"AluSz",394,"SetA_ER_H3K27ac","10nM",FALSE,"CCNT2-AS1",0,"ENSG00000224043",175.637752996008,-0.240622722010072,0.280543276756761,-0.857702685987725,0.391056656505469,1,FALSE
"chr2",138421437,138421667,"AluSc",3319,"SetA_ER_H3K27ac","10nM",FALSE,"SPOPL-DT",0,"ENSG00000228043",31.8975561623868,-0.320215639815504,0.4785779222586,-0.669098228151183,0.503432820165361,1,FALSE
"chr2",138435738,138436091,"AluY",918,"SetA_ER_H3K27ac","10nM",FALSE,"SPOPL-DT",0,"ENSG00000228043",31.8975561623868,-0.320215639815504,0.4785779222586,-0.669098228151183,0.503432820165361,1,FALSE
"chr2",142980217,142980503,"AluJo",421,"SetA_ER_H3K27ac","10nM",FALSE,"KYNU",0,"ENSG00000115919",1107.25028445451,0.114068857132585,0.234357162407052,0.486730834086734,0.626449091243373,1,FALSE
"chr2",142981423,142981650,"AluJo",1627,"SetA_ER_H3K27ac","10nM",FALSE,"KYNU",0,"ENSG00000115919",1107.25028445451,0.114068857132585,0.234357162407052,0.486730834086734,0.626449091243373,1,FALSE
"chr2",149422903,149423344,"AluSz",1493,"SetA_ER_H3K27ac","10nM",FALSE,"LYPD6",0,"ENSG00000187123",413.08215048419,-0.265599985185875,0.235973514660772,-1.12554998202952,0.260356049674748,1,FALSE
"chr2",156182077,156182395,"AluSx",1100,"SetA_ER_H3K27ac","10nM",FALSE,"LINC01876",0,"ENSG00000226383",124.221332623928,0.150294265354553,0.316771478076215,0.474456432338242,0.635174459154866,1,FALSE
"chr2",157628590,157628791,"AluY",1830,"SetA_ER_H3K27ac","10nM",FALSE,"ACVR1C",0,"ENSG00000123612",104.587400088494,0.540469122433968,0.332904905611832,1.62349401682941,0.104483841351315,0.779106375210698,FALSE
"chr2",158507299,158507598,"AluSq2",477,"SetA_ER_H3K27ac","10nM",FALSE,"PKP4",0,"ENSG00000144283",2830.74033139139,-0.113377914890103,0.201729311640426,-0.562029949778414,0.574095613697715,1,FALSE
"chr2",158723471,158724300,"AluSz",9721,"SetA_ER_H3K27ac","10nM",FALSE,"PKP4-AS1",0,"ENSG00000204380",3.8518126029832,1.2106749433383,1.47920641122409,0.818462477009162,0.413093159498936,1,FALSE
"chr2",158727271,158727707,"AluSz",6314,"SetA_ER_H3K27ac","10nM",FALSE,"PKP4-AS1",0,"ENSG00000204380",3.8518126029832,1.2106749433383,1.47920641122409,0.818462477009162,0.413093159498936,1,FALSE
"chr2",158742713,158743038,"AluSx1",238,"SetA_ER_H3K27ac","10nM",FALSE,"PKP4-AS1",0,"ENSG00000204380",3.8518126029832,1.2106749433383,1.47920641122409,0.818462477009162,0.413093159498936,1,FALSE
"chr2",159030861,159031357,"AluJr",874,"SetA_ER_H3K27ac","10nM",FALSE,"TANC1",0,"ENSG00000115183",1948.88475962067,0.152486934185812,0.17350796938016,0.878846860640212,0.379484314291098,1,FALSE
"chr2",159043663,159044090,"AluJo",69,"SetA_ER_H3K27ac","10nM",FALSE,"TANC1",0,"ENSG00000115183",1948.88475962067,0.152486934185812,0.17350796938016,0.878846860640212,0.379484314291098,1,FALSE
"chr2",159063677,159064003,"AluYb8",679,"SetA_ER_H3K27ac","10nM",FALSE,"TANC1",0,"ENSG00000115183",1948.88475962067,0.152486934185812,0.17350796938016,0.878846860640212,0.379484314291098,1,FALSE
"chr2",159064481,159065145,"AluJr4",981,"SetA_ER_H3K27ac","10nM",FALSE,"TANC1",0,"ENSG00000115183",1948.88475962067,0.152486934185812,0.17350796938016,0.878846860640212,0.379484314291098,1,FALSE
"chr2",159099548,159099873,"AluJb",2408,"SetA_ER_H3K27ac","10nM",FALSE,"TANC1",0,"ENSG00000115183",1948.88475962067,0.152486934185812,0.17350796938016,0.878846860640212,0.379484314291098,1,FALSE
"chr2",159111310,159111911,"AluSx",327,"SetA_ER_H3K27ac","10nM",FALSE,"TANC1",0,"ENSG00000115183",1948.88475962067,0.152486934185812,0.17350796938016,0.878846860640212,0.379484314291098,1,FALSE
"chr2",159119294,159119901,"AluJb",744,"SetA_ER_H3K27ac","10nM",FALSE,"TANC1",0,"ENSG00000115183",1948.88475962067,0.152486934185812,0.17350796938016,0.878846860640212,0.379484314291098,1,FALSE
"chr2",160221781,160222355,"AluJr",4155,"SetA_ER_H3K27ac","10nM",FALSE,"ITGB6",0,"ENSG00000115221",164.630513317428,-0.387229238194734,0.562118302944907,-0.688874986219202,0.490901941758908,1,FALSE
"chr2",161867400,161867607,"AluY",3189,"SetA_ER_H3K27ac","10nM",FALSE,"SLC4A10",0,"ENSG00000144290",56.4730438978996,0.563667564285367,0.762790228136953,0.738954883654023,0.459934393699616,1,FALSE
"chr2",161872118,161872480,"AluSx",227,"SetA_ER_H3K27ac","10nM",FALSE,"SLC4A10",0,"ENSG00000144290",56.4730438978996,0.563667564285367,0.762790228136953,0.738954883654023,0.459934393699616,1,FALSE
"chr2",164955524,164955795,"AluSq2",1350,"SetA_ER_H3K27ac","10nM",FALSE,"ENSG00000236283",0,"ENSG00000236283",18.2733001087926,-0.0149038505318343,0.650325380009505,-0.0229175286556039,0.981716058222295,1,FALSE
"chr2",166074249,166074659,"AluSc8",1113,"SetA_ER_H3K27ac","10nM",FALSE,"SCN1A-AS1",0,"ENSG00000236107",13.6976147868041,-0.386995514916346,0.790972325732684,-0.48926555623532,0.62465370289408,1,FALSE
"chr2",168137491,168137775,"AluSc",1095,"SetA_ER_H3K27ac","10nM",FALSE,"STK39",0,"ENSG00000198648",1762.83461372432,0.0557679299539034,0.164097059530128,0.339847222817936,0.733971583488762,1,FALSE
"chr2",168455936,168456225,"AluJo",3963,"SetA_ER_H3K27ac","10nM",FALSE,"ENSG00000301499",0,"ENSG00000301499",18.0549298790812,-0.322695225695873,0.695441404893518,-0.464014974410795,0.642637017171953,1,FALSE
"chr2",168466861,168467044,"AluSz",2402,"SetA_ER_H3K27ac","10nM",FALSE,"CERS6",0,"ENSG00000172292",7178.38839067815,0.116096839222006,0.178841217539358,0.64916153456882,0.516233971479992,1,FALSE
"chr2",168853242,168853852,"AluSz",23,"SetA_ER_H3K27ac","10nM",FALSE,"NOSTRIN",0,"ENSG00000163072",26.1814088185999,-0.373121504288413,0.659465772444376,-0.56579358608014,0.571534107112055,1,FALSE
"chr2",170237783,170238086,"AluYa5",3587,"SetA_ER_H3K27ac","10nM",FALSE,"MYO3B",0,"ENSG00000071909",2.34309828661546,-1.36761996272855,1.36636391856028,-1.0009192603458,0.316865844153935,1,FALSE
"chr2",170238724,170239166,"AluYa5",4528,"SetA_ER_H3K27ac","10nM",FALSE,"MYO3B",0,"ENSG00000071909",2.34309828661546,-1.36761996272855,1.36636391856028,-1.0009192603458,0.316865844153935,1,FALSE
"chr2",172274149,172274423,"AluY",630,"SetA_ER_H3K27ac","10nM",FALSE,"DLX2-DT",0,"ENSG00000236651",2.51456107540348,-1.15859637548185,1.295462665846,-0.894349490747563,0.371134928015514,1,FALSE
"chr2",172274704,172275006,"AluY",1185,"SetA_ER_H3K27ac","10nM",FALSE,"DLX2-DT",0,"ENSG00000236651",2.51456107540348,-1.15859637548185,1.295462665846,-0.894349490747563,0.371134928015514,1,FALSE
"chr2",172380452,172381022,"AluY",391,"SetA_ER_H3K27ac","10nM",FALSE,"ITGA6",0,"ENSG00000091409",923.423891783664,0.359620436524719,0.358236806987689,1.00386233215025,0.315444974861302,1,FALSE
"chr2",173759323,173759666,"AluSc8",1981,"SetA_ER_H3K27ac","10nM",FALSE,"ENSG00000270460",0,"ENSG00000270460",37.1188514596193,-0.183502759578739,0.723273613294454,-0.253711398018377,0.799718527779641,1,FALSE
"chr2",173766924,173767255,"AluYm1",739,"SetA_ER_H3K27ac","10nM",FALSE,"ENSG00000270460",0,"ENSG00000270460",37.1188514596193,-0.183502759578739,0.723273613294454,-0.253711398018377,0.799718527779641,1,FALSE
"chr2",173883336,173883656,"AluSz",729,"SetA_ER_H3K27ac","10nM",FALSE,"SP3",0,"ENSG00000172845",5640.28485950306,0.223709521765682,0.19369336002974,1.15496742754286,0.248103765332722,1,FALSE
"chr2",176637996,176638182,"AluYa5",4243,"SetA_ER_H3K27ac","10nM",FALSE,"LINC01117",0,"ENSG00000224577",51.5102237269972,-0.136880767712238,0.519510630085733,-0.263480205765278,0.792180478221928,1,FALSE
"chr2",176845657,176846057,"AluSx",7180,"SetA_ER_H3K27ac","10nM",FALSE,"LINC01117",0,"ENSG00000224577",51.5102237269972,-0.136880767712238,0.519510630085733,-0.263480205765278,0.792180478221928,1,FALSE
"chr2",177519970,177520335,"AluSq",1521,"SetA_ER_H3K27ac","10nM",FALSE,"AGPS",0,"ENSG00000018510",4.59273128492738,1.1411087974245,1.35953009829542,0.839340591911297,0.401278210860985,1,FALSE
"chr2",177521062,177521362,"AluSz",1099,"SetA_ER_H3K27ac","10nM",FALSE,"AGPS",0,"ENSG00000018510",4.59273128492738,1.1411087974245,1.35953009829542,0.839340591911297,0.401278210860985,1,FALSE
"chr2",179446746,179447089,"AluSz",8520,"SetA_ER_H3K27ac","10nM",FALSE,"ZNF385B",0,"ENSG00000144331",380.650146617971,-0.00183163297814188,0.639825470078092,-0.00286270719719602,0.997715893245003,1,FALSE
"chr2",179574216,179574601,"AluSx1",7002,"SetA_ER_H3K27ac","10nM",FALSE,"ZNF385B",0,"ENSG00000144331",380.650146617971,-0.00183163297814188,0.639825470078092,-0.00286270719719602,0.997715893245003,1,FALSE
"chr2",179578667,179579541,"AluSq",3304,"SetA_ER_H3K27ac","10nM",FALSE,"ZNF385B",0,"ENSG00000144331",380.650146617971,-0.00183163297814188,0.639825470078092,-0.00286270719719602,0.997715893245003,1,FALSE
"chr2",179580696,179581085,"AluSq",1760,"SetA_ER_H3K27ac","10nM",FALSE,"ZNF385B",0,"ENSG00000144331",380.650146617971,-0.00183163297814188,0.639825470078092,-0.00286270719719602,0.997715893245003,1,FALSE
"chr2",179646631,179647212,"AluSx1",191,"SetA_ER_H3K27ac","10nM",FALSE,"ZNF385B",0,"ENSG00000144331",380.650146617971,-0.00183163297814188,0.639825470078092,-0.00286270719719602,0.997715893245003,1,FALSE
"chr2",179690868,179691062,"FLAM_C",2390,"SetA_ER_H3K27ac","10nM",FALSE,"ZNF385B",0,"ENSG00000144331",380.650146617971,-0.00183163297814188,0.639825470078092,-0.00286270719719602,0.997715893245003,1,FALSE
"chr2",190416902,190417597,"AluJb",877,"SetA_ER_H3K27ac","10nM",FALSE,"MFSD6",0,"ENSG00000151690",1504.96420267133,0.389171573806103,0.300122067230158,1.29671095963648,0.194730656980818,0.974316054689223,FALSE
"chr2",190785544,190785758,"AluYm1",223,"SetA_ER_H3K27ac","10nM",FALSE,"ENSG00000228509",0,"ENSG00000228509",9.04199763107826,0.442483541729665,0.766474614246751,0.57729706047018,0.563738799089823,1,FALSE
"chr2",190786328,190787190,"AluSx",0,"SetA_ER_H3K27ac","10nM",TRUE,"ENSG00000228509",0,"ENSG00000228509",9.04199763107826,0.442483541729665,0.766474614246751,0.57729706047018,0.563738799089823,1,FALSE
"chr2",197842812,197843208,"AluJo",5815,"SetA_ER_H3K27ac","10nM",FALSE,"PLCL1",0,"ENSG00000115896",58.2394058040535,0.76550521768853,0.448751772278016,1.70585447229003,0.0880351781712224,0.721431403683268,FALSE
"chr2",200310680,200311132,"AluYj4",4685,"SetA_ER_H3K27ac","10nM",FALSE,"SPATS2L",0,"ENSG00000196141",1985.3284194283,0.959795843953363,0.313683535886411,3.05975843214455,0.00221515582585174,0.0614445553938542,FALSE
"chr2",200665772,200666181,"AluSz",42,"SetA_ER_H3K27ac","10nM",FALSE,"AOX1",0,"ENSG00000138356",105.856796395077,0.544803911339181,0.54527824181293,0.999130112963665,0.317731665355838,1,FALSE
"chr2",200746961,200747291,"AluJb",0,"SetA_ER_H3K27ac","10nM",TRUE,"AOX3P-AOX2P",0,"ENSG00000284084",3.8661040827073,1.63133277881471,1.21240377426412,1.3455358795834,0.178452242591256,0.95148775342824,FALSE
"chr2",200747910,200748385,"AluJb",722,"SetA_ER_H3K27ac","10nM",FALSE,"AOX3P-AOX2P",0,"ENSG00000284084",3.8661040827073,1.63133277881471,1.21240377426412,1.3455358795834,0.178452242591256,0.95148775342824,FALSE
"chr2",201985725,201986085,"AluSz",636,"SetA_ER_H3K27ac","10nM",FALSE,"ENSG00000289026",0,"ENSG00000289026",3.18433680649493,4.31434385247713,2.89002745819045,1.49283836049727,0.135479503244291,0.864991179819143,FALSE
"chr2",201986292,201986624,"AluSz",97,"SetA_ER_H3K27ac","10nM",FALSE,"ENSG00000289026",0,"ENSG00000289026",3.18433680649493,4.31434385247713,2.89002745819045,1.49283836049727,0.135479503244291,0.864991179819143,FALSE
"chr2",202039565,202039778,"AluSx",1621,"SetA_ER_H3K27ac","10nM",FALSE,"KIAA2012-AS1",0,"ENSG00000222035",3.69661794370146,-1.2988527823818,1.31382016509057,-0.988607738633899,0.322855098491754,1,FALSE
"chr2",211423037,211423433,"AluJb",2257,"SetA_ER_H3K27ac","10nM",FALSE,"ERBB4",0,"ENSG00000178568",2396.33425670778,-0.166117372131977,0.401748029243339,-0.413486464251849,0.679250237480973,1,FALSE
"chr2",215943420,215943703,"AluSc8",0,"SetA_ER_H3K27ac","10nM",TRUE,"MREG",0,"ENSG00000118242",2040.6439285086,0.926596114576906,0.250339843788609,3.70135293109529,0.00021445294248769,0.00937774092488841,TRUE
"chr2",215966298,215966666,"AluSg",0,"SetA_ER_H3K27ac","10nM",TRUE,"MREG",0,"ENSG00000118242",2040.6439285086,0.926596114576906,0.250339843788609,3.70135293109529,0.00021445294248769,0.00937774092488841,TRUE
"chr2",215979084,215979308,"AluSp",0,"SetA_ER_H3K27ac","10nM",TRUE,"MREG",0,"ENSG00000118242",2040.6439285086,0.926596114576906,0.250339843788609,3.70135293109529,0.00021445294248769,0.00937774092488841,TRUE
"chr2",215979657,215979975,"AluSp",191,"SetA_ER_H3K27ac","10nM",FALSE,"MREG",0,"ENSG00000118242",2040.6439285086,0.926596114576906,0.250339843788609,3.70135293109529,0.00021445294248769,0.00937774092488841,TRUE
"chr2",215980177,215980471,"AluSx",178,"SetA_ER_H3K27ac","10nM",FALSE,"MREG",0,"ENSG00000118242",2040.6439285086,0.926596114576906,0.250339843788609,3.70135293109529,0.00021445294248769,0.00937774092488841,TRUE
"chr2",215982473,215982957,"AluSq2",114,"SetA_ER_H3K27ac","10nM",FALSE,"MREG",0,"ENSG00000118242",2040.6439285086,0.926596114576906,0.250339843788609,3.70135293109529,0.00021445294248769,0.00937774092488841,TRUE
"chr2",216551144,216551438,"AluJb",108,"SetA_ER_H3K27ac","10nM",FALSE,"RPL37A",0,"ENSG00000197756",13642.8256416337,-0.119742248394244,0.171742763541519,-0.697218595561355,0.485666003217236,1,FALSE
"chr2",216553061,216553287,"AluSq2",216,"SetA_ER_H3K27ac","10nM",FALSE,"RPL37A",0,"ENSG00000197756",13642.8256416337,-0.119742248394244,0.171742763541519,-0.697218595561355,0.485666003217236,1,FALSE
"chr2",217366910,217367244,"AluSc8",2774,"SetA_ER_H3K27ac","10nM",FALSE,"DIRC3",0,"ENSG00000231672",8.41328665842877,0.0229954610585969,0.871575075897181,0.0263837983606011,0.978951216687639,1,FALSE
"chr2",217387465,217387854,"AluSx",543,"SetA_ER_H3K27ac","10nM",FALSE,"DIRC3",0,"ENSG00000231672",8.41328665842877,0.0229954610585969,0.871575075897181,0.0263837983606011,0.978951216687639,1,FALSE
"chr2",217387977,217388470,"AluSx",0,"SetA_ER_H3K27ac","10nM",TRUE,"DIRC3",0,"ENSG00000231672",8.41328665842877,0.0229954610585969,0.871575075897181,0.0263837983606011,0.978951216687639,1,FALSE
"chr2",217681717,217682021,"AluYa5",0,"SetA_ER_H3K27ac","10nM",TRUE,"DIRC3",0,"ENSG00000231672",8.41328665842877,0.0229954610585969,0.871575075897181,0.0263837983606011,0.978951216687639,1,FALSE
"chr2",217943564,217943892,"FLAM_C",12283,"SetA_ER_H3K27ac","10nM",FALSE,"TNS1",0,"ENSG00000079308",297.879269869594,1.46440961064231,0.424427392332375,3.45031832793561,0.000559925888608583,0.0206449427268523,TRUE
"chr2",217944168,217944353,"FLAM_C",11822,"SetA_ER_H3K27ac","10nM",FALSE,"TNS1",0,"ENSG00000079308",297.879269869594,1.46440961064231,0.424427392332375,3.45031832793561,0.000559925888608583,0.0206449427268523,TRUE
"chr2",218010127,218010380,"AluSx1",2586,"SetA_ER_H3K27ac","10nM",FALSE,"TNS1",0,"ENSG00000079308",297.879269869594,1.46440961064231,0.424427392332375,3.45031832793561,0.000559925888608583,0.0206449427268523,TRUE
"chr2",218322384,218322767,"AluSp",164,"SetA_ER_H3K27ac","10nM",FALSE,"PNKD",0,"ENSG00000127838",1445.08535596199,-0.0808664661931905,0.252506472480781,-0.3202550231632,0.748775015316083,1,FALSE
"chr2",219398881,219399290,"AluSx",220,"SetA_ER_H3K27ac","10nM",FALSE,"DNPEP",0,"ENSG00000123992",8532.12995174563,0.0893861604138997,0.328913224549656,0.271762135852963,0.785804921015262,1,FALSE
"chr2",219399914,219400531,"AluSx1",823,"SetA_ER_H3K27ac","10nM",FALSE,"DNPEP",0,"ENSG00000123992",8532.12995174563,0.0893861604138997,0.328913224549656,0.271762135852963,0.785804921015262,1,FALSE
"chr2",219478481,219478898,"AluSz6",3398,"SetA_ER_H3K27ac","10nM",FALSE,"SPEG",0,"ENSG00000072195",253.991292295691,1.19970506901429,0.493501839105315,2.43100425155309,0.0150570378761514,0.260293983492223,FALSE
"chr2",227703768,227704131,"AluJb",539,"SetA_ER_H3K27ac","10nM",FALSE,"SLC19A3",0,"ENSG00000135917",3.48374356594303,1.75821099130051,1.84134952322201,0.954849130557233,0.339653997730631,1,FALSE
"chr2",229815390,229815857,"AluSx",1585,"SetA_ER_H3K27ac","10nM",FALSE,"TRIP12",0,"ENSG00000153827",7177.38184855474,-0.224608839317429,0.18559900543512,-1.21018342092326,0.226208518364645,1,FALSE
"chr2",229848019,229848287,"AluJr",1294,"SetA_ER_H3K27ac","10nM",FALSE,"TRIP12",0,"ENSG00000153827",7177.38184855474,-0.224608839317429,0.18559900543512,-1.21018342092326,0.226208518364645,1,FALSE
"chr2",229848525,229848802,"AluJr",779,"SetA_ER_H3K27ac","10nM",FALSE,"TRIP12",0,"ENSG00000153827",7177.38184855474,-0.224608839317429,0.18559900543512,-1.21018342092326,0.226208518364645,1,FALSE
"chr2",231222921,231223413,"AluJb",752,"SetA_ER_H3K27ac","10nM",FALSE,"ARMC9",0,"ENSG00000135931",842.258434671171,-0.216564543545859,0.216816877623548,-0.998836188029017,0.317874052453743,1,FALSE
"chr2",231706184,231706551,"AluSg",199,"SetA_ER_H3K27ac","10nM",FALSE,"ENSG00000289018",0,"ENSG00000289018",7.62185855620566,0.083197361752952,1.12640204729939,0.0738611599228022,0.9411208612871,1,FALSE
"chr2",231707717,231708078,"AluSg",1732,"SetA_ER_H3K27ac","10nM",FALSE,"PTMA",0,"ENSG00000187514",68787.4257362872,0.0785637383971323,0.14124070037398,0.556240079446716,0.57804674364691,1,FALSE
"chr2",232646814,232647088,"AluSx",69,"SetA_ER_H3K27ac","10nM",FALSE,"EFHD1",0,"ENSG00000115468",5955.33025353496,-0.190585952175992,0.179267554389838,-1.06313690073297,0.287719872355827,1,FALSE
"chr2",233271938,233272176,"AluSp",362,"SetA_ER_H3K27ac","10nM",FALSE,"ATG16L1",0,"ENSG00000085978",1771.00292381301,-0.0471858415810944,0.234226457420389,-0.20145393522477,0.840343645339179,1,FALSE
"chr2",234976439,234976992,"AluJb",541,"SetA_ER_H3K27ac","10nM",FALSE,"SH3BP4",0,"ENSG00000130147",4055.49505137932,-0.612184417805339,0.249759421145865,-2.45109639907361,0.0142421805364516,0.251427328480961,FALSE
"chr2",236592715,236593403,"AluSx",1114,"SetA_ER_H3K27ac","10nM",FALSE,"ENSG00000301575",0,"ENSG00000301575",2.67509568509177,-0.143890520199068,1.5021416138724,-0.0957902496477208,0.923687161402389,1,FALSE
"chr2",236611519,236611966,"AluY",1393,"SetA_ER_H3K27ac","10nM",FALSE,"ENSG00000301575",0,"ENSG00000301575",2.67509568509177,-0.143890520199068,1.5021416138724,-0.0957902496477208,0.923687161402389,1,FALSE
"chr2",236967150,236967511,"AluSg",4637,"SetA_ER_H3K27ac","10nM",FALSE,"COPS8-DT",0,"ENSG00000227252",22.3382699200457,0.178981401207752,0.715293597779135,0.250220890783112,0.802416530505854,1,FALSE
"chr2",237025299,237025554,"AluSx",2990,"SetA_ER_H3K27ac","10nM",FALSE,"COPS8-DT",0,"ENSG00000227252",22.3382699200457,0.178981401207752,0.715293597779135,0.250220890783112,0.802416530505854,1,FALSE
"chr2",237025771,237026122,"AluSz",2568,"SetA_ER_H3K27ac","10nM",FALSE,"COPS8-DT",0,"ENSG00000227252",22.3382699200457,0.178981401207752,0.715293597779135,0.250220890783112,0.802416530505854,1,FALSE
"chr2",237038950,237039201,"AluSx",0,"SetA_ER_H3K27ac","10nM",TRUE,"COPS8-DT",0,"ENSG00000227252",22.3382699200457,0.178981401207752,0.715293597779135,0.250220890783112,0.802416530505854,1,FALSE
"chr2",237041265,237041674,"AluSx",2238,"SetA_ER_H3K27ac","10nM",FALSE,"COPS8-DT",0,"ENSG00000227252",22.3382699200457,0.178981401207752,0.715293597779135,0.250220890783112,0.802416530505854,1,FALSE
"chr2",237043999,237044724,"AluSx",4972,"SetA_ER_H3K27ac","10nM",FALSE,"COPS8-DT",0,"ENSG00000227252",22.3382699200457,0.178981401207752,0.715293597779135,0.250220890783112,0.802416530505854,1,FALSE
"chr2",237075986,237076342,"AluSx",287,"SetA_ER_H3K27ac","10nM",FALSE,"COPS8-DT",0,"ENSG00000227252",22.3382699200457,0.178981401207752,0.715293597779135,0.250220890783112,0.802416530505854,1,FALSE
"chr2",237487156,237487440,"AluSc",2085,"SetA_ER_H3K27ac","10nM",FALSE,"MLPH",0,"ENSG00000115648",7776.84808039872,0.270171419976021,0.237925055900275,1.13553160239358,0.256152648509732,1,FALSE
"chr2",237496417,237496754,"AluJb",2983,"SetA_ER_H3K27ac","10nM",FALSE,"MLPH",0,"ENSG00000115648",7776.84808039872,0.270171419976021,0.237925055900275,1.13553160239358,0.256152648509732,1,FALSE
"chr2",237502510,237502830,"AluSx1",7,"SetA_ER_H3K27ac","10nM",FALSE,"MLPH",0,"ENSG00000115648",7776.84808039872,0.270171419976021,0.237925055900275,1.13553160239358,0.256152648509732,1,FALSE
"chr2",237510073,237510449,"AluJb",829,"SetA_ER_H3K27ac","10nM",FALSE,"MLPH",0,"ENSG00000115648",7776.84808039872,0.270171419976021,0.237925055900275,1.13553160239358,0.256152648509732,1,FALSE
"chr2",237691134,237691350,"AluSx1",370,"SetA_ER_H3K27ac","10nM",FALSE,"LRRFIP1",0,"ENSG00000124831",10550.2249529076,-0.0949893006895521,0.181613549796876,-0.523029811353789,0.600953507823756,1,FALSE
"chr2",239268209,239268794,"AluJb",2321,"SetA_ER_H3K27ac","10nM",FALSE,"HDAC4",0,"ENSG00000068024",535.700764067041,-0.0963853779559878,0.543691347532141,-0.177279587754134,0.859288783452831,1,FALSE
"chr2",240565972,240566220,"AluY",2472,"SetA_ER_H3K27ac","10nM",FALSE,"ANKMY1",0,"ENSG00000144504",330.479819347167,-0.285613632644774,0.375414382394002,-0.760795659514768,0.446779127348023,1,FALSE
"chr2",240894032,240894374,"AluSx",149,"SetA_ER_H3K27ac","10nM",FALSE,"MAB21L4",0,"ENSG00000172478",308.866045163557,0.435600031148353,0.371921338587932,1.17121548551688,0.241512172314011,1,FALSE
"chr2",240898314,240898533,"AluSx",2855,"SetA_ER_H3K27ac","10nM",FALSE,"MAB21L4",1422,"ENSG00000172478",308.866045163557,0.435600031148353,0.371921338587932,1.17121548551688,0.241512172314011,1,FALSE
"chr20",774146,774336,"AluJb",933,"SetA_ER_H3K27ac","10nM",FALSE,"SLC52A3",0,"ENSG00000101276",555.862087212279,-0.0197762148109975,0.366272513286537,-0.0539931720061298,0.956940604257789,1,FALSE
"chr20",2207736,2208061,"AluSz",1435,"SetA_ER_H3K27ac","10nM",FALSE,"LINC03086",0,"ENSG00000226644",3.03485284316123,1.60035322199793,1.6710136483054,0.95771403400617,0.338206978069307,1,FALSE
"chr20",4134624,4134825,"AluJr",443,"SetA_ER_H3K27ac","10nM",FALSE,"SMOX",0,"ENSG00000088826",975.326731276376,2.95381459933096,0.603254105618868,4.8964682905899,9.75743845061635e-07,9.99962307677524e-05,TRUE
"chr20",4135383,4135701,"AluJr",1202,"SetA_ER_H3K27ac","10nM",FALSE,"SMOX",0,"ENSG00000088826",975.326731276376,2.95381459933096,0.603254105618868,4.8964682905899,9.75743845061635e-07,9.99962307677524e-05,TRUE
"chr20",4136506,4136920,"AluJr",333,"SetA_ER_H3K27ac","10nM",FALSE,"SMOX",0,"ENSG00000088826",975.326731276376,2.95381459933096,0.603254105618868,4.8964682905899,9.75743845061635e-07,9.99962307677524e-05,TRUE
"chr20",4137995,4138266,"AluSq2",0,"SetA_ER_H3K27ac","10nM",TRUE,"SMOX",0,"ENSG00000088826",975.326731276376,2.95381459933096,0.603254105618868,4.8964682905899,9.75743845061635e-07,9.99962307677524e-05,TRUE
"chr20",4161385,4161639,"AluSq2",1976,"SetA_ER_H3K27ac","10nM",FALSE,"SMOX",0,"ENSG00000088826",975.326731276376,2.95381459933096,0.603254105618868,4.8964682905899,9.75743845061635e-07,9.99962307677524e-05,TRUE
"chr20",4161976,4162253,"AluSq2",2567,"SetA_ER_H3K27ac","10nM",FALSE,"SMOX",0,"ENSG00000088826",975.326731276376,2.95381459933096,0.603254105618868,4.8964682905899,9.75743845061635e-07,9.99962307677524e-05,TRUE
"chr20",10559291,10559637,"AluJb",930,"SetA_ER_H3K27ac","10nM",FALSE,"SLX4IP",0,"ENSG00000149346",418.812114956209,-0.279472044426197,0.219765154383445,-1.27168497303524,0.203485071831812,0.986522483136084,FALSE
"chr20",10662406,10662679,"AluJr",5028,"SetA_ER_H3K27ac","10nM",FALSE,"JAG1",0,"ENSG00000101384",402.046307681882,-0.953487956931985,0.4003938755715,-2.38137497875318,0.0172481444434432,0.283226720261108,FALSE
"chr20",15039148,15039546,"AluY",576,"SetA_ER_H3K27ac","10nM",FALSE,"MACROD2",0,"ENSG00000172264",211.917874226357,0.0206254416123841,0.308933958826881,0.0667632709939217,0.946770163642534,1,FALSE
"chr20",16541281,16541485,"AluSq2",2844,"SetA_ER_H3K27ac","10nM",FALSE,"KIF16B",0,"ENSG00000089177",1632.20298753946,0.0417367645919319,0.207441888535268,0.201197380561043,0.840544239625127,1,FALSE
"chr20",16542554,16542798,"AluSq2",1531,"SetA_ER_H3K27ac","10nM",FALSE,"KIF16B",0,"ENSG00000089177",1632.20298753946,0.0417367645919319,0.207441888535268,0.201197380561043,0.840544239625127,1,FALSE
"chr20",17515115,17515390,"AluSp",657,"SetA_ER_H3K27ac","10nM",FALSE,"BFSP1",0,"ENSG00000125864",101.637031969083,0.281192021971527,0.244312476946536,1.15095236021475,0.249751835036396,1,FALSE
"chr20",17567519,17567816,"AluSp",0,"SetA_ER_H3K27ac","10nM",TRUE,"BFSP1",0,"ENSG00000125864",101.637031969083,0.281192021971527,0.244312476946536,1.15095236021475,0.249751835036396,1,FALSE
"chr20",18058774,18059126,"AluSz",1532,"SetA_ER_H3K27ac","10nM",FALSE,"OVOL2",0,"ENSG00000125850",636.289861495324,1.82667275847727,0.268617681355671,6.80026999435906,1.04423262936987e-11,3.26061638520743e-09,TRUE
"chr20",19283499,19283874,"AluJb",1324,"SetA_ER_H3K27ac","10nM",FALSE,"SLC24A3",0,"ENSG00000185052",1547.85102985563,0.0557784679426168,0.380548245658222,0.146573972102114,0.883468299014391,1,FALSE
"chr20",19767170,19767418,"AluSx1",224,"SetA_ER_H3K27ac","10nM",FALSE,"RIN2",0,"ENSG00000132669",149.739884343155,-0.257927188361342,0.363516445229547,-0.709533754926743,0.477993312190835,1,FALSE
"chr20",19784060,19784395,"AluSz6",1489,"SetA_ER_H3K27ac","10nM",FALSE,"RIN2",0,"ENSG00000132669",149.739884343155,-0.257927188361342,0.363516445229547,-0.709533754926743,0.477993312190835,1,FALSE
"chr20",20077282,20077699,"AluSc",3023,"SetA_ER_H3K27ac","10nM",FALSE,"CFAP61",0,"ENSG00000089101",3.50706969861876,-0.75949028624746,1.44211107077033,-0.526651727208337,0.598435463691443,1,FALSE
"chr20",20079504,20079774,"AluSc",948,"SetA_ER_H3K27ac","10nM",FALSE,"CFAP61",0,"ENSG00000089101",3.50706969861876,-0.75949028624746,1.44211107077033,-0.526651727208337,0.598435463691443,1,FALSE
"chr20",20441283,20441593,"AluJb",1772,"SetA_ER_H3K27ac","10nM",FALSE,"RALGAPA2",0,"ENSG00000188559",648.75904287432,0.124766125741199,0.205891095625572,0.60598116379008,0.544527261327283,1,FALSE
"chr20",20456975,20457268,"AluJr",16225,"SetA_ER_H3K27ac","10nM",FALSE,"RALGAPA2",0,"ENSG00000188559",648.75904287432,0.124766125741199,0.205891095625572,0.60598116379008,0.544527261327283,1,FALSE
"chr20",23361111,23361343,"AluSx1",808,"SetA_ER_H3K27ac","10nM",FALSE,"GZF1",657,"ENSG00000125812",1415.99279333873,0.917217088237581,0.292921953243192,3.13126782776872,0.00174053348199331,0.0514538773730092,FALSE
"chr20",24649887,24650376,"AluSx",448,"SetA_ER_H3K27ac","10nM",FALSE,"SYNDIG1",0,"ENSG00000101463",11.0421783279505,0.862083769437293,0.857480293685792,1.00536860821805,0.314719389858225,1,FALSE
"chr20",25018502,25018735,"FRAM",795,"SetA_ER_H3K27ac","10nM",FALSE,"ACSS1",0,"ENSG00000154930",2399.85066520362,0.301651161853127,0.299210632169872,1.00815656069959,0.313379308067649,1,FALSE
"chr20",25056101,25056477,"AluJb",2738,"SetA_ER_H3K27ac","10nM",FALSE,"ACSS1",0,"ENSG00000154930",2399.85066520362,0.301651161853127,0.299210632169872,1.00815656069959,0.313379308067649,1,FALSE
"chr20",31559838,31560159,"AluSc",658,"SetA_ER_H3K27ac","10nM",FALSE,"HM13",0,"ENSG00000101294",8119.23675233471,-0.0557561589031384,0.20052094257361,-0.278056537075526,0.780968958927625,1,FALSE
"chr20",31672508,31672878,"AluJr",3,"SetA_ER_H3K27ac","10nM",FALSE,"BCL2L1",0,"ENSG00000171552",4425.59951741668,-0.212589470075983,0.318117533477611,-0.668273350896407,0.503959120949518,1,FALSE
"chr20",31680454,31680704,"AluSz6",475,"SetA_ER_H3K27ac","10nM",FALSE,"BCL2L1",0,"ENSG00000171552",4425.59951741668,-0.212589470075983,0.318117533477611,-0.668273350896407,0.503959120949518,1,FALSE
"chr20",31822530,31822790,"FLAM_A",479,"SetA_ER_H3K27ac","10nM",FALSE,"MYLK2",0,"ENSG00000101306",4.72091101889266,1.49278447652324,1.18619344187583,1.25846630391294,0.20822316604881,0.989962875971881,FALSE
"chr20",32540208,32540391,"AluJb",1973,"SetA_ER_H3K27ac","10nM",FALSE,"NOL4L",0,"ENSG00000197183",515.497132741941,0.401607597886302,0.435510730119041,0.922153164346899,0.356448689110474,1,FALSE
"chr20",35093146,35093343,"AluSx",889,"SetA_ER_H3K27ac","10nM",FALSE,"TRPC4AP",279,"ENSG00000100991",2608.68843089952,0.0521755923367359,0.131967540044327,0.395366863087774,0.692572160577891,1,FALSE
"chr20",35277191,35277376,"AluJr",1091,"SetA_ER_H3K27ac","10nM",FALSE,"MMP24OS",0,"ENSG00000126005",2837.27850931066,-0.0638900799681869,0.39629016617675,-0.161220452640986,0.871919772952504,1,FALSE
"chr20",36027212,36027605,"AluSx",73,"SetA_ER_H3K27ac","10nM",FALSE,"CNBD2",0,"ENSG00000149646",79.8131800423576,0.146127823864531,0.287625097423807,0.508049628399486,0.611418539388482,1,FALSE
"chr20",36587243,36587639,"AluJb",144,"SetA_ER_H3K27ac","10nM",FALSE,"TGIF2",0,"ENSG00000118707",1461.73913895326,1.66617659250514,0.277748308986592,5.998872139256,1.98692726512567e-09,3.67655133946958e-07,TRUE
"chr20",36774264,36774554,"AluSx1",8,"SetA_ER_H3K27ac","10nM",FALSE,"DSN1",0,"ENSG00000149636",696.400217203275,0.0335212319576702,0.228793000790675,0.14651336291681,0.883516141668082,1,FALSE
"chr20",38108480,38109007,"AluSx1",75,"SetA_ER_H3K27ac","10nM",FALSE,"RPRD1B",0,"ENSG00000101413",1594.38019078153,-0.154093855961834,0.178809108666424,-0.861778558771871,0.388809385930992,1,FALSE
"chr20",38109241,38110530,"AluJr4",725,"SetA_ER_H3K27ac","10nM",FALSE,"RPRD1B",0,"ENSG00000101413",1594.38019078153,-0.154093855961834,0.178809108666424,-0.861778558771871,0.388809385930992,1,FALSE
"chr20",38110907,38111138,"AluJr4",117,"SetA_ER_H3K27ac","10nM",FALSE,"RPRD1B",0,"ENSG00000101413",1594.38019078153,-0.154093855961834,0.178809108666424,-0.861778558771871,0.388809385930992,1,FALSE
"chr20",38139413,38139720,"AluSz",1934,"SetA_ER_H3K27ac","10nM",FALSE,"TGM2",0,"ENSG00000198959",181.059768684601,3.99402966604488,0.55496117316218,7.19695333510779,6.15728234504134e-13,2.79652569052968e-10,TRUE
"chr20",38145005,38145357,"AluJb",55,"SetA_ER_H3K27ac","10nM",FALSE,"TGM2",0,"ENSG00000198959",181.059768684601,3.99402966604488,0.55496117316218,7.19695333510779,6.15728234504134e-13,2.79652569052968e-10,TRUE
"chr20",43670450,43670958,"AluSc8",0,"SetA_ER_H3K27ac","10nM",TRUE,"MYBL2",0,"ENSG00000101057",9881.33888878887,-0.0421260220972986,0.204945766435729,-0.205547169038543,0.837144649174804,1,FALSE
"chr20",44302257,44302717,"AluSz",914,"SetA_ER_H3K27ac","10nM",FALSE,"FITM2",123,"ENSG00000197296",1388.01877742669,0.634223444010593,0.178345110954747,3.55615828555862,0.000376317401364632,0.0148623062230648,TRUE
"chr20",44712677,44712872,"AluSx",292,"SetA_ER_H3K27ac","10nM",FALSE,"KCNK15-AS1",0,"ENSG00000244558",7.53239061839429,1.26765542863927,0.882403866599775,1.43659323878986,0.150833605886717,0.897318791377783,FALSE
"chr20",44714665,44714982,"AluSx",1200,"SetA_ER_H3K27ac","10nM",FALSE,"KCNK15-AS1",0,"ENSG00000244558",7.53239061839429,1.26765542863927,0.882403866599775,1.43659323878986,0.150833605886717,0.897318791377783,FALSE
"chr20",44765132,44765945,"AluSz6",5575,"SetA_ER_H3K27ac","10nM",FALSE,"RIMS4",0,"ENSG00000101098",304.395307668899,1.2953613840785,0.31627345657663,4.0957005943515,4.20893604672862e-05,0.00237602762592725,TRUE
"chr20",45340415,45340787,"AluJb",663,"SetA_ER_H3K27ac","10nM",FALSE,"SDC4",0,"ENSG00000124145",8514.01553562394,0.160948244632998,0.252707190465762,0.636896181451569,0.524192470229352,1,FALSE
"chr20",45341590,45341792,"AluJb",1838,"SetA_ER_H3K27ac","10nM",FALSE,"SDC4",0,"ENSG00000124145",8514.01553562394,0.160948244632998,0.252707190465762,0.636896181451569,0.524192470229352,1,FALSE
"chr20",45342149,45342485,"AluJb",2397,"SetA_ER_H3K27ac","10nM",FALSE,"SDC4",0,"ENSG00000124145",8514.01553562394,0.160948244632998,0.252707190465762,0.636896181451569,0.524192470229352,1,FALSE
"chr20",45373176,45373516,"AluJr",753,"SetA_ER_H3K27ac","10nM",FALSE,"SYS1",0,"ENSG00000204070",1668.42742734106,-0.0885256246747535,0.155158560121636,-0.570549408330124,0.568305121007826,1,FALSE
"chr20",46737106,46737336,"AluSz",0,"SetA_ER_H3K27ac","10nM",TRUE,"SLC2A10",760,"ENSG00000197496",980.92781556824,-0.166532093886317,0.272905045893454,-0.610219914919905,0.541716139238238,1,FALSE
"chr20",47318820,47319317,"AluSx",1120,"SetA_ER_H3K27ac","10nM",FALSE,"ZMYND8",0,"ENSG00000101040",6344.85846562547,0.297255716033481,0.353645656090703,0.840546775886993,0.400601886456366,1,FALSE
"chr20",47340826,47341327,"AluSz",0,"SetA_ER_H3K27ac","10nM",TRUE,"ZMYND8",0,"ENSG00000101040",6344.85846562547,0.297255716033481,0.353645656090703,0.840546775886993,0.400601886456366,1,FALSE
"chr20",47343346,47343705,"AluSz6",0,"SetA_ER_H3K27ac","10nM",TRUE,"ZMYND8",0,"ENSG00000101040",6344.85846562547,0.297255716033481,0.353645656090703,0.840546775886993,0.400601886456366,1,FALSE
"chr20",47345106,47345635,"AluJr4",0,"SetA_ER_H3K27ac","10nM",TRUE,"ZMYND8",0,"ENSG00000101040",6344.85846562547,0.297255716033481,0.353645656090703,0.840546775886993,0.400601886456366,1,FALSE
"chr20",47352559,47353027,"AluSg",5657,"SetA_ER_H3K27ac","10nM",FALSE,"ZMYND8",0,"ENSG00000101040",6344.85846562547,0.297255716033481,0.353645656090703,0.840546775886993,0.400601886456366,1,FALSE
"chr20",47382627,47383035,"AluSg4",91,"SetA_ER_H3K27ac","10nM",FALSE,"LINC01754",1005,"ENSG00000224565",23.6103620003442,-0.0806767223659385,0.658453815021734,-0.122524496821809,0.902483646490514,1,FALSE
"chr20",47383822,47384046,"AluSq2",144,"SetA_ER_H3K27ac","10nM",FALSE,"LINC01754",0,"ENSG00000224565",23.6103620003442,-0.0806767223659385,0.658453815021734,-0.122524496821809,0.902483646490514,1,FALSE
"chr20",48075770,48076615,"AluSz",3830,"SetA_ER_H3K27ac","10nM",FALSE,"ENSG00000301586",0,"ENSG00000301586",5.80439125288011,6.66490014745188,1.96711441998816,3.38816089177569,0.00070362976560616,0.0246690126945149,TRUE
"chr20",48078458,48078829,"AluJr",3127,"SetA_ER_H3K27ac","10nM",FALSE,"ENSG00000301586",0,"ENSG00000301586",5.80439125288011,6.66490014745188,1.96711441998816,3.38816089177569,0.00070362976560616,0.0246690126945149,TRUE
"chr20",48079071,48079433,"AluJr",2523,"SetA_ER_H3K27ac","10nM",FALSE,"ENSG00000301586",0,"ENSG00000301586",5.80439125288011,6.66490014745188,1.96711441998816,3.38816089177569,0.00070362976560616,0.0246690126945149,TRUE
"chr20",48663714,48664157,"AluY",0,"SetA_ER_H3K27ac","10nM",TRUE,"PREX1",0,"ENSG00000124126",21803.526997129,0.084336328962569,0.335657943123454,0.251256765079891,0.801615599582097,1,FALSE
"chr20",48686169,48686380,"AluJo",259,"SetA_ER_H3K27ac","10nM",FALSE,"PREX1",0,"ENSG00000124126",21803.526997129,0.084336328962569,0.335657943123454,0.251256765079891,0.801615599582097,1,FALSE
"chr20",48686525,48686903,"AluJo",615,"SetA_ER_H3K27ac","10nM",FALSE,"PREX1",0,"ENSG00000124126",21803.526997129,0.084336328962569,0.335657943123454,0.251256765079891,0.801615599582097,1,FALSE
"chr20",48697789,48698538,"AluSc8",107,"SetA_ER_H3K27ac","10nM",FALSE,"PREX1",0,"ENSG00000124126",21803.526997129,0.084336328962569,0.335657943123454,0.251256765079891,0.801615599582097,1,FALSE
"chr20",48705311,48705696,"AluSx",458,"SetA_ER_H3K27ac","10nM",FALSE,"PREX1",0,"ENSG00000124126",21803.526997129,0.084336328962569,0.335657943123454,0.251256765079891,0.801615599582097,1,FALSE
"chr20",48864293,48865148,"AluSx",412,"SetA_ER_H3K27ac","10nM",FALSE,"ENSG00000278231",0,"ENSG00000278231",56.4932812948286,-0.0899683330568539,0.433140118093664,-0.207711844963294,0.835453968446275,1,FALSE
"chr20",48870458,48870788,"AluSx1",0,"SetA_ER_H3K27ac","10nM",TRUE,"ENSG00000278231",0,"ENSG00000278231",56.4932812948286,-0.0899683330568539,0.433140118093664,-0.207711844963294,0.835453968446275,1,FALSE
"chr20",48875376,48875641,"AluSq",473,"SetA_ER_H3K27ac","10nM",FALSE,"ENSG00000278231",0,"ENSG00000278231",56.4932812948286,-0.0899683330568539,0.433140118093664,-0.207711844963294,0.835453968446275,1,FALSE
"chr20",48945941,48946244,"AluJb",62,"SetA_ER_H3K27ac","10nM",FALSE,"ARFGEF2",0,"ENSG00000124198",3512.37708457995,0.651267887766841,0.363078407165508,1.79373896908709,0.0728548422572149,0.655234548905573,FALSE
"chr20",49812482,49812665,"AluSc",2554,"SetA_ER_H3K27ac","10nM",FALSE,"SLC9A8",48,"ENSG00000197818",623.007245403685,0.0507221228923918,0.179173292647017,0.283089751508434,0.777108037516555,1,FALSE
"chr20",49889255,49889649,"AluJb",3715,"SetA_ER_H3K27ac","10nM",FALSE,"SLC9A8",0,"ENSG00000197818",623.007245403685,0.0507221228923918,0.179173292647017,0.283089751508434,0.777108037516555,1,FALSE
"chr20",49982023,49982307,"FRAM",1736,"SetA_ER_H3K27ac","10nM",FALSE,"SNAI1",673,"ENSG00000124216",73.3414563092821,3.81911291070796,0.742786248470762,5.14160422136341,2.72402475248465e-07,3.11068060878019e-05,TRUE
"chr20",50142844,50143052,"AluSx1",95,"SetA_ER_H3K27ac","10nM",FALSE,"PEDS1-UBE2V1",0,"ENSG00000124208",225.196323020157,-1.30122262328059,2.77666344541936,-0.468628139080813,0.639335460231984,1,FALSE
"chr20",50798707,50799035,"FLAM_C",179,"SetA_ER_H3K27ac","10nM",FALSE,"BCAS4",0,"ENSG00000124243",206.054511107493,0.616597135141431,0.295739748798233,2.08493155771935,0.0370755136228486,0.44181101027967,FALSE
"chr20",53346159,53346749,"AluJb",2621,"SetA_ER_H3K27ac","10nM",FALSE,"TSHZ2",0,"ENSG00000182463",15.7265071179989,-1.10983676825546,1.18786310350843,-0.934313697409644,0.350142100762049,1,FALSE
"chr20",53601147,53601333,"AluSq2",90,"SetA_ER_H3K27ac","10nM",FALSE,"ZNF217",0,"ENSG00000171940",7690.36526538316,-0.90548282481998,0.267236756182911,-3.38831692823056,0.000703229562514916,0.0246690126945149,TRUE
"chr20",53654789,53655106,"AluSx",0,"SetA_ER_H3K27ac","10nM",TRUE,"ENSG00000235415",0,"ENSG00000235415",3.70352042038537,-1.45603656532577,1.44160611536833,-1.01000998109234,0.312490508103361,1,FALSE
"chr20",53661047,53661527,"AluSp",550,"SetA_ER_H3K27ac","10nM",FALSE,"ENSG00000235415",0,"ENSG00000235415",3.70352042038537,-1.45603656532577,1.44160611536833,-1.01000998109234,0.312490508103361,1,FALSE
"chr20",53661751,53662164,"AluSp",0,"SetA_ER_H3K27ac","10nM",TRUE,"ENSG00000235415",0,"ENSG00000235415",3.70352042038537,-1.45603656532577,1.44160611536833,-1.01000998109234,0.312490508103361,1,FALSE
"chr20",53711293,53711546,"AluJr",0,"SetA_ER_H3K27ac","10nM",TRUE,"ENSG00000293654",0,"ENSG00000293654",4.87024397045227,0.791748142434984,1.97353765802673,0.40118218125446,0.688285998707504,1,FALSE
"chr20",53725176,53725451,"AluSp",16,"SetA_ER_H3K27ac","10nM",FALSE,"ENSG00000293654",0,"ENSG00000293654",4.87024397045227,0.791748142434984,1.97353765802673,0.40118218125446,0.688285998707504,1,FALSE
"chr20",53852226,53852430,"AluSz",27,"SetA_ER_H3K27ac","10nM",FALSE,"ENSG00000297167",1955,"ENSG00000297167",7.91065258937863,-1.18969645124348,1.06164478309657,-1.1206163023506,0.262451222690555,1,FALSE
"chr20",53864402,53864600,"AluSx",1644,"SetA_ER_H3K27ac","10nM",FALSE,"ENSG00000304955",0,"ENSG00000304955",157.392549013264,-0.569836940398246,0.415262638267808,-1.37223262553842,0.169991031963581,0.934704172752235,FALSE
"chr20",56734047,56734272,"AluSx1",183,"SetA_ER_H3K27ac","10nM",FALSE,"ENSG00000304895",1360,"ENSG00000304895",9.56408185837482,0.632017059527973,1.25411574452577,0.503954329803079,0.614293470630091,1,FALSE
"chr20",56735209,56735681,"AluSz",243,"SetA_ER_H3K27ac","10nM",FALSE,"ENSG00000304895",0,"ENSG00000304895",9.56408185837482,0.632017059527973,1.25411574452577,0.503954329803079,0.614293470630091,1,FALSE
"chr20",56758705,56759201,"AluSz",95,"SetA_ER_H3K27ac","10nM",FALSE,"ENSG00000304895",0,"ENSG00000304895",9.56408185837482,0.632017059527973,1.25411574452577,0.503954329803079,0.614293470630091,1,FALSE
"chr20",57263016,57263381,"AluSp",1366,"SetA_ER_H3K27ac","10nM",FALSE,"BMP7",0,"ENSG00000101144",1262.44453237484,-0.078156698276389,0.487112259303774,-0.160449048004043,0.872527355332879,1,FALSE
"chr20",57692807,57693097,"AluSz",2421,"SetA_ER_H3K27ac","10nM",FALSE,"PMEPA1",0,"ENSG00000124225",1191.85692720431,0.228412204287653,0.425495799855817,0.536814239682395,0.591395934580098,1,FALSE
"chr20",57693679,57694283,"AluSz",1235,"SetA_ER_H3K27ac","10nM",FALSE,"PMEPA1",0,"ENSG00000124225",1191.85692720431,0.228412204287653,0.425495799855817,0.536814239682395,0.591395934580098,1,FALSE
"chr20",61307426,61307959,"AluSg7",794,"SetA_ER_H3K27ac","10nM",FALSE,"CDH4",0,"ENSG00000179242",42.6713919008214,-0.111331699869625,0.927329826630398,-0.120056205108992,0.904438624646055,1,FALSE
"chr20",62405591,62405855,"AluJb",1401,"SetA_ER_H3K27ac","10nM",FALSE,"CABLES2",0,"ENSG00000149679",1160.13764876192,0.800336476908748,0.247760256979071,3.23028594927699,0.00123666465839002,0.0398604944084939,TRUE
"chr20",62406530,62406918,"AluJb",2340,"SetA_ER_H3K27ac","10nM",FALSE,"CABLES2",0,"ENSG00000149679",1160.13764876192,0.800336476908748,0.247760256979071,3.23028594927699,0.00123666465839002,0.0398604944084939,TRUE
"chr20",62407733,62407987,"AluJb",3543,"SetA_ER_H3K27ac","10nM",FALSE,"CABLES2",431,"ENSG00000149679",1160.13764876192,0.800336476908748,0.247760256979071,3.23028594927699,0.00123666465839002,0.0398604944084939,TRUE
"chr20",63091242,63091637,"AluJb",515,"SetA_ER_H3K27ac","10nM",FALSE,"HAR1B",0,"ENSG00000231133",24.5718564613028,1.04508354626819,0.566728475315639,1.84406394205997,0.0651738220766097,0.611471202055853,FALSE
"chr20",63102352,63102574,"AluSx3",4027,"SetA_ER_H3K27ac","10nM",FALSE,"HAR1B",0,"ENSG00000231133",24.5718564613028,1.04508354626819,0.566728475315639,1.84406394205997,0.0651738220766097,0.611471202055853,FALSE
"chr20",63863070,63863369,"AluSq2",1113,"SetA_ER_H3K27ac","10nM",FALSE,"ENSG00000268858",0,"ENSG00000268858",454.765935305317,0.366470999253588,0.510550364227663,0.717795980437637,0.472883092152873,1,FALSE
"chr20",63864119,63864408,"AluSq2",74,"SetA_ER_H3K27ac","10nM",FALSE,"ENSG00000268858",0,"ENSG00000268858",454.765935305317,0.366470999253588,0.510550364227663,0.717795980437637,0.472883092152873,1,FALSE
"chr21",14306177,14306598,"AluSp",2619,"SetA_ER_H3K27ac","10nM",FALSE,"ABCC13",0,"ENSG00000291052",2.40652626411029,2.39778450152917,1.57842390982303,1.51910046889622,0.128737208733818,0.847951344540745,FALSE
"chr21",14863353,14863696,"AluJr",3107,"SetA_ER_H3K27ac","10nM",FALSE,"ASMER1",0,"ENSG00000281903",185.903004722951,0.147499188422289,0.477846957307704,0.308674537247934,0.757569114910638,1,FALSE
"chr21",14870945,14871165,"AluSc",1538,"SetA_ER_H3K27ac","10nM",FALSE,"ASMER1",0,"ENSG00000281903",185.903004722951,0.147499188422289,0.477846957307704,0.308674537247934,0.757569114910638,1,FALSE
"chr21",15003345,15003808,"AluJr4",4070,"SetA_ER_H3K27ac","10nM",FALSE,"ASMER1",0,"ENSG00000281903",185.903004722951,0.147499188422289,0.477846957307704,0.308674537247934,0.757569114910638,1,FALSE
"chr21",15005311,15005772,"AluY",5427,"SetA_ER_H3K27ac","10nM",FALSE,"ASMER1",0,"ENSG00000281903",185.903004722951,0.147499188422289,0.477846957307704,0.308674537247934,0.757569114910638,1,FALSE
"chr21",15065491,15065772,"AluJb",8316,"SetA_ER_H3K27ac","10nM",FALSE,"NRIP1",0,"ENSG00000180530",8422.1668630929,1.6687481558623,0.312781126439119,5.33519453318775,9.54421774472141e-08,1.17735584821304e-05,TRUE
"chr21",15121890,15122173,"AluSg",2885,"SetA_ER_H3K27ac","10nM",FALSE,"ENSG00000288536",0,"ENSG00000288536",3.57408905472,2.69073444247018,1.58212732792052,1.70070663402722,0.0889980887744309,0.724790272213084,FALSE
"chr21",15122407,15122621,"AluSx",3176,"SetA_ER_H3K27ac","10nM",FALSE,"ENSG00000288536",0,"ENSG00000288536",3.57408905472,2.69073444247018,1.58212732792052,1.70070663402722,0.0889980887744309,0.724790272213084,FALSE
"chr21",15132767,15133156,"AluJb",3924,"SetA_ER_H3K27ac","10nM",FALSE,"ENSG00000288536",0,"ENSG00000288536",3.57408905472,2.69073444247018,1.58212732792052,1.70070663402722,0.0889980887744309,0.724790272213084,FALSE
"chr21",15370985,15371294,"AluJr",2470,"SetA_ER_H3K27ac","10nM",FALSE,"ENSG00000229425",0,"ENSG00000229425",70.9994298946107,1.34724301975439,0.98340791155041,1.3699737453102,0.170695097439313,0.937134842644841,FALSE
"chr21",15374228,15374519,"AluY",223,"SetA_ER_H3K27ac","10nM",FALSE,"ENSG00000229425",0,"ENSG00000229425",70.9994298946107,1.34724301975439,0.98340791155041,1.3699737453102,0.170695097439313,0.937134842644841,FALSE
"chr21",15482522,15482705,"AluSc",855,"SetA_ER_H3K27ac","10nM",FALSE,"ENSG00000229425",0,"ENSG00000229425",70.9994298946107,1.34724301975439,0.98340791155041,1.3699737453102,0.170695097439313,0.937134842644841,FALSE
"chr21",15494053,15494251,"AluJr4",1311,"SetA_ER_H3K27ac","10nM",FALSE,"ENSG00000229425",0,"ENSG00000229425",70.9994298946107,1.34724301975439,0.98340791155041,1.3699737453102,0.170695097439313,0.937134842644841,FALSE
"chr21",15547492,15548227,"AluSq2",3339,"SetA_ER_H3K27ac","10nM",FALSE,"ENSG00000229425",0,"ENSG00000229425",70.9994298946107,1.34724301975439,0.98340791155041,1.3699737453102,0.170695097439313,0.937134842644841,FALSE
"chr21",15586850,15587400,"AluSz",70,"SetA_ER_H3K27ac","10nM",FALSE,"ENSG00000229425",0,"ENSG00000229425",70.9994298946107,1.34724301975439,0.98340791155041,1.3699737453102,0.170695097439313,0.937134842644841,FALSE
"chr21",17120431,17120707,"AluJb",174,"SetA_ER_H3K27ac","10nM",FALSE,"ENSG00000303199",0,"ENSG00000303199",2.65970843965254,-0.174479925715409,1.68370077559254,-0.103628820657877,0.917463915215473,1,FALSE
"chr21",17128343,17128668,"AluSp",1121,"SetA_ER_H3K27ac","10nM",FALSE,"ENSG00000303199",0,"ENSG00000303199",2.65970843965254,-0.174479925715409,1.68370077559254,-0.103628820657877,0.917463915215473,1,FALSE
"chr21",17746081,17746404,"AluY",300,"SetA_ER_H3K27ac","10nM",FALSE,"ENSG00000244676",0,"ENSG00000244676",6.876524495346,-0.313616991474806,0.980047458684748,-0.320001841437035,0.748966934632075,1,FALSE
"chr21",20996957,20997328,"AluSx4",1043,"SetA_ER_H3K27ac","10nM",FALSE,"NCAM2",1081,"ENSG00000154654",5704.98048725949,0.038493158233357,0.233500694861588,0.164852435476367,0.869060131055745,1,FALSE
"chr21",21028315,21028587,"AluSp",154,"SetA_ER_H3K27ac","10nM",FALSE,"NCAM2",0,"ENSG00000154654",5704.98048725949,0.038493158233357,0.233500694861588,0.164852435476367,0.869060131055745,1,FALSE
"chr21",21029061,21029478,"AluSc",150,"SetA_ER_H3K27ac","10nM",FALSE,"NCAM2",0,"ENSG00000154654",5704.98048725949,0.038493158233357,0.233500694861588,0.164852435476367,0.869060131055745,1,FALSE
"chr21",21030292,21030664,"AluSc",365,"SetA_ER_H3K27ac","10nM",FALSE,"NCAM2",0,"ENSG00000154654",5704.98048725949,0.038493158233357,0.233500694861588,0.164852435476367,0.869060131055745,1,FALSE
"chr21",21238916,21239237,"AluSx3",661,"SetA_ER_H3K27ac","10nM",FALSE,"NCAM2",0,"ENSG00000154654",5704.98048725949,0.038493158233357,0.233500694861588,0.164852435476367,0.869060131055745,1,FALSE
"chr21",21317447,21317762,"AluJb",0,"SetA_ER_H3K27ac","10nM",TRUE,"NCAM2",0,"ENSG00000154654",5704.98048725949,0.038493158233357,0.233500694861588,0.164852435476367,0.869060131055745,1,FALSE
"chr21",29378710,29378966,"AluSz",481,"SetA_ER_H3K27ac","10nM",FALSE,"BACH1",0,"ENSG00000156273",1104.6393219288,-0.0685578238529392,0.999027532089635,-0.0686245590344631,0.945288469663639,1,FALSE
"chr21",29386178,29386508,"AluSz",0,"SetA_ER_H3K27ac","10nM",TRUE,"BACH1",0,"ENSG00000156273",1104.6393219288,-0.0685578238529392,0.999027532089635,-0.0686245590344631,0.945288469663639,1,FALSE
"chr21",29509173,29509826,"AluSx3",1197,"SetA_ER_H3K27ac","10nM",FALSE,"BACH1",0,"ENSG00000156273",1104.6393219288,-0.0685578238529392,0.999027532089635,-0.0686245590344631,0.945288469663639,1,FALSE
"chr21",31529378,31529759,"AluY",161,"SetA_ER_H3K27ac","10nM",FALSE,"TIAM1",0,"ENSG00000156299",1087.09814568222,0.215586565129961,0.330434269138998,0.652434039882448,0.514121211050848,1,FALSE
"chr21",31986713,31986964,"AluJb",1908,"SetA_ER_H3K27ac","10nM",FALSE,"HUNK",0,"ENSG00000142149",399.77330905477,-0.153548659536089,0.319041463277049,-0.481281203887755,0.630316654037018,1,FALSE
"chr21",31987367,31987563,"AluJb",1309,"SetA_ER_H3K27ac","10nM",FALSE,"HUNK",0,"ENSG00000142149",399.77330905477,-0.153548659536089,0.319041463277049,-0.481281203887755,0.630316654037018,1,FALSE
"chr21",32393437,32393708,"AluJr",1402,"SetA_ER_H3K27ac","10nM",FALSE,"URB1-AS1",0,"ENSG00000256073",267.07301750699,0.136430492593103,0.253026642654696,0.539194177979469,0.589752877175969,1,FALSE
"chr21",33657175,33657577,"AluJr4",128,"SetA_ER_H3K27ac","10nM",FALSE,"ENSG00000249209",0,"ENSG00000249209",106.633915364574,0.0151577525281971,1.24942652823424,0.012131767803601,0.990320487212954,1,FALSE
"chr21",33854668,33854976,"AluJo",2583,"SetA_ER_H3K27ac","10nM",FALSE,"ENSG00000249209",0,"ENSG00000249209",106.633915364574,0.0151577525281971,1.24942652823424,0.012131767803601,0.990320487212954,1,FALSE
"chr21",35217556,35217927,"AluSq2",652,"SetA_ER_H3K27ac","10nM",FALSE,"RUNX1",0,"ENSG00000159216",1894.79667515391,-0.351079499552314,0.270746315519,-1.29671016530482,0.19473093039303,0.974316054689223,FALSE
"chr21",35261799,35262917,"AluJb",641,"SetA_ER_H3K27ac","10nM",FALSE,"RUNX1",0,"ENSG00000159216",1894.79667515391,-0.351079499552314,0.270746315519,-1.29671016530482,0.19473093039303,0.974316054689223,FALSE
"chr21",35329935,35330145,"AluSg4",6763,"SetA_ER_H3K27ac","10nM",FALSE,"RUNX1",0,"ENSG00000159216",1894.79667515391,-0.351079499552314,0.270746315519,-1.29671016530482,0.19473093039303,0.974316054689223,FALSE
"chr21",35952203,35952455,"AluSx1",0,"SetA_ER_H3K27ac","10nM",TRUE,"RUNX1",0,"ENSG00000159216",1894.79667515391,-0.351079499552314,0.270746315519,-1.29671016530482,0.19473093039303,0.974316054689223,FALSE
"chr21",35953644,35953992,"FLAM_C",674,"SetA_ER_H3K27ac","10nM",FALSE,"RUNX1",0,"ENSG00000159216",1894.79667515391,-0.351079499552314,0.270746315519,-1.29671016530482,0.19473093039303,0.974316054689223,FALSE
"chr21",35958506,35958826,"AluSx",765,"SetA_ER_H3K27ac","10nM",FALSE,"RUNX1",0,"ENSG00000159216",1894.79667515391,-0.351079499552314,0.270746315519,-1.29671016530482,0.19473093039303,0.974316054689223,FALSE
"chr21",36188113,36188626,"AluJo",214,"SetA_ER_H3K27ac","10nM",FALSE,"DOP1B",0,"ENSG00000142197",5196.08576821103,0.469187449094592,0.198092161609801,2.36853111845379,0.0178588779653639,0.289449973446742,FALSE
"chr21",36193333,36193567,"AluY",347,"SetA_ER_H3K27ac","10nM",FALSE,"DOP1B",0,"ENSG00000142197",5196.08576821103,0.469187449094592,0.198092161609801,2.36853111845379,0.0178588779653639,0.289449973446742,FALSE
"chr21",36234168,36234395,"AluSx1",13,"SetA_ER_H3K27ac","10nM",FALSE,"DOP1B",0,"ENSG00000142197",5196.08576821103,0.469187449094592,0.198092161609801,2.36853111845379,0.0178588779653639,0.289449973446742,FALSE
"chr21",36235117,36235491,"AluJb",0,"SetA_ER_H3K27ac","10nM",TRUE,"DOP1B",0,"ENSG00000142197",5196.08576821103,0.469187449094592,0.198092161609801,2.36853111845379,0.0178588779653639,0.289449973446742,FALSE
"chr21",36402139,36402342,"AluJr",0,"SetA_ER_H3K27ac","10nM",TRUE,"CHAF1B",0,"ENSG00000159259",1168.22945358458,-0.211178345637901,0.14561743722444,-1.45022704466644,0.146995215707737,0.891237295276151,FALSE
"chr21",37267847,37268233,"AluSg",729,"SetA_ER_H3K27ac","10nM",FALSE,"ENSG00000242553",0,"ENSG00000242553",15.4562915015465,-0.522472400104519,0.698525336372971,-0.747964852380887,0.45448135808302,1,FALSE
"chr21",38661242,38661623,"AluJr4",4933,"SetA_ER_H3K27ac","10nM",FALSE,"ERG",0,"ENSG00000157554",190.778497034874,0.534970860035372,0.389583778984091,1.37318566350581,0.169694635421838,0.93374267997249,FALSE
"chr21",39314680,39314946,"AluSz6",62,"SetA_ER_H3K27ac","10nM",FALSE,"BRWD1",0,"ENSG00000185658",3086.18257516718,-0.147813866370048,0.290297941339289,-0.509179864273614,0.610626155679212,1,FALSE
"chr21",39322034,39322231,"AluSx1",0,"SetA_ER_H3K27ac","10nM",TRUE,"BRWD1-AS1",0,"ENSG00000238141",16.7666342717879,0.0900405219739337,0.628014654752989,0.143373281646347,0.885995383111277,1,FALSE
"chr21",39445325,39445593,"AluSx",1272,"SetA_ER_H3K27ac","10nM",FALSE,"GET1-SH3BGR",0,"ENSG00000285815",2.66879868559682,-2.69345070652253,2.48710778124663,-1.08296501134039,0.278823953560169,1,FALSE
"chr21",39530690,39530895,"AluSx",0,"SetA_ER_H3K27ac","10nM",TRUE,"B3GALT5-AS1",0,"ENSG00000184809",176.221038643981,0.113492200327906,0.240903905600349,0.471109839606279,0.637562298868035,1,FALSE
"chr21",39593546,39593782,"AluJr",0,"SetA_ER_H3K27ac","10nM",TRUE,"B3GALT5-AS1",0,"ENSG00000184809",176.221038643981,0.113492200327906,0.240903905600349,0.471109839606279,0.637562298868035,1,FALSE
"chr21",39594637,39594977,"AluJr",2,"SetA_ER_H3K27ac","10nM",FALSE,"B3GALT5-AS1",0,"ENSG00000184809",176.221038643981,0.113492200327906,0.240903905600349,0.471109839606279,0.637562298868035,1,FALSE
"chr21",39666841,39667403,"AluSx",249,"SetA_ER_H3K27ac","10nM",FALSE,"B3GALT5",0,"ENSG00000183778",931.320133855874,0.105444978960972,0.302091616234105,0.349049670015528,0.727052020472054,1,FALSE
"chr21",39669378,39669575,"AluSx",2786,"SetA_ER_H3K27ac","10nM",FALSE,"B3GALT5",0,"ENSG00000183778",931.320133855874,0.105444978960972,0.302091616234105,0.349049670015528,0.727052020472054,1,FALSE
"chr21",39669898,39670193,"AluSx",3306,"SetA_ER_H3K27ac","10nM",FALSE,"B3GALT5",0,"ENSG00000183778",931.320133855874,0.105444978960972,0.302091616234105,0.349049670015528,0.727052020472054,1,FALSE
"chr21",40014699,40015050,"AluSx1",289,"SetA_ER_H3K27ac","10nM",FALSE,"DSCAM",0,"ENSG00000171587",20.3229434211511,0.00782785419996891,0.702407874906668,0.0111443144070801,0.991108307645963,1,FALSE
"chr21",40314297,40314681,"AluSx3",436,"SetA_ER_H3K27ac","10nM",FALSE,"DSCAM",0,"ENSG00000171587",20.3229434211511,0.00782785419996891,0.702407874906668,0.0111443144070801,0.991108307645963,1,FALSE
"chr21",40318531,40319076,"AluSq",702,"SetA_ER_H3K27ac","10nM",FALSE,"DSCAM",0,"ENSG00000171587",20.3229434211511,0.00782785419996891,0.702407874906668,0.0111443144070801,0.991108307645963,1,FALSE
"chr21",40320851,40321325,"AluSq",1197,"SetA_ER_H3K27ac","10nM",FALSE,"DSCAM",0,"ENSG00000171587",20.3229434211511,0.00782785419996891,0.702407874906668,0.0111443144070801,0.991108307645963,1,FALSE
"chr21",40324451,40325129,"AluSq2",321,"SetA_ER_H3K27ac","10nM",FALSE,"DSCAM",0,"ENSG00000171587",20.3229434211511,0.00782785419996891,0.702407874906668,0.0111443144070801,0.991108307645963,1,FALSE
"chr21",40339180,40339385,"AluJb",3320,"SetA_ER_H3K27ac","10nM",FALSE,"DSCAM",0,"ENSG00000171587",20.3229434211511,0.00782785419996891,0.702407874906668,0.0111443144070801,0.991108307645963,1,FALSE
"chr21",40382947,40383130,"AluSx",0,"SetA_ER_H3K27ac","10nM",TRUE,"DSCAM",0,"ENSG00000171587",20.3229434211511,0.00782785419996891,0.702407874906668,0.0111443144070801,0.991108307645963,1,FALSE
"chr21",41322149,41322421,"AluJo",1739,"SetA_ER_H3K27ac","10nM",FALSE,"FAM3B",0,"ENSG00000183844",654.58296339188,0.0842245433199725,0.418686217695911,0.201163878246272,0.840570435091551,1,FALSE
"chr21",41322567,41322804,"AluSx1",2016,"SetA_ER_H3K27ac","10nM",FALSE,"FAM3B",0,"ENSG00000183844",654.58296339188,0.0842245433199725,0.418686217695911,0.201163878246272,0.840570435091551,1,FALSE
"chr21",41530333,41530648,"AluSp",987,"SetA_ER_H3K27ac","10nM",FALSE,"TMPRSS2",0,"ENSG00000184012",2386.04400028286,1.60380471283878,0.264067301140983,6.07346955078897,1.25175743690311e-09,2.47674461574968e-07,TRUE
"chr21",42056374,42056951,"AluJb",1355,"SetA_ER_H3K27ac","10nM",FALSE,"ENSG00000289322",0,"ENSG00000289322",6.0266932217041,1.06581252608382,1.01649911665671,1.04851298797908,0.294402321522919,1,FALSE
"chr21",42057057,42057379,"AluJb",927,"SetA_ER_H3K27ac","10nM",FALSE,"ENSG00000289322",0,"ENSG00000289322",6.0266932217041,1.06581252608382,1.01649911665671,1.04851298797908,0.294402321522919,1,FALSE
"chr21",42085860,42086545,"AluSz",139,"SetA_ER_H3K27ac","10nM",FALSE,"UMODL1",0,"ENSG00000177398",23.4579791952524,-0.213005517636408,0.537598779257255,-0.396216520302921,0.691945305058662,1,FALSE
"chr21",42120149,42120352,"AluSx1",3057,"SetA_ER_H3K27ac","10nM",FALSE,"UMODL1",0,"ENSG00000177398",23.4579791952524,-0.213005517636408,0.537598779257255,-0.396216520302921,0.691945305058662,1,FALSE
"chr21",42363564,42363755,"AluSz",82,"SetA_ER_H3K27ac","10nM",FALSE,"TFF1",0,"ENSG00000160182",4376.24016042276,1.99237873272092,0.84206056815144,2.36607532531152,0.0179777862635314,0.289966166820349,FALSE
"chr21",42364598,42364857,"AluSz",475,"SetA_ER_H3K27ac","10nM",FALSE,"TFF1",0,"ENSG00000160182",4376.24016042276,1.99237873272092,0.84206056815144,2.36607532531152,0.0179777862635314,0.289966166820349,FALSE
"chr21",42366325,42367048,"AluSx1",0,"SetA_ER_H3K27ac","10nM",TRUE,"TFF1",0,"ENSG00000160182",4376.24016042276,1.99237873272092,0.84206056815144,2.36607532531152,0.0179777862635314,0.289966166820349,FALSE
"chr21",42375449,42375834,"AluSx1",2871,"SetA_ER_H3K27ac","10nM",FALSE,"TMPRSS3",0,"ENSG00000160183",179.303721698946,2.01535401319737,0.770473064267449,2.61573584679891,0.00890354082947983,0.178642931662977,FALSE
"chr21",42376247,42376719,"AluJr",1989,"SetA_ER_H3K27ac","10nM",FALSE,"TMPRSS3",0,"ENSG00000160183",179.303721698946,2.01535401319737,0.770473064267449,2.61573584679891,0.00890354082947983,0.178642931662977,FALSE
"chr21",42390758,42391110,"AluSq",5,"SetA_ER_H3K27ac","10nM",FALSE,"TMPRSS3",0,"ENSG00000160183",179.303721698946,2.01535401319737,0.770473064267449,2.61573584679891,0.00890354082947983,0.178642931662977,FALSE
"chr21",42392699,42393038,"AluSx",7,"SetA_ER_H3K27ac","10nM",FALSE,"TMPRSS3",0,"ENSG00000160183",179.303721698946,2.01535401319737,0.770473064267449,2.61573584679891,0.00890354082947983,0.178642931662977,FALSE
"chr21",42516278,42516555,"AluSz6",221,"SetA_ER_H3K27ac","10nM",FALSE,"SLC37A1",0,"ENSG00000160190",2736.82186623398,0.460974971784577,0.137607549741898,3.34992500519921,0.000808334425666503,0.0277079848413712,TRUE
"chr21",43006635,43007233,"AluSx",211,"SetA_ER_H3K27ac","10nM",FALSE,"PKNOX1",0,"ENSG00000160199",899.623966722986,0.375247793779452,0.199791317083045,1.87819870882316,0.0603539867394587,0.587774888402214,FALSE
"chr21",43609824,43610063,"AluJb",245,"SetA_ER_H3K27ac","10nM",FALSE,"HSF2BP",0,"ENSG00000160207",52.4976839791462,0.0793601879471496,0.308873980620611,0.256933872473472,0.797229821652921,1,FALSE
"chr21",44704328,44704570,"AluJr",4931,"SetA_ER_H3K27ac","10nM",FALSE,"TSPEAR",0,"ENSG00000175894",49.246502885711,0.0888222718948517,0.898205245794122,0.0988886140564923,0.921226709259848,1,FALSE
"chr21",44709822,44710028,"AluJo",3999,"SetA_ER_H3K27ac","10nM",FALSE,"TSPEAR",0,"ENSG00000175894",49.246502885711,0.0888222718948517,0.898205245794122,0.0988886140564923,0.921226709259848,1,FALSE
"chr21",44747924,44748206,"AluJo",0,"SetA_ER_H3K27ac","10nM",TRUE,"ENSG00000289144",661,"ENSG00000289144",16.1701950045641,-0.100858440385528,0.651374350018361,-0.154839441225595,0.876947896563528,1,FALSE
"chr21",44872397,44872593,"AluSx",1846,"SetA_ER_H3K27ac","10nM",FALSE,"PTTG1IP",0,"ENSG00000183255",8158.76212685363,0.251676523445388,0.102373504676671,2.45841464781602,0.0139551944147543,0.247453953136158,FALSE
"chr21",45073271,45073719,"FRAM",362,"SetA_ER_H3K27ac","10nM",FALSE,"SSR4P1",0,"ENSG00000293210",73.4194195757049,-0.37596801168886,0.559049309817429,-0.67251314881623,0.501257072182292,1,FALSE
"chr21",45320249,45320566,"AluSx1",1321,"SetA_ER_H3K27ac","10nM",FALSE,"LINC00205",0,"ENSG00000223768",1054.44673567783,0.160535640986523,0.359985149548252,0.445950732100978,0.655632834846716,1,FALSE
"chr21",45327242,45327527,"AluSx1",5075,"SetA_ER_H3K27ac","10nM",FALSE,"LINC00205",0,"ENSG00000223768",1054.44673567783,0.160535640986523,0.359985149548252,0.445950732100978,0.655632834846716,1,FALSE
"chr21",45330162,45330650,"AluSq2",7274,"SetA_ER_H3K27ac","10nM",FALSE,"LINC00205",0,"ENSG00000223768",1054.44673567783,0.160535640986523,0.359985149548252,0.445950732100978,0.655632834846716,1,FALSE
"chr21",45352842,45353163,"AluSq2",302,"SetA_ER_H3K27ac","10nM",FALSE,"LINC00205",0,"ENSG00000223768",1054.44673567783,0.160535640986523,0.359985149548252,0.445950732100978,0.655632834846716,1,FALSE
"chr21",45403325,45403568,"AluY",2183,"SetA_ER_H3K27ac","10nM",FALSE,"BNAT1",241,"ENSG00000273796",51.5061791594899,1.06044125149015,0.412143813945235,2.57298839776121,0.0100824587603873,0.19657351791959,FALSE
"chr21",45421744,45421996,"AluSp",797,"SetA_ER_H3K27ac","10nM",FALSE,"COL18A1",0,"ENSG00000182871",2373.92200471491,0.244094962715079,0.517831768375066,0.471378887164529,0.63737019020208,1,FALSE
"chr21",45542857,45543153,"AluSx1",5309,"SetA_ER_H3K27ac","10nM",FALSE,"SLC19A1",0,"ENSG00000173638",1846.91736522285,0.0280072231583125,0.306429576866648,0.0913985635613126,0.927175903085686,1,FALSE
"chr21",45868195,45868915,"AluJb",4877,"SetA_ER_H3K27ac","10nM",FALSE,"PCBP3",0,"ENSG00000183570",227.847235998597,0.0393945772051703,0.403763880726685,0.0975683538960166,0.922275054507409,1,FALSE
"chr21",45915132,45915405,"AluSz",6129,"SetA_ER_H3K27ac","10nM",FALSE,"PCBP3",0,"ENSG00000183570",227.847235998597,0.0393945772051703,0.403763880726685,0.0975683538960166,0.922275054507409,1,FALSE
"chr21",46200943,46201242,"AluY",558,"SetA_ER_H3K27ac","10nM",FALSE,"LSS",0,"ENSG00000160285",8311.41658050945,0.0433999903872301,0.282134542798183,0.153827283808615,0.877745920506257,1,FALSE
"chr21",46294556,46294834,"AluSp",1879,"SetA_ER_H3K27ac","10nM",FALSE,"YBEY",0,"ENSG00000182362",216.093291033921,0.083807442983277,0.212176513974417,0.394989254057506,0.692850818555261,1,FALSE
"chr22",19173121,19173367,"AluJb",5331,"SetA_ER_H3K27ac","10nM",FALSE,"LINC01311",0,"ENSG00000260924",27.3013567277485,1.44856901346426,0.974429897305369,1.4865810434081,0.137125497564565,0.869356840244545,FALSE
"chr22",20884924,20885294,"AluSp",0,"SetA_ER_H3K27ac","10nM",TRUE,"SNAP29",0,"ENSG00000099940",3213.65621399632,0.0227794467752891,0.169478425930439,0.134409124053576,0.893079067151777,1,FALSE
"chr22",20885776,20886029,"FLAM_C",126,"SetA_ER_H3K27ac","10nM",FALSE,"SNAP29",0,"ENSG00000099940",3213.65621399632,0.0227794467752891,0.169478425930439,0.134409124053576,0.893079067151777,1,FALSE
"chr22",20887489,20887924,"AluSx4",245,"SetA_ER_H3K27ac","10nM",FALSE,"SNAP29",0,"ENSG00000099940",3213.65621399632,0.0227794467752891,0.169478425930439,0.134409124053576,0.893079067151777,1,FALSE
"chr22",20916716,20917143,"AluSx1",157,"SetA_ER_H3K27ac","10nM",FALSE,"CRKL",264,"ENSG00000099942",7239.00831199224,0.990557747269684,0.211338981917986,4.68705649227595,2.77162480023832e-06,0.000238048605458845,TRUE
"chr22",21807213,21807396,"AluSz",1352,"SetA_ER_H3K27ac","10nM",FALSE,"MAPK1",0,"ENSG00000100030",3911.9386570879,-0.0394139020741375,0.164878433667179,-0.239048256327433,0.811068164087312,1,FALSE
"chr22",23179418,23179701,"AluSx3",989,"SetA_ER_H3K27ac","10nM",FALSE,"BCR",3,"ENSG00000186716",2502.01882018499,0.646786914968706,0.311092108677954,2.07908492991787,0.0376095449825036,0.446046971472019,FALSE
"chr22",23192158,23192649,"AluJr",924,"SetA_ER_H3K27ac","10nM",FALSE,"BCR",0,"ENSG00000186716",2502.01882018499,0.646786914968706,0.311092108677954,2.07908492991787,0.0376095449825036,0.446046971472019,FALSE
"chr22",23269568,23270089,"AluSp",1795,"SetA_ER_H3K27ac","10nM",FALSE,"BCR",0,"ENSG00000186716",2502.01882018499,0.646786914968706,0.311092108677954,2.07908492991787,0.0376095449825036,0.446046971472019,FALSE
"chr22",24138752,24138973,"AluJr4",319,"SetA_ER_H3K27ac","10nM",FALSE,"CABIN1",0,"ENSG00000099991",4382.4080657999,0.0233499927337763,0.256597069624776,0.0909986726189865,0.927493645778301,1,FALSE
"chr22",24139531,24139716,"AluSx",0,"SetA_ER_H3K27ac","10nM",TRUE,"CABIN1",0,"ENSG00000099991",4382.4080657999,0.0233499927337763,0.256597069624776,0.0909986726189865,0.927493645778301,1,FALSE
"chr22",24303444,24303627,"FLAM_A",340,"SetA_ER_H3K27ac","10nM",FALSE,"SPECC1L",0,"ENSG00000100014",2921.20791640899,-0.189447588081913,0.200983067223587,-0.942604721377641,0.3458831239699,1,FALSE
"chr22",24352060,24352702,"AluYc",62,"SetA_ER_H3K27ac","10nM",FALSE,"SPECC1L",0,"ENSG00000100014",2921.20791640899,-0.189447588081913,0.200983067223587,-0.942604721377641,0.3458831239699,1,FALSE
"chr22",24402694,24403079,"FLAM_A",767,"SetA_ER_H3K27ac","10nM",FALSE,"SPECC1L",0,"ENSG00000100014",2921.20791640899,-0.189447588081913,0.200983067223587,-0.942604721377641,0.3458831239699,1,FALSE
"chr22",25400858,25401121,"AluY",297,"SetA_ER_H3K27ac","10nM",FALSE,"ENSG00000290796",0,"ENSG00000290796",175.252394963875,1.37892510923039,0.348675742111903,3.9547491915507,7.661498126912e-05,0.00395626301209843,TRUE
"chr22",25729050,25729311,"AluJo",1255,"SetA_ER_H3K27ac","10nM",FALSE,"GRK3",0,"ENSG00000100077",1661.23865456981,-0.208769950933062,0.193280044927944,-1.08014229306958,0.280078820946708,1,FALSE
"chr22",25930815,25931236,"AluJb",63,"SetA_ER_H3K27ac","10nM",FALSE,"MYO18B",0,"ENSG00000133454",24.9652796541092,0.610084417304838,0.794704432396172,0.767687195936894,0.442673044902979,1,FALSE
"chr22",25942948,25943360,"AluSq2",347,"SetA_ER_H3K27ac","10nM",FALSE,"MYO18B",0,"ENSG00000133454",24.9652796541092,0.610084417304838,0.794704432396172,0.767687195936894,0.442673044902979,1,FALSE
"chr22",26684697,26685033,"AluJr",0,"SetA_ER_H3K27ac","10nM",TRUE,"MIATNB",0,"ENSG00000244625",123.451248753583,-0.351366848798047,0.270557468478185,-1.29867732269374,0.19405468970441,0.97372399523882,FALSE
"chr22",26685325,26685567,"AluJr",98,"SetA_ER_H3K27ac","10nM",FALSE,"MIATNB",0,"ENSG00000244625",123.451248753583,-0.351366848798047,0.270557468478185,-1.29867732269374,0.19405468970441,0.97372399523882,FALSE
"chr22",26777506,26777767,"AluJo",250,"SetA_ER_H3K27ac","10nM",FALSE,"MIATNB",0,"ENSG00000244625",123.451248753583,-0.351366848798047,0.270557468478185,-1.29867732269374,0.19405468970441,0.97372399523882,FALSE
"chr22",26782828,26783093,"AluSx1",4174,"SetA_ER_H3K27ac","10nM",FALSE,"MIATNB",0,"ENSG00000244625",123.451248753583,-0.351366848798047,0.270557468478185,-1.29867732269374,0.19405468970441,0.97372399523882,FALSE
"chr22",27799607,27799976,"AluJr",12130,"SetA_ER_H3K27ac","10nM",FALSE,"MN1",0,"ENSG00000169184",497.19480050492,5.16563119056371,1.16032081089315,4.45189911451085,8.51141551982988e-06,0.000629970843512149,TRUE
"chr22",28790703,28791027,"AluSx4",0,"SetA_ER_H3K27ac","10nM",TRUE,"CCDC117",1403,"ENSG00000159873",3313.91953566641,-0.0254006388315637,0.232856209053512,-0.109082935494009,0.913136709618128,1,FALSE
"chr22",28813592,28814317,"AluSz",0,"SetA_ER_H3K27ac","10nM",TRUE,"ENSG00000226471",0,"ENSG00000226471",57.8305515190092,0.178546225754341,0.554205919414353,0.322165858392521,0.747327047776069,1,FALSE
"chr22",28818600,28818923,"AluJb",351,"SetA_ER_H3K27ac","10nM",FALSE,"ENSG00000226471",0,"ENSG00000226471",57.8305515190092,0.178546225754341,0.554205919414353,0.322165858392521,0.747327047776069,1,FALSE
"chr22",28819359,28820119,"AluJb",0,"SetA_ER_H3K27ac","10nM",TRUE,"ENSG00000226471",0,"ENSG00000226471",57.8305515190092,0.178546225754341,0.554205919414353,0.322165858392521,0.747327047776069,1,FALSE
"chr22",28822478,28822664,"AluSz6",0,"SetA_ER_H3K27ac","10nM",TRUE,"ENSG00000226471",0,"ENSG00000226471",57.8305515190092,0.178546225754341,0.554205919414353,0.322165858392521,0.747327047776069,1,FALSE
"chr22",28822910,28823282,"AluSz6",339,"SetA_ER_H3K27ac","10nM",FALSE,"ENSG00000226471",0,"ENSG00000226471",57.8305515190092,0.178546225754341,0.554205919414353,0.322165858392521,0.747327047776069,1,FALSE
"chr22",28823779,28824131,"AluSx",0,"SetA_ER_H3K27ac","10nM",TRUE,"ENSG00000226471",0,"ENSG00000226471",57.8305515190092,0.178546225754341,0.554205919414353,0.322165858392521,0.747327047776069,1,FALSE
"chr22",29378071,29378454,"AluJb",0,"SetA_ER_H3K27ac","10nM",TRUE,"AP1B1",0,"ENSG00000100280",11095.0983456442,0.279407640995777,0.255204748108123,1.09483715748658,0.273587984449419,1,FALSE
"chr22",29385537,29385906,"AluJr",138,"SetA_ER_H3K27ac","10nM",FALSE,"AP1B1",0,"ENSG00000100280",11095.0983456442,0.279407640995777,0.255204748108123,1.09483715748658,0.273587984449419,1,FALSE
"chr22",29386121,29386554,"AluJr",722,"SetA_ER_H3K27ac","10nM",FALSE,"AP1B1",0,"ENSG00000100280",11095.0983456442,0.279407640995777,0.255204748108123,1.09483715748658,0.273587984449419,1,FALSE
"chr22",29481715,29482135,"AluSx3",864,"SetA_ER_H3K27ac","10nM",FALSE,"NEFH",0,"ENSG00000100285",2.87593828206812,5.44143707455688,2.52741543423444,2.15296504122406,0.0313214260921553,0.402525645675648,FALSE
"chr22",29482485,29482740,"AluSx3",259,"SetA_ER_H3K27ac","10nM",FALSE,"NEFH",0,"ENSG00000100285",2.87593828206812,5.44143707455688,2.52741543423444,2.15296504122406,0.0313214260921553,0.402525645675648,FALSE
"chr22",29517088,29517915,"AluSz",112,"SetA_ER_H3K27ac","10nM",FALSE,"THOC5",0,"ENSG00000100296",1727.8601313416,0.0370170543018912,0.244154077204146,0.151613500482074,0.879491784665321,1,FALSE
"chr22",29798777,29799174,"AluJb",617,"SetA_ER_H3K27ac","10nM",FALSE,"ASCC2",0,"ENSG00000100325",3734.21416922794,0.174385708666379,0.229846897825013,0.758703773322806,0.448029779200841,1,FALSE
"chr22",30291080,30291423,"AluSx1",6979,"SetA_ER_H3K27ac","10nM",FALSE,"ENSG00000248751",0,"ENSG00000248751",2.78712475093309,2.01782676108913,2.70495590333075,0.745973994845711,0.455683124372577,1,FALSE
"chr22",30298353,30298627,"AluSq2",1059,"SetA_ER_H3K27ac","10nM",FALSE,"ENSG00000248751",0,"ENSG00000248751",2.78712475093309,2.01782676108913,2.70495590333075,0.745973994845711,0.455683124372577,1,FALSE
"chr22",31579922,31580105,"AluJr",172,"SetA_ER_H3K27ac","10nM",FALSE,"SFI1",0,"ENSG00000198089",820.533694626415,-0.124641426659303,0.250242468464469,-0.498082629315976,0.618425803454514,1,FALSE
"chr22",33032847,33033111,"AluSq2",0,"SetA_ER_H3K27ac","10nM",TRUE,"SYN3",0,"ENSG00000185666",176.96461098251,-0.361866956808016,0.755534286529501,-0.478955043152613,0.631970611573398,1,FALSE
"chr22",33539396,33539662,"AluJo",0,"SetA_ER_H3K27ac","10nM",TRUE,"LARGE1",0,"ENSG00000133424",2495.41363101452,0.0250688148024241,0.219588105535892,0.114162899403158,0.909108661564356,1,FALSE
"chr22",33540281,33540684,"AluJb",171,"SetA_ER_H3K27ac","10nM",FALSE,"LARGE1",0,"ENSG00000133424",2495.41363101452,0.0250688148024241,0.219588105535892,0.114162899403158,0.909108661564356,1,FALSE
"chr22",33860332,33860635,"AluJo",42,"SetA_ER_H3K27ac","10nM",FALSE,"LARGE1",0,"ENSG00000133424",2495.41363101452,0.0250688148024241,0.219588105535892,0.114162899403158,0.909108661564356,1,FALSE
"chr22",33865239,33865547,"AluJb",286,"SetA_ER_H3K27ac","10nM",FALSE,"LARGE1",0,"ENSG00000133424",2495.41363101452,0.0250688148024241,0.219588105535892,0.114162899403158,0.909108661564356,1,FALSE
"chr22",35265309,35265611,"AluSx1",179,"SetA_ER_H3K27ac","10nM",FALSE,"HMGXB4",0,"ENSG00000100281",1715.60341874696,-0.121291722293396,0.186592889348297,-0.650034000314935,0.51567025953053,1,FALSE
"chr22",35623225,35623459,"AluSz",314,"SetA_ER_H3K27ac","10nM",FALSE,"MB",0,"ENSG00000198125",1267.3092301771,0.137287314652467,0.266751967253852,0.514662801050007,0.606788671987811,1,FALSE
"chr22",37021162,37021405,"AluSg",64,"SetA_ER_H3K27ac","10nM",FALSE,"TST",0,"ENSG00000128311",1388.49985693497,0.15221585150036,0.162944166442567,0.934159564122917,0.350221590452422,1,FALSE
"chr22",37189119,37189565,"AluJo",2052,"SetA_ER_H3K27ac","10nM",FALSE,"C1QTNF6",0,"ENSG00000133466",145.940456455002,1.00866284691153,0.375588625312206,2.68555216780883,0.00724100698834464,0.152439855428035,FALSE
"chr22",37196629,37197208,"AluSc8",3045,"SetA_ER_H3K27ac","10nM",FALSE,"C1QTNF6",0,"ENSG00000133466",145.940456455002,1.00866284691153,0.375588625312206,2.68555216780883,0.00724100698834464,0.152439855428035,FALSE
"chr22",37197718,37198146,"AluSc8",2107,"SetA_ER_H3K27ac","10nM",FALSE,"C1QTNF6",0,"ENSG00000133466",145.940456455002,1.00866284691153,0.375588625312206,2.68555216780883,0.00724100698834464,0.152439855428035,FALSE
"chr22",37512179,37512497,"AluSc8",609,"SetA_ER_H3K27ac","10nM",FALSE,"CARD10",0,"ENSG00000100065",781.878698133604,0.135104011318556,0.317017416894856,0.426172204170617,0.669982369975769,1,FALSE
"chr22",37607356,37607627,"AluSc8",9,"SetA_ER_H3K27ac","10nM",FALSE,"ENSG00000298665",0,"ENSG00000298665",3.7271146190032,-0.544991622815143,1.05527988111826,-0.516442730091307,0.605545228269584,1,FALSE
"chr22",37887755,37888068,"AluSz",193,"SetA_ER_H3K27ac","10nM",FALSE,"EIF3L",0,"ENSG00000100129",14679.7351028272,0.0255450594382419,0.202548390850377,0.126118303537213,0.899638279029925,1,FALSE
"chr22",38178072,38178302,"AluJb",0,"SetA_ER_H3K27ac","10nM",TRUE,"PLA2G6",0,"ENSG00000184381",379.515670213392,-0.0801829130824801,0.205723541313065,-0.389760513408914,0.696713644842062,1,FALSE
"chr22",38180912,38181260,"AluSz",1115,"SetA_ER_H3K27ac","10nM",FALSE,"PLA2G6",0,"ENSG00000184381",379.515670213392,-0.0801829130824801,0.205723541313065,-0.389760513408914,0.696713644842062,1,FALSE
"chr22",38222838,38223116,"AluY",990,"SetA_ER_H3K27ac","10nM",FALSE,"TMEM184B",0,"ENSG00000198792",2933.92171089587,-0.367509667876587,0.322032357080598,-1.14121969359932,0.253778511005501,1,FALSE
"chr22",39283731,39283956,"AluSq2",1331,"SetA_ER_H3K27ac","10nM",FALSE,"ENSG00000299144",0,"ENSG00000299144",3.66045711090491,2.66720734040056,1.55598038674731,1.71416514187317,0.0864984008186018,0.713112228530915,FALSE
"chr22",39290717,39291003,"AluSx1",1541,"SetA_ER_H3K27ac","10nM",FALSE,"ENSG00000299144",0,"ENSG00000299144",3.66045711090491,2.66720734040056,1.55598038674731,1.71416514187317,0.0864984008186018,0.713112228530915,FALSE
"chr22",39292849,39293232,"AluSx4",0,"SetA_ER_H3K27ac","10nM",TRUE,"ENSG00000299144",0,"ENSG00000299144",3.66045711090491,2.66720734040056,1.55598038674731,1.71416514187317,0.0864984008186018,0.713112228530915,FALSE
"chr22",39293737,39294076,"AluSx4",341,"SetA_ER_H3K27ac","10nM",FALSE,"ENSG00000299144",0,"ENSG00000299144",3.66045711090491,2.66720734040056,1.55598038674731,1.71416514187317,0.0864984008186018,0.713112228530915,FALSE
"chr22",39299855,39300699,"AluSx1",200,"SetA_ER_H3K27ac","10nM",FALSE,"ENSG00000299144",0,"ENSG00000299144",3.66045711090491,2.66720734040056,1.55598038674731,1.71416514187317,0.0864984008186018,0.713112228530915,FALSE
"chr22",39301156,39301417,"AluSx1",0,"SetA_ER_H3K27ac","10nM",TRUE,"ENSG00000299144",0,"ENSG00000299144",3.66045711090491,2.66720734040056,1.55598038674731,1.71416514187317,0.0864984008186018,0.713112228530915,FALSE
"chr22",39482785,39483159,"AluSp",54,"SetA_ER_H3K27ac","10nM",FALSE,"MGAT3",0,"ENSG00000128268",5.45422735695047,6.60374471111278,1.46605224267714,4.50444023676385,6.6548122092732e-06,0.000511499104577368,TRUE
"chr22",39653523,39653877,"AluJo",605,"SetA_ER_H3K27ac","10nM",FALSE,"CACNA1I",0,"ENSG00000100346",10.9233413936815,0.49507605152595,0.764012462844882,0.647994732549887,0.516988357187125,1,FALSE
"chr22",41257960,41258153,"FLAM_C",364,"SetA_ER_H3K27ac","10nM",FALSE,"RANGAP1",0,"ENSG00000100401",5915.68894234159,0.0383057874874023,0.154615724542459,0.247748329613676,0.804329135653713,1,FALSE
"chr22",41381001,41381302,"AluSx1",548,"SetA_ER_H3K27ac","10nM",FALSE,"ENSG00000298609",0,"ENSG00000298609",4.51372742290472,-1.34739242997748,1.14893569414326,-1.17273093424276,0.240903722190029,1,FALSE
"chr22",42800780,42801197,"AluSz",234,"SetA_ER_H3K27ac","10nM",FALSE,"ARFGAP3",0,"ENSG00000242247",865.535400990084,0.0805859506663256,0.213165473251397,0.378044105535264,0.705397829541515,1,FALSE
"chr22",42803551,42804046,"AluJb",0,"SetA_ER_H3K27ac","10nM",TRUE,"ARFGAP3",0,"ENSG00000242247",865.535400990084,0.0805859506663256,0.213165473251397,0.378044105535264,0.705397829541515,1,FALSE
"chr22",42804699,42804958,"AluSx1",0,"SetA_ER_H3K27ac","10nM",TRUE,"ARFGAP3",0,"ENSG00000242247",865.535400990084,0.0805859506663256,0.213165473251397,0.378044105535264,0.705397829541515,1,FALSE
"chr22",42805078,42805321,"FLAM_A",0,"SetA_ER_H3K27ac","10nM",TRUE,"ARFGAP3",0,"ENSG00000242247",865.535400990084,0.0805859506663256,0.213165473251397,0.378044105535264,0.705397829541515,1,FALSE
"chr22",44710757,44711088,"AluSg",883,"SetA_ER_H3K27ac","10nM",FALSE,"PRR5",0,"ENSG00000186654",1761.14697818188,0.0182397350422154,0.277895788166548,0.0656351618804814,0.947668294326563,1,FALSE
"chr22",44759605,44760096,"AluSg",1178,"SetA_ER_H3K27ac","10nM",FALSE,"PRR5-ARHGAP8",0,"ENSG00000248405",188.324616657845,0.273127457445114,0.299013891018133,0.913427321102453,0.361017841855219,1,FALSE
"chr22",45010553,45010824,"AluSx3",437,"SetA_ER_H3K27ac","10nM",FALSE,"PHF21B",532,"ENSG00000056487",17.9852266923519,-0.23436347058172,0.892188882497111,-0.262683693082758,0.79279438655279,1,FALSE
"chr22",45198265,45198484,"AluSx1",168,"SetA_ER_H3K27ac","10nM",FALSE,"KIAA0930",0,"ENSG00000100364",2899.92659855869,0.146173922198302,0.222230790424689,0.657757288803048,0.510694103502877,1,FALSE
"chr22",46377608,46377879,"AluSc",776,"SetA_ER_H3K27ac","10nM",FALSE,"CELSR1",0,"ENSG00000075275",2580.87854022002,0.0884622854230885,0.260291210741568,0.33985890330703,0.733962786772972,1,FALSE
"chr22",46465766,46466426,"AluY",1116,"SetA_ER_H3K27ac","10nM",FALSE,"CELSR1",0,"ENSG00000075275",2580.87854022002,0.0884622854230885,0.260291210741568,0.33985890330703,0.733962786772972,1,FALSE
"chr22",46484924,46485116,"AluYf1",814,"SetA_ER_H3K27ac","10nM",FALSE,"CELSR1",0,"ENSG00000075275",2580.87854022002,0.0884622854230885,0.260291210741568,0.33985890330703,0.733962786772972,1,FALSE
"chr22",46488912,46489301,"AluY",0,"SetA_ER_H3K27ac","10nM",TRUE,"CELSR1",0,"ENSG00000075275",2580.87854022002,0.0884622854230885,0.260291210741568,0.33985890330703,0.733962786772972,1,FALSE
"chr22",46491925,46492324,"AluSx",1,"SetA_ER_H3K27ac","10nM",FALSE,"CELSR1",0,"ENSG00000075275",2580.87854022002,0.0884622854230885,0.260291210741568,0.33985890330703,0.733962786772972,1,FALSE
"chr22",48477368,48477703,"AluY",3366,"SetA_ER_H3K27ac","10nM",FALSE,"ENSG00000287225",0,"ENSG00000287225",3.72378251766145,2.77854317961003,1.38120322236032,2.0116830996541,0.0442533532563832,0.490221181527473,FALSE
"chr22",48586034,48586341,"AluSx1",4503,"SetA_ER_H3K27ac","10nM",FALSE,"TAFA5",0,"ENSG00000219438",77.9746288421546,-0.122393526867978,0.486770553294133,-0.251439874576844,0.801474042226478,1,FALSE
"chr22",49855788,49856025,"AluSx1",1573,"SetA_ER_H3K27ac","10nM",FALSE,"ZBED4",0,"ENSG00000100426",2266.32049669781,0.960161098237241,0.303643662366552,3.16213119929424,0.00156618982924148,0.0476048836102095,TRUE
"chr22",49857333,49857984,"AluSx1",0,"SetA_ER_H3K27ac","10nM",TRUE,"ZBED4",0,"ENSG00000100426",2266.32049669781,0.960161098237241,0.303643662366552,3.16213119929424,0.00156618982924148,0.0476048836102095,TRUE
"chr22",50397073,50397364,"AluSg",550,"SetA_ER_H3K27ac","10nM",FALSE,"PPP6R2",0,"ENSG00000100239",1630.6440059447,0.117762323694154,0.314605075110858,0.374317940206967,0.708167786308369,1,FALSE
"chr3",4113660,4114089,"AluJr",138,"SetA_ER_H3K27ac","10nM",FALSE,"SUMF1",0,"ENSG00000144455",1113.67934684552,0.117949952622265,0.235197406589391,0.501493423472067,0.616023905107612,1,FALSE
"chr3",4353818,4354011,"AluJr",0,"SetA_ER_H3K27ac","10nM",TRUE,"SUMF1",0,"ENSG00000144455",1113.67934684552,0.117949952622265,0.235197406589391,0.501493423472067,0.616023905107612,1,FALSE
"chr3",4355377,4356039,"AluJb",4,"SetA_ER_H3K27ac","10nM",FALSE,"SUMF1",0,"ENSG00000144455",1113.67934684552,0.117949952622265,0.235197406589391,0.501493423472067,0.616023905107612,1,FALSE
"chr3",4581636,4582104,"AluY",1411,"SetA_ER_H3K27ac","10nM",FALSE,"ITPR1",0,"ENSG00000150995",1175.70704539687,1.78512064654684,0.787046010999968,2.26812743041387,0.0233214409300148,0.33870325257661,FALSE
"chr3",4687299,4687482,"AluSz",581,"SetA_ER_H3K27ac","10nM",FALSE,"ITPR1",0,"ENSG00000150995",1175.70704539687,1.78512064654684,0.787046010999968,2.26812743041387,0.0233214409300148,0.33870325257661,FALSE
"chr3",4714034,4714306,"AluSx",1265,"SetA_ER_H3K27ac","10nM",FALSE,"ITPR1",0,"ENSG00000150995",1175.70704539687,1.78512064654684,0.787046010999968,2.26812743041387,0.0233214409300148,0.33870325257661,FALSE
"chr3",4750188,4750570,"FLAM_A",2112,"SetA_ER_H3K27ac","10nM",FALSE,"ITPR1",0,"ENSG00000150995",1175.70704539687,1.78512064654684,0.787046010999968,2.26812743041387,0.0233214409300148,0.33870325257661,FALSE
"chr3",4977419,4977865,"AluSq2",1683,"SetA_ER_H3K27ac","10nM",FALSE,"BHLHE40-AS1",0,"ENSG00000235831",38.143048041037,-0.418160551074511,0.426605691532686,-0.980203872977332,0.326985493137329,1,FALSE
"chr3",4978258,4978658,"AluSq2",2522,"SetA_ER_H3K27ac","10nM",FALSE,"BHLHE40-AS1",0,"ENSG00000235831",38.143048041037,-0.418160551074511,0.426605691532686,-0.980203872977332,0.326985493137329,1,FALSE
"chr3",8318049,8318447,"AluYm1",1669,"SetA_ER_H3K27ac","10nM",FALSE,"LMCD1-AS1",0,"ENSG00000227110",7.67330850444115,-1.06723755750648,1.17572671275499,-0.907725873647716,0.364023070424657,1,FALSE
"chr3",8329815,8330248,"AluSc",10174,"SetA_ER_H3K27ac","10nM",FALSE,"LMCD1-AS1",0,"ENSG00000227110",7.67330850444115,-1.06723755750648,1.17572671275499,-0.907725873647716,0.364023070424657,1,FALSE
"chr3",8456434,8456679,"AluYk4",908,"SetA_ER_H3K27ac","10nM",FALSE,"LMCD1-AS1",0,"ENSG00000227110",7.67330850444115,-1.06723755750648,1.17572671275499,-0.907725873647716,0.364023070424657,1,FALSE
"chr3",8456869,8457140,"AluYk4",447,"SetA_ER_H3K27ac","10nM",FALSE,"LMCD1-AS1",0,"ENSG00000227110",7.67330850444115,-1.06723755750648,1.17572671275499,-0.907725873647716,0.364023070424657,1,FALSE
"chr3",11767960,11768337,"AluJb",0,"SetA_ER_H3K27ac","10nM",TRUE,"VGLL4",0,"ENSG00000144560",2111.84519895124,-0.123577358862996,0.275327278692237,-0.448838049938129,0.653548488118983,1,FALSE
"chr3",11768718,11768968,"AluSz",147,"SetA_ER_H3K27ac","10nM",FALSE,"VGLL4",0,"ENSG00000144560",2111.84519895124,-0.123577358862996,0.275327278692237,-0.448838049938129,0.653548488118983,1,FALSE
"chr3",13112158,13112345,"AluSc5",1570,"SetA_ER_H3K27ac","10nM",FALSE,"IQSEC1",0,"ENSG00000144711",1981.6591911575,-0.168402314459363,0.328737596715897,-0.512269713417965,0.608462258777327,1,FALSE
"chr3",14412913,14413261,"AluSz6",261,"SetA_ER_H3K27ac","10nM",FALSE,"SLC6A6",0,"ENSG00000131389",2421.14718013267,0.651619352985005,0.148552570204804,4.38645626990258,1.15212314877888e-05,0.000802230975790838,TRUE
"chr3",15292822,15293211,"AluSp",0,"SetA_ER_H3K27ac","10nM",TRUE,"SH3BP5",0,"ENSG00000131370",2614.50410600494,0.600034923489763,0.13102183110462,4.5796560651838,4.65741158086135e-06,0.000376816651951146,TRUE
"chr3",15636100,15636373,"AluSz",3455,"SetA_ER_H3K27ac","10nM",FALSE,"BTD",0,"ENSG00000169814",621.711089593021,0.109436283363009,0.258407125590055,0.42350335004547,0.671928054876994,1,FALSE
"chr3",15637564,15637826,"AluSz",2002,"SetA_ER_H3K27ac","10nM",FALSE,"BTD",0,"ENSG00000169814",621.711089593021,0.109436283363009,0.258407125590055,0.42350335004547,0.671928054876994,1,FALSE
"chr3",16897535,16897944,"AluSz",4601,"SetA_ER_H3K27ac","10nM",FALSE,"PLCL2",0,"ENSG00000154822",51.5128826709075,1.52217953961153,0.509831732360185,2.98565083927758,0.00282975540512231,0.0741792192558661,FALSE
"chr3",18119490,18119697,"AluY",517,"SetA_ER_H3K27ac","10nM",FALSE,"TBC1D5",0,"ENSG00000131374",2273.49535318243,-0.120914066771076,0.270602921955822,-0.446832081106707,0.654996306041742,1,FALSE
"chr3",25568560,25568858,"AluSc8",11235,"SetA_ER_H3K27ac","10nM",FALSE,"RARB",0,"ENSG00000077092",15.7294902721651,0.165668780108596,0.580765327060973,0.285259419578268,0.775445400240572,1,FALSE
"chr3",25571918,25572210,"AluSc8",7883,"SetA_ER_H3K27ac","10nM",FALSE,"RARB",0,"ENSG00000077092",15.7294902721651,0.165668780108596,0.580765327060973,0.285259419578268,0.775445400240572,1,FALSE
"chr3",32110285,32110633,"AluY",69,"SetA_ER_H3K27ac","10nM",FALSE,"GPD1L",0,"ENSG00000152642",3336.45011954954,0.0727339889872867,0.167419598511165,0.434441305761679,0.663968008174633,1,FALSE
"chr3",32111650,32111833,"FLAM_C",363,"SetA_ER_H3K27ac","10nM",FALSE,"GPD1L",0,"ENSG00000152642",3336.45011954954,0.0727339889872867,0.167419598511165,0.434441305761679,0.663968008174633,1,FALSE
"chr3",33718273,33718577,"AluSg",584,"SetA_ER_H3K27ac","10nM",FALSE,"CLASP2",0,"ENSG00000163539",2065.92605148751,0.0256469963155428,0.253404221634124,0.101209822591563,0.919383899459232,1,FALSE
"chr3",33798065,33798472,"AluSz6",1047,"SetA_ER_H3K27ac","10nM",FALSE,"PDCD6IP-DT",0,"ENSG00000271643",724.097525702152,1.39172507652005,0.327479831705098,4.24980393227186,2.13957715175398e-05,0.00137347412467959,TRUE
"chr3",36912074,36912315,"AluSx",0,"SetA_ER_H3K27ac","10nM",TRUE,"TRANK1",0,"ENSG00000168016",272.06888326237,-0.503131392204041,0.48668070569462,-1.03380180540739,0.301228827455855,1,FALSE
"chr3",37179131,37179512,"AluJb",14,"SetA_ER_H3K27ac","10nM",FALSE,"LRRFIP2",0,"ENSG00000093167",328.559168486444,0.103243460156398,0.317390176631981,0.325288769967541,0.744962529386585,1,FALSE
"chr3",39150357,39150595,"AluSx",4589,"SetA_ER_H3K27ac","10nM",FALSE,"CSRNP1",0,"ENSG00000144655",1391.11816468415,-0.520092988596107,0.27734300605198,-1.87526989052188,0.0607556033962271,0.588816672293988,FALSE
"chr3",39982806,39983287,"AluSp",3139,"SetA_ER_H3K27ac","10nM",FALSE,"MYRIP",0,"ENSG00000170011",295.680718615355,0.0181572756980584,0.319874992811941,0.0567636611366283,0.954733461454197,1,FALSE
"chr3",45987795,45988186,"AluSc",2596,"SetA_ER_H3K27ac","10nM",FALSE,"FYCO1",0,"ENSG00000163820",1228.92181760472,0.177461128530996,0.403581975997934,0.439715198113567,0.660143393638599,1,FALSE
"chr3",46163046,46163299,"AluSx3",3471,"SetA_ER_H3K27ac","10nM",FALSE,"CCR3",0,"ENSG00000183625",11.8012046925861,-1.16714580976099,0.795499178992541,-1.46718669306374,0.142325275828538,0.881384664442982,FALSE
"chr3",46443147,46443485,"FLAM_C",3228,"SetA_ER_H3K27ac","10nM",FALSE,"LTF",0,"ENSG00000012223",104.258832874611,0.23507064246764,0.851375222881633,0.276106980976028,0.78246589897472,1,FALSE
"chr3",46660831,46661183,"AluSz",340,"SetA_ER_H3K27ac","10nM",FALSE,"ENSG00000286570",0,"ENSG00000286570",10.3523788759025,1.34166938047261,0.627568155024848,2.13788633111807,0.0325259699012038,0.410871670357558,FALSE
"chr3",46663058,46663268,"AluSz",1246,"SetA_ER_H3K27ac","10nM",FALSE,"ENSG00000286570",1552,"ENSG00000286570",10.3523788759025,1.34166938047261,0.627568155024848,2.13788633111807,0.0325259699012038,0.410871670357558,FALSE
"chr3",46666578,46667023,"AluJb",2027,"SetA_ER_H3K27ac","10nM",FALSE,"ALS2CL",1971,"ENSG00000178038",144.503489138802,0.775334014445084,0.457741691448882,1.69382433134052,0.0902986691251926,0.729692116376001,FALSE
"chr3",46693266,46693490,"FLAM_C",1410,"SetA_ER_H3K27ac","10nM",FALSE,"ALS2CL",0,"ENSG00000178038",144.503489138802,0.775334014445084,0.457741691448882,1.69382433134052,0.0902986691251926,0.729692116376001,FALSE
"chr3",46947232,46947489,"AluSg4",2258,"SetA_ER_H3K27ac","10nM",FALSE,"CCDC12",0,"ENSG00000160799",908.320967211093,0.128589613828829,0.362248248082211,0.354976496117232,0.722607199454605,1,FALSE
"chr3",46947953,46948290,"AluSg4",1457,"SetA_ER_H3K27ac","10nM",FALSE,"CCDC12",0,"ENSG00000160799",908.320967211093,0.128589613828829,0.362248248082211,0.354976496117232,0.722607199454605,1,FALSE
"chr3",46963066,46963378,"AluSq2",611,"SetA_ER_H3K27ac","10nM",FALSE,"CCDC12",0,"ENSG00000160799",908.320967211093,0.128589613828829,0.362248248082211,0.354976496117232,0.722607199454605,1,FALSE
"chr3",47164148,47164544,"AluSx",669,"SetA_ER_H3K27ac","10nM",FALSE,"KIF9-AS1",0,"ENSG00000227398",76.1913499835322,-0.0742221396735306,0.377667628611045,-0.196527671557392,0.844197176182693,1,FALSE
"chr3",48451433,48451643,"AluJr4",0,"SetA_ER_H3K27ac","10nM",TRUE,"ATRIP",0,"ENSG00000164053",376.551134578614,0.227611495847627,0.245799849285155,0.926003398739163,0.354444213973399,1,FALSE
"chr3",50424662,50424887,"AluSz6",4061,"SetA_ER_H3K27ac","10nM",FALSE,"CACNA2D2",0,"ENSG00000007402",270.937187648664,0.457141634786736,0.465893190147903,0.981215532773962,0.326486465984349,1,FALSE
"chr3",50605028,50605418,"AluJb",6020,"SetA_ER_H3K27ac","10nM",FALSE,"CISH",1038,"ENSG00000114737",426.363839578604,-0.291577685918136,0.323013016969322,-0.902680915629567,0.366695267998603,1,FALSE
"chr3",52237693,52238010,"AluSq2",1371,"SetA_ER_H3K27ac","10nM",FALSE,"TWF2",0,"ENSG00000247596",1044.86272337094,0.934976428475985,0.312906011372841,2.98804239769597,0.00280770602113863,0.0737308766444605,FALSE
"chr3",52240707,52241033,"FLAM_C",260,"SetA_ER_H3K27ac","10nM",FALSE,"TWF2",0,"ENSG00000247596",1044.86272337094,0.934976428475985,0.312906011372841,2.98804239769597,0.00280770602113863,0.0737308766444605,FALSE
"chr3",52246136,52246541,"AluSz",1269,"SetA_ER_H3K27ac","10nM",FALSE,"TWF2",0,"ENSG00000247596",1044.86272337094,0.934976428475985,0.312906011372841,2.98804239769597,0.00280770602113863,0.0737308766444605,FALSE
"chr3",52432796,52433230,"AluSx",1818,"SetA_ER_H3K27ac","10nM",FALSE,"SEMA3G",0,"ENSG00000010319",123.351334656486,5.17632722458662,0.631783659102876,8.19319580366628,2.54379841307803e-16,2.64654720962654e-13,TRUE
"chr3",53022982,53023372,"AluJb",511,"SetA_ER_H3K27ac","10nM",FALSE,"SFMBT1",0,"ENSG00000163935",637.235971555479,0.617296337688282,0.25387906023596,2.43145825856829,0.015038180981111,0.260293983492223,FALSE
"chr3",53551171,53551621,"AluSz",757,"SetA_ER_H3K27ac","10nM",FALSE,"CACNA1D",0,"ENSG00000157388",183.037120004238,0.615456768564149,0.374278258795528,1.64438289989048,0.100097135070047,0.765534308166793,FALSE
"chr3",53753931,53754203,"AluSx",1236,"SetA_ER_H3K27ac","10nM",FALSE,"CACNA1D",0,"ENSG00000157388",183.037120004238,0.615456768564149,0.374278258795528,1.64438289989048,0.100097135070047,0.765534308166793,FALSE
"chr3",53843003,53843212,"AluJr",850,"SetA_ER_H3K27ac","10nM",FALSE,"CHDH",0,"ENSG00000016391",1830.58511297781,0.00503576258849405,0.257485624238121,0.0195574514243056,0.984396406179494,1,FALSE
"chr3",56998214,56998504,"AluSx1",542,"SetA_ER_H3K27ac","10nM",FALSE,"ARHGEF3",0,"ENSG00000163947",761.105743143526,-0.20350868099558,0.20162677846046,-1.00933359422538,0.312814673960341,1,FALSE
"chr3",57029609,57030244,"AluSp",167,"SetA_ER_H3K27ac","10nM",FALSE,"ARHGEF3",0,"ENSG00000163947",761.105743143526,-0.20350868099558,0.20162677846046,-1.00933359422538,0.312814673960341,1,FALSE
"chr3",57039346,57040016,"AluSc8",180,"SetA_ER_H3K27ac","10nM",FALSE,"ARHGEF3",0,"ENSG00000163947",761.105743143526,-0.20350868099558,0.20162677846046,-1.00933359422538,0.312814673960341,1,FALSE
"chr3",57041506,57042126,"AluY",576,"SetA_ER_H3K27ac","10nM",FALSE,"ARHGEF3",0,"ENSG00000163947",761.105743143526,-0.20350868099558,0.20162677846046,-1.00933359422538,0.312814673960341,1,FALSE
"chr3",58040113,58040396,"AluSq2",0,"SetA_ER_H3K27ac","10nM",TRUE,"FLNB",0,"ENSG00000136068",12961.5889166379,0.631545043243306,0.255072958265572,2.4759388354518,0.0132886341496986,0.238417353309574,FALSE
"chr3",58041618,58041802,"AluJb",544,"SetA_ER_H3K27ac","10nM",FALSE,"FLNB",0,"ENSG00000136068",12961.5889166379,0.631545043243306,0.255072958265572,2.4759388354518,0.0132886341496986,0.238417353309574,FALSE
"chr3",58051757,58052071,"AluSq2",0,"SetA_ER_H3K27ac","10nM",TRUE,"FLNB",0,"ENSG00000136068",12961.5889166379,0.631545043243306,0.255072958265572,2.4759388354518,0.0132886341496986,0.238417353309574,FALSE
"chr3",58052513,58052850,"AluSq2",327,"SetA_ER_H3K27ac","10nM",FALSE,"FLNB",0,"ENSG00000136068",12961.5889166379,0.631545043243306,0.255072958265572,2.4759388354518,0.0132886341496986,0.238417353309574,FALSE
"chr3",58059620,58059861,"AluJo",374,"SetA_ER_H3K27ac","10nM",FALSE,"FLNB",0,"ENSG00000136068",12961.5889166379,0.631545043243306,0.255072958265572,2.4759388354518,0.0132886341496986,0.238417353309574,FALSE
"chr3",58065661,58065939,"AluSq2",264,"SetA_ER_H3K27ac","10nM",FALSE,"FLNB",0,"ENSG00000136068",12961.5889166379,0.631545043243306,0.255072958265572,2.4759388354518,0.0132886341496986,0.238417353309574,FALSE
"chr3",58096852,58097193,"AluSx1",46,"SetA_ER_H3K27ac","10nM",FALSE,"FLNB",0,"ENSG00000136068",12961.5889166379,0.631545043243306,0.255072958265572,2.4759388354518,0.0132886341496986,0.238417353309574,FALSE
"chr3",58102019,58102258,"AluJb",1002,"SetA_ER_H3K27ac","10nM",FALSE,"FLNB",0,"ENSG00000136068",12961.5889166379,0.631545043243306,0.255072958265572,2.4759388354518,0.0132886341496986,0.238417353309574,FALSE
"chr3",58102997,58103347,"AluJb",1980,"SetA_ER_H3K27ac","10nM",FALSE,"FLNB",0,"ENSG00000136068",12961.5889166379,0.631545043243306,0.255072958265572,2.4759388354518,0.0132886341496986,0.238417353309574,FALSE
"chr3",58388657,58388974,"AluJb",567,"SetA_ER_H3K27ac","10nM",FALSE,"PXK",0,"ENSG00000168297",256.074716065732,0.917635008322587,0.190157948981105,4.82564632843073,1.39549960141514e-06,0.000134075307859039,TRUE
"chr3",58467164,58467570,"AluSz",106,"SetA_ER_H3K27ac","10nM",FALSE,"ENSG00000295019",0,"ENSG00000295019",3.03432116729214,-0.0176133001101121,1.34985942145075,-0.01304824771396,0.989589300019694,1,FALSE
"chr3",58471316,58471601,"AluSx1",786,"SetA_ER_H3K27ac","10nM",FALSE,"ENSG00000295019",0,"ENSG00000295019",3.03432116729214,-0.0176133001101121,1.34985942145075,-0.01304824771396,0.989589300019694,1,FALSE
"chr3",60002652,60002962,"AluSz",533,"SetA_ER_H3K27ac","10nM",FALSE,"FHIT",0,"ENSG00000189283",16.2893181469813,0.032335975782672,0.574952613070022,0.0562411145677041,0.955149728288436,1,FALSE
"chr3",61627784,61628153,"AluSx",152,"SetA_ER_H3K27ac","10nM",FALSE,"PTPRG",0,"ENSG00000144724",884.195928140788,-0.0529414556093426,0.296956874270753,-0.17827994633683,0.858503127025435,1,FALSE
"chr3",61688657,61689032,"AluJo",2103,"SetA_ER_H3K27ac","10nM",FALSE,"PTPRG",0,"ENSG00000144724",884.195928140788,-0.0529414556093426,0.296956874270753,-0.17827994633683,0.858503127025435,1,FALSE
"chr3",61706245,61706558,"AluSq10",0,"SetA_ER_H3K27ac","10nM",TRUE,"PTPRG",0,"ENSG00000144724",884.195928140788,-0.0529414556093426,0.296956874270753,-0.17827994633683,0.858503127025435,1,FALSE
"chr3",61707560,61707833,"AluJb",0,"SetA_ER_H3K27ac","10nM",TRUE,"PTPRG",0,"ENSG00000144724",884.195928140788,-0.0529414556093426,0.296956874270753,-0.17827994633683,0.858503127025435,1,FALSE
"chr3",61708045,61708577,"AluJb",0,"SetA_ER_H3K27ac","10nM",TRUE,"PTPRG",0,"ENSG00000144724",884.195928140788,-0.0529414556093426,0.296956874270753,-0.17827994633683,0.858503127025435,1,FALSE
"chr3",61709034,61709346,"AluSx",0,"SetA_ER_H3K27ac","10nM",TRUE,"PTPRG",0,"ENSG00000144724",884.195928140788,-0.0529414556093426,0.296956874270753,-0.17827994633683,0.858503127025435,1,FALSE
"chr3",61805459,61805838,"AluSx3",3420,"SetA_ER_H3K27ac","10nM",FALSE,"PTPRG",0,"ENSG00000144724",884.195928140788,-0.0529414556093426,0.296956874270753,-0.17827994633683,0.858503127025435,1,FALSE
"chr3",61807216,61808195,"AluSx",5019,"SetA_ER_H3K27ac","10nM",FALSE,"PTPRG",0,"ENSG00000144724",884.195928140788,-0.0529414556093426,0.296956874270753,-0.17827994633683,0.858503127025435,1,FALSE
"chr3",61841363,61841705,"AluSx1",283,"SetA_ER_H3K27ac","10nM",FALSE,"PTPRG",0,"ENSG00000144724",884.195928140788,-0.0529414556093426,0.296956874270753,-0.17827994633683,0.858503127025435,1,FALSE
"chr3",62176542,62176741,"AluJb",241,"SetA_ER_H3K27ac","10nM",FALSE,"PTPRG",0,"ENSG00000144724",884.195928140788,-0.0529414556093426,0.296956874270753,-0.17827994633683,0.858503127025435,1,FALSE
"chr3",62177095,62177703,"AluJb",0,"SetA_ER_H3K27ac","10nM",TRUE,"PTPRG",0,"ENSG00000144724",884.195928140788,-0.0529414556093426,0.296956874270753,-0.17827994633683,0.858503127025435,1,FALSE
"chr3",62873724,62873978,"AluSz6",7087,"SetA_ER_H3K27ac","10nM",FALSE,"CADPS",0,"ENSG00000163618",4.48447544070868,2.31318522266396,1.22282049603148,1.89168011999401,0.058533613659972,0.576508494519902,FALSE
"chr3",63913574,63913855,"AluSc8",1064,"SetA_ER_H3K27ac","10nM",FALSE,"ATXN7",0,"ENSG00000163635",2919.88806117383,-0.124275100550423,0.361745727273061,-0.343542690848743,0.731190230112122,1,FALSE
"chr3",63920346,63920678,"AluJb",1344,"SetA_ER_H3K27ac","10nM",FALSE,"ATXN7",0,"ENSG00000163635",2919.88806117383,-0.124275100550423,0.361745727273061,-0.343542690848743,0.731190230112122,1,FALSE
"chr3",63932746,63933287,"FLAM_C",1509,"SetA_ER_H3K27ac","10nM",FALSE,"ATXN7",0,"ENSG00000163635",2919.88806117383,-0.124275100550423,0.361745727273061,-0.343542690848743,0.731190230112122,1,FALSE
"chr3",63936671,63936864,"FLAM_C",5434,"SetA_ER_H3K27ac","10nM",FALSE,"ATXN7",0,"ENSG00000163635",2919.88806117383,-0.124275100550423,0.361745727273061,-0.343542690848743,0.731190230112122,1,FALSE
"chr3",64158391,64158621,"AluSx",3214,"SetA_ER_H3K27ac","10nM",FALSE,"PRICKLE2",0,"ENSG00000163637",431.493207031702,-0.447406856326963,0.273261805920867,-1.63728280583978,0.101571391882802,0.770908733530541,FALSE
"chr3",64208141,64208385,"AluJb",944,"SetA_ER_H3K27ac","10nM",FALSE,"PRICKLE2",0,"ENSG00000163637",431.493207031702,-0.447406856326963,0.273261805920867,-1.63728280583978,0.101571391882802,0.770908733530541,FALSE
"chr3",64255883,64256154,"AluY",2385,"SetA_ER_H3K27ac","10nM",FALSE,"PRICKLE2",0,"ENSG00000163637",431.493207031702,-0.447406856326963,0.273261805920867,-1.63728280583978,0.101571391882802,0.770908733530541,FALSE
"chr3",64491340,64491750,"AluJr",2764,"SetA_ER_H3K27ac","10nM",FALSE,"ENSG00000299249",0,"ENSG00000299249",39.6401187742725,0.887811029373541,0.618922205458122,1.43444688451013,0.151444776358761,0.898049990400405,FALSE
"chr3",64612830,64613681,"AluSc8",1731,"SetA_ER_H3K27ac","10nM",FALSE,"ADAMTS9",0,"ENSG00000163638",340.302548169677,0.630563597459577,0.645879272896112,0.976287092527586,0.328922214472774,1,FALSE
"chr3",65689406,65689714,"AluSz",759,"SetA_ER_H3K27ac","10nM",FALSE,"MAGI1",0,"ENSG00000151276",828.416855998468,-0.100155399041412,0.306434715510428,-0.32684090271751,0.743788220994553,1,FALSE
"chr3",65925253,65925613,"AluJb",77,"SetA_ER_H3K27ac","10nM",FALSE,"MAGI1",0,"ENSG00000151276",828.416855998468,-0.100155399041412,0.306434715510428,-0.32684090271751,0.743788220994553,1,FALSE
"chr3",65953366,65953697,"AluYj4",529,"SetA_ER_H3K27ac","10nM",FALSE,"MAGI1",0,"ENSG00000151276",828.416855998468,-0.100155399041412,0.306434715510428,-0.32684090271751,0.743788220994553,1,FALSE
"chr3",66415986,66416479,"AluY",1564,"SetA_ER_H3K27ac","10nM",FALSE,"LRIG1",0,"ENSG00000144749",3243.34729406694,1.18419807884539,0.218394218348051,5.42229591883314,5.88383717931157e-08,7.63523390853003e-06,TRUE
"chr3",66417409,66417648,"AluSc8",464,"SetA_ER_H3K27ac","10nM",FALSE,"LRIG1",0,"ENSG00000144749",3243.34729406694,1.18419807884539,0.218394218348051,5.42229591883314,5.88383717931157e-08,7.63523390853003e-06,TRUE
"chr3",66475507,66475936,"AluSq2",863,"SetA_ER_H3K27ac","10nM",FALSE,"LRIG1",0,"ENSG00000144749",3243.34729406694,1.18419807884539,0.218394218348051,5.42229591883314,5.88383717931157e-08,7.63523390853003e-06,TRUE
"chr3",66477159,66477505,"AluSq2",2515,"SetA_ER_H3K27ac","10nM",FALSE,"LRIG1",0,"ENSG00000144749",3243.34729406694,1.18419807884539,0.218394218348051,5.42229591883314,5.88383717931157e-08,7.63523390853003e-06,TRUE
"chr3",66483317,66483730,"AluJb",1143,"SetA_ER_H3K27ac","10nM",FALSE,"LRIG1",0,"ENSG00000144749",3243.34729406694,1.18419807884539,0.218394218348051,5.42229591883314,5.88383717931157e-08,7.63523390853003e-06,TRUE
"chr3",69739678,69739924,"AluJo",4098,"SetA_ER_H3K27ac","10nM",FALSE,"MITF",0,"ENSG00000187098",91.0998293255097,-0.194454986336518,0.306821856064747,-0.633771625107058,0.526229873567879,1,FALSE
"chr3",71065130,71065389,"AluJr",2226,"SetA_ER_H3K27ac","10nM",FALSE,"FOXP1",0,"ENSG00000114861",1828.82325706769,0.0658999217178394,0.273915706912533,0.240584676434355,0.809877027829181,1,FALSE
"chr3",71110630,71111275,"AluSq2",122,"SetA_ER_H3K27ac","10nM",FALSE,"FOXP1",0,"ENSG00000114861",1828.82325706769,0.0658999217178394,0.273915706912533,0.240584676434355,0.809877027829181,1,FALSE
"chr3",71384411,71384736,"AluSx",198,"SetA_ER_H3K27ac","10nM",FALSE,"FOXP1",0,"ENSG00000114861",1828.82325706769,0.0658999217178394,0.273915706912533,0.240584676434355,0.809877027829181,1,FALSE
"chr3",85270510,85270751,"AluSz",7219,"SetA_ER_H3K27ac","10nM",FALSE,"CADM2",0,"ENSG00000175161",130.293001998166,0.254538203133318,0.267632088907327,0.951075052967423,0.341566277686684,1,FALSE
"chr3",85270949,85271317,"AluSz",7658,"SetA_ER_H3K27ac","10nM",FALSE,"CADM2",0,"ENSG00000175161",130.293001998166,0.254538203133318,0.267632088907327,0.951075052967423,0.341566277686684,1,FALSE
"chr3",85780352,85780557,"AluSc8",1839,"SetA_ER_H3K27ac","10nM",FALSE,"CADM2",0,"ENSG00000175161",130.293001998166,0.254538203133318,0.267632088907327,0.951075052967423,0.341566277686684,1,FALSE
"chr3",99944474,99944742,"AluSx",759,"SetA_ER_H3K27ac","10nM",FALSE,"CMSS1",0,"ENSG00000184220",491.110557790625,-0.0238682690068259,0.361670515601961,-0.0659945115158192,0.947382195106268,1,FALSE
"chr3",100104110,100104497,"AluY",9124,"SetA_ER_H3K27ac","10nM",FALSE,"CMSS1",0,"ENSG00000184220",491.110557790625,-0.0238682690068259,0.361670515601961,-0.0659945115158192,0.947382195106268,1,FALSE
"chr3",100559579,100559904,"AluSx1",3300,"SetA_ER_H3K27ac","10nM",FALSE,"TMEM45A",0,"ENSG00000181458",73.3762406412287,0.467594176745863,0.550071106799789,0.850061330190998,0.395290989401838,1,FALSE
"chr3",100864991,100865353,"AluSx",1377,"SetA_ER_H3K27ac","10nM",FALSE,"ABI3BP",0,"ENSG00000154175",12.1120132323027,1.27283910700927,1.29782321475989,0.980749221106172,0.326716424668957,1,FALSE
"chr3",100874858,100875060,"AluSq2",1638,"SetA_ER_H3K27ac","10nM",FALSE,"ABI3BP",0,"ENSG00000154175",12.1120132323027,1.27283910700927,1.29782321475989,0.980749221106172,0.326716424668957,1,FALSE
"chr3",102324463,102324766,"AluSq",7732,"SetA_ER_H3K27ac","10nM",FALSE,"ZPLD1",0,"ENSG00000170044",2.91988069172271,0.242878296293253,1.24775438482087,0.194652328413273,0.845665134352715,1,FALSE
"chr3",107940756,107941117,"AluYm1",5500,"SetA_ER_H3K27ac","10nM",FALSE,"ENSG00000296748",0,"ENSG00000296748",4.0593505636555,1.08286727905914,1.27816927693075,0.847201774133874,0.396882664821246,1,FALSE
"chr3",107941530,107941722,"AluYm1",6274,"SetA_ER_H3K27ac","10nM",FALSE,"ENSG00000296748",0,"ENSG00000296748",4.0593505636555,1.08286727905914,1.27816927693075,0.847201774133874,0.396882664821246,1,FALSE
"chr3",107975016,107975356,"AluJr",751,"SetA_ER_H3K27ac","10nM",FALSE,"ENSG00000296748",0,"ENSG00000296748",4.0593505636555,1.08286727905914,1.27816927693075,0.847201774133874,0.396882664821246,1,FALSE
"chr3",108451233,108451797,"AluSz6",0,"SetA_ER_H3K27ac","10nM",TRUE,"MYH15",0,"ENSG00000144821",2.4065452606254,-3.71235001674552,2.05811894258366,-1.80375873324659,0.0712691376711857,0.646542714457886,FALSE
"chr3",120098805,120098988,"AluJb",163,"SetA_ER_H3K27ac","10nM",FALSE,"GSK3B-DT",0,"ENSG00000242622",43.1514835635617,0.278833346987227,0.394995179268696,0.705915822829703,0.480240487041741,1,FALSE
"chr3",120661117,120661605,"AluSx1",318,"SetA_ER_H3K27ac","10nM",FALSE,"HGD",0,"ENSG00000113924",46.1438441660707,0.00602457390742656,0.615424744230218,0.00978929424581746,0.992189398009004,1,FALSE
"chr3",120661750,120662039,"AluSx1",951,"SetA_ER_H3K27ac","10nM",FALSE,"HGD",0,"ENSG00000113924",46.1438441660707,0.00602457390742656,0.615424744230218,0.00978929424581746,0.992189398009004,1,FALSE
"chr3",122568420,122568686,"AluSp",113,"SetA_ER_H3K27ac","10nM",FALSE,"DTX3L",0,"ENSG00000163840",1251.60348042688,-0.59489344943389,0.308248791559598,-1.92991332236536,0.053617578431718,0.5452894083356,FALSE
"chr3",122569148,122569371,"AluSp",841,"SetA_ER_H3K27ac","10nM",FALSE,"DTX3L",0,"ENSG00000163840",1251.60348042688,-0.59489344943389,0.308248791559598,-1.92991332236536,0.053617578431718,0.5452894083356,FALSE
"chr3",123605879,123606246,"AluJb",0,"SetA_ER_H3K27ac","10nM",TRUE,"MYLK-AS1",0,"ENSG00000239523",95.1828845114799,0.274132646124345,0.380691040340173,0.720092193079693,0.471468233930914,1,FALSE
"chr3",123621923,123622288,"AluJr",1780,"SetA_ER_H3K27ac","10nM",FALSE,"MYLK-AS1",0,"ENSG00000239523",95.1828845114799,0.274132646124345,0.380691040340173,0.720092193079693,0.471468233930914,1,FALSE
"chr3",123626953,123627278,"AluY",1129,"SetA_ER_H3K27ac","10nM",FALSE,"MYLK-AS1",0,"ENSG00000239523",95.1828845114799,0.274132646124345,0.380691040340173,0.720092193079693,0.471468233930914,1,FALSE
"chr3",123627714,123628013,"AluY",1890,"SetA_ER_H3K27ac","10nM",FALSE,"MYLK-AS1",0,"ENSG00000239523",95.1828845114799,0.274132646124345,0.380691040340173,0.720092193079693,0.471468233930914,1,FALSE
"chr3",123637164,123637488,"FLAM_A",3184,"SetA_ER_H3K27ac","10nM",FALSE,"MYLK-AS1",0,"ENSG00000239523",95.1828845114799,0.274132646124345,0.380691040340173,0.720092193079693,0.471468233930914,1,FALSE
"chr3",123663195,123663437,"AluSz",3883,"SetA_ER_H3K27ac","10nM",FALSE,"MYLK-AS1",0,"ENSG00000239523",95.1828845114799,0.274132646124345,0.380691040340173,0.720092193079693,0.471468233930914,1,FALSE
"chr3",124298731,124298965,"AluSx1",4052,"SetA_ER_H3K27ac","10nM",FALSE,"KALRN",0,"ENSG00000160145",389.166284927294,-0.784576199234076,0.256573481217508,-3.05790058859964,0.00222893505841584,0.0616939587359865,FALSE
"chr3",124513319,124513543,"AluSx3",640,"SetA_ER_H3K27ac","10nM",FALSE,"KALRN",0,"ENSG00000160145",389.166284927294,-0.784576199234076,0.256573481217508,-3.05790058859964,0.00222893505841584,0.0616939587359865,FALSE
"chr3",124833797,124834084,"AluSz6",2150,"SetA_ER_H3K27ac","10nM",FALSE,"ITGB5",0,"ENSG00000082781",1874.1442185003,0.18311553314099,0.161620556887036,1.13299654863198,0.257215702695176,1,FALSE
"chr3",125062713,125063486,"AluJo",1693,"SetA_ER_H3K27ac","10nM",FALSE,"DAGARR",0,"ENSG00000288022",5.25070452523806,2.48951988634666,1.73505788769817,1.43483390611791,0.151334433474466,0.898049990400405,FALSE
"chr3",125520643,125520826,"AluSq",0,"SetA_ER_H3K27ac","10nM",TRUE,"SNX4",411,"ENSG00000114520",1853.96745811495,0.037957042933897,0.178989248618567,0.212063256462878,0.832057684841703,1,FALSE
"chr3",125916996,125917179,"AluSx",2644,"SetA_ER_H3K27ac","10nM",FALSE,"FAM86JP",0,"ENSG00000291071",177.312824845731,0.28722032632384,0.206574252702781,1.39039750872096,0.164408202565673,0.927441873943152,FALSE
"chr3",125924729,125925054,"AluJb",922,"SetA_ER_H3K27ac","10nM",FALSE,"FAM86JP",0,"ENSG00000291071",177.312824845731,0.28722032632384,0.206574252702781,1.39039750872096,0.164408202565673,0.927441873943152,FALSE
"chr3",126061043,126061297,"AluSp",616,"SetA_ER_H3K27ac","10nM",FALSE,"SLC41A3",0,"ENSG00000114544",1615.01427614274,0.0426745720847269,0.165620236871202,0.257665203787346,0.796665302850457,1,FALSE
"chr3",127632162,127632666,"AluSq2",1484,"SetA_ER_H3K27ac","10nM",FALSE,"PODXL2",0,"ENSG00000114631",1485.39026874645,0.190985902531448,0.334980873975427,0.570139722500867,0.568582935272257,1,FALSE
"chr3",128084351,128084901,"AluSp",251,"SetA_ER_H3K27ac","10nM",FALSE,"RUVBL1",0,"ENSG00000175792",2591.28526911766,0.0214830306244464,0.217719614308084,0.0986729224774708,0.921397968654984,1,FALSE
"chr3",128335480,128335723,"AluSx1",2793,"SetA_ER_H3K27ac","10nM",FALSE,"EEFSEC",0,"ENSG00000132394",49.9923856518579,0.778939782561807,0.654972437864966,1.18927108612531,0.234333009346436,1,FALSE
"chr3",128359901,128360152,"AluJb",358,"SetA_ER_H3K27ac","10nM",FALSE,"EEFSEC",0,"ENSG00000132394",49.9923856518579,0.778939782561807,0.654972437864966,1.18927108612531,0.234333009346436,1,FALSE
"chr3",129369074,129369439,"AluJb",15,"SetA_ER_H3K27ac","10nM",FALSE,"H1-10-AS1",0,"ENSG00000206417",37.9095373020523,0.473402060216747,0.456245480737444,1.03760383434719,0.299454532064771,1,FALSE
"chr3",129485889,129486110,"AluY",3447,"SetA_ER_H3K27ac","10nM",FALSE,"IFT122",0,"ENSG00000163913",809.320335088814,-0.140815136203728,0.308918851286826,-0.455832124252539,0.648510701741904,1,FALSE
"chr3",129694339,129694696,"AluJr",286,"SetA_ER_H3K27ac","10nM",FALSE,"TMCC1",0,"ENSG00000172765",1603.23869549663,0.15159436670518,0.473657500365725,0.320050598983717,0.748929973745066,1,FALSE
"chr3",129878484,129878809,"AluSq2",222,"SetA_ER_H3K27ac","10nM",FALSE,"TMCC1",0,"ENSG00000172765",1603.23869549663,0.15159436670518,0.473657500365725,0.320050598983717,0.748929973745066,1,FALSE
"chr3",129881335,129881674,"AluSq2",174,"SetA_ER_H3K27ac","10nM",FALSE,"TMCC1",0,"ENSG00000172765",1603.23869549663,0.15159436670518,0.473657500365725,0.320050598983717,0.748929973745066,1,FALSE
"chr3",129971482,129971771,"AluJo",475,"SetA_ER_H3K27ac","10nM",FALSE,"ENSG00000250643",0,"ENSG00000250643",3.6891127780211,0.213169260485921,1.06644487911984,0.199887743529563,0.841568376252395,1,FALSE
"chr3",132009489,132009744,"AluSz",2413,"SetA_ER_H3K27ac","10nM",FALSE,"CPNE4",0,"ENSG00000196353",468.195837762942,-0.0173537031569947,0.377866284953905,-0.045925513463345,0.963369618824802,1,FALSE
"chr3",132029093,132029436,"AluSz",4711,"SetA_ER_H3K27ac","10nM",FALSE,"CPNE4",0,"ENSG00000196353",468.195837762942,-0.0173537031569947,0.377866284953905,-0.045925513463345,0.963369618824802,1,FALSE
"chr3",133428625,133428962,"AluSx",3693,"SetA_ER_H3K27ac","10nM",FALSE,"BFSP2",0,"ENSG00000170819",38.174362852974,0.417781930009702,0.49128434138247,0.850387229591049,0.39510983372982,1,FALSE
"chr3",133448657,133449092,"AluJb",506,"SetA_ER_H3K27ac","10nM",FALSE,"BFSP2",0,"ENSG00000170819",38.174362852974,0.417781930009702,0.49128434138247,0.850387229591049,0.39510983372982,1,FALSE
"chr3",133452924,133453337,"FAM",840,"SetA_ER_H3K27ac","10nM",FALSE,"BFSP2",0,"ENSG00000170819",38.174362852974,0.417781930009702,0.49128434138247,0.850387229591049,0.39510983372982,1,FALSE
"chr3",133456032,133457316,"AluJo",0,"SetA_ER_H3K27ac","10nM",TRUE,"BFSP2",0,"ENSG00000170819",38.174362852974,0.417781930009702,0.49128434138247,0.850387229591049,0.39510983372982,1,FALSE
"chr3",133461236,133461905,"AluJr",681,"SetA_ER_H3K27ac","10nM",FALSE,"BFSP2",0,"ENSG00000170819",38.174362852974,0.417781930009702,0.49128434138247,0.850387229591049,0.39510983372982,1,FALSE
"chr3",134029717,134029928,"AluSx1",2487,"SetA_ER_H3K27ac","10nM",FALSE,"SLCO2A1",0,"ENSG00000174640",50.539976506978,0.307168386217743,0.510814852946206,0.60133017755083,0.547620093654051,1,FALSE
"chr3",134039569,134039854,"AluSx",3032,"SetA_ER_H3K27ac","10nM",FALSE,"SLCO2A1",0,"ENSG00000174640",50.539976506978,0.307168386217743,0.510814852946206,0.60133017755083,0.547620093654051,1,FALSE
"chr3",134040011,134040341,"AluSx",2545,"SetA_ER_H3K27ac","10nM",FALSE,"SLCO2A1",0,"ENSG00000174640",50.539976506978,0.307168386217743,0.510814852946206,0.60133017755083,0.547620093654051,1,FALSE
"chr3",134375045,134375274,"AluSx1",2401,"SetA_ER_H3K27ac","10nM",FALSE,"AMOTL2",0,"ENSG00000114019",3173.04279119428,-0.897917928327584,0.243266165591749,-3.6910925370299,0.000223292876963875,0.00967957668816938,TRUE
"chr3",134487478,134487698,"AluSx3",634,"SetA_ER_H3K27ac","10nM",FALSE,"CEP63",0,"ENSG00000182923",1007.62366796289,-0.0178326261498318,0.158018263013064,-0.112851678089624,0.910148146802858,1,FALSE
"chr3",140941414,140941738,"AluSq2",2436,"SetA_ER_H3K27ac","10nM",FALSE,"SLC25A36",63,"ENSG00000114120",3480.69604675794,0.338064438071539,0.322391469880547,1.04861471116714,0.294355482304351,1,FALSE
"chr3",141426880,141427226,"AluSq2",1268,"SetA_ER_H3K27ac","10nM",FALSE,"ZBTB38",0,"ENSG00000177311",1195.55828343807,0.566555015561224,0.238501830829509,2.37547449254685,0.0175264037192053,0.285970416484324,FALSE
"chr3",146115666,146115970,"AluSc",2798,"SetA_ER_H3K27ac","10nM",FALSE,"PLOD2",0,"ENSG00000152952",1869.54199107835,-0.00873363408135976,0.24019454625,-0.0363606677075406,0.970994776048637,1,FALSE
"chr3",146160447,146160771,"AluY",2378,"SetA_ER_H3K27ac","10nM",FALSE,"PLOD2",0,"ENSG00000152952",1869.54199107835,-0.00873363408135976,0.24019454625,-0.0363606677075406,0.970994776048637,1,FALSE
"chr3",148734364,148734646,"AluYa5",1326,"SetA_ER_H3K27ac","10nM",FALSE,"AGTR1",0,"ENSG00000144891",30.5291101160631,-1.56236138716459,0.599852040303186,-2.60457793287645,0.00919874983548928,0.182587381965152,FALSE
"chr3",150237541,150237910,"AluSq2",2412,"SetA_ER_H3K27ac","10nM",FALSE,"LINC01213",0,"ENSG00000244541",178.507341505437,1.41241648819354,0.388950282929739,3.63135482909182,0.000281937234912243,0.0117135835810525,TRUE
"chr3",150238238,150238830,"AluSq2",1492,"SetA_ER_H3K27ac","10nM",FALSE,"LINC01213",0,"ENSG00000244541",178.507341505437,1.41241648819354,0.388950282929739,3.63135482909182,0.000281937234912243,0.0117135835810525,TRUE
"chr3",150240687,150241145,"AluSq2",62,"SetA_ER_H3K27ac","10nM",FALSE,"LINC01213",0,"ENSG00000244541",178.507341505437,1.41241648819354,0.388950282929739,3.63135482909182,0.000281937234912243,0.0117135835810525,TRUE
"chr3",150275246,150275475,"AluSp",1185,"SetA_ER_H3K27ac","10nM",FALSE,"ENSG00000297695",0,"ENSG00000297695",74.5208081642522,1.64859259568642,0.849394478322852,1.94090335852147,0.0522700005736442,0.538157491738128,FALSE
"chr3",150278816,150279138,"AluJo",567,"SetA_ER_H3K27ac","10nM",FALSE,"ENSG00000297695",0,"ENSG00000297695",74.5208081642522,1.64859259568642,0.849394478322852,1.94090335852147,0.0522700005736442,0.538157491738128,FALSE
"chr3",150722785,150723107,"AluSz",114,"SetA_ER_H3K27ac","10nM",FALSE,"ERICH6-AS1",0,"ENSG00000240137",30.4733630075521,-0.718376806545315,0.670171481095782,-1.07192983707799,0.283751547474588,1,FALSE
"chr3",150737179,150737697,"AluSz",2709,"SetA_ER_H3K27ac","10nM",FALSE,"ERICH6-AS1",0,"ENSG00000240137",30.4733630075521,-0.718376806545315,0.670171481095782,-1.07192983707799,0.283751547474588,1,FALSE
"chr3",150756503,150756983,"AluSx3",555,"SetA_ER_H3K27ac","10nM",FALSE,"ERICH6-AS1",0,"ENSG00000240137",30.4733630075521,-0.718376806545315,0.670171481095782,-1.07192983707799,0.283751547474588,1,FALSE
"chr3",150757899,150758119,"FLAM_C",68,"SetA_ER_H3K27ac","10nM",FALSE,"ERICH6-AS1",0,"ENSG00000240137",30.4733630075521,-0.718376806545315,0.670171481095782,-1.07192983707799,0.283751547474588,1,FALSE
"chr3",150769551,150769791,"AluSp",32,"SetA_ER_H3K27ac","10nM",FALSE,"SIAH2-AS1",0,"ENSG00000244265",20.8819388578867,0.425754446573584,0.562616346152852,0.756740271563163,0.449205482755715,1,FALSE
"chr3",150844485,150844996,"AluJo",3922,"SetA_ER_H3K27ac","10nM",FALSE,"SIAH2-AS1",0,"ENSG00000244265",20.8819388578867,0.425754446573584,0.562616346152852,0.756740271563163,0.449205482755715,1,FALSE
"chr3",154090047,154090331,"AluSz",285,"SetA_ER_H3K27ac","10nM",FALSE,"ARHGEF26-AS1",0,"ENSG00000243069",56.0375202858866,0.196659775809841,0.739480996124696,0.265942974654455,0.79028312745303,1,FALSE
"chr3",154218737,154219136,"AluSx1",177,"SetA_ER_H3K27ac","10nM",FALSE,"ARHGEF26",0,"ENSG00000114790",1467.40870661239,0.154238241955922,0.228311635774758,0.675560145817912,0.499319952342482,1,FALSE
"chr3",154224449,154224737,"AluY",2556,"SetA_ER_H3K27ac","10nM",FALSE,"ARHGEF26",0,"ENSG00000114790",1467.40870661239,0.154238241955922,0.228311635774758,0.675560145817912,0.499319952342482,1,FALSE
"chr3",156542323,156542663,"AluSq2",699,"SetA_ER_H3K27ac","10nM",FALSE,"SSR3",0,"ENSG00000114850",4020.75317765041,0.142562069025194,0.187377577958441,0.760827792623155,0.446759931801147,1,FALSE
"chr3",156542767,156543031,"AluSq2",1143,"SetA_ER_H3K27ac","10nM",FALSE,"SSR3",0,"ENSG00000114850",4020.75317765041,0.142562069025194,0.187377577958441,0.760827792623155,0.446759931801147,1,FALSE
"chr3",156674133,156674338,"AluJr",2488,"SetA_ER_H3K27ac","10nM",FALSE,"TIPARP-AS1",0,"ENSG00000243926",145.374241413011,-0.421945116644626,0.332215123439627,-1.27009605184728,0.204050417830943,0.98708291310302,FALSE
"chr3",156812375,156812936,"AluJo",1780,"SetA_ER_H3K27ac","10nM",FALSE,"TIPARP-AS1",0,"ENSG00000243926",145.374241413011,-0.421945116644626,0.332215123439627,-1.27009605184728,0.204050417830943,0.98708291310302,FALSE
"chr3",157500214,157500551,"AluSz",5273,"SetA_ER_H3K27ac","10nM",FALSE,"VEPH1",0,"ENSG00000197415",30.5191318605088,-0.355208885314416,0.463112037731575,-0.767004215770999,0.443079009007296,1,FALSE
"chr3",161031111,161031430,"AluJo",73,"SetA_ER_H3K27ac","10nM",FALSE,"PPM1L",0,"ENSG00000163590",346.047474577685,0.168599218651572,0.257065400803911,0.655861186002931,0.511913443829769,1,FALSE
"chr3",165331581,165331918,"AluSz",856,"SetA_ER_H3K27ac","10nM",FALSE,"LINC01322",0,"ENSG00000244128",4.30480751470022,0.456677125035477,1.2375969468499,0.369003112198906,0.712125405028666,1,FALSE
"chr3",165333287,165333520,"AluSx1",2302,"SetA_ER_H3K27ac","10nM",FALSE,"LINC01322",0,"ENSG00000244128",4.30480751470022,0.456677125035477,1.2375969468499,0.369003112198906,0.712125405028666,1,FALSE
"chr3",169612962,169613170,"FLAM_A",1547,"SetA_ER_H3K27ac","10nM",FALSE,"MECOM",0,"ENSG00000085276",476.847469177696,0.348236135806488,0.330040789725818,1.05513059793544,0.291365599747311,1,FALSE
"chr3",169613383,169613777,"FLAM_A",940,"SetA_ER_H3K27ac","10nM",FALSE,"MECOM",0,"ENSG00000085276",476.847469177696,0.348236135806488,0.330040789725818,1.05513059793544,0.291365599747311,1,FALSE
"chr3",169622608,169622994,"AluSq",217,"SetA_ER_H3K27ac","10nM",FALSE,"MECOM",0,"ENSG00000085276",476.847469177696,0.348236135806488,0.330040789725818,1.05513059793544,0.291365599747311,1,FALSE
"chr3",169623914,169624323,"AluSq",1523,"SetA_ER_H3K27ac","10nM",FALSE,"MECOM",0,"ENSG00000085276",476.847469177696,0.348236135806488,0.330040789725818,1.05513059793544,0.291365599747311,1,FALSE
"chr3",170049423,170049694,"AluSq2",369,"SetA_ER_H3K27ac","10nM",FALSE,"GPR160",0,"ENSG00000173890",5899.16572470011,0.0142962585412161,0.237431236009177,0.0602122062013083,0.951986624212044,1,FALSE
"chr3",171262005,171262306,"AluSp",2057,"SetA_ER_H3K27ac","10nM",FALSE,"TNIK",0,"ENSG00000154310",617.824277744376,-0.306607530298125,0.298309343744426,-1.02781738731191,0.304035735776508,1,FALSE
"chr3",172156674,172156987,"AluSq2",2013,"SetA_ER_H3K27ac","10nM",FALSE,"FNDC3B",0,"ENSG00000075420",2079.63324370062,-0.249266591914683,0.32357035831361,-0.770362876296257,0.441084668347488,1,FALSE
"chr3",172516962,172517162,"AluY",684,"SetA_ER_H3K27ac","10nM",FALSE,"TNFSF10",0,"ENSG00000121858",45.8618733734646,1.0002087719417,0.640308733235114,1.56207266905171,0.118270870603169,0.818395110157108,FALSE
"chr3",172523119,172523371,"AluSz",1092,"SetA_ER_H3K27ac","10nM",FALSE,"TNFSF10",0,"ENSG00000121858",45.8618733734646,1.0002087719417,0.640308733235114,1.56207266905171,0.118270870603169,0.818395110157108,FALSE
"chr3",172638019,172638216,"AluSz",0,"SetA_ER_H3K27ac","10nM",TRUE,"NCEH1",0,"ENSG00000144959",1139.71360258479,-0.458789404013186,0.223513653412692,-2.05262361832583,0.0401090951030788,0.465091455668922,FALSE
"chr3",172804424,172804850,"AluJb",319,"SetA_ER_H3K27ac","10nM",FALSE,"ECT2",0,"ENSG00000114346",6827.33879089422,-0.0598352216305557,0.310288011860586,-0.192837684162416,0.847086089657173,1,FALSE
"chr3",175127087,175127623,"FLAM_A",115,"SetA_ER_H3K27ac","10nM",FALSE,"NAALADL2",0,"ENSG00000177694",399.765346687441,0.336533909843593,0.434721943263427,0.774136008220004,0.438850365592432,1,FALSE
"chr3",175135570,175135798,"AluSx",1810,"SetA_ER_H3K27ac","10nM",FALSE,"NAALADL2",0,"ENSG00000177694",399.765346687441,0.336533909843593,0.434721943263427,0.774136008220004,0.438850365592432,1,FALSE
"chr3",175136630,175136953,"AluSx",655,"SetA_ER_H3K27ac","10nM",FALSE,"NAALADL2",0,"ENSG00000177694",399.765346687441,0.336533909843593,0.434721943263427,0.774136008220004,0.438850365592432,1,FALSE
"chr3",175682790,175683060,"AluJo",1453,"SetA_ER_H3K27ac","10nM",FALSE,"NAALADL2",0,"ENSG00000177694",399.765346687441,0.336533909843593,0.434721943263427,0.774136008220004,0.438850365592432,1,FALSE
"chr3",175685788,175686170,"AluJo",978,"SetA_ER_H3K27ac","10nM",FALSE,"NAALADL2",0,"ENSG00000177694",399.765346687441,0.336533909843593,0.434721943263427,0.774136008220004,0.438850365592432,1,FALSE
"chr3",180912186,180912414,"AluJb",650,"SetA_ER_H3K27ac","10nM",FALSE,"FXR1",0,"ENSG00000114416",2986.22781201997,0.101717756761886,0.196447041287857,0.517787165920394,0.604606773741115,1,FALSE
"chr3",182284976,182285180,"AluSx1",5115,"SetA_ER_H3K27ac","10nM",FALSE,"LINC01994",0,"ENSG00000241098",2.74149596021856,0.395379969129199,1.67219220198525,0.236444093364267,0.813088084403453,1,FALSE
"chr3",182524743,182525330,"AluSg7",230,"SetA_ER_H3K27ac","10nM",FALSE,"LINC01994",0,"ENSG00000241098",2.74149596021856,0.395379969129199,1.67219220198525,0.236444093364267,0.813088084403453,1,FALSE
"chr3",183845694,183846064,"AluSp",145,"SetA_ER_H3K27ac","10nM",FALSE,"ENSG00000283765",0,"ENSG00000283765",60.1761352942155,3.08399988368941,0.757529096668565,4.07113059716402,4.67855092025193e-05,0.00259651526240125,TRUE
"chr3",184011268,184011803,"AluSx",228,"SetA_ER_H3K27ac","10nM",FALSE,"ABCC5",0,"ENSG00000114770",4916.09793240015,-0.310157412369459,0.320732320127045,-0.967028867706886,0.333529602734426,1,FALSE
"chr3",184018157,184018425,"AluSx1",280,"SetA_ER_H3K27ac","10nM",FALSE,"ABCC5",219,"ENSG00000114770",4916.09793240015,-0.310157412369459,0.320732320127045,-0.967028867706886,0.333529602734426,1,FALSE
"chr3",185205980,185206345,"AluSx",202,"SetA_ER_H3K27ac","10nM",FALSE,"EHHADH",0,"ENSG00000113790",227.314931259327,-0.0438241749486678,0.2766059701769,-0.158435390677362,0.874113728218365,1,FALSE
"chr3",185211508,185211918,"AluSg4",858,"SetA_ER_H3K27ac","10nM",FALSE,"EHHADH",0,"ENSG00000113790",227.314931259327,-0.0438241749486678,0.2766059701769,-0.158435390677362,0.874113728218365,1,FALSE
"chr3",186566942,186567141,"AluSx1",603,"SetA_ER_H3K27ac","10nM",FALSE,"TBCCD1",0,"ENSG00000113838",554.808526067539,0.0331176956838019,0.227412509647649,0.1456282934264,0.884214831165718,1,FALSE
"chr3",187167498,187167739,"AluSc",995,"SetA_ER_H3K27ac","10nM",FALSE,"RPL39L",0,"ENSG00000163923",434.170051579179,-0.064480949442898,0.353131046687397,-0.182597792088155,0.855113616875978,1,FALSE
"chr3",187173697,187173906,"AluSx3",531,"SetA_ER_H3K27ac","10nM",FALSE,"RPL39L",0,"ENSG00000163923",434.170051579179,-0.064480949442898,0.353131046687397,-0.182597792088155,0.855113616875978,1,FALSE
"chr3",187739415,187739626,"AluSx3",5075,"SetA_ER_H3K27ac","10nM",FALSE,"BCL6",0,"ENSG00000113916",876.760721079713,0.380852545682577,0.255099997774299,1.49295393573283,0.13544924523554,0.864991179819143,FALSE
"chr3",187809008,187809218,"AluSx1",802,"SetA_ER_H3K27ac","10nM",FALSE,"ENSG00000303324",0,"ENSG00000303324",58.4781162988142,-0.0463320636969324,0.534204102975816,-0.0867310143049011,0.930885323448337,1,FALSE
"chr3",188280692,188280974,"AluSx",0,"SetA_ER_H3K27ac","10nM",TRUE,"LPP",0,"ENSG00000145012",1481.83706031553,0.330253154138017,0.525009071963191,0.629042757114817,0.529321064449748,1,FALSE
"chr3",188282920,188283614,"AluSx",151,"SetA_ER_H3K27ac","10nM",FALSE,"LPP",0,"ENSG00000145012",1481.83706031553,0.330253154138017,0.525009071963191,0.629042757114817,0.529321064449748,1,FALSE
"chr3",188491377,188491896,"AluY",319,"SetA_ER_H3K27ac","10nM",FALSE,"LPP",0,"ENSG00000145012",1481.83706031553,0.330253154138017,0.525009071963191,0.629042757114817,0.529321064449748,1,FALSE
"chr3",189099066,189099415,"AluSp",12312,"SetA_ER_H3K27ac","10nM",FALSE,"TPRG1",0,"ENSG00000188001",26.5782961969259,1.19314747771229,0.761864372505523,1.56608908458131,0.117327763126337,0.815916092997882,FALSE
"chr3",189173691,189174046,"AluSx",137,"SetA_ER_H3K27ac","10nM",FALSE,"TPRG1",0,"ENSG00000188001",26.5782961969259,1.19314747771229,0.761864372505523,1.56608908458131,0.117327763126337,0.815916092997882,FALSE
"chr3",189304576,189304768,"AluSx1",2255,"SetA_ER_H3K27ac","10nM",FALSE,"TPRG1",0,"ENSG00000188001",26.5782961969259,1.19314747771229,0.761864372505523,1.56608908458131,0.117327763126337,0.815916092997882,FALSE
"chr3",189311470,189311840,"AluYc",381,"SetA_ER_H3K27ac","10nM",FALSE,"TPRG1",0,"ENSG00000188001",26.5782961969259,1.19314747771229,0.761864372505523,1.56608908458131,0.117327763126337,0.815916092997882,FALSE
"chr3",189322621,189322903,"AluSx1",5294,"SetA_ER_H3K27ac","10nM",FALSE,"TPRG1",0,"ENSG00000188001",26.5782961969259,1.19314747771229,0.761864372505523,1.56608908458131,0.117327763126337,0.815916092997882,FALSE
"chr3",189323976,189324163,"AluSx1",4034,"SetA_ER_H3K27ac","10nM",FALSE,"TPRG1",0,"ENSG00000188001",26.5782961969259,1.19314747771229,0.761864372505523,1.56608908458131,0.117327763126337,0.815916092997882,FALSE
"chr3",189324604,189324814,"AluSx1",3383,"SetA_ER_H3K27ac","10nM",FALSE,"TPRG1",0,"ENSG00000188001",26.5782961969259,1.19314747771229,0.761864372505523,1.56608908458131,0.117327763126337,0.815916092997882,FALSE
"chr3",189641744,189642144,"AluSq2",876,"SetA_ER_H3K27ac","10nM",FALSE,"TP63",0,"ENSG00000073282",102.491362719657,0.883856204967937,0.461628208553506,1.91464947026844,0.0555372216643559,0.557479328677548,FALSE
"chr3",189772937,189773291,"AluY",625,"SetA_ER_H3K27ac","10nM",FALSE,"TP63",0,"ENSG00000073282",102.491362719657,0.883856204967937,0.461628208553506,1.91464947026844,0.0555372216643559,0.557479328677548,FALSE
"chr3",189773635,189773867,"AluY",49,"SetA_ER_H3K27ac","10nM",FALSE,"TP63",0,"ENSG00000073282",102.491362719657,0.883856204967937,0.461628208553506,1.91464947026844,0.0555372216643559,0.557479328677548,FALSE
"chr3",189842616,189843329,"AluSx",833,"SetA_ER_H3K27ac","10nM",FALSE,"TP63",0,"ENSG00000073282",102.491362719657,0.883856204967937,0.461628208553506,1.91464947026844,0.0555372216643559,0.557479328677548,FALSE
"chr3",190586609,190586828,"AluSx3",772,"SetA_ER_H3K27ac","10nM",FALSE,"IL1RAP",0,"ENSG00000196083",543.361040150145,-0.162177784981284,0.25661251827931,-0.631994830450016,0.527390255224142,1,FALSE
"chr3",192818903,192819259,"AluJr",1518,"SetA_ER_H3K27ac","10nM",FALSE,"MB21D2",0,"ENSG00000180611",549.730916009266,-1.06841334282583,0.315613663703506,-3.38519356319606,0.000711280782189363,0.0248500614532731,TRUE
"chr3",193870384,193870796,"AluSq2",900,"SetA_ER_H3K27ac","10nM",FALSE,"ENSG00000304564",0,"ENSG00000304564",7.35538217185834,-0.53062617773531,1.39085458564408,-0.381510894965046,0.702824188424568,1,FALSE
"chr3",193870944,193871319,"AluSq2",377,"SetA_ER_H3K27ac","10nM",FALSE,"ENSG00000304564",0,"ENSG00000304564",7.35538217185834,-0.53062617773531,1.39085458564408,-0.381510894965046,0.702824188424568,1,FALSE
"chr3",193872306,193872632,"AluSc",189,"SetA_ER_H3K27ac","10nM",FALSE,"ENSG00000304564",0,"ENSG00000304564",7.35538217185834,-0.53062617773531,1.39085458564408,-0.381510894965046,0.702824188424568,1,FALSE
"chr3",193876127,193876379,"AluY",1343,"SetA_ER_H3K27ac","10nM",FALSE,"ENSG00000304564",0,"ENSG00000304564",7.35538217185834,-0.53062617773531,1.39085458564408,-0.381510894965046,0.702824188424568,1,FALSE
"chr3",193878501,193878851,"AluJr",0,"SetA_ER_H3K27ac","10nM",TRUE,"ENSG00000304564",0,"ENSG00000304564",7.35538217185834,-0.53062617773531,1.39085458564408,-0.381510894965046,0.702824188424568,1,FALSE
"chr3",193879521,193880276,"AluSx1",302,"SetA_ER_H3K27ac","10nM",FALSE,"ENSG00000304564",0,"ENSG00000304564",7.35538217185834,-0.53062617773531,1.39085458564408,-0.381510894965046,0.702824188424568,1,FALSE
"chr3",193910373,193910564,"AluJb",1733,"SetA_ER_H3K27ac","10nM",FALSE,"ENSG00000304564",0,"ENSG00000304564",7.35538217185834,-0.53062617773531,1.39085458564408,-0.381510894965046,0.702824188424568,1,FALSE
"chr3",193921394,193921893,"AluYc",699,"SetA_ER_H3K27ac","10nM",FALSE,"ENSG00000304564",0,"ENSG00000304564",7.35538217185834,-0.53062617773531,1.39085458564408,-0.381510894965046,0.702824188424568,1,FALSE
"chr3",193922375,193922585,"AluYc",1680,"SetA_ER_H3K27ac","10nM",FALSE,"ENSG00000304564",0,"ENSG00000304564",7.35538217185834,-0.53062617773531,1.39085458564408,-0.381510894965046,0.702824188424568,1,FALSE
"chr3",194270541,194270941,"AluSq",6,"SetA_ER_H3K27ac","10nM",FALSE,"LINC00887",0,"ENSG00000214145",6.95020437630019,1.35795652391819,1.28115858958397,1.0599441278844,0.289170018499716,1,FALSE
"chr3",194323887,194324367,"AluSc",328,"SetA_ER_H3K27ac","10nM",FALSE,"LINC00887",0,"ENSG00000214145",6.95020437630019,1.35795652391819,1.28115858958397,1.0599441278844,0.289170018499716,1,FALSE
"chr3",194494343,194494597,"AluSx1",0,"SetA_ER_H3K27ac","10nM",TRUE,"ATP13A3",0,"ENSG00000133657",7646.78786535001,0.20756636228843,0.315580806095798,0.657728094608584,0.510712866107871,1,FALSE
"chr3",194495002,194495354,"AluSq2",87,"SetA_ER_H3K27ac","10nM",FALSE,"ATP13A3",0,"ENSG00000133657",7646.78786535001,0.20756636228843,0.315580806095798,0.657728094608584,0.510712866107871,1,FALSE
"chr3",195105090,195105480,"AluSq",1712,"SetA_ER_H3K27ac","10nM",FALSE,"XXYLT1",0,"ENSG00000173950",1373.05975660689,-0.072674729965925,0.227413919356769,-0.319570280356992,0.749294106666379,1,FALSE
"chr3",195897210,195897615,"AluJb",0,"SetA_ER_H3K27ac","10nM",TRUE,"TNK2",0,"ENSG00000061938",1530.99340857586,0.464631474439844,0.190319055664279,2.44132923431193,0.0146333071745435,0.255399135874304,FALSE
"chr3",195911494,195911708,"AluJb",57,"SetA_ER_H3K27ac","10nM",FALSE,"TNK2",0,"ENSG00000061938",1530.99340857586,0.464631474439844,0.190319055664279,2.44132923431193,0.0146333071745435,0.255399135874304,FALSE
"chr3",196147046,196147617,"AluSx",0,"SetA_ER_H3K27ac","10nM",TRUE,"LINC00885",0,"ENSG00000224652",56.0738822595352,-0.199145359065167,0.437743808811096,-0.45493586672543,0.649155378550633,1,FALSE
"chr3",196150071,196150552,"AluSz",273,"SetA_ER_H3K27ac","10nM",FALSE,"LINC00885",0,"ENSG00000224652",56.0738822595352,-0.199145359065167,0.437743808811096,-0.45493586672543,0.649155378550633,1,FALSE
"chr3",196287280,196287946,"AluSp",348,"SetA_ER_H3K27ac","10nM",FALSE,"PCYT1A",0,"ENSG00000161217",4613.57336011499,0.412272567611263,0.208896328492981,1.97357498135787,0.0484300908633715,0.515211623844265,FALSE
"chr3",196754957,196755284,"AluSp",174,"SetA_ER_H3K27ac","10nM",FALSE,"PAK2",0,"ENSG00000180370",10570.0723972189,-0.142995181026016,0.197982054852717,-0.722263344182346,0.470132584878789,1,FALSE
"chr4",721453,721651,"AluSx3",2203,"SetA_ER_H3K27ac","10nM",FALSE,"PCGF3",0,"ENSG00000185619",3982.44329644179,0.252171630496796,0.123132074169657,2.04797679400205,0.0405622732852273,0.467472012302181,FALSE
"chr4",789008,789245,"AluSc8",4714,"SetA_ER_H3K27ac","10nM",FALSE,"CPLX1",0,"ENSG00000168993",79.7474440887451,0.0500162886869528,0.445234123816575,0.112337051478018,0.91055616488919,1,FALSE
"chr4",993809,994032,"AluJr",127,"SetA_ER_H3K27ac","10nM",FALSE,"SLC26A1",0,"ENSG00000145217",196.530858492375,0.230372223824589,0.417393532167613,0.551930506992327,0.580995966086125,1,FALSE
"chr4",997777,998167,"AluY",797,"SetA_ER_H3K27ac","10nM",FALSE,"IDUA",0,"ENSG00000127415",827.438070652159,0.102292567116383,0.380462204603248,0.268863939384086,0.788034387673233,1,FALSE
"chr4",1245418,1245829,"AluSq2",6279,"SetA_ER_H3K27ac","10nM",FALSE,"CTBP1",0,"ENSG00000159692",8373.52310108471,0.140597813252261,0.171922851832333,0.817795957627426,0.413473706674304,1,FALSE
"chr4",1813261,1813523,"AluSx",872,"SetA_ER_H3K27ac","10nM",FALSE,"LETM1",0,"ENSG00000168924",4544.10997777762,0.352745453562174,0.21477417577312,1.64240161691879,0.100506800067935,0.766872728288593,FALSE
"chr4",1825953,1826259,"AluSz6",1618,"SetA_ER_H3K27ac","10nM",FALSE,"LETM1",0,"ENSG00000168924",4544.10997777762,0.352745453562174,0.21477417577312,1.64240161691879,0.100506800067935,0.766872728288593,FALSE
"chr4",2363032,2363334,"AluJo",3608,"SetA_ER_H3K27ac","10nM",FALSE,"ZFYVE28",0,"ENSG00000159733",334.274853269457,0.421646574015745,0.291684303855945,1.44555798320908,0.148301218744442,0.893971567719993,FALSE
"chr4",2363435,2363655,"AluJo",4011,"SetA_ER_H3K27ac","10nM",FALSE,"ZFYVE28",0,"ENSG00000159733",334.274853269457,0.421646574015745,0.291684303855945,1.44555798320908,0.148301218744442,0.893971567719993,FALSE
"chr4",2363949,2364245,"AluJr",3887,"SetA_ER_H3K27ac","10nM",FALSE,"ZFYVE28",0,"ENSG00000159733",334.274853269457,0.421646574015745,0.291684303855945,1.44555798320908,0.148301218744442,0.893971567719993,FALSE
"chr4",2419332,2420145,"AluSx1",1206,"SetA_ER_H3K27ac","10nM",FALSE,"CFAP99",0,"ENSG00000206113",31.2430433689759,4.67971295067786,0.772832277778387,6.0552762678732,1.40176877875478e-09,2.71970361889666e-07,TRUE
"chr4",2422560,2422927,"AluJr",0,"SetA_ER_H3K27ac","10nM",TRUE,"CFAP99",0,"ENSG00000206113",31.2430433689759,4.67971295067786,0.772832277778387,6.0552762678732,1.40176877875478e-09,2.71970361889666e-07,TRUE
"chr4",2937139,2937440,"AluSp",809,"SetA_ER_H3K27ac","10nM",FALSE,"NOP14-AS1",0,"ENSG00000249673",1010.18800430154,-0.25425960139258,0.274041563290855,-0.927814008719257,0.353504056083952,1,FALSE
"chr4",3111509,3111821,"AluSx",30,"SetA_ER_H3K27ac","10nM",FALSE,"HTT",0,"ENSG00000197386",5140.5429164612,-0.261187191845617,0.498528663732223,-0.523916097201404,0.600336898163476,1,FALSE
"chr4",3460987,3461952,"AluY",4465,"SetA_ER_H3K27ac","10nM",FALSE,"DOK7",1354,"ENSG00000175920",406.182056827621,2.81936343349545,0.279859889844359,10.0741961810369,7.18458421451183e-24,4.78589103142681e-20,TRUE
"chr4",3463157,3463698,"AluY",6635,"SetA_ER_H3K27ac","10nM",FALSE,"DOK7",0,"ENSG00000175920",406.182056827621,2.81936343349545,0.279859889844359,10.0741961810369,7.18458421451183e-24,4.78589103142681e-20,TRUE
"chr4",3467003,3467263,"AluSz6",7135,"SetA_ER_H3K27ac","10nM",FALSE,"DOK7",0,"ENSG00000175920",406.182056827621,2.81936343349545,0.279859889844359,10.0741961810369,7.18458421451183e-24,4.78589103142681e-20,TRUE
"chr4",3484875,3485262,"AluSx1",4243,"SetA_ER_H3K27ac","10nM",FALSE,"DOK7",0,"ENSG00000175920",406.182056827621,2.81936343349545,0.279859889844359,10.0741961810369,7.18458421451183e-24,4.78589103142681e-20,TRUE
"chr4",3954762,3955384,"AluSq2",2442,"SetA_ER_H3K27ac","10nM",FALSE,"ENSG00000253917",0,"ENSG00000253917",4.07145403728866,-0.822090920921003,1.00109563519273,-0.821191194947859,0.411537371133614,1,FALSE
"chr4",3955501,3955826,"AluSq2",2000,"SetA_ER_H3K27ac","10nM",FALSE,"ENSG00000253917",0,"ENSG00000253917",4.07145403728866,-0.822090920921003,1.00109563519273,-0.821191194947859,0.411537371133614,1,FALSE
"chr4",6280258,6280713,"AluSq2",3376,"SetA_ER_H3K27ac","10nM",FALSE,"WFS1",0,"ENSG00000109501",3586.50660763903,1.44463221375743,0.375888391878616,3.84324774313314,0.00012141679164422,0.00581868864320888,TRUE
"chr4",6415267,6415784,"AluSx",3379,"SetA_ER_H3K27ac","10nM",FALSE,"PPP2R2C",0,"ENSG00000074211",4529.04405655869,0.166362905479321,0.164097404522987,1.01380583052437,0.310675412624295,1,FALSE
"chr4",6917765,6918047,"AluSq",1106,"SetA_ER_H3K27ac","10nM",FALSE,"TBC1D14",0,"ENSG00000132405",2712.59324802442,0.149406376402777,0.131940277579601,1.13237882429525,0.257475203617074,1,FALSE
"chr4",7533337,7533882,"AluJr",3844,"SetA_ER_H3K27ac","10nM",FALSE,"SORCS2",0,"ENSG00000184985",17.5154386391869,-0.108707533127646,0.657656070793589,-0.165295414967385,0.868711467507415,1,FALSE
"chr4",7772652,7773185,"FRAM",1334,"SetA_ER_H3K27ac","10nM",FALSE,"AFAP1-AS1",0,"ENSG00000272620",2.4291484084099,2.19342404023782,1.67247866014176,1.31148103262011,0.189695297749527,0.966355113094907,FALSE
"chr4",7773639,7773907,"AluJb",1036,"SetA_ER_H3K27ac","10nM",FALSE,"AFAP1-AS1",0,"ENSG00000272620",2.4291484084099,2.19342404023782,1.67247866014176,1.31148103262011,0.189695297749527,0.966355113094907,FALSE
"chr4",7832984,7833227,"AluSc8",363,"SetA_ER_H3K27ac","10nM",FALSE,"AFAP1",0,"ENSG00000196526",1800.88065855437,-0.153387347683916,0.349258438882694,-0.439180075861918,0.660531060650133,1,FALSE
"chr4",8010077,8010460,"AluSz",383,"SetA_ER_H3K27ac","10nM",FALSE,"ABLIM2",0,"ENSG00000163995",136.772945777324,0.253762901623602,0.345739463433801,0.733971468293756,0.462966127418472,1,FALSE
"chr4",8194474,8194721,"AluSg",1684,"SetA_ER_H3K27ac","10nM",FALSE,"SH3TC1",0,"ENSG00000125089",211.211131892563,1.4772037160666,0.307800351336673,4.79922686784338,1.59279289827243e-06,0.000148048247809657,TRUE
"chr4",8200824,8201162,"AluSx",7200,"SetA_ER_H3K27ac","10nM",FALSE,"SH3TC1",0,"ENSG00000125089",211.211131892563,1.4772037160666,0.307800351336673,4.79922686784338,1.59279289827243e-06,0.000148048247809657,TRUE
"chr4",15962922,15963303,"AluJr4",1207,"SetA_ER_H3K27ac","10nM",FALSE,"FGFBP2",0,"ENSG00000137441",52.9037680596031,5.79966784237725,0.91370802462453,6.34739729330987,2.18988080123544e-10,5.08867185254524e-08,TRUE
"chr4",16002478,16002883,"AluJr",786,"SetA_ER_H3K27ac","10nM",FALSE,"PROM1",0,"ENSG00000007062",48.8592495274028,-0.543006585000309,0.721517622990474,-0.752589497051659,0.451696630985459,1,FALSE
"chr4",17700883,17701294,"AluJb",1923,"SetA_ER_H3K27ac","10nM",FALSE,"FAM184B",0,"ENSG00000047662",9.65108656959183,0.296591443318408,0.859099354216054,0.345235323321892,0.72991746518564,1,FALSE
"chr4",24482324,24482665,"AluSx1",849,"SetA_ER_H3K27ac","10nM",FALSE,"ENSG00000289201",0,"ENSG00000289201",25.166280444652,0.715961447858355,0.537523210092339,1.33196378205764,0.18287209014674,0.954430882604453,FALSE
"chr4",37454502,37454767,"AluJo",1801,"SetA_ER_H3K27ac","10nM",FALSE,"PGCKA1",0,"ENSG00000154274",289.204779717509,1.26946628767935,0.277318639648596,4.57764501256733,4.7023979918323e-06,0.000378922263987003,TRUE
"chr4",37480666,37481040,"AluSz",148,"SetA_ER_H3K27ac","10nM",FALSE,"PGCKA1",0,"ENSG00000154274",289.204779717509,1.26946628767935,0.277318639648596,4.57764501256733,4.7023979918323e-06,0.000378922263987003,TRUE
"chr4",37891590,37891893,"AluJo",377,"SetA_ER_H3K27ac","10nM",FALSE,"TBC1D1",0,"ENSG00000065882",1992.93831829772,0.837434835175649,0.208821800871745,4.01028451856896,6.06456249210374e-05,0.00325790905489788,TRUE
"chr4",37965513,37965809,"AluSz",0,"SetA_ER_H3K27ac","10nM",TRUE,"TBC1D1",0,"ENSG00000065882",1992.93831829772,0.837434835175649,0.208821800871745,4.01028451856896,6.06456249210374e-05,0.00325790905489788,TRUE
"chr4",38605744,38606014,"AluSx3",2077,"SetA_ER_H3K27ac","10nM",FALSE,"KLF3-AS1",0,"ENSG00000231160",21.7428626662801,0.126616212837937,0.824871253615857,0.153498151721144,0.878005447749165,1,FALSE
"chr4",38621395,38621650,"AluSx1",0,"SetA_ER_H3K27ac","10nM",TRUE,"KLF3-AS1",0,"ENSG00000231160",21.7428626662801,0.126616212837937,0.824871253615857,0.153498151721144,0.878005447749165,1,FALSE
"chr4",38621961,38622144,"AluSx1",18,"SetA_ER_H3K27ac","10nM",FALSE,"KLF3-AS1",0,"ENSG00000231160",21.7428626662801,0.126616212837937,0.824871253615857,0.153498151721144,0.878005447749165,1,FALSE
"chr4",39514984,39515219,"AluJb",0,"SetA_ER_H3K27ac","10nM",TRUE,"UGDH",0,"ENSG00000109814",4530.56794948226,0.108312442843683,0.281927779931924,0.384185066366418,0.700841285923818,1,FALSE
"chr4",39539380,39539763,"FLAM_C",576,"SetA_ER_H3K27ac","10nM",FALSE,"UGDH-AS1",0,"ENSG00000249348",73.5308383576511,-0.302000033280573,0.28596863810454,-1.05605997665441,0.290940814277328,1,FALSE
"chr4",39540368,39540567,"FLAM_C",1564,"SetA_ER_H3K27ac","10nM",FALSE,"UGDH-AS1",0,"ENSG00000249348",73.5308383576511,-0.302000033280573,0.28596863810454,-1.05605997665441,0.290940814277328,1,FALSE
"chr4",39544109,39544413,"AluJb",0,"SetA_ER_H3K27ac","10nM",TRUE,"UGDH-AS1",0,"ENSG00000249348",73.5308383576511,-0.302000033280573,0.28596863810454,-1.05605997665441,0.290940814277328,1,FALSE
"chr4",40200696,40201171,"AluJb",775,"SetA_ER_H3K27ac","10nM",FALSE,"RHOH",0,"ENSG00000168421",59.8405613145213,-1.44168943633694,0.40308527892193,-3.57663628945419,0.000348043894741334,0.0139664843223109,TRUE
"chr4",40457425,40457608,"AluSx1",0,"SetA_ER_H3K27ac","10nM",TRUE,"RBM47",0,"ENSG00000163694",5308.05945562882,-0.164485265830531,0.159340238973371,-1.03228956408192,0.301936488417428,1,FALSE
"chr4",40548338,40548732,"AluSq2",0,"SetA_ER_H3K27ac","10nM",TRUE,"RBM47",0,"ENSG00000163694",5308.05945562882,-0.164485265830531,0.159340238973371,-1.03228956408192,0.301936488417428,1,FALSE
"chr4",40550995,40551331,"AluSx1",278,"SetA_ER_H3K27ac","10nM",FALSE,"RBM47",0,"ENSG00000163694",5308.05945562882,-0.164485265830531,0.159340238973371,-1.03228956408192,0.301936488417428,1,FALSE
"chr4",41136015,41136287,"FLAM_A",48,"SetA_ER_H3K27ac","10nM",FALSE,"APBB2",0,"ENSG00000163697",3954.58593075922,0.0455581363202549,0.219222742297202,0.207816651880449,0.83537213013978,1,FALSE
"chr4",41156880,41157178,"AluSx",0,"SetA_ER_H3K27ac","10nM",TRUE,"APBB2",0,"ENSG00000163697",3954.58593075922,0.0455581363202549,0.219222742297202,0.207816651880449,0.83537213013978,1,FALSE
"chr4",41475498,41475767,"AluJr4",209,"SetA_ER_H3K27ac","10nM",FALSE,"LIMCH1",0,"ENSG00000064042",1697.29352748803,0.131990637262801,0.261073222327446,0.50556941874818,0.613158954411408,1,FALSE
"chr4",41505162,41505526,"AluSq2",5068,"SetA_ER_H3K27ac","10nM",FALSE,"LIMCH1",0,"ENSG00000064042",1697.29352748803,0.131990637262801,0.261073222327446,0.50556941874818,0.613158954411408,1,FALSE
"chr4",48853040,48853453,"AluY",0,"SetA_ER_H3K27ac","10nM",TRUE,"OCIAD1",0,"ENSG00000109180",2684.567351205,0.164406256514839,0.202843005070782,0.810509864303525,0.417647197973478,1,FALSE
"chr4",49175586,49175794,"AluSp",264,"SetA_ER_H3K27ac","10nM",FALSE,"ENSG00000309878",0,"ENSG00000309878",39.8625250379967,0.268277999958225,0.67471401074447,0.397617354443568,0.690912266077991,1,FALSE
"chr4",52058292,52058694,"AluY",7449,"SetA_ER_H3K27ac","10nM",FALSE,"SPATA18",0,"ENSG00000163071",242.939525617933,-0.0722193059927912,0.361219275301581,-0.199932038323524,0.841533733317096,1,FALSE
"chr4",55346436,55346650,"AluJo",697,"SetA_ER_H3K27ac","10nM",FALSE,"SRD5A3",0,"ENSG00000128039",529.330481897606,0.12568201839464,0.38940869280573,0.322750931647386,0.746883876648604,1,FALSE
"chr4",55347004,55347226,"AluJo",121,"SetA_ER_H3K27ac","10nM",FALSE,"SRD5A3",0,"ENSG00000128039",529.330481897606,0.12568201839464,0.38940869280573,0.322750931647386,0.746883876648604,1,FALSE
"chr4",67922769,67923021,"AluSx1",487,"SetA_ER_H3K27ac","10nM",FALSE,"UBA6-DT",0,"ENSG00000248049",292.546241104988,0.106256702553278,0.316950017002501,0.335247505452696,0.737438389159457,1,FALSE
"chr4",67928632,67929031,"AluSx1",288,"SetA_ER_H3K27ac","10nM",FALSE,"UBA6-DT",0,"ENSG00000248049",292.546241104988,0.106256702553278,0.316950017002501,0.335247505452696,0.737438389159457,1,FALSE
"chr4",67929874,67930359,"AluSx1",1530,"SetA_ER_H3K27ac","10nM",FALSE,"UBA6-DT",0,"ENSG00000248049",292.546241104988,0.106256702553278,0.316950017002501,0.335247505452696,0.737438389159457,1,FALSE
"chr4",74374931,74375130,"AluY",177,"SetA_ER_H3K27ac","10nM",FALSE,"EREG",0,"ENSG00000124882",6.43295978299896,-1.02492369527078,1.64493595849179,-0.623078175159183,0.533233150946718,1,FALSE
"chr4",76513503,76513910,"AluSx1",0,"SetA_ER_H3K27ac","10nM",TRUE,"SHROOM3",0,"ENSG00000138771",6350.95680260463,0.143024893045255,0.176572633204107,0.810006004044396,0.417936725000363,1,FALSE
"chr4",76562240,76562565,"AluSq2",210,"SetA_ER_H3K27ac","10nM",FALSE,"SHROOM3",0,"ENSG00000138771",6350.95680260463,0.143024893045255,0.176572633204107,0.810006004044396,0.417936725000363,1,FALSE
"chr4",76563477,76563848,"AluSx3",1032,"SetA_ER_H3K27ac","10nM",FALSE,"SHROOM3",0,"ENSG00000138771",6350.95680260463,0.143024893045255,0.176572633204107,0.810006004044396,0.417936725000363,1,FALSE
"chr4",76569174,76569594,"AluY",1519,"SetA_ER_H3K27ac","10nM",FALSE,"SHROOM3",0,"ENSG00000138771",6350.95680260463,0.143024893045255,0.176572633204107,0.810006004044396,0.417936725000363,1,FALSE
"chr4",76570067,76570636,"AluSz",2163,"SetA_ER_H3K27ac","10nM",FALSE,"SHROOM3",0,"ENSG00000138771",6350.95680260463,0.143024893045255,0.176572633204107,0.810006004044396,0.417936725000363,1,FALSE
"chr4",76572152,76572545,"AluSz",254,"SetA_ER_H3K27ac","10nM",FALSE,"SHROOM3",0,"ENSG00000138771",6350.95680260463,0.143024893045255,0.176572633204107,0.810006004044396,0.417936725000363,1,FALSE
"chr4",76577056,76577286,"AluJb",1629,"SetA_ER_H3K27ac","10nM",FALSE,"SHROOM3",0,"ENSG00000138771",6350.95680260463,0.143024893045255,0.176572633204107,0.810006004044396,0.417936725000363,1,FALSE
"chr4",76611473,76611933,"AluJo",724,"SetA_ER_H3K27ac","10nM",FALSE,"SHROOM3",0,"ENSG00000138771",6350.95680260463,0.143024893045255,0.176572633204107,0.810006004044396,0.417936725000363,1,FALSE
"chr4",76702710,76702966,"AluSz",1627,"SetA_ER_H3K27ac","10nM",FALSE,"SHROOM3",0,"ENSG00000138771",6350.95680260463,0.143024893045255,0.176572633204107,0.810006004044396,0.417936725000363,1,FALSE
"chr4",76768047,76768361,"AluSx1",163,"SetA_ER_H3K27ac","10nM",FALSE,"SHROOM3",0,"ENSG00000138771",6350.95680260463,0.143024893045255,0.176572633204107,0.810006004044396,0.417936725000363,1,FALSE
"chr4",78310127,78310478,"AluJb",2068,"SetA_ER_H3K27ac","10nM",FALSE,"FRAS1",0,"ENSG00000138759",602.675349464342,-0.0734536245679445,0.304707424105312,-0.241062799121553,0.809506444633462,1,FALSE
"chr4",78310702,78311084,"AluJb",1462,"SetA_ER_H3K27ac","10nM",FALSE,"FRAS1",0,"ENSG00000138759",602.675349464342,-0.0734536245679445,0.304707424105312,-0.241062799121553,0.809506444633462,1,FALSE
"chr4",78551808,78552088,"AluSx1",2836,"SetA_ER_H3K27ac","10nM",FALSE,"ANXA3",0,"ENSG00000138772",1100.68849824603,-0.251918634209614,0.180564475146908,-1.395172743723,0.162963754157531,0.923393463997902,FALSE
"chr4",81572497,81572751,"AluJo",1101,"SetA_ER_H3K27ac","10nM",FALSE,"RASGEF1B",0,"ENSG00000138670",163.403095287936,-1.12953826344891,0.326144016284315,-3.46331131969701,0.000533570659635088,0.0198934254890814,TRUE
"chr4",83584116,83584696,"AluSz",0,"SetA_ER_H3K27ac","10nM",TRUE,"GPAT3",0,"ENSG00000138678",161.696990284575,-1.43807271167185,0.444516192623098,-3.23514134138908,0.00121582528151431,0.0393156188119451,TRUE
"chr4",84582437,84582627,"AluJr",2240,"SetA_ER_H3K27ac","10nM",FALSE,"ENSG00000306033",0,"ENSG00000306033",3.60927985689618,-0.607858638425833,1.41634566643999,-0.429173931780154,0.667796652351424,1,FALSE
"chr4",85489310,85489668,"AluYh3",1230,"SetA_ER_H3K27ac","10nM",FALSE,"ARHGAP24",0,"ENSG00000138639",665.392738145686,-0.00160427191786769,0.278628965469365,-0.00575773561505068,0.9954060170305,1,FALSE
"chr4",85490001,85490356,"AluYh3",1921,"SetA_ER_H3K27ac","10nM",FALSE,"ARHGAP24",0,"ENSG00000138639",665.392738145686,-0.00160427191786769,0.278628965469365,-0.00575773561505068,0.9954060170305,1,FALSE
"chr4",86934535,86934936,"AluSp",2171,"SetA_ER_H3K27ac","10nM",FALSE,"C4orf36",0,"ENSG00000285458",18.2329638685153,1.47879682222372,0.846440031437053,1.74707807676945,0.0806237956691987,0.692395175385669,FALSE
"chr4",87089314,87089640,"AluSp",273,"SetA_ER_H3K27ac","10nM",FALSE,"AFF1",0,"ENSG00000172493",2623.82207296819,1.69369277032938,0.415827389082697,4.07306688976311,4.63980918025983e-05,0.00258278402947945,TRUE
"chr4",87120883,87121467,"AluJo",1296,"SetA_ER_H3K27ac","10nM",FALSE,"AFF1",0,"ENSG00000172493",2623.82207296819,1.69369277032938,0.415827389082697,4.07306688976311,4.63980918025983e-05,0.00258278402947945,TRUE
"chr4",88158934,88159271,"AluSz6",691,"SetA_ER_H3K27ac","10nM",FALSE,"ABCG2",0,"ENSG00000118777",310.174709045316,2.12750699917821,0.388332272124047,5.47857376761779,4.28767828911374e-08,5.82890904283327e-06,TRUE
"chr4",88177903,88178180,"AluY",500,"SetA_ER_H3K27ac","10nM",FALSE,"ABCG2",0,"ENSG00000118777",310.174709045316,2.12750699917821,0.388332272124047,5.47857376761779,4.28767828911374e-08,5.82890904283327e-06,TRUE
"chr4",88178860,88179100,"AluJr4",1354,"SetA_ER_H3K27ac","10nM",FALSE,"ABCG2",0,"ENSG00000118777",310.174709045316,2.12750699917821,0.388332272124047,5.47857376761779,4.28767828911374e-08,5.82890904283327e-06,TRUE
"chr4",88334938,88335320,"AluSz",237,"SetA_ER_H3K27ac","10nM",FALSE,"PPM1K-DT",0,"ENSG00000246375",13.4723291033103,1.0562725553516,0.892923686647206,1.18293709882167,0.23683407727476,1,FALSE
"chr4",89701193,89701570,"AluSq2",750,"SetA_ER_H3K27ac","10nM",FALSE,"ENSG00000251095",0,"ENSG00000251095",22.6326037441272,0.516912842097897,0.638803069766884,0.809189665113118,0.418406058656854,1,FALSE
"chr4",98505735,98506225,"AluJb",2292,"SetA_ER_H3K27ac","10nM",FALSE,"TSPAN5",0,"ENSG00000168785",214.972139112488,1.33802677852846,0.356071157589918,3.75775108431963,0.000171447301005475,0.00780456233096448,TRUE
"chr4",98617931,98618173,"AluJb",831,"SetA_ER_H3K27ac","10nM",FALSE,"TSPAN5",0,"ENSG00000168785",214.972139112488,1.33802677852846,0.356071157589918,3.75775108431963,0.000171447301005475,0.00780456233096448,TRUE
"chr4",100778518,100778823,"AluSx1",2026,"SetA_ER_H3K27ac","10nM",FALSE,"EMCN",0,"ENSG00000164035",46.0266695293268,-0.451886448371177,0.505236362582629,-0.894406028222628,0.371104688287628,1,FALSE
"chr4",100779635,100780538,"AluSx1",3143,"SetA_ER_H3K27ac","10nM",FALSE,"EMCN",0,"ENSG00000164035",46.0266695293268,-0.451886448371177,0.505236362582629,-0.894406028222628,0.371104688287628,1,FALSE
"chr4",105633269,105633546,"AluSg4",2729,"SetA_ER_H3K27ac","10nM",FALSE,"ARHGEF38",0,"ENSG00000236699",211.174975660503,-0.860449208621399,0.345311239471728,-2.49180770929365,0.0127094824063692,0.231774299796978,FALSE
"chr4",106062402,106062903,"FLAM_C",5999,"SetA_ER_H3K27ac","10nM",FALSE,"TBCK",0,"ENSG00000145348",501.214296197189,0.451547195504415,0.383215566353126,1.17831120432181,0.2386725626418,1,FALSE
"chr4",139676974,139677555,"AluSp",0,"SetA_ER_H3K27ac","10nM",TRUE,"MGST2",0,"ENSG00000085871",507.190088275952,0.282679358310535,0.335718160026883,0.842013903233293,0.39978017122765,1,FALSE
"chr4",139841917,139842404,"AluSz6",107,"SetA_ER_H3K27ac","10nM",FALSE,"MAML3",0,"ENSG00000196782",713.34822405111,-0.0195994313617449,0.332702595275314,-0.0589097639756198,0.953023981031896,1,FALSE
"chr4",139845738,139845924,"AluJo",416,"SetA_ER_H3K27ac","10nM",FALSE,"MAML3",0,"ENSG00000196782",713.34822405111,-0.0195994313617449,0.332702595275314,-0.0589097639756198,0.953023981031896,1,FALSE
"chr4",139849304,139849644,"AluJb",891,"SetA_ER_H3K27ac","10nM",FALSE,"MAML3",0,"ENSG00000196782",713.34822405111,-0.0195994313617449,0.332702595275314,-0.0589097639756198,0.953023981031896,1,FALSE
"chr4",139850253,139850497,"AluJb",38,"SetA_ER_H3K27ac","10nM",FALSE,"MAML3",0,"ENSG00000196782",713.34822405111,-0.0195994313617449,0.332702595275314,-0.0589097639756198,0.953023981031896,1,FALSE
"chr4",139851130,139851418,"AluJb",326,"SetA_ER_H3K27ac","10nM",FALSE,"MAML3",0,"ENSG00000196782",713.34822405111,-0.0195994313617449,0.332702595275314,-0.0589097639756198,0.953023981031896,1,FALSE
"chr4",139875419,139875754,"AluY",319,"SetA_ER_H3K27ac","10nM",FALSE,"MAML3",0,"ENSG00000196782",713.34822405111,-0.0195994313617449,0.332702595275314,-0.0589097639756198,0.953023981031896,1,FALSE
"chr4",140635756,140636010,"AluJb",244,"SetA_ER_H3K27ac","10nM",FALSE,"TBC1D9",0,"ENSG00000109436",14270.0830589726,-0.167131849891696,0.271571001425412,-0.615425980736017,0.538273437995149,1,FALSE
"chr4",140654139,140654326,"AluSz6",1879,"SetA_ER_H3K27ac","10nM",FALSE,"TBC1D9",0,"ENSG00000109436",14270.0830589726,-0.167131849891696,0.271571001425412,-0.615425980736017,0.538273437995149,1,FALSE
"chr4",140660132,140660339,"AluY",572,"SetA_ER_H3K27ac","10nM",FALSE,"TBC1D9",0,"ENSG00000109436",14270.0830589726,-0.167131849891696,0.271571001425412,-0.615425980736017,0.538273437995149,1,FALSE
"chr4",140691402,140691613,"AluJb",1125,"SetA_ER_H3K27ac","10nM",FALSE,"TBC1D9",0,"ENSG00000109436",14270.0830589726,-0.167131849891696,0.271571001425412,-0.615425980736017,0.538273437995149,1,FALSE
"chr4",140692628,140692856,"AluJb",0,"SetA_ER_H3K27ac","10nM",TRUE,"TBC1D9",0,"ENSG00000109436",14270.0830589726,-0.167131849891696,0.271571001425412,-0.615425980736017,0.538273437995149,1,FALSE
"chr4",140720726,140721016,"AluSz",1612,"SetA_ER_H3K27ac","10nM",FALSE,"TBC1D9",0,"ENSG00000109436",14270.0830589726,-0.167131849891696,0.271571001425412,-0.615425980736017,0.538273437995149,1,FALSE
"chr4",140726796,140727122,"AluSz",496,"SetA_ER_H3K27ac","10nM",FALSE,"TBC1D9",0,"ENSG00000109436",14270.0830589726,-0.167131849891696,0.271571001425412,-0.615425980736017,0.538273437995149,1,FALSE
"chr4",142615242,142615653,"AluSx3",1002,"SetA_ER_H3K27ac","10nM",FALSE,"INPP4B",0,"ENSG00000109452",623.366844881975,0.0637839589339388,0.346678847499198,0.183985724523001,0.854024653929292,1,FALSE
"chr4",148067467,148067865,"FLAM_A",1472,"SetA_ER_H3K27ac","10nM",FALSE,"ARHGAP10",0,"ENSG00000071205",895.802028912804,0.00327184805226134,0.209111213558185,0.015646449545141,0.987516448831201,1,FALSE
"chr4",153222780,153223037,"AluJb",1334,"SetA_ER_H3K27ac","10nM",FALSE,"TRIM2",0,"ENSG00000109654",1143.03344329986,0.221167575338435,0.268890651216817,0.822518649635386,0.410781776913861,1,FALSE
"chr4",157146261,157146513,"AluSg",0,"SetA_ER_H3K27ac","10nM",TRUE,"GLRB",0,"ENSG00000109738",98.0064759376139,0.454098826996924,0.263086888455141,1.72604126972429,0.084339988397081,0.705504532493623,FALSE
"chr4",168501152,168501663,"AluJr",0,"SetA_ER_H3K27ac","10nM",TRUE,"DDX60L",0,"ENSG00000181381",135.399844358817,-0.417172715830514,0.340253910442094,-1.22606295777315,0.220174984006081,1,FALSE
"chr4",168675183,168675418,"AluJb",356,"SetA_ER_H3K27ac","10nM",FALSE,"PALLD",0,"ENSG00000129116",7798.02439872308,-0.179904845410891,0.456074737601582,-0.394463517880818,0.69323885672074,1,FALSE
"chr4",168677187,168677453,"AluY",310,"SetA_ER_H3K27ac","10nM",FALSE,"PALLD",0,"ENSG00000129116",7798.02439872308,-0.179904845410891,0.456074737601582,-0.394463517880818,0.69323885672074,1,FALSE
"chr4",168679753,168680019,"AluSz",177,"SetA_ER_H3K27ac","10nM",FALSE,"PALLD",0,"ENSG00000129116",7798.02439872308,-0.179904845410891,0.456074737601582,-0.394463517880818,0.69323885672074,1,FALSE
"chr4",168680930,168681174,"AluJb",367,"SetA_ER_H3K27ac","10nM",FALSE,"PALLD",0,"ENSG00000129116",7798.02439872308,-0.179904845410891,0.456074737601582,-0.394463517880818,0.69323885672074,1,FALSE
"chr4",168691644,168692349,"AluSx1",1898,"SetA_ER_H3K27ac","10nM",FALSE,"PALLD",0,"ENSG00000129116",7798.02439872308,-0.179904845410891,0.456074737601582,-0.394463517880818,0.69323885672074,1,FALSE
"chr4",168694007,168694198,"AluSx1",4261,"SetA_ER_H3K27ac","10nM",FALSE,"PALLD",0,"ENSG00000129116",7798.02439872308,-0.179904845410891,0.456074737601582,-0.394463517880818,0.69323885672074,1,FALSE
"chr4",168816655,168816951,"AluJb",1365,"SetA_ER_H3K27ac","10nM",FALSE,"PALLD",0,"ENSG00000129116",7798.02439872308,-0.179904845410891,0.456074737601582,-0.394463517880818,0.69323885672074,1,FALSE
"chr4",169981401,169981681,"AluSz",467,"SetA_ER_H3K27ac","10nM",FALSE,"ENSG00000249955",0,"ENSG00000249955",3.72116304303002,3.03550504385053,1.91986512025708,1.58110328263272,0.113854424302592,0.806832203993969,FALSE
"chr4",172963008,172963271,"AluY",2036,"SetA_ER_H3K27ac","10nM",FALSE,"GALNTL6",0,"ENSG00000174473",41.7075001808776,0.0956720849619356,0.5397167394085,0.177263512461717,0.859301409722108,1,FALSE
"chr4",173170016,173170229,"AluSx",2380,"SetA_ER_H3K27ac","10nM",FALSE,"GALNT7-DT",0,"ENSG00000245213",86.5509374855414,0.714242181706064,0.354111072818848,2.01700041746915,0.0436954697479386,0.486764698455057,FALSE
"chr4",173209959,173210197,"AluSg",0,"SetA_ER_H3K27ac","10nM",TRUE,"GALNT7",0,"ENSG00000109586",2820.6477414637,0.0108834361945665,0.158468364716929,0.0686789203258804,0.945245197720423,1,FALSE
"chr4",183797770,183798120,"AluSx",1369,"SetA_ER_H3K27ac","10nM",FALSE,"STOX2",0,"ENSG00000173320",82.0390736606756,2.25866016612898,0.517462993062578,4.36487284387473,1.27196726348211e-05,0.000879549958250053,TRUE
"chr4",185513796,185514174,"AluSx3",1417,"SetA_ER_H3K27ac","10nM",FALSE,"ENSG00000249679",0,"ENSG00000249679",8.18612706297856,3.96656813812625,1.27755738122454,3.10480624699948,0.00190403704691192,0.0552253647975148,FALSE
"chr4",185637642,185637940,"AluSc",697,"SetA_ER_H3K27ac","10nM",FALSE,"SORBS2",0,"ENSG00000154556",13.9371892284759,0.524718940294673,1.0164718617495,0.51621590330258,0.605703624129968,1,FALSE
"chr5",301623,302950,"AluY",1777,"SetA_ER_H3K27ac","10nM",FALSE,"ENSG00000286001",0,"ENSG00000286001",424.49437957437,0.228414098130704,1.43596057177562,0.15906710993343,0.873616000721712,1,FALSE
"chr5",429781,430037,"AluY",4261,"SetA_ER_H3K27ac","10nM",FALSE,"PDCD6-AHRR",0,"ENSG00000288622",3.30181729781807,2.68710412492143,3.47793723507831,0.772614323748982,0.439750664870969,1,FALSE
"chr5",505895,506118,"AluSg4",668,"SetA_ER_H3K27ac","10nM",FALSE,"SLC9A3",0,"ENSG00000066230",211.483658966162,-0.115052193687549,0.292752564128633,-0.393001489261067,0.694318381437073,1,FALSE
"chr5",1129675,1129982,"AluSc",2364,"SetA_ER_H3K27ac","10nM",FALSE,"SLC12A7",0,"ENSG00000113504",2145.50543319523,-0.0558856719029434,0.11425482369094,-0.489131837917974,0.624748362412996,1,FALSE
"chr5",1516228,1516482,"AluY",1853,"SetA_ER_H3K27ac","10nM",FALSE,"LPCAT1",0,"ENSG00000153395",7457.39067207049,0.0344197768435583,0.170288106398651,0.202126722596705,0.839817657391191,1,FALSE
"chr5",6491546,6491929,"AluJr4",2099,"SetA_ER_H3K27ac","10nM",FALSE,"UBE2QL1",0,"ENSG00000215218",6642.29759868027,0.468346227419541,0.294051377671029,1.59273604201068,0.111219418450374,0.799488282639814,FALSE
"chr5",6493334,6493578,"AluJr4",3887,"SetA_ER_H3K27ac","10nM",FALSE,"UBE2QL1",0,"ENSG00000215218",6642.29759868027,0.468346227419541,0.294051377671029,1.59273604201068,0.111219418450374,0.799488282639814,FALSE
"chr5",6495804,6496297,"AluSc",3878,"SetA_ER_H3K27ac","10nM",FALSE,"UBE2QL1",0,"ENSG00000215218",6642.29759868027,0.468346227419541,0.294051377671029,1.59273604201068,0.111219418450374,0.799488282639814,FALSE
"chr5",6497467,6497686,"AluSc",2489,"SetA_ER_H3K27ac","10nM",FALSE,"UBE2QL1",745,"ENSG00000215218",6642.29759868027,0.468346227419541,0.294051377671029,1.59273604201068,0.111219418450374,0.799488282639814,FALSE
"chr5",16569407,16569624,"AluSx1",832,"SetA_ER_H3K27ac","10nM",FALSE,"RETREG1",0,"ENSG00000154153",3126.47470417258,0.650585190651829,0.307568726516239,2.11525143671419,0.0344085231051496,0.423432153772866,FALSE
"chr5",16588360,16589172,"AluSz",197,"SetA_ER_H3K27ac","10nM",FALSE,"RETREG1",0,"ENSG00000154153",3126.47470417258,0.650585190651829,0.307568726516239,2.11525143671419,0.0344085231051496,0.423432153772866,FALSE
"chr5",16590090,16590456,"AluSz",425,"SetA_ER_H3K27ac","10nM",FALSE,"RETREG1",0,"ENSG00000154153",3126.47470417258,0.650585190651829,0.307568726516239,2.11525143671419,0.0344085231051496,0.423432153772866,FALSE
"chr5",16626510,16627035,"AluJb",1005,"SetA_ER_H3K27ac","10nM",FALSE,"RETREG1-AS1",0,"ENSG00000246214",47.4406335067518,0.0734680630418717,0.339158569453035,0.216618625206358,0.828505569546006,1,FALSE
"chr5",17212373,17212634,"AluSc8",86,"SetA_ER_H3K27ac","10nM",FALSE,"BASP1",0,"ENSG00000176788",282.978056853662,0.0336041181594605,0.217434636830672,0.154548137542731,0.877177558839943,1,FALSE
"chr5",19488846,19489226,"AluSx3",11,"SetA_ER_H3K27ac","10nM",FALSE,"CDH18",0,"ENSG00000145526",24.1774092221872,-0.162438243735301,0.91619456352334,-0.177296668417923,0.859275367558364,1,FALSE
"chr5",19734722,19735377,"AluY",20,"SetA_ER_H3K27ac","10nM",FALSE,"CDH18",0,"ENSG00000145526",24.1774092221872,-0.162438243735301,0.91619456352334,-0.177296668417923,0.859275367558364,1,FALSE
"chr5",32249565,32249896,"AluYc",1159,"SetA_ER_H3K27ac","10nM",FALSE,"MTMR12",0,"ENSG00000150712",2614.60625482007,-0.199584928765508,0.233564025822433,-0.854519132656341,0.392817413034642,1,FALSE
"chr5",32563621,32563890,"FRAM",106,"SetA_ER_H3K27ac","10nM",FALSE,"SUB1",0,"ENSG00000113387",4779.32598637861,0.247308874776164,0.301731054042841,0.81963348307215,0.412425079868986,1,FALSE
"chr5",33550029,33550429,"AluSz",4825,"SetA_ER_H3K27ac","10nM",FALSE,"ADAMTS12",0,"ENSG00000151388",50.0394081180824,2.66990934531196,0.392854788923658,6.79617360049745,1.07434311652397e-11,3.29382737403261e-09,TRUE
"chr5",33614134,33614597,"AluSz",3086,"SetA_ER_H3K27ac","10nM",FALSE,"ADAMTS12",0,"ENSG00000151388",50.0394081180824,2.66990934531196,0.392854788923658,6.79617360049745,1.07434311652397e-11,3.29382737403261e-09,TRUE
"chr5",33615920,33616234,"AluSc",3472,"SetA_ER_H3K27ac","10nM",FALSE,"ADAMTS12",0,"ENSG00000151388",50.0394081180824,2.66990934531196,0.392854788923658,6.79617360049745,1.07434311652397e-11,3.29382737403261e-09,TRUE
"chr5",35188193,35188376,"AluSz",772,"SetA_ER_H3K27ac","10nM",FALSE,"PRLR",0,"ENSG00000113494",4863.2986725543,0.451628565384963,0.285414938632573,1.58235783855155,0.113567903855518,0.806208359968435,FALSE
"chr5",35205649,35206001,"AluSq2",1418,"SetA_ER_H3K27ac","10nM",FALSE,"PRLR",0,"ENSG00000113494",4863.2986725543,0.451628565384963,0.285414938632573,1.58235783855155,0.113567903855518,0.806208359968435,FALSE
"chr5",36040782,36041184,"FLAM_C",3534,"SetA_ER_H3K27ac","10nM",FALSE,"UGT3A2",0,"ENSG00000168671",981.674792256135,0.0385329133048961,0.171599112860172,0.224551937726478,0.822327858092893,1,FALSE
"chr5",38831134,38831482,"AluSq2",2578,"SetA_ER_H3K27ac","10nM",FALSE,"OSMR-DT",0,"ENSG00000249740",6.9936291198876,0.0563756022068579,1.15613445579405,0.0487621503920477,0.961108845883883,1,FALSE
"chr5",42600638,42600861,"AluSp",58,"SetA_ER_H3K27ac","10nM",FALSE,"GHR",0,"ENSG00000112964",1985.70097486789,-0.0789418777382584,0.201355285302543,-0.392052672566531,0.695019295638153,1,FALSE
"chr5",44539592,44539869,"AluY",1277,"SetA_ER_H3K27ac","10nM",FALSE,"MRPS30-DT",0,"ENSG00000251141",8.98090073501489,2.63892557407069,1.49263099718457,1.76796916253801,0.0770660591082063,0.675773639850107,FALSE
"chr5",51378831,51379137,"AluSx1",8713,"SetA_ER_H3K27ac","10nM",FALSE,"ISL1-DT",0,"ENSG00000259663",13.6896493520393,0.745730342335071,0.696659385010309,1.07043751707161,0.284422419680247,1,FALSE
"chr5",53089327,53089924,"AluSx",613,"SetA_ER_H3K27ac","10nM",FALSE,"ITGA2",0,"ENSG00000164171",1686.04788363698,-0.47632525660514,0.331086091198653,-1.43867492252746,0.150242647679519,0.896886920919725,FALSE
"chr5",53090330,53090582,"AluSx",1616,"SetA_ER_H3K27ac","10nM",FALSE,"ITGA2",0,"ENSG00000164171",1686.04788363698,-0.47632525660514,0.331086091198653,-1.43867492252746,0.150242647679519,0.896886920919725,FALSE
"chr5",53479898,53480163,"AluSq2",8694,"SetA_ER_H3K27ac","10nM",FALSE,"FST",47,"ENSG00000134363",352.87642299771,5.55245811270312,0.654845219227249,8.47903893878208,2.27061683486278e-17,3.24114334484984e-14,TRUE
"chr5",53482382,53482743,"AluJb",10758,"SetA_ER_H3K27ac","10nM",FALSE,"FST",0,"ENSG00000134363",352.87642299771,5.55245811270312,0.654845219227249,8.47903893878208,2.27061683486278e-17,3.24114334484984e-14,TRUE
"chr5",56454089,56454409,"FRAM",1731,"SetA_ER_H3K27ac","10nM",FALSE,"LINC01948",0,"ENSG00000248727",51.0742371705518,0.843927376788677,0.456960179171607,1.84682914454073,0.0647719064900393,0.608400843298029,FALSE
"chr5",56459826,56460038,"AluSq",2075,"SetA_ER_H3K27ac","10nM",FALSE,"LINC01948",0,"ENSG00000248727",51.0742371705518,0.843927376788677,0.456960179171607,1.84682914454073,0.0647719064900393,0.608400843298029,FALSE
"chr5",56460582,56460871,"AluSq",1242,"SetA_ER_H3K27ac","10nM",FALSE,"LINC01948",0,"ENSG00000248727",51.0742371705518,0.843927376788677,0.456960179171607,1.84682914454073,0.0647719064900393,0.608400843298029,FALSE
"chr5",56476432,56476820,"AluSc8",468,"SetA_ER_H3K27ac","10nM",FALSE,"LINC01948",0,"ENSG00000248727",51.0742371705518,0.843927376788677,0.456960179171607,1.84682914454073,0.0647719064900393,0.608400843298029,FALSE
"chr5",56480195,56480491,"AluSz6",1552,"SetA_ER_H3K27ac","10nM",FALSE,"LINC01948",0,"ENSG00000248727",51.0742371705518,0.843927376788677,0.456960179171607,1.84682914454073,0.0647719064900393,0.608400843298029,FALSE
"chr5",59303243,59303695,"AluSx",3107,"SetA_ER_H3K27ac","10nM",FALSE,"PDE4D",0,"ENSG00000113448",534.136168640105,-0.0775738971262687,0.419719521384467,-0.184823181133885,0.853367725174459,1,FALSE
"chr5",59380340,59381400,"AluJb",2478,"SetA_ER_H3K27ac","10nM",FALSE,"PDE4D",0,"ENSG00000113448",534.136168640105,-0.0775738971262687,0.419719521384467,-0.184823181133885,0.853367725174459,1,FALSE
"chr5",60355069,60355477,"AluJr",2966,"SetA_ER_H3K27ac","10nM",FALSE,"PDE4D",0,"ENSG00000113448",534.136168640105,-0.0775738971262687,0.419719521384467,-0.184823181133885,0.853367725174459,1,FALSE
"chr5",61178861,61179157,"FLAM_C",2744,"SetA_ER_H3K27ac","10nM",FALSE,"SMIM15-AS1",0,"ENSG00000251279",28.7417457116135,-0.695248239208583,0.505354697015657,-1.37576289151824,0.168895053646455,0.933637390804207,FALSE
"chr5",61304595,61304909,"AluJr",179,"SetA_ER_H3K27ac","10nM",FALSE,"LINC02057",0,"ENSG00000249279",3.77825532322314,5.38890135017794,1.81928610065448,2.96209669729203,0.003055518078491,0.0787889977813731,FALSE
"chr5",61333697,61334070,"AluSz",1912,"SetA_ER_H3K27ac","10nM",FALSE,"ZSWIM6",0,"ENSG00000130449",1667.38639762546,2.42736203058838,0.275228023103934,8.81945814678814,1.15014928167907e-18,1.91538193708955e-15,TRUE
"chr5",66680457,66681064,"AluSx",1376,"SetA_ER_H3K27ac","10nM",FALSE,"MAST4",0,"ENSG00000069020",549.506514864062,0.0500531915042165,0.272724942736907,0.183529936799737,0.854382231511155,1,FALSE
"chr5",66741445,66741791,"AluSc",6687,"SetA_ER_H3K27ac","10nM",FALSE,"MAST4",0,"ENSG00000069020",549.506514864062,0.0500531915042165,0.272724942736907,0.183529936799737,0.854382231511155,1,FALSE
"chr5",67031636,67032273,"AluJb",2492,"SetA_ER_H3K27ac","10nM",FALSE,"MAST4",0,"ENSG00000069020",549.506514864062,0.0500531915042165,0.272724942736907,0.183529936799737,0.854382231511155,1,FALSE
"chr5",67619724,67619993,"AluSx1",2159,"SetA_ER_H3K27ac","10nM",FALSE,"LINC02997",0,"ENSG00000249364",18.6052720228465,0.0307647176829639,0.643000881991492,0.0478455295235052,0.961839350770882,1,FALSE
"chr5",69329904,69330339,"AluSg",0,"SetA_ER_H3K27ac","10nM",TRUE,"CCDC125",0,"ENSG00000183323",679.838761490637,0.155449095690683,0.183139121399794,0.848803327779083,0.395990738152334,1,FALSE
"chr5",69332798,69333033,"AluJr",52,"SetA_ER_H3K27ac","10nM",FALSE,"CCDC125",0,"ENSG00000183323",679.838761490637,0.155449095690683,0.183139121399794,0.848803327779083,0.395990738152334,1,FALSE
"chr5",71631334,71631635,"AluYb8",0,"SetA_ER_H3K27ac","10nM",TRUE,"MCCC2",0,"ENSG00000131844",6388.73145205803,0.0614050152082629,0.134691659040265,0.455893227879138,0.64846675957077,1,FALSE
"chr5",72835818,72836103,"AluYh3",2434,"SetA_ER_H3K27ac","10nM",FALSE,"TNPO1",0,"ENSG00000083312",4874.61603773262,-0.132688117407303,0.316010584325024,-0.419885041796037,0.674569435605362,1,FALSE
"chr5",73630239,73630782,"AluJb",718,"SetA_ER_H3K27ac","10nM",FALSE,"ARHGEF28",0,"ENSG00000214944",813.777069879646,0.320649156150213,0.399399464473726,0.802828207525818,0.422074036028975,1,FALSE
"chr5",75037288,75037611,"AluSx",0,"SetA_ER_H3K27ac","10nM",TRUE,"GCNT4",0,"ENSG00000176928",58.1465746318448,-1.10359105738421,0.471298421575765,-2.34159718527042,0.0192014261336842,0.304058082294409,FALSE
"chr5",77167078,77167587,"AluSz6",1074,"SetA_ER_H3K27ac","10nM",FALSE,"PDE8B",0,"ENSG00000113231",2.7396807859691,1.7421569905321,1.9496146672411,0.893590420612411,0.371541073600693,1,FALSE
"chr5",77168043,77168476,"AluSz6",2039,"SetA_ER_H3K27ac","10nM",FALSE,"PDE8B",0,"ENSG00000113231",2.7396807859691,1.7421569905321,1.9496146672411,0.893590420612411,0.371541073600693,1,FALSE
"chr5",77172420,77172636,"AluSz6",6416,"SetA_ER_H3K27ac","10nM",FALSE,"PDE8B",0,"ENSG00000113231",2.7396807859691,1.7421569905321,1.9496146672411,0.893590420612411,0.371541073600693,1,FALSE
"chr5",77775247,77775628,"AluSx",1596,"SetA_ER_H3K27ac","10nM",FALSE,"TBCA",0,"ENSG00000171530",2365.86286495608,0.315704839659922,0.297282024520845,1.06197083449216,0.288248925807424,1,FALSE
"chr5",77861608,77861977,"AluSq2",2761,"SetA_ER_H3K27ac","10nM",FALSE,"TBCA",0,"ENSG00000171530",2365.86286495608,0.315704839659922,0.297282024520845,1.06197083449216,0.288248925807424,1,FALSE
"chr5",78204325,78204647,"AluJb",2193,"SetA_ER_H3K27ac","10nM",FALSE,"AP3B1",0,"ENSG00000132842",2464.98418600879,0.0389010836404892,0.111553571616902,0.348721094955914,0.727298705773763,1,FALSE
"chr5",81883495,81883964,"AluSx1",2113,"SetA_ER_H3K27ac","10nM",FALSE,"ENSG00000287938",0,"ENSG00000287938",94.7243024446886,-0.625355033831691,0.412754913004746,-1.51507593036088,0.129753176352938,0.850324798982546,FALSE
"chr5",83473048,83473336,"AluSx1",4608,"SetA_ER_H3K27ac","10nM",FALSE,"VCAN",0,"ENSG00000038427",24.4593333449515,-0.681546799793874,0.798853666924566,-0.853156000920292,0.393572799437138,1,FALSE
"chr5",83563757,83563980,"AluSq2",1980,"SetA_ER_H3K27ac","10nM",FALSE,"VCAN",0,"ENSG00000038427",24.4593333449515,-0.681546799793874,0.798853666924566,-0.853156000920292,0.393572799437138,1,FALSE
"chr5",93193794,93194317,"AluSx1",8429,"SetA_ER_H3K27ac","10nM",FALSE,"ENSG00000251361",0,"ENSG00000251361",17.1603469662235,0.258506077401794,0.877960320483509,0.294439362885363,0.768422192019673,1,FALSE
"chr5",93887033,93887280,"AluSx1",11503,"SetA_ER_H3K27ac","10nM",FALSE,"ARB2A",0,"ENSG00000113391",945.381237991554,-0.0904651376681535,0.25017041369186,-0.361614054728235,0.717640460335491,1,FALSE
"chr5",95672500,95672833,"AluSq",793,"SetA_ER_H3K27ac","10nM",FALSE,"RFESD",0,"ENSG00000175449",13.3460957660518,0.304602071629702,0.699841309753407,0.435244486692319,0.663384974782974,1,FALSE
"chr5",95727731,95728134,"FLAM_C",2710,"SetA_ER_H3K27ac","10nM",FALSE,"ENSG00000250240",0,"ENSG00000250240",22.9839060433351,1.87609885612309,0.803100600381311,2.3360695474917,0.0194876171333631,0.30713336452362,FALSE
"chr5",95728632,95729003,"FLAM_C",3611,"SetA_ER_H3K27ac","10nM",FALSE,"ENSG00000250240",0,"ENSG00000250240",22.9839060433351,1.87609885612309,0.803100600381311,2.3360695474917,0.0194876171333631,0.30713336452362,FALSE
"chr5",95760612,95760856,"AluSx",475,"SetA_ER_H3K27ac","10nM",FALSE,"RHOBTB3",0,"ENSG00000164292",4810.54537638369,0.963170750432342,0.20417371965932,4.71740805839002,2.38868289517632e-06,0.000210288277432615,TRUE
"chr5",95938161,95938363,"AluJr",79,"SetA_ER_H3K27ac","10nM",FALSE,"ELL2",0,"ENSG00000118985",984.845000365232,0.412056386362655,0.266010458721515,1.54902325398429,0.121376130146357,0.827278507791539,FALSE
"chr5",103006974,103007316,"AluJb",741,"SetA_ER_H3K27ac","10nM",FALSE,"PAM",0,"ENSG00000145730",1739.31148469543,0.0384991327151204,0.247446176913314,0.155585886172764,0.876359450656645,1,FALSE
"chr5",107557404,107557727,"AluSq2",655,"SetA_ER_H3K27ac","10nM",FALSE,"EFNA5",0,"ENSG00000184349",1216.31143170907,0.137804837769372,0.431475225919285,0.319380649203602,0.749437882769075,1,FALSE
"chr5",107561931,107562169,"AluSx3",265,"SetA_ER_H3K27ac","10nM",FALSE,"EFNA5",0,"ENSG00000184349",1216.31143170907,0.137804837769372,0.431475225919285,0.319380649203602,0.749437882769075,1,FALSE
"chr5",107571113,107571384,"AluSx",1253,"SetA_ER_H3K27ac","10nM",FALSE,"EFNA5",0,"ENSG00000184349",1216.31143170907,0.137804837769372,0.431475225919285,0.319380649203602,0.749437882769075,1,FALSE
"chr5",107571710,107572031,"AluSx",1850,"SetA_ER_H3K27ac","10nM",FALSE,"EFNA5",0,"ENSG00000184349",1216.31143170907,0.137804837769372,0.431475225919285,0.319380649203602,0.749437882769075,1,FALSE
"chr5",107668213,107668546,"AluJr",9238,"SetA_ER_H3K27ac","10nM",FALSE,"EFNA5",0,"ENSG00000184349",1216.31143170907,0.137804837769372,0.431475225919285,0.319380649203602,0.749437882769075,1,FALSE
"chr5",111680660,111680869,"AluJr4",2719,"SetA_ER_H3K27ac","10nM",FALSE,"STARD4-AS1",0,"ENSG00000246859",4.9173092646562,0.880892116679646,1.24040247115884,0.710166367095895,0.477600974615044,1,FALSE
"chr5",111995800,111996515,"AluSz6",406,"SetA_ER_H3K27ac","10nM",FALSE,"NREP",0,"ENSG00000134986",557.58511009045,-0.0710971099446109,0.401251012364418,-0.177188612000411,0.859360240441553,1,FALSE
"chr5",117487007,117487425,"AluYm1",390,"SetA_ER_H3K27ac","10nM",FALSE,"LINC00992",0,"ENSG00000248663",423.547595603551,-0.13961937355834,0.451385992050472,-0.309312597238792,0.757083749307338,1,FALSE
"chr5",118967132,118967598,"AluSx1",64,"SetA_ER_H3K27ac","10nM",FALSE,"DTWD2",0,"ENSG00000169570",1137.51171741481,-0.132565391717644,0.178598072683135,-0.74225544389182,0.457932581918183,1,FALSE
"chr5",119564109,119564597,"AluY",3648,"SetA_ER_H3K27ac","10nM",FALSE,"HSD17B4",0,"ENSG00000133835",5836.22736783209,0.175781614133561,0.360306030294778,0.487867533023936,0.625643672733099,1,FALSE
"chr5",119564757,119565079,"AluY",3166,"SetA_ER_H3K27ac","10nM",FALSE,"HSD17B4",0,"ENSG00000133835",5836.22736783209,0.175781614133561,0.360306030294778,0.487867533023936,0.625643672733099,1,FALSE
"chr5",119570315,119570762,"FRAM",943,"SetA_ER_H3K27ac","10nM",FALSE,"HSD17B4",0,"ENSG00000133835",5836.22736783209,0.175781614133561,0.360306030294778,0.487867533023936,0.625643672733099,1,FALSE
"chr5",120531303,120531566,"AluSz",3954,"SetA_ER_H3K27ac","10nM",FALSE,"PRR16",0,"ENSG00000184838",100.718091369231,-0.0946390610307063,0.547819253642118,-0.172755996437709,0.862843226645575,1,FALSE
"chr5",120534060,120534304,"AluSz",1216,"SetA_ER_H3K27ac","10nM",FALSE,"PRR16",0,"ENSG00000184838",100.718091369231,-0.0946390610307063,0.547819253642118,-0.172755996437709,0.862843226645575,1,FALSE
"chr5",122849205,122849585,"AluSx1",476,"SetA_ER_H3K27ac","10nM",FALSE,"SNX24",0,"ENSG00000064652",381.361520544051,0.523422960077416,0.265826409164433,1.9690404791709,0.0489484429013495,0.517528995727035,FALSE
"chr5",122852662,122853044,"AluJb",21,"SetA_ER_H3K27ac","10nM",FALSE,"SNX24",0,"ENSG00000064652",381.361520544051,0.523422960077416,0.265826409164433,1.9690404791709,0.0489484429013495,0.517528995727035,FALSE
"chr5",122869146,122869673,"AluSq2",1813,"SetA_ER_H3K27ac","10nM",FALSE,"SNX24",0,"ENSG00000064652",381.361520544051,0.523422960077416,0.265826409164433,1.9690404791709,0.0489484429013495,0.517528995727035,FALSE
"chr5",123155440,123155696,"AluJo",11436,"SetA_ER_H3K27ac","10nM",FALSE,"PRDM6",0,"ENSG00000061455",437.03274763262,-1.28778563990326,0.314086380528055,-4.10010022637143,4.12971247569231e-05,0.00233790861513414,TRUE
"chr5",124905422,124905608,"AluSz",556,"SetA_ER_H3K27ac","10nM",FALSE,"LINC02240",0,"ENSG00000260192",2.74645785816578,2.54239608337829,2.23629689248576,1.13687770703481,0.255589412686067,1,FALSE
"chr5",125059628,125059937,"AluSx1",6984,"SetA_ER_H3K27ac","10nM",FALSE,"LINC02240",0,"ENSG00000260192",2.74645785816578,2.54239608337829,2.23629689248576,1.13687770703481,0.255589412686067,1,FALSE
"chr5",125408523,125408895,"AluJr",7137,"SetA_ER_H3K27ac","10nM",FALSE,"LINC02240",0,"ENSG00000260192",2.74645785816578,2.54239608337829,2.23629689248576,1.13687770703481,0.255589412686067,1,FALSE
"chr5",125409915,125410421,"AluYb8",8504,"SetA_ER_H3K27ac","10nM",FALSE,"LINC02240",0,"ENSG00000260192",2.74645785816578,2.54239608337829,2.23629689248576,1.13687770703481,0.255589412686067,1,FALSE
"chr5",127228244,127228512,"AluY",475,"SetA_ER_H3K27ac","10nM",FALSE,"ENSG00000283897",0,"ENSG00000283897",64.863881066747,-0.333802825680469,0.775780972095131,-0.430279728025523,0.666992171656206,1,FALSE
"chr5",127517146,127517330,"AluSg",418,"SetA_ER_H3K27ac","10nM",FALSE,"PRRC1",287,"ENSG00000164244",4862.37375202069,-0.170650290120717,0.190050541982107,-0.897920565450339,0.369227899773629,1,FALSE
"chr5",129241729,129242078,"AluSc5",5982,"SetA_ER_H3K27ac","10nM",FALSE,"ENSG00000286274",0,"ENSG00000286274",4.12122117276491,1.36589856792848,1.17577453110859,1.16170110152039,0.245356898128116,1,FALSE
"chr5",132277426,132277635,"AluJr",0,"SetA_ER_H3K27ac","10nM",TRUE,"P4HA2",0,"ENSG00000072682",720.710613193899,0.675022098746456,0.179413263342328,3.76238682788176,0.000168299471962223,0.00767875946961887,TRUE
"chr5",132277876,132278152,"AluJr",0,"SetA_ER_H3K27ac","10nM",TRUE,"P4HA2",0,"ENSG00000072682",720.710613193899,0.675022098746456,0.179413263342328,3.76238682788176,0.000168299471962223,0.00767875946961887,TRUE
"chr5",132371197,132371455,"AluSc",0,"SetA_ER_H3K27ac","10nM",TRUE,"SLC22A5",0,"ENSG00000197375",3482.21731574349,1.73987320940466,0.251723484966096,6.9118430075724,4.78397134583261e-12,1.72154901509562e-09,TRUE
"chr5",132378594,132379010,"FLAM_C",348,"SetA_ER_H3K27ac","10nM",FALSE,"SLC22A5",0,"ENSG00000197375",3482.21731574349,1.73987320940466,0.251723484966096,6.9118430075724,4.78397134583261e-12,1.72154901509562e-09,TRUE
"chr5",132380936,132381233,"AluSp",1154,"SetA_ER_H3K27ac","10nM",FALSE,"SLC22A5",0,"ENSG00000197375",3482.21731574349,1.73987320940466,0.251723484966096,6.9118430075724,4.78397134583261e-12,1.72154901509562e-09,TRUE
"chr5",132427457,132427683,"AluJo",4454,"SetA_ER_H3K27ac","10nM",FALSE,"CARINH",0,"ENSG00000197536",5.28906170284287,0.179239520211553,1.34459092614415,0.133304127468385,0.893952863487387,1,FALSE
"chr5",133249276,133250047,"AluJb",4136,"SetA_ER_H3K27ac","10nM",FALSE,"FSTL4",0,"ENSG00000053108",24.7523000326052,1.35891232624963,0.691096007367111,1.96631482712036,0.0492622551353127,0.519228326278528,FALSE
"chr5",134279814,134280038,"AluSq2",0,"SetA_ER_H3K27ac","10nM",TRUE,"ENSG00000273345",0,"ENSG00000273345",7.08510167586009,0.732562477075715,1.60724726683102,0.455787041728865,0.648543123253124,1,FALSE
"chr5",134304390,134304636,"AluJo",176,"SetA_ER_H3K27ac","10nM",FALSE,"ENSG00000273345",0,"ENSG00000273345",7.08510167586009,0.732562477075715,1.60724726683102,0.455787041728865,0.648543123253124,1,FALSE
"chr5",134905289,134905512,"AluSx",357,"SetA_ER_H3K27ac","10nM",FALSE,"PCBD2",0,"ENSG00000132570",454.200599702231,0.381656887530881,0.547845586277095,0.696650474314203,0.48602155988043,1,FALSE
"chr5",135046735,135047071,"AluSx1",14244,"SetA_ER_H3K27ac","10nM",FALSE,"PITX1-AS1",0,"ENSG00000224186",26.7966514111563,0.357354094410865,0.608783984024613,0.586996543582555,0.55720602808629,1,FALSE
"chr5",135047499,135047833,"AluSx1",13482,"SetA_ER_H3K27ac","10nM",FALSE,"PITX1-AS1",0,"ENSG00000224186",26.7966514111563,0.357354094410865,0.608783984024613,0.586996543582555,0.55720602808629,1,FALSE
"chr5",137815216,137815892,"AluJr4",117,"SetA_ER_H3K27ac","10nM",FALSE,"PKD2L2-DT",0,"ENSG00000250159",3.66492276075921,-0.0535617400219017,1.23676907699331,-0.0433077936845856,0.965456178591044,1,FALSE
"chr5",137888703,137889042,"FLAM_A",401,"SetA_ER_H3K27ac","10nM",FALSE,"PKD2L2-DT",0,"ENSG00000250159",3.66492276075921,-0.0535617400219017,1.23676907699331,-0.0433077936845856,0.965456178591044,1,FALSE
"chr5",139658245,139658582,"AluSz",1222,"SetA_ER_H3K27ac","10nM",FALSE,"CXXC5",0,"ENSG00000171604",5206.08992369175,2.47974886040573,0.34874677965792,7.11045665522151,1.15659623077565e-12,5.02465632083055e-10,TRUE
"chr5",139660813,139661088,"AluSz",3790,"SetA_ER_H3K27ac","10nM",FALSE,"CXXC5",0,"ENSG00000171604",5206.08992369175,2.47974886040573,0.34874677965792,7.11045665522151,1.15659623077565e-12,5.02465632083055e-10,TRUE
"chr5",145945827,145946375,"AluJo",1318,"SetA_ER_H3K27ac","10nM",FALSE,"SH3RF2",0,"ENSG00000156463",26.536227267932,0.0403163006398658,0.672118702823937,0.0599838993774091,0.952168458033374,1,FALSE
"chr5",145981977,145982290,"AluJb",582,"SetA_ER_H3K27ac","10nM",FALSE,"SH3RF2",0,"ENSG00000156463",26.536227267932,0.0403163006398658,0.672118702823937,0.0599838993774091,0.952168458033374,1,FALSE
"chr5",146027724,146028222,"AluSz",4217,"SetA_ER_H3K27ac","10nM",FALSE,"SH3RF2",0,"ENSG00000156463",26.536227267932,0.0403163006398658,0.672118702823937,0.0599838993774091,0.952168458033374,1,FALSE
"chr5",148305916,148306228,"AluSx4",5670,"SetA_ER_H3K27ac","10nM",FALSE,"FBXO38-DT",0,"ENSG00000247199",22.8039899572915,-0.709937767439544,0.509525128243607,-1.39333219911407,0.163519358037081,0.925184491646308,FALSE
"chr5",149810294,149810781,"AluJo",581,"SetA_ER_H3K27ac","10nM",FALSE,"PPARGC1B",0,"ENSG00000155846",434.942078438907,0.79617943264835,0.295074341790321,2.69823335982941,0.00697085562534984,0.148197424273395,FALSE
"chr5",149878078,149878748,"AluSx1",314,"SetA_ER_H3K27ac","10nM",FALSE,"PDE6A",0,"ENSG00000132915",5.56241996659188,2.39410198622186,1.03982640072399,2.30240546359944,0.0213123171507969,0.322167432633529,FALSE
"chr5",151078772,151079092,"AluSz",250,"SetA_ER_H3K27ac","10nM",FALSE,"TNIP1",0,"ENSG00000145901",4419.03586181327,0.413278151342134,0.152148304633531,2.71628495853154,0.00660190676929519,0.142322011734191,FALSE
"chr5",154701191,154701431,"AluJo",87,"SetA_ER_H3K27ac","10nM",FALSE,"LARP1",0,"ENSG00000155506",11344.0769872208,0.00705802506875987,0.317668710453931,0.0222181941012521,0.982273904378736,1,FALSE
"chr5",154829926,154830134,"AluSz6",737,"SetA_ER_H3K27ac","10nM",FALSE,"FAXDC2",0,"ENSG00000170271",27.7388490143969,0.823827648359368,0.752260475974897,1.09513615917641,0.273456989341009,1,FALSE
"chr5",159175608,159176051,"AluSx",3118,"SetA_ER_H3K27ac","10nM",FALSE,"RNF145",0,"ENSG00000145860",1222.84582061598,-0.202202308606381,0.538038698138355,-0.375813690178815,0.707055409362092,1,FALSE
"chr5",160286883,160287259,"AluSz6",215,"SetA_ER_H3K27ac","10nM",FALSE,"CCNJL",0,"ENSG00000135083",73.0250598316559,1.08502702149605,0.374229531706519,2.89936236872657,0.00373922466464892,0.0931728998732469,FALSE
"chr5",160287563,160287955,"AluY",635,"SetA_ER_H3K27ac","10nM",FALSE,"CCNJL",0,"ENSG00000135083",73.0250598316559,1.08502702149605,0.374229531706519,2.89936236872657,0.00373922466464892,0.0931728998732469,FALSE
"chr5",168307182,168307383,"AluSc8",216,"SetA_ER_H3K27ac","10nM",FALSE,"WWC1",0,"ENSG00000113645",3350.84953923762,1.02759083812071,0.153300186192967,6.70312844126118,2.04003996551861e-11,5.99531745160646e-09,TRUE
"chr5",168316151,168316733,"AluSp",1559,"SetA_ER_H3K27ac","10nM",FALSE,"WWC1",0,"ENSG00000113645",3350.84953923762,1.02759083812071,0.153300186192967,6.70312844126118,2.04003996551861e-11,5.99531745160646e-09,TRUE
"chr5",168317676,168317952,"AluSq2",609,"SetA_ER_H3K27ac","10nM",FALSE,"WWC1",0,"ENSG00000113645",3350.84953923762,1.02759083812071,0.153300186192967,6.70312844126118,2.04003996551861e-11,5.99531745160646e-09,TRUE
"chr5",168347724,168348128,"AluSz6",2329,"SetA_ER_H3K27ac","10nM",FALSE,"WWC1",0,"ENSG00000113645",3350.84953923762,1.02759083812071,0.153300186192967,6.70312844126118,2.04003996551861e-11,5.99531745160646e-09,TRUE
"chr5",168353193,168353458,"AluSx1",311,"SetA_ER_H3K27ac","10nM",FALSE,"WWC1",0,"ENSG00000113645",3350.84953923762,1.02759083812071,0.153300186192967,6.70312844126118,2.04003996551861e-11,5.99531745160646e-09,TRUE
"chr5",169098605,169099101,"AluSx3",3968,"SetA_ER_H3K27ac","10nM",FALSE,"SLIT3",0,"ENSG00000184347",483.651284303204,-0.0334680105391969,0.363290188145317,-0.092124730122933,0.926598940202109,1,FALSE
"chr5",169222915,169223149,"AluJb",1221,"SetA_ER_H3K27ac","10nM",FALSE,"SLIT3",0,"ENSG00000184347",483.651284303204,-0.0334680105391969,0.363290188145317,-0.092124730122933,0.926598940202109,1,FALSE
"chr5",170746858,170747093,"AluJr",0,"SetA_ER_H3K27ac","10nM",TRUE,"ENSG00000253348",0,"ENSG00000253348",8.28652471206902,1.07836332571802,1.18839380355663,0.907412443998522,0.364188731284907,1,FALSE
"chr5",170749822,170750174,"AluSx1",1086,"SetA_ER_H3K27ac","10nM",FALSE,"ENSG00000253348",0,"ENSG00000253348",8.28652471206902,1.07836332571802,1.18839380355663,0.907412443998522,0.364188731284907,1,FALSE
"chr5",170751498,170751806,"AluSx1",2762,"SetA_ER_H3K27ac","10nM",FALSE,"ENSG00000253348",0,"ENSG00000253348",8.28652471206902,1.07836332571802,1.18839380355663,0.907412443998522,0.364188731284907,1,FALSE
"chr5",172235606,172235910,"AluJb",684,"SetA_ER_H3K27ac","10nM",FALSE,"UBTD2",0,"ENSG00000168246",2211.01640763675,-0.165182680640992,0.130242335690604,-1.26827179323158,0.204700906424518,0.988070048212116,FALSE
"chr5",172688841,172689161,"AluSx3",3087,"SetA_ER_H3K27ac","10nM",FALSE,"NEURL1B",0,"ENSG00000214357",1687.25330330477,-0.0641109080841139,0.293928039002713,-0.21811770085508,0.827337406133056,1,FALSE
"chr5",173329767,173330045,"AluJo",2550,"SetA_ER_H3K27ac","10nM",FALSE,"ENSG00000305059",0,"ENSG00000305059",4.41588228121203,-0.616640172277183,1.04364389177033,-0.590853045890181,0.554618888986737,1,FALSE
"chr5",174461288,174461652,"AluSx1",1682,"SetA_ER_H3K27ac","10nM",FALSE,"LINC01411",0,"ENSG00000249306",10.9073019071449,1.14988520373083,1.05451553237948,1.0904393234836,0.275519667730112,1,FALSE
"chr5",174461820,174462057,"AluSx1",1277,"SetA_ER_H3K27ac","10nM",FALSE,"LINC01411",0,"ENSG00000249306",10.9073019071449,1.14988520373083,1.05451553237948,1.0904393234836,0.275519667730112,1,FALSE
"chr5",174480822,174481020,"AluSq",4157,"SetA_ER_H3K27ac","10nM",FALSE,"LINC01411",0,"ENSG00000249306",10.9073019071449,1.14988520373083,1.05451553237948,1.0904393234836,0.275519667730112,1,FALSE
"chr5",174482397,174482798,"AluSq",2379,"SetA_ER_H3K27ac","10nM",FALSE,"LINC01411",0,"ENSG00000249306",10.9073019071449,1.14988520373083,1.05451553237948,1.0904393234836,0.275519667730112,1,FALSE
"chr5",174483391,174483809,"AluSq",1368,"SetA_ER_H3K27ac","10nM",FALSE,"LINC01411",0,"ENSG00000249306",10.9073019071449,1.14988520373083,1.05451553237948,1.0904393234836,0.275519667730112,1,FALSE
"chr5",174491570,174491818,"AluJo",781,"SetA_ER_H3K27ac","10nM",FALSE,"LINC01411",0,"ENSG00000249306",10.9073019071449,1.14988520373083,1.05451553237948,1.0904393234836,0.275519667730112,1,FALSE
"chr5",174503539,174503873,"AluSx1",2822,"SetA_ER_H3K27ac","10nM",FALSE,"LINC01411",0,"ENSG00000249306",10.9073019071449,1.14988520373083,1.05451553237948,1.0904393234836,0.275519667730112,1,FALSE
"chr5",176352249,176352798,"AluSg",467,"SetA_ER_H3K27ac","10nM",FALSE,"KIAA1191",0,"ENSG00000122203",3421.35209145201,0.11606778281232,0.157252371914336,0.738098773324376,0.460454429134303,1,FALSE
"chr5",177023426,177023938,"AluSx1",263,"SetA_ER_H3K27ac","10nM",FALSE,"ZNF346",0,"ENSG00000113761",634.466533184021,0.0806452802749501,0.281468950070525,0.286515724930738,0.774483151322792,1,FALSE
"chr5",177311546,177311771,"AluSx1",1511,"SetA_ER_H3K27ac","10nM",FALSE,"MXD3",0,"ENSG00000213347",426.739069740026,0.0291633216920787,0.214753025616504,0.135799351875755,0.891979903443671,1,FALSE
"chr5",181192043,181192257,"AluJr4",2003,"SetA_ER_H3K27ac","10nM",FALSE,"TRIM7-AS2",0,"ENSG00000250222",19.6628989844636,-0.643879673742986,0.560962296074875,-1.14781274650417,0.251045874149963,1,FALSE
"chr6",608207,608458,"AluSx1",7110,"SetA_ER_H3K27ac","10nM",FALSE,"EXOC2",0,"ENSG00000112685",3223.28837297618,0.164766015960053,0.131183651460528,1.25599504302279,0.209117767303186,0.989962875971881,FALSE
"chr6",611396,611733,"AluSx1",3835,"SetA_ER_H3K27ac","10nM",FALSE,"EXOC2",0,"ENSG00000112685",3223.28837297618,0.164766015960053,0.131183651460528,1.25599504302279,0.209117767303186,0.989962875971881,FALSE
"chr6",617561,617869,"AluSx3",629,"SetA_ER_H3K27ac","10nM",FALSE,"EXOC2",0,"ENSG00000112685",3223.28837297618,0.164766015960053,0.131183651460528,1.25599504302279,0.209117767303186,0.989962875971881,FALSE
"chr6",672795,673174,"AluSq2",0,"SetA_ER_H3K27ac","10nM",TRUE,"EXOC2",0,"ENSG00000112685",3223.28837297618,0.164766015960053,0.131183651460528,1.25599504302279,0.209117767303186,0.989962875971881,FALSE
"chr6",681055,681403,"AluY",793,"SetA_ER_H3K27ac","10nM",FALSE,"EXOC2",0,"ENSG00000112685",3223.28837297618,0.164766015960053,0.131183651460528,1.25599504302279,0.209117767303186,0.989962875971881,FALSE
"chr6",699624,699837,"AluJo",210,"SetA_ER_H3K27ac","10nM",FALSE,"ENSG00000271727",0,"ENSG00000271727",13.5479911784142,-0.41256464626148,0.571376375371844,-0.722054085615613,0.470261225507198,1,FALSE
"chr6",2875143,2875349,"AluSq2",229,"SetA_ER_H3K27ac","10nM",FALSE,"SERPINB9P1",0,"ENSG00000230438",3.51115066088742,3.53424732532905,1.56756547601603,2.25460906061247,0.0241578782326319,0.34482115083372,FALSE
"chr6",2903306,2903526,"AluSz",490,"SetA_ER_H3K27ac","10nM",FALSE,"SERPINB9",0,"ENSG00000170542",1373.52077344668,5.16146203386352,0.581663641690734,8.87361984472776,7.08059678289818e-19,1.41498646109437e-15,TRUE
"chr6",3226639,3226968,"AluJb",6235,"SetA_ER_H3K27ac","10nM",FALSE,"TUBB2B",0,"ENSG00000137285",43.0706048956671,0.534684802727555,0.517217846504383,1.03377098516848,0.301243238906489,1,FALSE
"chr6",3664709,3665048,"AluSc8",16015,"SetA_ER_H3K27ac","10nM",FALSE,"ENSG00000228793",0,"ENSG00000228793",16.3656640141477,1.34489548699374,0.672363291767175,2.00025120862703,0.0454731447166463,0.497937163845183,FALSE
"chr6",3718166,3718543,"AluJr",1487,"SetA_ER_H3K27ac","10nM",FALSE,"ENSG00000228793",0,"ENSG00000228793",16.3656640141477,1.34489548699374,0.672363291767175,2.00025120862703,0.0454731447166463,0.497937163845183,FALSE
"chr6",3748267,3748672,"AluSz",3276,"SetA_ER_H3K27ac","10nM",FALSE,"PXDC1",0,"ENSG00000168994",231.859314696155,1.52206423936753,0.230532719824202,6.60237835448352,4.04613254471993e-11,1.10764264073538e-08,TRUE
"chr6",3913574,3913793,"AluSq2",4273,"SetA_ER_H3K27ac","10nM",FALSE,"TGILR",0,"ENSG00000260604",8.52743559143273,-0.296696041604528,1.57768311194171,-0.188058070317666,0.850831129630386,1,FALSE
"chr6",4780735,4780931,"AluSz6",168,"SetA_ER_H3K27ac","10nM",FALSE,"CDYL",0,"ENSG00000153046",1710.96034292123,0.262495119455895,0.183911520372036,1.42729024764132,0.153496250474124,0.904324607746134,FALSE
"chr6",7198031,7198498,"AluSz6",359,"SetA_ER_H3K27ac","10nM",FALSE,"RREB1",0,"ENSG00000124782",2932.82735153784,0.108484381948985,0.253497569923506,0.427950382253055,0.668687245052318,1,FALSE
"chr6",7419085,7419341,"AluSx1",609,"SetA_ER_H3K27ac","10nM",FALSE,"RIOK1",1049,"ENSG00000124784",960.43627649524,0.367110454595303,0.280465407656996,1.30893309681981,0.190557014296912,0.967257143436498,FALSE
"chr6",9248155,9248676,"AluSz",2800,"SetA_ER_H3K27ac","10nM",FALSE,"HULC",0,"ENSG00000285219",58.8974654108063,0.545478148006052,0.417381203069513,1.30690635801154,0.19124451650696,0.968778306178728,FALSE
"chr6",10420553,10420740,"AluSz6",9726,"SetA_ER_H3K27ac","10nM",FALSE,"TFAP2A-AS1",0,"ENSG00000229950",47.9748955556871,-0.191445793277927,0.404992923602474,-0.472713921949517,0.636417292731145,1,FALSE
"chr6",10423233,10423469,"AluSz6",6997,"SetA_ER_H3K27ac","10nM",FALSE,"TFAP2A-AS1",0,"ENSG00000229950",47.9748955556871,-0.191445793277927,0.404992923602474,-0.472713921949517,0.636417292731145,1,FALSE
"chr6",11045647,11045830,"AluJb",211,"SetA_ER_H3K27ac","10nM",FALSE,"ELOVL2-AS1",0,"ENSG00000230314",113.332758664967,1.44710361737415,0.403745964477621,3.58419339062981,0.000338121497871579,0.0137059229482062,TRUE
"chr6",11046422,11046639,"AluSg",585,"SetA_ER_H3K27ac","10nM",FALSE,"ELOVL2-AS1",0,"ENSG00000230314",113.332758664967,1.44710361737415,0.403745964477621,3.58419339062981,0.000338121497871579,0.0137059229482062,TRUE
"chr6",11046783,11047210,"AluSg",14,"SetA_ER_H3K27ac","10nM",FALSE,"ELOVL2-AS1",0,"ENSG00000230314",113.332758664967,1.44710361737415,0.403745964477621,3.58419339062981,0.000338121497871579,0.0137059229482062,TRUE
"chr6",11053415,11053911,"AluSx1",341,"SetA_ER_H3K27ac","10nM",FALSE,"ELOVL2-AS1",0,"ENSG00000230314",113.332758664967,1.44710361737415,0.403745964477621,3.58419339062981,0.000338121497871579,0.0137059229482062,TRUE
"chr6",11055581,11055975,"AluSx1",0,"SetA_ER_H3K27ac","10nM",TRUE,"ELOVL2-AS1",0,"ENSG00000230314",113.332758664967,1.44710361737415,0.403745964477621,3.58419339062981,0.000338121497871579,0.0137059229482062,TRUE
"chr6",11067304,11067844,"AluY",1590,"SetA_ER_H3K27ac","10nM",FALSE,"ELOVL2-AS1",0,"ENSG00000230314",113.332758664967,1.44710361737415,0.403745964477621,3.58419339062981,0.000338121497871579,0.0137059229482062,TRUE
"chr6",12288237,12288564,"AluJr",1091,"SetA_ER_H3K27ac","10nM",FALSE,"ENSG00000302734",0,"ENSG00000302734",5.67592754815465,-1.49781941471633,1.29925236797374,-1.15283177590222,0.248979439145822,1,FALSE
"chr6",12844323,12844659,"AluJr",0,"SetA_ER_H3K27ac","10nM",TRUE,"PHACTR1",0,"ENSG00000112137",5.78125478963207,-0.906832053373751,1.97034028762815,-0.460241339563419,0.645343001265319,1,FALSE
"chr6",15036645,15037238,"AluSg7",0,"SetA_ER_H3K27ac","10nM",TRUE,"ENSG00000234261",0,"ENSG00000234261",7.43744986180466,-1.25010388917508,1.02071294973289,-1.22473599409336,0.220674707738291,1,FALSE
"chr6",15089743,15089932,"AluSq",937,"SetA_ER_H3K27ac","10nM",FALSE,"ENSG00000234261",0,"ENSG00000234261",7.43744986180466,-1.25010388917508,1.02071294973289,-1.22473599409336,0.220674707738291,1,FALSE
"chr6",15090081,15090381,"AluSq",488,"SetA_ER_H3K27ac","10nM",FALSE,"ENSG00000234261",0,"ENSG00000234261",7.43744986180466,-1.25010388917508,1.02071294973289,-1.22473599409336,0.220674707738291,1,FALSE
"chr6",15251416,15251711,"AluSg",0,"SetA_ER_H3K27ac","10nM",TRUE,"JARID2",0,"ENSG00000008083",1766.13885095072,0.764922463515504,0.28962180243854,2.64110801422772,0.00826353692232995,0.168853294331126,FALSE
"chr6",15503902,15504152,"AluYc3",6238,"SetA_ER_H3K27ac","10nM",FALSE,"JARID2",0,"ENSG00000008083",1766.13885095072,0.764922463515504,0.28962180243854,2.64110801422772,0.00826353692232995,0.168853294331126,FALSE
"chr6",15504570,15504908,"AluYc3",6906,"SetA_ER_H3K27ac","10nM",FALSE,"JARID2",0,"ENSG00000008083",1766.13885095072,0.764922463515504,0.28962180243854,2.64110801422772,0.00826353692232995,0.168853294331126,FALSE
"chr6",15505311,15505551,"AluYc3",7647,"SetA_ER_H3K27ac","10nM",FALSE,"JARID2",0,"ENSG00000008083",1766.13885095072,0.764922463515504,0.28962180243854,2.64110801422772,0.00826353692232995,0.168853294331126,FALSE
"chr6",16130655,16130864,"AluSq",2019,"SetA_ER_H3K27ac","10nM",FALSE,"MYLIP",0,"ENSG00000007944",1638.36845940467,-0.57823860539265,0.176145069904074,-3.28274078694084,0.00102803147759531,0.034069951987172,TRUE
"chr6",17393761,17394200,"AluSx",2869,"SetA_ER_H3K27ac","10nM",FALSE,"CAP2",0,"ENSG00000112186",1293.62839879212,-0.0281111924669809,0.390431409512926,-0.0720003354803098,0.942601640871094,1,FALSE
"chr6",17472936,17473717,"AluYa5",584,"SetA_ER_H3K27ac","10nM",FALSE,"CAP2",0,"ENSG00000112186",1293.62839879212,-0.0281111924669809,0.390431409512926,-0.0720003354803098,0.942601640871094,1,FALSE
"chr6",18457011,18457415,"AluSx",0,"SetA_ER_H3K27ac","10nM",TRUE,"RNF144B",0,"ENSG00000137393",906.984234802945,0.383960097577704,0.329605107533713,1.16490942889419,0.244055656427617,1,FALSE
"chr6",19477488,19477762,"AluY",931,"SetA_ER_H3K27ac","10nM",FALSE,"LNC-LBCS",0,"ENSG00000228412",36.9200797693341,0.454381051189117,0.600332693543072,0.756882069019812,0.449120518831023,1,FALSE
"chr6",20200750,20201101,"AluSz",483,"SetA_ER_H3K27ac","10nM",FALSE,"MBOAT1",0,"ENSG00000172197",2591.25018428155,1.63996149375604,0.280107208091661,5.85476362757289,4.77688918540466e-09,8.22942702423507e-07,TRUE
"chr6",20202781,20203015,"AluJo",7,"SetA_ER_H3K27ac","10nM",FALSE,"MBOAT1",0,"ENSG00000172197",2591.25018428155,1.63996149375604,0.280107208091661,5.85476362757289,4.77688918540466e-09,8.22942702423507e-07,TRUE
"chr6",20210146,20210677,"AluSg",1687,"SetA_ER_H3K27ac","10nM",FALSE,"MBOAT1",0,"ENSG00000172197",2591.25018428155,1.63996149375604,0.280107208091661,5.85476362757289,4.77688918540466e-09,8.22942702423507e-07,TRUE
"chr6",21735584,21735853,"AluSx1",0,"SetA_ER_H3K27ac","10nM",TRUE,"CASC15",0,"ENSG00000272168",36.2223352299458,0.0397762810887592,0.521657429534021,0.0762498123036222,0.939220353517779,1,FALSE
"chr6",21738513,21739187,"AluJb",226,"SetA_ER_H3K27ac","10nM",FALSE,"CASC15",0,"ENSG00000272168",36.2223352299458,0.0397762810887592,0.521657429534021,0.0762498123036222,0.939220353517779,1,FALSE
"chr6",31810372,31810860,"AluY",817,"SetA_ER_H3K27ac","10nM",FALSE,"HSPA1L",0,"ENSG00000204390",13.1399926490448,7.29106459012994,3.17074664382152,2.29947876924737,0.0214777675961363,0.323521962523157,FALSE
"chr6",33896899,33897278,"AluSc",10514,"SetA_ER_H3K27ac","10nM",FALSE,"LINC01016",0,"ENSG00000249346",169.838888480435,5.50723450842966,0.81189812624384,6.78315952508512,1.17575683679033e-11,3.50691412334597e-09,TRUE
"chr6",34546853,34547036,"AluJb",345,"SetA_ER_H3K27ac","10nM",FALSE,"SPDEF",0,"ENSG00000124664",52887.2463547791,-0.0106644124757225,0.268941021026938,-0.0396533501471844,0.968369493589651,1,FALSE
"chr6",34550915,34551187,"AluJb",3250,"SetA_ER_H3K27ac","10nM",FALSE,"SPDEF",0,"ENSG00000124664",52887.2463547791,-0.0106644124757225,0.268941021026938,-0.0396533501471844,0.968369493589651,1,FALSE
"chr6",35485077,35485337,"AluSz",1802,"SetA_ER_H3K27ac","10nM",FALSE,"TEAD3",0,"ENSG00000007866",1860.04554527067,-0.259266332970515,0.151499622919114,-1.71133318997723,0.0870196227429744,0.715637918064033,FALSE
"chr6",36118424,36118753,"AluJo",2040,"SetA_ER_H3K27ac","10nM",FALSE,"MAPK14",0,"ENSG00000112062",1492.15718690014,-0.137686230507958,0.1537613254035,-0.895454238226956,0.370544317941689,1,FALSE
"chr6",36122034,36122808,"AluSq",1346,"SetA_ER_H3K27ac","10nM",FALSE,"MAPK14",0,"ENSG00000112062",1492.15718690014,-0.137686230507958,0.1537613254035,-0.895454238226956,0.370544317941689,1,FALSE
"chr6",38248853,38249156,"AluJr",95,"SetA_ER_H3K27ac","10nM",FALSE,"BTBD9",0,"ENSG00000183826",1047.89069207782,-0.00992303814414942,0.267812078730327,-0.0370522427188261,0.970443350645965,1,FALSE
"chr6",38261648,38262032,"AluJr",425,"SetA_ER_H3K27ac","10nM",FALSE,"BTBD9",0,"ENSG00000183826",1047.89069207782,-0.00992303814414942,0.267812078730327,-0.0370522427188261,0.970443350645965,1,FALSE
"chr6",38262139,38262342,"AluJr",916,"SetA_ER_H3K27ac","10nM",FALSE,"BTBD9",0,"ENSG00000183826",1047.89069207782,-0.00992303814414942,0.267812078730327,-0.0370522427188261,0.970443350645965,1,FALSE
"chr6",38437031,38437369,"AluSq2",357,"SetA_ER_H3K27ac","10nM",FALSE,"BTBD9",0,"ENSG00000183826",1047.89069207782,-0.00992303814414942,0.267812078730327,-0.0370522427188261,0.970443350645965,1,FALSE
"chr6",38755445,38755675,"AluSz",2987,"SetA_ER_H3K27ac","10nM",FALSE,"DNAH8",0,"ENSG00000124721",8.15948810138563,0.499134493644441,0.888082313117667,0.562036295816093,0.574091290053295,1,FALSE
"chr6",38792356,38792667,"AluSq2",0,"SetA_ER_H3K27ac","10nM",TRUE,"DNAH8",0,"ENSG00000124721",8.15948810138563,0.499134493644441,0.888082313117667,0.562036295816093,0.574091290053295,1,FALSE
"chr6",39823418,39823636,"AluSx",1472,"SetA_ER_H3K27ac","10nM",FALSE,"DAAM2",0,"ENSG00000146122",398.964177576204,0.422279619769067,0.446845829895935,0.945023073992681,0.344647096164842,1,FALSE
"chr6",39923556,39923818,"AluSz",979,"SetA_ER_H3K27ac","10nM",FALSE,"MOCS1",0,"ENSG00000124615",301.216353033014,0.685271286793871,0.340579842526542,2.01207235786559,0.0442123100397818,0.490039114885559,FALSE
"chr6",39934206,39934437,"AluSz6",4245,"SetA_ER_H3K27ac","10nM",FALSE,"MOCS1",0,"ENSG00000124615",301.216353033014,0.685271286793871,0.340579842526542,2.01207235786559,0.0442123100397818,0.490039114885559,FALSE
"chr6",41457028,41457223,"AluSx",500,"SetA_ER_H3K27ac","10nM",FALSE,"FOXP4-AS1",0,"ENSG00000234753",12.5687823977413,0.264462315729309,0.659044488154791,0.401281431652296,0.688212932857182,1,FALSE
"chr6",42075312,42075736,"AluSc8",192,"SetA_ER_H3K27ac","10nM",FALSE,"TAF8",0,"ENSG00000137413",982.16027914102,-0.131579354887729,0.227600787838072,-0.578114672350529,0.563186701764428,1,FALSE
"chr6",42118392,42118575,"AluJo",294,"SetA_ER_H3K27ac","10nM",FALSE,"C6orf132",0,"ENSG00000188112",2015.40149467064,0.872068293147597,0.350659294285128,2.48693905269341,0.0128847470693069,0.23293997364982,FALSE
"chr6",42122747,42123049,"AluY",51,"SetA_ER_H3K27ac","10nM",FALSE,"C6orf132",0,"ENSG00000188112",2015.40149467064,0.872068293147597,0.350659294285128,2.48693905269341,0.0128847470693069,0.23293997364982,FALSE
"chr6",42226863,42227147,"AluJr4",2009,"SetA_ER_H3K27ac","10nM",FALSE,"TRERF1",0,"ENSG00000124496",4004.94202765678,-0.0595285587124871,0.340371310356596,-0.174892997444823,0.861163712701477,1,FALSE
"chr6",43335135,43335699,"AluSz",4043,"SetA_ER_H3K27ac","10nM",FALSE,"ZNF318",0,"ENSG00000171467",1942.88035836834,-0.259994421682613,0.16549967042476,-1.57096640141535,0.116190453275202,0.813325885333253,FALSE
"chr6",44223723,44224047,"AluSq2",1177,"SetA_ER_H3K27ac","10nM",FALSE,"SLC29A1",0,"ENSG00000112759",3088.23656247926,0.305218593374713,0.163639860821491,1.86518487514276,0.0621554948447939,0.597458109176701,FALSE
"chr6",44237214,44237511,"AluSg",105,"SetA_ER_H3K27ac","10nM",FALSE,"SLC29A1",783,"ENSG00000112759",3088.23656247926,0.305218593374713,0.163639860821491,1.86518487514276,0.0621554948447939,0.597458109176701,FALSE
"chr6",44238046,44238448,"AluSg",937,"SetA_ER_H3K27ac","10nM",FALSE,"SLC29A1",1615,"ENSG00000112759",3088.23656247926,0.305218593374713,0.163639860821491,1.86518487514276,0.0621554948447939,0.597458109176701,FALSE
"chr6",44447127,44447342,"FLAM_C",2031,"SetA_ER_H3K27ac","10nM",FALSE,"CDC5L",0,"ENSG00000096401",3931.53593236905,-0.0273828289316413,0.159367860176134,-0.171821526005166,0.86357784189351,1,FALSE
"chr6",44858536,44858813,"AluJo",2259,"SetA_ER_H3K27ac","10nM",FALSE,"SUPT3H",0,"ENSG00000196284",109.500090019582,-0.392439436330785,0.35609594970531,-1.10206093794538,0.270435179973867,1,FALSE
"chr6",45507332,45507620,"AluJb",379,"SetA_ER_H3K27ac","10nM",FALSE,"RUNX2",0,"ENSG00000124813",133.947077131571,-0.363591089730339,0.746690498144165,-0.486936810678606,0.626303111540395,1,FALSE
"chr6",45554700,45555047,"AluSx",5978,"SetA_ER_H3K27ac","10nM",FALSE,"RUNX2",0,"ENSG00000124813",133.947077131571,-0.363591089730339,0.746690498144165,-0.486936810678606,0.626303111540395,1,FALSE
"chr6",53326859,53327129,"AluJb",2159,"SetA_ER_H3K27ac","10nM",FALSE,"ELOVL5",0,"ENSG00000012660",5476.35425655805,0.0795718153169033,0.173947740623988,0.457446673532305,0.647350023384495,1,FALSE
"chr6",53869614,53869797,"AluSz",1090,"SetA_ER_H3K27ac","10nM",FALSE,"LRRC1",0,"ENSG00000137269",1890.89302974534,-0.105473605156141,0.106314257797657,-0.992092757275173,0.321152279302702,1,FALSE
"chr6",54847460,54847870,"AluSg7",2869,"SetA_ER_H3K27ac","10nM",FALSE,"ENSG00000224984",0,"ENSG00000224984",303.407836624533,-0.21926698425558,0.29612634278539,-0.740450789325718,0.459026510654974,1,FALSE
"chr6",56242357,56242659,"AluJr4",12986,"SetA_ER_H3K27ac","10nM",FALSE,"COL21A1",0,"ENSG00000124749",75.3639679907524,0.692566391287986,0.811157021374776,0.853800648996665,0.393215454842635,1,FALSE
"chr6",56728581,56728888,"AluSx3",0,"SetA_ER_H3K27ac","10nM",TRUE,"DST",0,"ENSG00000151914",2178.73624181657,-0.157822577368637,0.256089424721999,-0.616279167091587,0.53771028607816,1,FALSE
"chr6",73520205,73521305,"AluSz",1294,"SetA_ER_H3K27ac","10nM",FALSE,"EEF1A1",0,"ENSG00000156508",391702.664448825,0.0438801736237572,0.258748117886438,0.169586445622054,0.865335382963601,1,FALSE
"chr6",81590004,81590265,"AluSc8",838,"SetA_ER_H3K27ac","10nM",FALSE,"TENT5A",0,"ENSG00000112773",662.798393835005,-1.29473485699071,0.485428089295286,-2.66720217791749,0.00764856448896383,0.158392655696843,FALSE
"chr6",83090151,83090530,"AluSc5",1433,"SetA_ER_H3K27ac","10nM",FALSE,"DOP1A",0,"ENSG00000083097",707.335483725055,0.174866411170311,0.311701291859021,0.56100637288793,0.574793192734761,1,FALSE
"chr6",87407948,87408252,"AluSp",976,"SetA_ER_H3K27ac","10nM",FALSE,"CFAP206",0,"ENSG00000272514",114.505557862228,-0.405253034067681,0.366085320788539,-1.10699066871836,0.268297962746879,1,FALSE
"chr6",87574235,87574459,"AluSq2",1361,"SetA_ER_H3K27ac","10nM",FALSE,"RARS2",0,"ENSG00000146282",2121.27897668671,-0.0297764074088554,0.180190810748577,-0.165249311466847,0.868747753799845,1,FALSE
"chr6",96450604,96450834,"FAM",1900,"SetA_ER_H3K27ac","10nM",FALSE,"UFL1-AS1",0,"ENSG00000233797",5.91805082868703,1.38348852347157,1.32370623441076,1.04516280690286,0.295947730054929,1,FALSE
"chr6",106134909,106135469,"AluSq",857,"SetA_ER_H3K27ac","10nM",FALSE,"ATG5",0,"ENSG00000057663",1034.24637408662,-0.113797349531156,0.280853383046078,-0.40518418648525,0.685342127972879,1,FALSE
"chr6",107564246,107564557,"AluJr",969,"SetA_ER_H3K27ac","10nM",FALSE,"SOBP",0,"ENSG00000112320",85.2182633329368,-0.250080569977857,0.633937281550922,-0.394487873257804,0.693220878595471,1,FALSE
"chr6",108684888,108685223,"AluSp",1187,"SetA_ER_H3K27ac","10nM",FALSE,"FOXO3",115,"ENSG00000118689",2817.46498018309,0.33086101300674,0.235201472823277,1.40671318523307,0.159512454357173,0.915478715644386,FALSE
"chr6",108946006,108946207,"AluSx",2148,"SetA_ER_H3K27ac","10nM",FALSE,"ARMC2",0,"ENSG00000118690",45.0882291931307,0.0193614542929475,0.384591173127691,0.0503429502437362,0.959849097796837,1,FALSE
"chr6",111592710,111593055,"AluSx",794,"SetA_ER_H3K27ac","10nM",FALSE,"TRAF3IP2-AS1",0,"ENSG00000231889",40.8603074308204,0.298245732774854,0.729002867395637,0.409114622333842,0.682455545940889,1,FALSE
"chr6",111600612,111600874,"AluJo",1406,"SetA_ER_H3K27ac","10nM",FALSE,"TRAF3IP2",0,"ENSG00000056972",1069.72582779879,0.165161273164083,0.215920117577801,0.764918410645881,0.444320130173772,1,FALSE
"chr6",121187745,121188152,"AluY",10318,"SetA_ER_H3K27ac","10nM",FALSE,"TBC1D32",0,"ENSG00000146350",57.2065412718379,0.311859866225656,0.565623216435388,0.551356198196791,0.581389521022043,1,FALSE
"chr6",122609794,122610009,"AluJb",2269,"SetA_ER_H3K27ac","10nM",FALSE,"PKIB",0,"ENSG00000135549",2422.06255078045,0.475533146181793,0.576060887751212,0.825491117854135,0.409092823318671,1,FALSE
"chr6",122611191,122611411,"AluSc",2273,"SetA_ER_H3K27ac","10nM",FALSE,"PKIB",0,"ENSG00000135549",2422.06255078045,0.475533146181793,0.576060887751212,0.825491117854135,0.409092823318671,1,FALSE
"chr6",122620854,122621235,"AluSx",4257,"SetA_ER_H3K27ac","10nM",FALSE,"PKIB",0,"ENSG00000135549",2422.06255078045,0.475533146181793,0.576060887751212,0.825491117854135,0.409092823318671,1,FALSE
"chr6",122622676,122623088,"AluSx",2404,"SetA_ER_H3K27ac","10nM",FALSE,"PKIB",0,"ENSG00000135549",2422.06255078045,0.475533146181793,0.576060887751212,0.825491117854135,0.409092823318671,1,FALSE
"chr6",122645370,122645612,"AluSx",3380,"SetA_ER_H3K27ac","10nM",FALSE,"PKIB",0,"ENSG00000135549",2422.06255078045,0.475533146181793,0.576060887751212,0.825491117854135,0.409092823318671,1,FALSE
"chr6",122645831,122646078,"AluSx",3841,"SetA_ER_H3K27ac","10nM",FALSE,"PKIB",0,"ENSG00000135549",2422.06255078045,0.475533146181793,0.576060887751212,0.825491117854135,0.409092823318671,1,FALSE
"chr6",122694614,122694939,"AluY",5535,"SetA_ER_H3K27ac","10nM",FALSE,"PKIB",0,"ENSG00000135549",2422.06255078045,0.475533146181793,0.576060887751212,0.825491117854135,0.409092823318671,1,FALSE
"chr6",122696863,122697220,"AluSx",5107,"SetA_ER_H3K27ac","10nM",FALSE,"PKIB",0,"ENSG00000135549",2422.06255078045,0.475533146181793,0.576060887751212,0.825491117854135,0.409092823318671,1,FALSE
"chr6",125154807,125155266,"AluJo",916,"SetA_ER_H3K27ac","10nM",FALSE,"TPD52L1",0,"ENSG00000111907",2718.18512391941,0.892552536969023,0.399146706883108,2.23615157428923,0.0253418440715259,0.356893172604209,FALSE
"chr6",125197825,125198257,"AluSq2",1146,"SetA_ER_H3K27ac","10nM",FALSE,"TPD52L1",0,"ENSG00000111907",2718.18512391941,0.892552536969023,0.399146706883108,2.23615157428923,0.0253418440715259,0.356893172604209,FALSE
"chr6",125202166,125202586,"AluSx1",175,"SetA_ER_H3K27ac","10nM",FALSE,"TPD52L1",0,"ENSG00000111907",2718.18512391941,0.892552536969023,0.399146706883108,2.23615157428923,0.0253418440715259,0.356893172604209,FALSE
"chr6",125205101,125205457,"AluY",324,"SetA_ER_H3K27ac","10nM",FALSE,"TPD52L1",0,"ENSG00000111907",2718.18512391941,0.892552536969023,0.399146706883108,2.23615157428923,0.0253418440715259,0.356893172604209,FALSE
"chr6",133891156,133892024,"AluSx1",5084,"SetA_ER_H3K27ac","10nM",FALSE,"TARID",0,"ENSG00000227954",10.0596302738199,4.83405204876378,1.50987803207602,3.20161757841934,0.00136658290748608,0.0430753830018956,TRUE
"chr6",135182469,135182764,"AluJb",4169,"SetA_ER_H3K27ac","10nM",FALSE,"MYB",0,"ENSG00000118513",3854.88028802571,1.18683501003243,0.262708260289115,4.51769201595069,6.25173271178289e-06,0.000484107783613899,TRUE
"chr6",135211191,135211655,"AluSx1",1659,"SetA_ER_H3K27ac","10nM",FALSE,"MYB",0,"ENSG00000118513",3854.88028802571,1.18683501003243,0.262708260289115,4.51769201595069,6.25173271178289e-06,0.000484107783613899,TRUE
"chr6",138107433,138107683,"AluSx1",3983,"SetA_ER_H3K27ac","10nM",FALSE,"PERP",15,"ENSG00000112378",16526.5564022898,0.254778591150242,0.163926597962124,1.55422362397291,0.120131084292158,0.822501185534887,FALSE
"chr6",138308317,138308544,"AluJr",2688,"SetA_ER_H3K27ac","10nM",FALSE,"ARFGEF3",0,"ENSG00000112379",4264.99197620187,-0.0316741075315109,0.222895615639865,-0.14210287376261,0.886998748280055,1,FALSE
"chr6",138572263,138572464,"AluY",1475,"SetA_ER_H3K27ac","10nM",FALSE,"NHSL1",0,"ENSG00000135540",1030.45160964084,1.76248326132168,0.404717284321931,4.35485048352845,1.33157773467646e-05,0.000911309912663506,TRUE
"chr6",138582370,138582906,"AluSz",175,"SetA_ER_H3K27ac","10nM",FALSE,"NHSL1",0,"ENSG00000135540",1030.45160964084,1.76248326132168,0.404717284321931,4.35485048352845,1.33157773467646e-05,0.000911309912663506,TRUE
"chr6",139436823,139437121,"FLAM_C",716,"SetA_ER_H3K27ac","10nM",FALSE,"ENSG00000226571",0,"ENSG00000226571",3.20372646606194,-1.14511519535548,1.35538053851175,-0.84486619279103,0.398185551938458,1,FALSE
"chr6",139510032,139510269,"AluJo",617,"SetA_ER_H3K27ac","10nM",FALSE,"ENSG00000226571",0,"ENSG00000226571",3.20372646606194,-1.14511519535548,1.35538053851175,-0.84486619279103,0.398185551938458,1,FALSE
"chr6",139512535,139512847,"AluY",560,"SetA_ER_H3K27ac","10nM",FALSE,"ENSG00000226571",0,"ENSG00000226571",3.20372646606194,-1.14511519535548,1.35538053851175,-0.84486619279103,0.398185551938458,1,FALSE
"chr6",139531101,139531541,"AluY",870,"SetA_ER_H3K27ac","10nM",FALSE,"ENSG00000226571",0,"ENSG00000226571",3.20372646606194,-1.14511519535548,1.35538053851175,-0.84486619279103,0.398185551938458,1,FALSE
"chr6",139549706,139549995,"AluSx",78,"SetA_ER_H3K27ac","10nM",FALSE,"ENSG00000226571",0,"ENSG00000226571",3.20372646606194,-1.14511519535548,1.35538053851175,-0.84486619279103,0.398185551938458,1,FALSE
"chr6",139569243,139569571,"AluY",1243,"SetA_ER_H3K27ac","10nM",FALSE,"ENSG00000226571",0,"ENSG00000226571",3.20372646606194,-1.14511519535548,1.35538053851175,-0.84486619279103,0.398185551938458,1,FALSE
"chr6",139588034,139588754,"AluY",461,"SetA_ER_H3K27ac","10nM",FALSE,"ENSG00000226571",0,"ENSG00000226571",3.20372646606194,-1.14511519535548,1.35538053851175,-0.84486619279103,0.398185551938458,1,FALSE
"chr6",148770735,148771195,"AluSz6",1233,"SetA_ER_H3K27ac","10nM",FALSE,"UST",0,"ENSG00000111962",1461.40841129903,0.132074487604166,0.253446192814771,0.5211145061496,0.602287006206946,1,FALSE
"chr6",149032983,149033257,"AluSg",1761,"SetA_ER_H3K27ac","10nM",FALSE,"UST",0,"ENSG00000111962",1461.40841129903,0.132074487604166,0.253446192814771,0.5211145061496,0.602287006206946,1,FALSE
"chr6",149717554,149717812,"AluY",1151,"SetA_ER_H3K27ac","10nM",FALSE,"LATS1",0,"ENSG00000131023",1921.37223961541,-0.337850341523504,0.248852012784205,-1.3576355591565,0.174579353812515,0.944109130081293,FALSE
"chr6",149719308,149719591,"AluY",41,"SetA_ER_H3K27ac","10nM",FALSE,"ENSG00000278899",409,"ENSG00000278899",20.4919032468605,-0.0510852945110536,0.51545101432705,-0.0991079522420735,0.921052558200377,1,FALSE
"chr6",150659214,150659638,"AluSz",439,"SetA_ER_H3K27ac","10nM",FALSE,"PLEKHG1",0,"ENSG00000120278",32.7662560320678,0.688805699176419,0.718485581801362,0.958691053269948,0.337714406900233,1,FALSE
"chr6",151616106,151616520,"AluSx1",1355,"SetA_ER_H3K27ac","10nM",FALSE,"CCDC170",0,"ENSG00000120262",3004.55469501984,-0.207289943505145,0.254383946907763,-0.814870380088514,0.41514650943168,1,FALSE
"chr6",151658077,151658444,"AluSq",566,"SetA_ER_H3K27ac","10nM",FALSE,"ESR1",0,"ENSG00000091831",28692.1312410121,0.141891909362714,0.18290319672097,0.775775994660052,0.43788126011963,1,FALSE
"chr6",151664481,151664677,"AluY",3601,"SetA_ER_H3K27ac","10nM",FALSE,"ESR1",0,"ENSG00000091831",28692.1312410121,0.141891909362714,0.18290319672097,0.775775994660052,0.43788126011963,1,FALSE
"chr6",151807142,151807345,"AluSq2",4136,"SetA_ER_H3K27ac","10nM",FALSE,"ESR1",0,"ENSG00000091831",28692.1312410121,0.141891909362714,0.18290319672097,0.775775994660052,0.43788126011963,1,FALSE
"chr6",154293086,154293497,"AluJo",914,"SetA_ER_H3K27ac","10nM",FALSE,"IPCEF1",0,"ENSG00000074706",2.77146411215961,1.74522765642932,1.63906779355303,1.06476843928839,0.286980730567537,1,FALSE
"chr6",156822927,156823126,"AluSz",785,"SetA_ER_H3K27ac","10nM",FALSE,"ARID1B",0,"ENSG00000049618",1802.26961254011,0.071091439117425,0.257461191544022,0.276124874164848,0.782452156261002,1,FALSE
"chr6",156827048,156827740,"AluSz",15,"SetA_ER_H3K27ac","10nM",FALSE,"ARID1B",0,"ENSG00000049618",1802.26961254011,0.071091439117425,0.257461191544022,0.276124874164848,0.782452156261002,1,FALSE
"chr6",157428349,157428645,"AluSc",1424,"SetA_ER_H3K27ac","10nM",FALSE,"ZDHHC14",0,"ENSG00000175048",363.902360905726,0.537845903091492,0.571471481471551,0.941159656307831,0.346623047793079,1,FALSE
"chr6",157989891,157990116,"AluSz",2191,"SetA_ER_H3K27ac","10nM",FALSE,"SYNJ2",0,"ENSG00000078269",2946.60325128866,0.245155189141291,0.11828787382341,2.07253018603817,0.038216024153654,0.450034782962064,FALSE
"chr6",158039541,158039988,"AluJo",1720,"SetA_ER_H3K27ac","10nM",FALSE,"SYNJ2",0,"ENSG00000078269",2946.60325128866,0.245155189141291,0.11828787382341,2.07253018603817,0.038216024153654,0.450034782962064,FALSE
"chr6",158040420,158040744,"AluJo",964,"SetA_ER_H3K27ac","10nM",FALSE,"SYNJ2",0,"ENSG00000078269",2946.60325128866,0.245155189141291,0.11828787382341,2.07253018603817,0.038216024153654,0.450034782962064,FALSE
"chr6",158049209,158049834,"AluSx1",1406,"SetA_ER_H3K27ac","10nM",FALSE,"SYNJ2",0,"ENSG00000078269",2946.60325128866,0.245155189141291,0.11828787382341,2.07253018603817,0.038216024153654,0.450034782962064,FALSE
"chr6",158704651,158704878,"AluSz",526,"SetA_ER_H3K27ac","10nM",FALSE,"SYTL3",0,"ENSG00000164674",54.0783641622039,0.252291031070541,0.561511649074054,0.449306851401168,0.653210316009295,1,FALSE
"chr6",158705357,158705881,"AluSz",1232,"SetA_ER_H3K27ac","10nM",FALSE,"SYTL3",0,"ENSG00000164674",54.0783641622039,0.252291031070541,0.561511649074054,0.449306851401168,0.653210316009295,1,FALSE
"chr6",166512554,166512808,"AluJb",4405,"SetA_ER_H3K27ac","10nM",FALSE,"RPS6KA2",0,"ENSG00000071242",256.9379695897,0.608708504004875,0.368955569446271,1.64981519297412,0.0989807403837753,0.762565137220915,FALSE
"chr6",166627991,166628248,"AluSc5",2861,"SetA_ER_H3K27ac","10nM",FALSE,"RPS6KA2",0,"ENSG00000071242",256.9379695897,0.608708504004875,0.368955569446271,1.64981519297412,0.0989807403837753,0.762565137220915,FALSE
"chr6",166628450,166628639,"AluSc5",3320,"SetA_ER_H3K27ac","10nM",FALSE,"RPS6KA2",0,"ENSG00000071242",256.9379695897,0.608708504004875,0.368955569446271,1.64981519297412,0.0989807403837753,0.762565137220915,FALSE
"chr6",169932372,169932648,"AluY",12467,"SetA_ER_H3K27ac","10nM",FALSE,"ENSG00000307014",1018,"ENSG00000307014",5.00942820463677,0.931928651444596,0.935573211612411,0.996104462886946,0.319199391685307,1,FALSE
"chr7",524559,524918,"AluJo",2,"SetA_ER_H3K27ac","10nM",FALSE,"PDGFA-DT",0,"ENSG00000223855",42.7421647505539,1.52554291947033,0.520998112878714,2.92811601762073,0.00341022769051172,0.0863751459660155,FALSE
"chr7",1936768,1937095,"AluSx1",15151,"SetA_ER_H3K27ac","10nM",FALSE,"MAD1L1",0,"ENSG00000002822",596.441095059474,-0.262393921086976,0.492168327557458,-0.533138575554403,0.593937657582892,1,FALSE
"chr7",2440692,2441220,"AluJb",201,"SetA_ER_H3K27ac","10nM",FALSE,"CHST12",0,"ENSG00000136213",700.591592883099,0.077170965762478,0.347280538979989,0.222215059873899,0.824146471096874,1,FALSE
"chr7",2539392,2539861,"AluJb",170,"SetA_ER_H3K27ac","10nM",FALSE,"BRAT1",0,"ENSG00000106009",1955.50355342279,0.146116928707414,0.181956318700973,0.803033001275115,0.421955660355517,1,FALSE
"chr7",2680853,2681075,"AluJo",144,"SetA_ER_H3K27ac","10nM",FALSE,"AMZ1",0,"ENSG00000174945",1010.05721608106,2.66135325558191,0.431528719858537,6.16726797802554,6.94799534586296e-10,1.4168238672625e-07,TRUE
"chr7",2687488,2687819,"AluSg4",149,"SetA_ER_H3K27ac","10nM",FALSE,"AMZ1",0,"ENSG00000174945",1010.05721608106,2.66135325558191,0.431528719858537,6.16726797802554,6.94799534586296e-10,1.4168238672625e-07,TRUE
"chr7",2688059,2688323,"AluSg4",720,"SetA_ER_H3K27ac","10nM",FALSE,"AMZ1",0,"ENSG00000174945",1010.05721608106,2.66135325558191,0.431528719858537,6.16726797802554,6.94799534586296e-10,1.4168238672625e-07,TRUE
"chr7",2689142,2689469,"AluJr",769,"SetA_ER_H3K27ac","10nM",FALSE,"AMZ1",0,"ENSG00000174945",1010.05721608106,2.66135325558191,0.431528719858537,6.16726797802554,6.94799534586296e-10,1.4168238672625e-07,TRUE
"chr7",2811079,2811457,"AluSq2",152,"SetA_ER_H3K27ac","10nM",FALSE,"GNA12",0,"ENSG00000146535",3082.30353494412,0.379430826790043,0.397228952053385,0.95519428991432,0.339479452898135,1,FALSE
"chr7",4683205,4684128,"AluSc8",1089,"SetA_ER_H3K27ac","10nM",FALSE,"FOXK1",0,"ENSG00000164916",3022.52286743682,1.59259435857143,0.426169511199367,3.73699740764984,0.000186230842971198,0.00836781909456272,TRUE
"chr7",6385670,6385943,"AluSx1",557,"SetA_ER_H3K27ac","10nM",FALSE,"RAC1",0,"ENSG00000136238",13208.3512390454,-0.014649838439936,0.125747377310033,-0.116502139076957,0.907254590905052,1,FALSE
"chr7",11261450,11261784,"AluSq",91,"SetA_ER_H3K27ac","10nM",FALSE,"ENSG00000230333",0,"ENSG00000230333",5.96691602043496,2.46431838854667,2.0960932006751,1.17567214461312,0.239725913884185,1,FALSE
"chr7",12595215,12595574,"AluJb",3037,"SetA_ER_H3K27ac","10nM",FALSE,"SCIN",0,"ENSG00000006747",1433.32160582814,-0.0200746138331494,0.401198674667578,-0.0500365905988663,0.960093229747072,1,FALSE
"chr7",12634631,12634972,"AluSx",0,"SetA_ER_H3K27ac","10nM",TRUE,"SCIN",0,"ENSG00000006747",1433.32160582814,-0.0200746138331494,0.401198674667578,-0.0500365905988663,0.960093229747072,1,FALSE
"chr7",16421506,16421775,"AluJb",4658,"SetA_ER_H3K27ac","10nM",FALSE,"CRPPA",0,"ENSG00000214960",76.5056217388285,0.161681131456439,0.354441721908768,0.456157166221122,0.648276964545081,1,FALSE
"chr7",16794590,16794843,"AluSz6",1243,"SetA_ER_H3K27ac","10nM",FALSE,"AGR2",0,"ENSG00000106541",8051.53677115051,-0.0204038695977637,0.290711632177166,-0.0701859414601239,0.944045663819374,1,FALSE
"chr7",20220874,20221256,"AluSq2",5419,"SetA_ER_H3K27ac","10nM",FALSE,"GIRGL",0,"ENSG00000233834",37.0922115021583,0.373243922426227,0.714620597665479,0.522296619556642,0.601463822496505,1,FALSE
"chr7",20737871,20738171,"AluSg",702,"SetA_ER_H3K27ac","10nM",FALSE,"ABCB5",0,"ENSG00000004846",6.00314496188434,-0.0761749438937272,0.905566819538579,-0.0841185236143493,0.9329621971258,1,FALSE
"chr7",23273237,23273437,"AluJb",151,"SetA_ER_H3K27ac","10nM",FALSE,"GPNMB",0,"ENSG00000136235",701.377734809915,0.377110572245698,0.474657723426665,0.794489489232891,0.426910525505236,1,FALSE
"chr7",26363830,26364207,"AluJb",3291,"SetA_ER_H3K27ac","10nM",FALSE,"SNX10",0,"ENSG00000086300",1035.26444595742,0.244067618966385,0.206319342685418,1.18296043303377,0.236824828922794,1,FALSE
"chr7",26491454,26491770,"AluSx",4629,"SetA_ER_H3K27ac","10nM",FALSE,"LINC02981",0,"ENSG00000214870",26.7736284943516,0.113170338250958,0.473692849490877,0.238910801319025,0.811174749822977,1,FALSE
"chr7",29100455,29101050,"AluY",269,"SetA_ER_H3K27ac","10nM",FALSE,"CPVL",0,"ENSG00000106066",12.6205357159177,0.864758990313125,0.829557184737663,1.04243445325182,0.297210299963932,1,FALSE
"chr7",29450224,29450454,"AluSg7",322,"SetA_ER_H3K27ac","10nM",FALSE,"CHN2",0,"ENSG00000106069",24.7710453334271,0.678212251090291,0.751390933336956,0.902609042776607,0.36673342553539,1,FALSE
"chr7",29456032,29456386,"AluSg7",4965,"SetA_ER_H3K27ac","10nM",FALSE,"CHN2",0,"ENSG00000106069",24.7710453334271,0.678212251090291,0.751390933336956,0.902609042776607,0.36673342553539,1,FALSE
"chr7",29562632,29562852,"AluY",0,"SetA_ER_H3K27ac","10nM",TRUE,"PRR15-DT",0,"ENSG00000223813",316.710585019903,0.803427223010451,0.298317783995217,2.69319251521167,0.00707713912953087,0.150137524803126,FALSE
"chr7",29947123,29947573,"AluY",1461,"SetA_ER_H3K27ac","10nM",FALSE,"SCRN1",0,"ENSG00000136193",4082.01536127312,-0.41904078096274,0.165342177948815,-2.53438527398896,0.0112644806005267,0.213348792463556,FALSE
"chr7",30159895,30160303,"AluSc",3061,"SetA_ER_H3K27ac","10nM",FALSE,"MTURN",0,"ENSG00000180354",551.092294632856,0.268574294496613,0.238336804257458,1.12686874078622,0.259797981494752,1,FALSE
"chr7",32680578,32680942,"AluJb",4881,"SetA_ER_H3K27ac","10nM",FALSE,"ENSG00000293957",0,"ENSG00000293957",66.7823267186318,0.11594091704172,0.59513251580245,0.194815295691566,0.845537547484556,1,FALSE
"chr7",33832465,33832674,"AluY",692,"SetA_ER_H3K27ac","10nM",FALSE,"BBS9",0,"ENSG00000122507",432.155024458966,-0.343139757704779,0.311282548678048,-1.10234177650505,0.270313113627987,1,FALSE
"chr7",33832851,33833252,"AluY",114,"SetA_ER_H3K27ac","10nM",FALSE,"BBS9",0,"ENSG00000122507",432.155024458966,-0.343139757704779,0.311282548678048,-1.10234177650505,0.270313113627987,1,FALSE
"chr7",33842161,33842422,"AluSz6",2443,"SetA_ER_H3K27ac","10nM",FALSE,"BBS9",0,"ENSG00000122507",432.155024458966,-0.343139757704779,0.311282548678048,-1.10234177650505,0.270313113627987,1,FALSE
"chr7",33846067,33846627,"AluSx",512,"SetA_ER_H3K27ac","10nM",FALSE,"BBS9",0,"ENSG00000122507",432.155024458966,-0.343139757704779,0.311282548678048,-1.10234177650505,0.270313113627987,1,FALSE
"chr7",33848315,33848694,"AluSq2",589,"SetA_ER_H3K27ac","10nM",FALSE,"BBS9",0,"ENSG00000122507",432.155024458966,-0.343139757704779,0.311282548678048,-1.10234177650505,0.270313113627987,1,FALSE
"chr7",34036986,34037350,"AluJr4",0,"SetA_ER_H3K27ac","10nM",TRUE,"BMPER",0,"ENSG00000164619",10.9808022230144,2.72062557445878,1.00003537189733,2.72052934417414,0.00651774867653587,0.141060384457413,FALSE
"chr7",34064646,34064968,"AluSz6",345,"SetA_ER_H3K27ac","10nM",FALSE,"BMPER",0,"ENSG00000164619",10.9808022230144,2.72062557445878,1.00003537189733,2.72052934417414,0.00651774867653587,0.141060384457413,FALSE
"chr7",34069647,34069937,"AluSz6",5346,"SetA_ER_H3K27ac","10nM",FALSE,"BMPER",0,"ENSG00000164619",10.9808022230144,2.72062557445878,1.00003537189733,2.72052934417414,0.00651774867653587,0.141060384457413,FALSE
"chr7",34088061,34088254,"AluSx1",1219,"SetA_ER_H3K27ac","10nM",FALSE,"BMPER",0,"ENSG00000164619",10.9808022230144,2.72062557445878,1.00003537189733,2.72052934417414,0.00651774867653587,0.141060384457413,FALSE
"chr7",34175245,34175457,"AluSc",4434,"SetA_ER_H3K27ac","10nM",FALSE,"ENSG00000299240",0,"ENSG00000299240",16.5923043232502,-0.209914074304737,0.514459845727069,-0.408028101800778,0.683253043700429,1,FALSE
"chr7",35025227,35026078,"AluSq2",837,"SetA_ER_H3K27ac","10nM",FALSE,"DPY19L1",0,"ENSG00000173852",3190.55835294543,0.533664732511154,0.33352272743999,1.60008505749335,0.109579715386745,0.796595501014443,FALSE
"chr7",35026473,35026691,"AluSq2",224,"SetA_ER_H3K27ac","10nM",FALSE,"DPY19L1",0,"ENSG00000173852",3190.55835294543,0.533664732511154,0.33352272743999,1.60008505749335,0.109579715386745,0.796595501014443,FALSE
"chr7",36272765,36273321,"AluSx1",584,"SetA_ER_H3K27ac","10nM",FALSE,"EEPD1",0,"ENSG00000122547",261.054864984227,0.808144323136091,0.442980581707808,1.82433351823342,0.0681016660476521,0.627833887139036,FALSE
"chr7",39623977,39624264,"AluJo",3970,"SetA_ER_H3K27ac","10nM",FALSE,"RALA",0,"ENSG00000006451",3138.95406968827,0.223952948398454,0.25011607564177,0.895396058905115,0.370575406677027,1,FALSE
"chr7",42931007,42931324,"AluJo",202,"SetA_ER_H3K27ac","10nM",FALSE,"ENSG00000256646",0,"ENSG00000256646",523.400544539213,-0.244790537833955,0.250988687766153,-0.975305062601179,0.329408959990573,1,FALSE
"chr7",43808502,43808858,"AluSx",701,"SetA_ER_H3K27ac","10nM",FALSE,"BLVRA",406,"ENSG00000106605",1275.93480389723,0.0971780602343205,0.258603580779572,0.375780025711062,0.707080438481412,1,FALSE
"chr7",44150486,44150799,"AluSz",1667,"SetA_ER_H3K27ac","10nM",FALSE,"GCK",0,"ENSG00000106633",5.73440232149785,5.7017025201742,1.67061955776628,3.41292695495419,0.000642691660202671,0.0230171149417387,TRUE
"chr7",44153449,44153885,"AluSz",390,"SetA_ER_H3K27ac","10nM",FALSE,"GCK",0,"ENSG00000106633",5.73440232149785,5.7017025201742,1.67061955776628,3.41292695495419,0.000642691660202671,0.0230171149417387,TRUE
"chr7",44225095,44225390,"AluSz",2353,"SetA_ER_H3K27ac","10nM",FALSE,"CAMK2B",0,"ENSG00000058404",94.1037629492651,0.315176440169572,0.546926567663387,0.57626829414429,0.564433850011173,1,FALSE
"chr7",45575705,45575950,"AluJr",3373,"SetA_ER_H3K27ac","10nM",FALSE,"ADCY1",0,"ENSG00000164742",1111.38014324377,0.28222758818936,0.271243196071088,1.04049647061154,0.298109302936751,1,FALSE
"chr7",47380039,47380292,"AluSx1",8291,"SetA_ER_H3K27ac","10nM",FALSE,"TNS3",0,"ENSG00000136205",2354.95688882241,0.650808572271298,0.293226671983529,2.21947262801474,0.0264545873923684,0.366408069905129,FALSE
"chr7",47405993,47406333,"AluY",1081,"SetA_ER_H3K27ac","10nM",FALSE,"TNS3",0,"ENSG00000136205",2354.95688882241,0.650808572271298,0.293226671983529,2.21947262801474,0.0264545873923684,0.366408069905129,FALSE
"chr7",47470640,47470949,"AluSx1",644,"SetA_ER_H3K27ac","10nM",FALSE,"TNS3",0,"ENSG00000136205",2354.95688882241,0.650808572271298,0.293226671983529,2.21947262801474,0.0264545873923684,0.366408069905129,FALSE
"chr7",47471127,47471310,"AluSx1",1131,"SetA_ER_H3K27ac","10nM",FALSE,"TNS3",0,"ENSG00000136205",2354.95688882241,0.650808572271298,0.293226671983529,2.21947262801474,0.0264545873923684,0.366408069905129,FALSE
"chr7",47473164,47473401,"AluSx1",3168,"SetA_ER_H3K27ac","10nM",FALSE,"TNS3",0,"ENSG00000136205",2354.95688882241,0.650808572271298,0.293226671983529,2.21947262801474,0.0264545873923684,0.366408069905129,FALSE
"chr7",47475500,47476089,"AluSx1",5504,"SetA_ER_H3K27ac","10nM",FALSE,"TNS3",0,"ENSG00000136205",2354.95688882241,0.650808572271298,0.293226671983529,2.21947262801474,0.0264545873923684,0.366408069905129,FALSE
"chr7",47477381,47477850,"AluY",5322,"SetA_ER_H3K27ac","10nM",FALSE,"TNS3",0,"ENSG00000136205",2354.95688882241,0.650808572271298,0.293226671983529,2.21947262801474,0.0264545873923684,0.366408069905129,FALSE
"chr7",47512890,47513119,"AluJr",50,"SetA_ER_H3K27ac","10nM",FALSE,"TNS3",0,"ENSG00000136205",2354.95688882241,0.650808572271298,0.293226671983529,2.21947262801474,0.0264545873923684,0.366408069905129,FALSE
"chr7",47532442,47532742,"AluSg7",382,"SetA_ER_H3K27ac","10nM",FALSE,"TNS3",0,"ENSG00000136205",2354.95688882241,0.650808572271298,0.293226671983529,2.21947262801474,0.0264545873923684,0.366408069905129,FALSE
"chr7",47576005,47576780,"AluY",161,"SetA_ER_H3K27ac","10nM",FALSE,"TNS3",0,"ENSG00000136205",2354.95688882241,0.650808572271298,0.293226671983529,2.21947262801474,0.0264545873923684,0.366408069905129,FALSE
"chr7",47744051,47744518,"AluSc",65,"SetA_ER_H3K27ac","10nM",FALSE,"PKD1L1",0,"ENSG00000158683",3.36400672319654,0.435171834757682,1.43502186338802,0.30325101370251,0.761698574842636,1,FALSE
"chr7",47747179,47747406,"AluSq",194,"SetA_ER_H3K27ac","10nM",FALSE,"PKD1L1",0,"ENSG00000158683",3.36400672319654,0.435171834757682,1.43502186338802,0.30325101370251,0.761698574842636,1,FALSE
"chr7",47783393,47783736,"AluSq2",741,"SetA_ER_H3K27ac","10nM",FALSE,"PKD1L1",0,"ENSG00000158683",3.36400672319654,0.435171834757682,1.43502186338802,0.30325101370251,0.761698574842636,1,FALSE
"chr7",50771359,50771581,"AluYa5",2267,"SetA_ER_H3K27ac","10nM",FALSE,"GRB10",0,"ENSG00000106070",1686.56827497014,0.164877249276833,0.174992011653627,0.942198719351741,0.34609090946932,1,FALSE
"chr7",51265342,51265631,"AluSx",648,"SetA_ER_H3K27ac","10nM",FALSE,"COBL",0,"ENSG00000106078",2342.61466160383,-0.0446938563323175,0.225270366948681,-0.198400956760102,0.842731368937151,1,FALSE
"chr7",55177568,55178066,"AluJo",851,"SetA_ER_H3K27ac","10nM",FALSE,"EGFR",0,"ENSG00000146648",282.196764761104,0.591302574991123,0.511350344503023,1.15635509264359,0.247535942173815,1,FALSE
"chr7",55178414,55179093,"AluJo",1697,"SetA_ER_H3K27ac","10nM",FALSE,"EGFR",0,"ENSG00000146648",282.196764761104,0.591302574991123,0.511350344503023,1.15635509264359,0.247535942173815,1,FALSE
"chr7",55234778,55235106,"AluJo",1971,"SetA_ER_H3K27ac","10nM",FALSE,"ELDR",859,"ENSG00000280890",4.31359362794573,1.14265281914441,1.13359872444739,1.00798703677215,0.313460685529509,1,FALSE
"chr7",55964752,55965172,"AluSq2",398,"SetA_ER_H3K27ac","10nM",FALSE,"NIPSNAP2",0,"ENSG00000146729",2424.82038017946,0.192693238444656,0.365260795703997,0.52754974174894,0.597811883550205,1,FALSE
"chr7",64599170,64600504,"AluSx1",63,"SetA_ER_H3K27ac","10nM",FALSE,"ENSG00000286456",0,"ENSG00000286456",11.853168186502,0.325335012144461,0.714240793234232,0.455497663009804,0.648751248478737,1,FALSE
"chr7",64667395,64667624,"AluSz",1374,"SetA_ER_H3K27ac","10nM",FALSE,"ZNF107",0,"ENSG00000196247",2326.39513721143,0.223920614050756,0.178381195711357,1.2552927070468,0.209372521660584,0.989962875971881,FALSE
"chr7",70727876,70728499,"AluSx1",0,"SetA_ER_H3K27ac","10nM",TRUE,"AUTS2",0,"ENSG00000158321",804.968379344138,0.379719084770835,0.544117088801581,0.697862817738673,0.485262989426237,1,FALSE
"chr7",70752629,70752944,"AluSz",606,"SetA_ER_H3K27ac","10nM",FALSE,"AUTS2",0,"ENSG00000158321",804.968379344138,0.379719084770835,0.544117088801581,0.697862817738673,0.485262989426237,1,FALSE
"chr7",73706792,73707396,"AluSx",256,"SetA_ER_H3K27ac","10nM",FALSE,"STX1A",0,"ENSG00000106089",213.567378753979,0.257695514346265,0.268245447749541,0.960670596680073,0.336717819854111,1,FALSE
"chr7",73741657,73741866,"AluSx3",0,"SetA_ER_H3K27ac","10nM",TRUE,"ENSG00000297150",0,"ENSG00000297150",2.95779603697779,-0.365139592359364,1.5151582969055,-0.240991052291441,0.809562051424331,1,FALSE
"chr7",73822429,73822791,"AluSx1",88,"SetA_ER_H3K27ac","10nM",FALSE,"CLDN4",0,"ENSG00000189143",4761.04839477238,-0.598804549657036,0.149557714621787,-4.00383591826967,6.23235992624441e-05,0.00332176243046241,TRUE
"chr7",74994014,74994295,"AluSx1",176,"SetA_ER_H3K27ac","10nM",FALSE,"CASTOR2",0,"ENSG00000274070",964.515072182134,0.210790932390657,0.480298361530629,0.438874977043232,0.660752128966937,1,FALSE
"chr7",76307043,76307354,"AluSx3",0,"SetA_ER_H3K27ac","10nM",TRUE,"HSPB1",1231,"ENSG00000106211",44128.2224414254,0.173382649663064,0.178329866598237,0.97225805733193,0.330922184171127,1,FALSE
"chr7",87344505,87344796,"AluJb",3577,"SetA_ER_H3K27ac","10nM",FALSE,"TP53TG1",0,"ENSG00000182165",568.300620380634,-0.218928841652727,0.375924002376335,-0.582375268056331,0.560313936649937,1,FALSE
"chr7",87414140,87414384,"AluSc",8417,"SetA_ER_H3K27ac","10nM",FALSE,"ABCB4",0,"ENSG00000005471",64.8969431117356,0.192680907601609,0.677076654731093,0.28457768593149,0.77596770872153,1,FALSE
"chr7",87414971,87415272,"AluSc",9248,"SetA_ER_H3K27ac","10nM",FALSE,"ABCB4",0,"ENSG00000005471",64.8969431117356,0.192680907601609,0.677076654731093,0.28457768593149,0.77596770872153,1,FALSE
"chr7",88274871,88275136,"AluSq2",0,"SetA_ER_H3K27ac","10nM",TRUE,"SRI-AS1",0,"ENSG00000254003",4.4848335888627,0.401873356809176,1.29101453715142,0.311284919917242,0.755584030372271,1,FALSE
"chr7",92134769,92135074,"AluSq",1137,"SetA_ER_H3K27ac","10nM",FALSE,"CYP51A1",0,"ENSG00000001630",8701.03758203736,0.321288494641676,0.35952516559713,0.89364674683635,0.371510926408926,1,FALSE
"chr7",92608617,92608912,"AluSx",3877,"SetA_ER_H3K27ac","10nM",FALSE,"CDK6",0,"ENSG00000105810",129.711937341651,-0.95714216588424,0.515673007672243,-1.85610290172991,0.0634388922365194,0.601690945635787,FALSE
"chr7",93551842,93552225,"AluSq2",1329,"SetA_ER_H3K27ac","10nM",FALSE,"CALCR",0,"ENSG00000004948",123.131458190671,1.0892103410652,0.295351250835102,3.68784739521322,0.000226159211926849,0.00978260972109555,TRUE
"chr7",93811249,93811511,"AluSz",4144,"SetA_ER_H3K27ac","10nM",FALSE,"GNGT1",0,"ENSG00000127928",54.3521633754797,-0.294319252366823,0.401220906298998,-0.733559113560973,0.463217487594246,1,FALSE
"chr7",101944586,101945307,"FLAM_C",608,"SetA_ER_H3K27ac","10nM",FALSE,"CUX1",0,"ENSG00000257923",5560.73745119011,-0.120818877050817,0.217197358585769,-0.556263104843916,0.578031005325959,1,FALSE
"chr7",101971064,101971528,"AluJo",0,"SetA_ER_H3K27ac","10nM",TRUE,"CUX1",0,"ENSG00000257923",5560.73745119011,-0.120818877050817,0.217197358585769,-0.556263104843916,0.578031005325959,1,FALSE
"chr7",101972767,101973468,"AluSx3",318,"SetA_ER_H3K27ac","10nM",FALSE,"CUX1",0,"ENSG00000257923",5560.73745119011,-0.120818877050817,0.217197358585769,-0.556263104843916,0.578031005325959,1,FALSE
"chr7",102004170,102004545,"AluJr",190,"SetA_ER_H3K27ac","10nM",FALSE,"CUX1",0,"ENSG00000257923",5560.73745119011,-0.120818877050817,0.217197358585769,-0.556263104843916,0.578031005325959,1,FALSE
"chr7",102317209,102317626,"AluSq2",165,"SetA_ER_H3K27ac","10nM",FALSE,"SH2B2",0,"ENSG00000160999",76.1247873486994,2.16811470709489,0.398274411752844,5.44377103603721,5.21642630776662e-08,6.90364657843762e-06,TRUE
"chr7",102993028,102993421,"AluJb",123,"SetA_ER_H3K27ac","10nM",FALSE,"FBXL13",0,"ENSG00000161040",10.3684486880842,0.378829395532044,0.709517870921233,0.533925093444334,0.593393360074278,1,FALSE
"chr7",105284008,105284399,"AluJb",0,"SetA_ER_H3K27ac","10nM",TRUE,"SRPK2",0,"ENSG00000135250",4423.1470725536,0.0903469783046984,0.239346319070564,0.377473857360899,0.705821488747003,1,FALSE
"chr7",105316516,105316854,"AluSq2",254,"SetA_ER_H3K27ac","10nM",FALSE,"SRPK2",0,"ENSG00000135250",4423.1470725536,0.0903469783046984,0.239346319070564,0.377473857360899,0.705821488747003,1,FALSE
"chr7",105581489,105581754,"AluSq2",280,"SetA_ER_H3K27ac","10nM",FALSE,"EFCAB10",0,"ENSG00000185055",8.06696185767798,3.80878171038644,1.03018242621356,3.69719150071861,0.000217997893960883,0.00951194304129756,TRUE
"chr7",105639824,105640430,"AluJb",101,"SetA_ER_H3K27ac","10nM",FALSE,"ATXN7L1",0,"ENSG00000146776",263.174937940953,-0.260186719190011,0.269402173499488,-0.965792947437025,0.334147798234978,1,FALSE
"chr7",105642403,105642601,"AluJb",1668,"SetA_ER_H3K27ac","10nM",FALSE,"ATXN7L1",0,"ENSG00000146776",263.174937940953,-0.260186719190011,0.269402173499488,-0.965792947437025,0.334147798234978,1,FALSE
"chr7",105759349,105759604,"AluJr",1462,"SetA_ER_H3K27ac","10nM",FALSE,"ATXN7L1",0,"ENSG00000146776",263.174937940953,-0.260186719190011,0.269402173499488,-0.965792947437025,0.334147798234978,1,FALSE
"chr7",105887767,105888241,"AluSp",3,"SetA_ER_H3K27ac","10nM",FALSE,"CDHR3",0,"ENSG00000128536",21.571969229228,1.0972716197117,0.58913959994448,1.86249849749551,0.0625328570342485,0.59952084353165,FALSE
"chr7",106009296,106009627,"AluJr",4330,"SetA_ER_H3K27ac","10nM",FALSE,"CDHR3",0,"ENSG00000128536",21.571969229228,1.0972716197117,0.58913959994448,1.86249849749551,0.0625328570342485,0.59952084353165,FALSE
"chr7",107951805,107952128,"AluSx1",947,"SetA_ER_H3K27ac","10nM",FALSE,"LAMB1",0,"ENSG00000091136",1233.92510086836,0.175913216629174,0.403479455027175,0.43599051807316,0.662843609100159,1,FALSE
"chr7",110760674,110761012,"AluSz",5297,"SetA_ER_H3K27ac","10nM",FALSE,"IMMP2L",0,"ENSG00000184903",40.1845890450175,-0.0652686680260288,0.584230301281881,-0.111717361942406,0.911047512669686,1,FALSE
"chr7",113281179,113281913,"AluSx3",2405,"SetA_ER_H3K27ac","10nM",FALSE,"ENSG00000305508",1507,"ENSG00000305508",2.73593389831579,0.489704765113099,1.33179194616093,0.367703654106589,0.713094215580257,1,FALSE
"chr7",116426459,116426781,"AluSx",1298,"SetA_ER_H3K27ac","10nM",FALSE,"CAV2-DT",0,"ENSG00000237813",4.42305702062881,-0.90436241233386,1.11080306409152,-0.814151888456935,0.415557943384833,1,FALSE
"chr7",116442157,116442365,"AluY",76,"SetA_ER_H3K27ac","10nM",FALSE,"CAV2-DT",0,"ENSG00000237813",4.42305702062881,-0.90436241233386,1.11080306409152,-0.814151888456935,0.415557943384833,1,FALSE
"chr7",116810363,116810796,"AluSz",1194,"SetA_ER_H3K27ac","10nM",FALSE,"CAPZA2",274,"ENSG00000198898",3821.18357773309,-0.115073422161014,0.375542316924193,-0.306419322071346,0.759285398568011,1,FALSE
"chr7",117123645,117123844,"AluJb",3418,"SetA_ER_H3K27ac","10nM",FALSE,"ST7",0,"ENSG00000004866",1165.15450811803,0.255651729639739,0.257953863091306,0.991075406183188,0.321648761045363,1,FALSE
"chr7",117124411,117124950,"AluJb",4184,"SetA_ER_H3K27ac","10nM",FALSE,"ST7",0,"ENSG00000004866",1165.15450811803,0.255651729639739,0.257953863091306,0.991075406183188,0.321648761045363,1,FALSE
"chr7",117171238,117171522,"AluJr4",425,"SetA_ER_H3K27ac","10nM",FALSE,"ST7",0,"ENSG00000004866",1165.15450811803,0.255651729639739,0.257953863091306,0.991075406183188,0.321648761045363,1,FALSE
"chr7",120674124,120674453,"AluSx",0,"SetA_ER_H3K27ac","10nM",TRUE,"KCND2",0,"ENSG00000184408",6.15759997994931,-0.262259603124424,1.27108069234983,-0.206328051950493,0.836534667636741,1,FALSE
"chr7",120717104,120717538,"AluSx1",4545,"SetA_ER_H3K27ac","10nM",FALSE,"KCND2",0,"ENSG00000184408",6.15759997994931,-0.262259603124424,1.27108069234983,-0.206328051950493,0.836534667636741,1,FALSE
"chr7",121396570,121396829,"AluSx",1177,"SetA_ER_H3K27ac","10nM",FALSE,"FAM3C",0,"ENSG00000196937",1256.81079748914,-0.303634374504011,0.311619812620625,-0.974374421031003,0.329870665191027,1,FALSE
"chr7",122679344,122679683,"AluSz6",749,"SetA_ER_H3K27ac","10nM",FALSE,"CADPS2",0,"ENSG00000081803",495.306095862817,0.140923471531968,0.255117895045596,0.552385678420488,0.580684140667702,1,FALSE
"chr7",128443954,128444295,"AluSz",721,"SetA_ER_H3K27ac","10nM",FALSE,"ENSG00000302195",0,"ENSG00000302195",4.00528185277072,-0.0619409446597666,1.13634367770208,-0.0545089886758763,0.956529647310616,1,FALSE
"chr7",128863854,128864056,"AluSx1",8,"SetA_ER_H3K27ac","10nM",FALSE,"KCP",0,"ENSG00000135253",17.94147368716,0.74420800588225,0.677358270119599,1.09869184257667,0.27190250189763,1,FALSE
"chr7",130899989,130900215,"AluSx",116,"SetA_ER_H3K27ac","10nM",FALSE,"LINC-PINT",0,"ENSG00000231721",37.0735447018631,0.257434141004809,0.597493729522726,0.430856640471266,0.66657261244211,1,FALSE
"chr7",131606220,131606458,"AluJo",622,"SetA_ER_H3K27ac","10nM",FALSE,"ENSG00000306749",0,"ENSG00000306749",3.30763927857185,-0.374630599945152,1.42527853522883,-0.262847289624694,0.792668284807773,1,FALSE
"chr7",132214481,132214839,"AluJb",5964,"SetA_ER_H3K27ac","10nM",FALSE,"PLXNA4",0,"ENSG00000221866",106.988934002362,0.787930740909192,0.681738945910834,1.15576606798733,0.24777685584622,1,FALSE
"chr7",132249042,132249250,"AluSc8",3050,"SetA_ER_H3K27ac","10nM",FALSE,"PLXNA4",0,"ENSG00000221866",106.988934002362,0.787930740909192,0.681738945910834,1.15576606798733,0.24777685584622,1,FALSE
"chr7",132255790,132256166,"AluSz",2247,"SetA_ER_H3K27ac","10nM",FALSE,"PLXNA4",0,"ENSG00000221866",106.988934002362,0.787930740909192,0.681738945910834,1.15576606798733,0.24777685584622,1,FALSE
"chr7",132387682,132387923,"AluSq2",3922,"SetA_ER_H3K27ac","10nM",FALSE,"PLXNA4",0,"ENSG00000221866",106.988934002362,0.787930740909192,0.681738945910834,1.15576606798733,0.24777685584622,1,FALSE
"chr7",132829798,132830082,"AluJb",4848,"SetA_ER_H3K27ac","10nM",FALSE,"CHCHD3",0,"ENSG00000106554",2886.42581998824,-0.0835727954267078,0.188946512315722,-0.442309277913853,0.658265418066509,1,FALSE
"chr7",133647761,133648144,"AluSc8",2371,"SetA_ER_H3K27ac","10nM",FALSE,"EXOC4",0,"ENSG00000131558",2173.76470628,-0.0343371778249675,0.236566546424398,-0.145148070781601,0.884593965132086,1,FALSE
"chr7",139075991,139076182,"AluJb",253,"SetA_ER_H3K27ac","10nM",FALSE,"ZC3HAV1",0,"ENSG00000105939",5119.18944791832,-0.474505723595733,0.172761998681633,-2.74658621234265,0.0060219056793437,0.134162090170165,FALSE
"chr7",139741741,139742303,"AluSx1",578,"SetA_ER_H3K27ac","10nM",FALSE,"HIPK2",0,"ENSG00000064393",4341.00366349585,0.475502886595271,0.492976533356441,0.964554810262063,0.334767842943258,1,FALSE
"chr7",139771083,139771387,"AluSx3",1205,"SetA_ER_H3K27ac","10nM",FALSE,"HIPK2",0,"ENSG00000064393",4341.00366349585,0.475502886595271,0.492976533356441,0.964554810262063,0.334767842943258,1,FALSE
"chr7",139771932,139772287,"AluSx3",305,"SetA_ER_H3K27ac","10nM",FALSE,"HIPK2",0,"ENSG00000064393",4341.00366349585,0.475502886595271,0.492976533356441,0.964554810262063,0.334767842943258,1,FALSE
"chr7",139773058,139773341,"AluSx3",179,"SetA_ER_H3K27ac","10nM",FALSE,"HIPK2",0,"ENSG00000064393",4341.00366349585,0.475502886595271,0.492976533356441,0.964554810262063,0.334767842943258,1,FALSE
"chr7",140017650,140017930,"AluY",1319,"SetA_ER_H3K27ac","10nM",FALSE,"TBXAS1",0,"ENSG00000059377",22.1143092252398,-0.2247273826863,0.636304574064074,-0.353175808954142,0.723956642458516,1,FALSE
"chr7",140308472,140308737,"AluSg7",0,"SetA_ER_H3K27ac","10nM",TRUE,"SLC37A3",0,"ENSG00000157800",483.816779515432,0.929774491354168,0.295396496908687,3.14754745260767,0.0016464637942304,0.0494768288985594,TRUE
"chr7",140309278,140309544,"AluSx",226,"SetA_ER_H3K27ac","10nM",FALSE,"SLC37A3",0,"ENSG00000157800",483.816779515432,0.929774491354168,0.295396496908687,3.14754745260767,0.0016464637942304,0.0494768288985594,TRUE
"chr7",140310328,140310674,"AluSx",259,"SetA_ER_H3K27ac","10nM",FALSE,"SLC37A3",0,"ENSG00000157800",483.816779515432,0.929774491354168,0.295396496908687,3.14754745260767,0.0016464637942304,0.0494768288985594,TRUE
"chr7",142008264,142008505,"AluSz",8084,"SetA_ER_H3K27ac","10nM",FALSE,"MGAM",0,"ENSG00000257335",3.01640075108158,0.457222682692202,2.57823180616068,0.177339633154656,0.859241621369538,1,FALSE
"chr7",149498038,149498227,"AluSz6",849,"SetA_ER_H3K27ac","10nM",FALSE,"ZNF746",222,"ENSG00000181220",1287.36917465393,-0.0323510617160275,0.275423158686701,-0.117459482602287,0.906495949929636,1,FALSE
"chr7",151688202,151688415,"AluJb",2419,"SetA_ER_H3K27ac","10nM",FALSE,"PRKAG2",0,"ENSG00000106617",840.215501030304,0.758015761685834,0.156539041663528,4.84234318563893,1.28316893895355e-06,0.000125087063785599,TRUE
"chr7",151694752,151695374,"AluSz",580,"SetA_ER_H3K27ac","10nM",FALSE,"PRKAG2",0,"ENSG00000106617",840.215501030304,0.758015761685834,0.156539041663528,4.84234318563893,1.28316893895355e-06,0.000125087063785599,TRUE
"chr7",151736058,151736264,"AluSx3",904,"SetA_ER_H3K27ac","10nM",FALSE,"PRKAG2",0,"ENSG00000106617",840.215501030304,0.758015761685834,0.156539041663528,4.84234318563893,1.28316893895355e-06,0.000125087063785599,TRUE
"chr7",151851085,151851272,"AluSx",947,"SetA_ER_H3K27ac","10nM",FALSE,"PRKAG2",0,"ENSG00000106617",840.215501030304,0.758015761685834,0.156539041663528,4.84234318563893,1.28316893895355e-06,0.000125087063785599,TRUE
"chr7",151856560,151856932,"AluY",2783,"SetA_ER_H3K27ac","10nM",FALSE,"PRKAG2",0,"ENSG00000106617",840.215501030304,0.758015761685834,0.156539041663528,4.84234318563893,1.28316893895355e-06,0.000125087063785599,TRUE
"chr7",156516220,156516557,"AluSz",4207,"SetA_ER_H3K27ac","10nM",FALSE,"RNF32-DT",0,"ENSG00000182648",240.006083905308,0.308366984510928,0.330179432353339,0.933937593607985,0.350336085300918,1,FALSE
"chr7",157255295,157255743,"AluSz",164,"SetA_ER_H3K27ac","10nM",FALSE,"UBE3C",0,"ENSG00000009335",4661.88663654849,0.077207300103225,0.172816773537091,0.446758138825304,0.655049699088119,1,FALSE
"chr7",157875033,157875464,"AluYm1",14896,"SetA_ER_H3K27ac","10nM",FALSE,"PTPRN2",0,"ENSG00000155093",63.8313793376671,0.452497871242911,0.594563097823085,0.76105946181267,0.446621552082435,1,FALSE
"chr8",693485,693752,"AluSx",4076,"SetA_ER_H3K27ac","10nM",FALSE,"ERICH1",0,"ENSG00000104714",354.277980010205,0.914576762406964,0.480766457037944,1.90233064103884,0.0571279422817713,0.569631323107001,FALSE
"chr8",694150,694629,"AluSz",3586,"SetA_ER_H3K27ac","10nM",FALSE,"ERICH1",0,"ENSG00000104714",354.277980010205,0.914576762406964,0.480766457037944,1.90233064103884,0.0571279422817713,0.569631323107001,FALSE
"chr8",1764506,1764747,"AluY",1637,"SetA_ER_H3K27ac","10nM",FALSE,"CLN8",0,"ENSG00000182372",605.987418202458,0.663729984876383,0.289299665678229,2.29426461078116,0.0217753040338188,0.326449869326207,FALSE
"chr8",3767041,3767510,"AluSx1",1999,"SetA_ER_H3K27ac","10nM",FALSE,"CSMD1",0,"ENSG00000183117",238.233921907592,-0.273549164988864,0.674455231771883,-0.405585355562021,0.685047290810578,1,FALSE
"chr8",8236927,8237216,"AluSx4",1477,"SetA_ER_H3K27ac","10nM",FALSE,"FAM85B",0,"ENSG00000253893",22.0056138700367,1.64347386918188,0.588797764554711,2.79123659789161,0.00525070750676958,0.120887256699635,FALSE
"chr8",8461427,8461793,"AluSz",690,"SetA_ER_H3K27ac","10nM",FALSE,"LINC02950",0,"ENSG00000254153",23.2573770332847,0.565925342835294,0.67764150228326,0.835139732334063,0.403639038019529,1,FALSE
"chr8",8462453,8462658,"AluSz",1716,"SetA_ER_H3K27ac","10nM",FALSE,"ENSG00000305749",0,"ENSG00000305749",4.08272059342346,-1.69371385281232,1.17331350337747,-1.44353052098765,0.148871081150086,0.894079413509746,FALSE
"chr8",8478909,8479149,"AluSz",263,"SetA_ER_H3K27ac","10nM",FALSE,"ENSG00000305749",0,"ENSG00000305749",4.08272059342346,-1.69371385281232,1.17331350337747,-1.44353052098765,0.148871081150086,0.894079413509746,FALSE
"chr8",8935520,8935754,"AluJr",619,"SetA_ER_H3K27ac","10nM",FALSE,"ENSG00000293372",0,"ENSG00000293372",9.85907952470592,0.791529092764635,0.798237971477573,0.991595390155997,0.321394938926839,1,FALSE
"chr8",9100343,9100630,"AluJb",721,"SetA_ER_H3K27ac","10nM",FALSE,"ERI1",0,"ENSG00000104626",379.426487978653,0.163476855809031,0.177920820153677,0.918818020666888,0.358190765056442,1,FALSE
"chr8",9102729,9103000,"AluJr",2416,"SetA_ER_H3K27ac","10nM",FALSE,"ERI1",0,"ENSG00000104626",379.426487978653,0.163476855809031,0.177920820153677,0.918818020666888,0.358190765056442,1,FALSE
"chr8",9104418,9104695,"AluJr",721,"SetA_ER_H3K27ac","10nM",FALSE,"ERI1",0,"ENSG00000104626",379.426487978653,0.163476855809031,0.177920820153677,0.918818020666888,0.358190765056442,1,FALSE
"chr8",11711151,11711378,"AluSc",31,"SetA_ER_H3K27ac","10nM",FALSE,"GATA4",0,"ENSG00000136574",7.94254222321071,5.56046548117248,1.98877856798428,2.79591985286138,0.00517522326861802,0.119839700811196,FALSE
"chr8",11713226,11713446,"AluJb",343,"SetA_ER_H3K27ac","10nM",FALSE,"GATA4",0,"ENSG00000136574",7.94254222321071,5.56046548117248,1.98877856798428,2.79591985286138,0.00517522326861802,0.119839700811196,FALSE
"chr8",11730649,11731040,"AluJb",437,"SetA_ER_H3K27ac","10nM",FALSE,"GATA4",0,"ENSG00000136574",7.94254222321071,5.56046548117248,1.98877856798428,2.79591985286138,0.00517522326861802,0.119839700811196,FALSE
"chr8",13116172,13116445,"AluJb",745,"SetA_ER_H3K27ac","10nM",FALSE,"DLC1",0,"ENSG00000164741",1675.06419982457,-0.309133840202342,0.496180252902802,-0.623027293798609,0.53326658610374,1,FALSE
"chr8",13156895,13157313,"AluSg",2565,"SetA_ER_H3K27ac","10nM",FALSE,"DLC1",0,"ENSG00000164741",1675.06419982457,-0.309133840202342,0.496180252902802,-0.623027293798609,0.53326658610374,1,FALSE
"chr8",13159305,13159491,"AluSg",387,"SetA_ER_H3K27ac","10nM",FALSE,"DLC1",0,"ENSG00000164741",1675.06419982457,-0.309133840202342,0.496180252902802,-0.623027293798609,0.53326658610374,1,FALSE
"chr8",13210247,13210547,"AluSx1",3241,"SetA_ER_H3K27ac","10nM",FALSE,"DLC1",0,"ENSG00000164741",1675.06419982457,-0.309133840202342,0.496180252902802,-0.623027293798609,0.53326658610374,1,FALSE
"chr8",13275810,13276166,"AluJr",876,"SetA_ER_H3K27ac","10nM",FALSE,"DLC1",0,"ENSG00000164741",1675.06419982457,-0.309133840202342,0.496180252902802,-0.623027293798609,0.53326658610374,1,FALSE
"chr8",13276612,13276925,"AluJr",117,"SetA_ER_H3K27ac","10nM",FALSE,"DLC1",0,"ENSG00000164741",1675.06419982457,-0.309133840202342,0.496180252902802,-0.623027293798609,0.53326658610374,1,FALSE
"chr8",17329590,17330050,"AluJb",2013,"SetA_ER_H3K27ac","10nM",FALSE,"MTMR7",0,"ENSG00000003987",18.851412540986,-0.544254072079481,0.688959222960387,-0.789965579879862,0.429547870210918,1,FALSE
"chr8",17527806,17528209,"AluJb",170,"SetA_ER_H3K27ac","10nM",FALSE,"SLC7A2",0,"ENSG00000003989",4565.10615002467,0.573241696299932,0.220392931753603,2.60099855171766,0.00929528464046362,0.183735873644931,FALSE
"chr8",17537360,17537873,"AluSz",10,"SetA_ER_H3K27ac","10nM",FALSE,"SLC7A2",0,"ENSG00000003989",4565.10615002467,0.573241696299932,0.220392931753603,2.60099855171766,0.00929528464046362,0.183735873644931,FALSE
"chr8",17538818,17539054,"AluSz",1468,"SetA_ER_H3K27ac","10nM",FALSE,"SLC7A2",0,"ENSG00000003989",4565.10615002467,0.573241696299932,0.220392931753603,2.60099855171766,0.00929528464046362,0.183735873644931,FALSE
"chr8",17618908,17619243,"AluJr",554,"SetA_ER_H3K27ac","10nM",FALSE,"PDGFRL",0,"ENSG00000104213",81.0068323348428,0.49500210291362,0.459058509054064,1.07829850258875,0.280900565112428,1,FALSE
"chr8",17749689,17750134,"AluSz6",2,"SetA_ER_H3K27ac","10nM",FALSE,"MTUS1",0,"ENSG00000129422",3302.95786073169,0.77370094148593,0.204761621388672,3.77854471086316,0.000157747532554739,0.00726958744491042,TRUE
"chr8",17750598,17750825,"AluSz",210,"SetA_ER_H3K27ac","10nM",FALSE,"MTUS1",0,"ENSG00000129422",3302.95786073169,0.77370094148593,0.204761621388672,3.77854471086316,0.000157747532554739,0.00726958744491042,TRUE
"chr8",17752007,17752253,"AluSc",118,"SetA_ER_H3K27ac","10nM",FALSE,"MTUS1",0,"ENSG00000129422",3302.95786073169,0.77370094148593,0.204761621388672,3.77854471086316,0.000157747532554739,0.00726958744491042,TRUE
"chr8",17755194,17755446,"AluSx",2093,"SetA_ER_H3K27ac","10nM",FALSE,"MTUS1",0,"ENSG00000129422",3302.95786073169,0.77370094148593,0.204761621388672,3.77854471086316,0.000157747532554739,0.00726958744491042,TRUE
"chr8",17802803,17803035,"AluSx1",512,"SetA_ER_H3K27ac","10nM",FALSE,"MTUS1-DT",0,"ENSG00000253944",46.6773254743248,1.24944250499155,0.564069444126154,2.21505085588737,0.0267565740541618,0.368456038388836,FALSE
"chr8",17803345,17803685,"AluSx1",0,"SetA_ER_H3K27ac","10nM",TRUE,"MTUS1-DT",0,"ENSG00000253944",46.6773254743248,1.24944250499155,0.564069444126154,2.21505085588737,0.0267565740541618,0.368456038388836,FALSE
"chr8",17838455,17838759,"AluSx1",0,"SetA_ER_H3K27ac","10nM",TRUE,"MTUS1-DT",0,"ENSG00000253944",46.6773254743248,1.24944250499155,0.564069444126154,2.21505085588737,0.0267565740541618,0.368456038388836,FALSE
"chr8",17863246,17863633,"AluSz",0,"SetA_ER_H3K27ac","10nM",TRUE,"FGL1",0,"ENSG00000104760",6.32473383960211,-0.683800776750397,0.983496609208395,-0.695275174665605,0.486882868938769,1,FALSE
"chr8",17923102,17923454,"AluY",2101,"SetA_ER_H3K27ac","10nM",FALSE,"PCM1",0,"ENSG00000078674",1543.10163582556,0.371167862850682,0.285905362368489,1.29821931206839,0.194211983760178,0.97372399523882,FALSE
"chr8",19421662,19421938,"AluJr",259,"SetA_ER_H3K27ac","10nM",FALSE,"CSGALNACT1",0,"ENSG00000147408",34.2864518566495,0.418466181001935,0.463311191675389,0.903207581687616,0.366415734770708,1,FALSE
"chr8",19422600,19422885,"AluJr",121,"SetA_ER_H3K27ac","10nM",FALSE,"CSGALNACT1",0,"ENSG00000147408",34.2864518566495,0.418466181001935,0.463311191675389,0.903207581687616,0.366415734770708,1,FALSE
"chr8",21409621,21409938,"AluJo",3207,"SetA_ER_H3K27ac","10nM",FALSE,"ENSG00000305102",0,"ENSG00000305102",9.84117907255585,0.355823067989331,0.70978704067122,0.501309614856932,0.616153239596517,1,FALSE
"chr8",21418131,21418449,"AluSp",2775,"SetA_ER_H3K27ac","10nM",FALSE,"ENSG00000305102",0,"ENSG00000305102",9.84117907255585,0.355823067989331,0.70978704067122,0.501309614856932,0.616153239596517,1,FALSE
"chr8",22112702,22113014,"AluJb",17,"SetA_ER_H3K27ac","10nM",FALSE,"HR",1405,"ENSG00000168453",889.872900581278,0.863484185679393,0.404035072981123,2.13715155792858,0.0325856666150485,0.41136573697734,FALSE
"chr8",22129884,22130072,"FRAM",5492,"SetA_ER_H3K27ac","10nM",FALSE,"HR",0,"ENSG00000168453",889.872900581278,0.863484185679393,0.404035072981123,2.13715155792858,0.0325856666150485,0.41136573697734,FALSE
"chr8",22734837,22735283,"AluJr",1044,"SetA_ER_H3K27ac","10nM",FALSE,"EGR3-AS1",0,"ENSG00000253125",48.3158151210518,1.63452035408977,0.66792618356125,2.44715717742166,0.0143988031692148,0.252630098800342,FALSE
"chr8",22739081,22739522,"AluSx1",1756,"SetA_ER_H3K27ac","10nM",FALSE,"EGR3-AS1",0,"ENSG00000253125",48.3158151210518,1.63452035408977,0.66792618356125,2.44715717742166,0.0143988031692148,0.252630098800342,FALSE
"chr8",22741543,22741727,"AluSx1",4218,"SetA_ER_H3K27ac","10nM",FALSE,"EGR3-AS1",0,"ENSG00000253125",48.3158151210518,1.63452035408977,0.66792618356125,2.44715717742166,0.0143988031692148,0.252630098800342,FALSE
"chr8",22743760,22744160,"AluJb",2718,"SetA_ER_H3K27ac","10nM",FALSE,"EGR3-AS1",0,"ENSG00000253125",48.3158151210518,1.63452035408977,0.66792618356125,2.44715717742166,0.0143988031692148,0.252630098800342,FALSE
"chr8",26323414,26323665,"AluJb",2161,"SetA_ER_H3K27ac","10nM",FALSE,"PPP2R2A",0,"ENSG00000221914",2250.47470513756,0.274842217833132,0.174399644754198,1.57593335823878,0.11504116225789,0.811108296436066,FALSE
"chr8",28147750,28148043,"AluSq2",1828,"SetA_ER_H3K27ac","10nM",FALSE,"ELP3",0,"ENSG00000134014",930.482414299806,0.223843418743532,0.220340480544806,1.01589784223972,0.309678036501729,1,FALSE
"chr8",28369392,28369604,"AluSx1",258,"SetA_ER_H3K27ac","10nM",FALSE,"ZNF395",0,"ENSG00000186918",1206.85065784584,-0.14276258599582,0.459806416734268,-0.310484109834261,0.756192841358125,1,FALSE
"chr8",30531369,30531976,"AluSp",609,"SetA_ER_H3K27ac","10nM",FALSE,"RBPMS",0,"ENSG00000157110",2046.40900116001,-0.0944845183326845,0.313175009697581,-0.30169877993753,0.762881698439151,1,FALSE
"chr8",30532962,30533185,"AluSx3",667,"SetA_ER_H3K27ac","10nM",FALSE,"RBPMS",0,"ENSG00000157110",2046.40900116001,-0.0944845183326845,0.313175009697581,-0.30169877993753,0.762881698439151,1,FALSE
"chr8",30552875,30553225,"AluSc",549,"SetA_ER_H3K27ac","10nM",FALSE,"RBPMS",0,"ENSG00000157110",2046.40900116001,-0.0944845183326845,0.313175009697581,-0.30169877993753,0.762881698439151,1,FALSE
"chr8",37546879,37547120,"AluJr",1752,"SetA_ER_H3K27ac","10nM",FALSE,"LINC01605",0,"ENSG00000253161",67.6885283246417,0.878851773854906,0.623668115870322,1.40916579105295,0.158786150523698,0.914100954048157,FALSE
"chr8",37556319,37556590,"AluJb",1053,"SetA_ER_H3K27ac","10nM",FALSE,"LINC01605",0,"ENSG00000253161",67.6885283246417,0.878851773854906,0.623668115870322,1.40916579105295,0.158786150523698,0.914100954048157,FALSE
"chr8",37562597,37562891,"AluJo",537,"SetA_ER_H3K27ac","10nM",FALSE,"LINC01605",0,"ENSG00000253161",67.6885283246417,0.878851773854906,0.623668115870322,1.40916579105295,0.158786150523698,0.914100954048157,FALSE
"chr8",37566945,37567553,"AluJr",1378,"SetA_ER_H3K27ac","10nM",FALSE,"LINC01605",0,"ENSG00000253161",67.6885283246417,0.878851773854906,0.623668115870322,1.40916579105295,0.158786150523698,0.914100954048157,FALSE
"chr8",37590566,37591005,"AluJb",1194,"SetA_ER_H3K27ac","10nM",FALSE,"LINC01605",0,"ENSG00000253161",67.6885283246417,0.878851773854906,0.623668115870322,1.40916579105295,0.158786150523698,0.914100954048157,FALSE
"chr8",37593450,37593863,"AluSq2",236,"SetA_ER_H3K27ac","10nM",FALSE,"LINC01605",0,"ENSG00000253161",67.6885283246417,0.878851773854906,0.623668115870322,1.40916579105295,0.158786150523698,0.914100954048157,FALSE
"chr8",37598545,37598939,"AluJr",1515,"SetA_ER_H3K27ac","10nM",FALSE,"LINC01605",0,"ENSG00000253161",67.6885283246417,0.878851773854906,0.623668115870322,1.40916579105295,0.158786150523698,0.914100954048157,FALSE
"chr8",37599927,37600110,"AluJr",344,"SetA_ER_H3K27ac","10nM",FALSE,"LINC01605",0,"ENSG00000253161",67.6885283246417,0.878851773854906,0.623668115870322,1.40916579105295,0.158786150523698,0.914100954048157,FALSE
"chr8",37601628,37601887,"AluSx",505,"SetA_ER_H3K27ac","10nM",FALSE,"LINC01605",0,"ENSG00000253161",67.6885283246417,0.878851773854906,0.623668115870322,1.40916579105295,0.158786150523698,0.914100954048157,FALSE
"chr8",37691526,37691724,"AluSz",436,"SetA_ER_H3K27ac","10nM",FALSE,"ENSG00000308809",1772,"ENSG00000308809",43.1888364315617,1.77948201576616,0.428280958464278,4.15494077099993,3.25371816070971e-05,0.00190681242591269,TRUE
"chr8",37694280,37694547,"AluSz",1827,"SetA_ER_H3K27ac","10nM",FALSE,"ENSG00000308809",0,"ENSG00000308809",43.1888364315617,1.77948201576616,0.428280958464278,4.15494077099993,3.25371816070971e-05,0.00190681242591269,TRUE
"chr8",41559443,41559993,"AluSz6",0,"SetA_ER_H3K27ac","10nM",TRUE,"GPAT4-AS1",0,"ENSG00000253133",3.02731148861699,2.05420413246982,1.22404391388249,1.67821114028024,0.0933058877244109,0.737880831137565,FALSE
"chr8",41589656,41589855,"AluSx",270,"SetA_ER_H3K27ac","10nM",FALSE,"GPAT4",0,"ENSG00000158669",2172.78557705546,0.139413089707574,0.218600802762145,0.637751956744949,0.523635158088952,1,FALSE
"chr8",42893765,42893987,"AluSc",582,"SetA_ER_H3K27ac","10nM",FALSE,"RNF170",0,"ENSG00000120925",265.041832001551,0.31054615292677,0.37767106731537,0.822266198822828,0.410925409768725,1,FALSE
"chr8",42894228,42894527,"AluSc",42,"SetA_ER_H3K27ac","10nM",FALSE,"RNF170",0,"ENSG00000120925",265.041832001551,0.31054615292677,0.37767106731537,0.822266198822828,0.410925409768725,1,FALSE
"chr8",53429639,53429959,"AluY",2531,"SetA_ER_H3K27ac","10nM",FALSE,"LINC02984",0,"ENSG00000237807",433.703976387495,-0.414375352453797,0.322782735469275,-1.28375934311159,0.19922617330994,0.979881011793761,FALSE
"chr8",57853899,57854285,"AluSc",327,"SetA_ER_H3K27ac","10nM",FALSE,"LINC01602",1126,"ENSG00000205293",2.32004038283202,0.436429916224632,1.43138624029014,0.304900175745833,0.7604421819054,1,FALSE
"chr8",57855194,57855578,"AluSc",1622,"SetA_ER_H3K27ac","10nM",FALSE,"LINC01602",0,"ENSG00000205293",2.32004038283202,0.436429916224632,1.43138624029014,0.304900175745833,0.7604421819054,1,FALSE
"chr8",58119853,58120145,"AluSx",4183,"SetA_ER_H3K27ac","10nM",FALSE,"FAM110B",0,"ENSG00000169122",465.97285329484,-0.611070476488658,0.305748361099805,-1.99860589371789,0.0456510122002438,0.499197285535894,FALSE
"chr8",58136808,58137169,"AluSx1",109,"SetA_ER_H3K27ac","10nM",FALSE,"FAM110B",0,"ENSG00000169122",465.97285329484,-0.611070476488658,0.305748361099805,-1.99860589371789,0.0456510122002438,0.499197285535894,FALSE
"chr8",58658365,58658598,"AluY",1515,"SetA_ER_H3K27ac","10nM",FALSE,"NSMAF",0,"ENSG00000035681",1811.39938415475,-0.129761668719088,0.250301517360394,-0.518421422640646,0.604164271114967,1,FALSE
"chr8",66512789,66513152,"AluSq",704,"SetA_ER_H3K27ac","10nM",FALSE,"ENSG00000285791",0,"ENSG00000285791",3.61952510296159,2.7361362091637,2.33295761449117,1.1728186539559,0.240868535955486,1,FALSE
"chr8",66713021,66713300,"AluSg",1946,"SetA_ER_H3K27ac","10nM",FALSE,"C8orf44-SGK3",0,"ENSG00000288602",3.86123958252695,-2.30160830071912,3.36211856296974,-0.684570831638406,0.493614778351151,1,FALSE
"chr8",66713937,66714875,"AluSg",371,"SetA_ER_H3K27ac","10nM",FALSE,"C8orf44-SGK3",0,"ENSG00000288602",3.86123958252695,-2.30160830071912,3.36211856296974,-0.684570831638406,0.493614778351151,1,FALSE
"chr8",67377918,67378181,"AluJb",521,"SetA_ER_H3K27ac","10nM",FALSE,"ARFGEF1-DT",0,"ENSG00000271966",26.8967685870481,0.070960505651601,0.692469533452398,0.102474552631678,0.918380010558815,1,FALSE
"chr8",67381016,67381390,"AluSz6",115,"SetA_ER_H3K27ac","10nM",FALSE,"ARFGEF1-DT",0,"ENSG00000271966",26.8967685870481,0.070960505651601,0.692469533452398,0.102474552631678,0.918380010558815,1,FALSE
"chr8",67736882,67737119,"AluJb",2716,"SetA_ER_H3K27ac","10nM",FALSE,"CPA6",0,"ENSG00000165078",43.5143714321881,0.338211843719625,0.636085073615725,0.531708505274481,0.594927900260464,1,FALSE
"chr8",67748364,67748565,"AluSq",942,"SetA_ER_H3K27ac","10nM",FALSE,"CPA6",1987,"ENSG00000165078",43.5143714321881,0.338211843719625,0.636085073615725,0.531708505274481,0.594927900260464,1,FALSE
"chr8",68853291,68853712,"AluSp",3216,"SetA_ER_H3K27ac","10nM",FALSE,"ENSG00000254337",0,"ENSG00000254337",7.88848581971654,0.524992185966319,1.06784805988341,0.491635660248931,0.622976929392887,1,FALSE
"chr8",68854366,68854860,"AluSp",2068,"SetA_ER_H3K27ac","10nM",FALSE,"ENSG00000254337",0,"ENSG00000254337",7.88848581971654,0.524992185966319,1.06784805988341,0.491635660248931,0.622976929392887,1,FALSE
"chr8",73631545,73631838,"AluJr",142,"SetA_ER_H3K27ac","10nM",FALSE,"STAU2",0,"ENSG00000040341",1756.41293210991,-0.106113662317778,0.197745366267094,-0.536617693354445,0.59153171985826,1,FALSE
"chr8",74635480,74635888,"AluJb",2167,"SetA_ER_H3K27ac","10nM",FALSE,"MIR2052HG",0,"ENSG00000254349",6.29586752337456,0.11486268363193,1.1381395668766,0.100921439667674,0.919612823604857,1,FALSE
"chr8",86342109,86342382,"AluSz6",2254,"SetA_ER_H3K27ac","10nM",FALSE,"WWP1-AS1",0,"ENSG00000254231",54.6639055472738,0.0522445098337717,0.288308387052699,0.181210509926033,0.856202345443707,1,FALSE
"chr8",86343385,86343626,"AluJb",1784,"SetA_ER_H3K27ac","10nM",FALSE,"WWP1-AS1",0,"ENSG00000254231",54.6639055472738,0.0522445098337717,0.288308387052699,0.181210509926033,0.856202345443707,1,FALSE
"chr8",89983545,89984003,"AluSx",90,"SetA_ER_H3K27ac","10nM",FALSE,"NBN",0,"ENSG00000104320",6318.39109911824,0.149701187810185,0.214837287938812,0.696811941941947,0.485920491620065,1,FALSE
"chr8",90000754,90001006,"AluSc",2685,"SetA_ER_H3K27ac","10nM",FALSE,"NBN",0,"ENSG00000104320",6318.39109911824,0.149701187810185,0.214837287938812,0.696811941941947,0.485920491620065,1,FALSE
"chr8",90001424,90002082,"AluSc",1609,"SetA_ER_H3K27ac","10nM",FALSE,"NBN",0,"ENSG00000104320",6318.39109911824,0.149701187810185,0.214837287938812,0.696811941941947,0.485920491620065,1,FALSE
"chr8",90691818,90692351,"AluSx1",1485,"SetA_ER_H3K27ac","10nM",FALSE,"TMEM64",0,"ENSG00000180694",4115.35562415889,0.70827718764457,0.239347861324322,2.95919580699674,0.003084430497382,0.0793298057396162,FALSE
"chr8",90754349,90754611,"AluJo",1693,"SetA_ER_H3K27ac","10nM",FALSE,"TMEM64",0,"ENSG00000180694",4115.35562415889,0.70827718764457,0.239347861324322,2.95919580699674,0.003084430497382,0.0793298057396162,FALSE
"chr8",90887624,90888002,"AluSx",944,"SetA_ER_H3K27ac","10nM",FALSE,"NECAB1",0,"ENSG00000123119",20.5629231740153,0.245362403715127,0.52116394157178,0.470796968368796,0.637785729683104,1,FALSE
"chr8",90912877,90913162,"AluSx",4853,"SetA_ER_H3K27ac","10nM",FALSE,"NECAB1",0,"ENSG00000123119",20.5629231740153,0.245362403715127,0.52116394157178,0.470796968368796,0.637785729683104,1,FALSE
"chr8",94092565,94092953,"AluSx3",535,"SetA_ER_H3K27ac","10nM",FALSE,"ENSG00000304524",0,"ENSG00000304524",2.31044170209285,1.84273816738245,2.03599254826573,0.905080997939851,0.3654224781223,1,FALSE
"chr8",94156084,94156577,"AluJo",1056,"SetA_ER_H3K27ac","10nM",FALSE,"ENSG00000304524",0,"ENSG00000304524",2.31044170209285,1.84273816738245,2.03599254826573,0.905080997939851,0.3654224781223,1,FALSE
"chr8",94164661,94165041,"AluSz",3130,"SetA_ER_H3K27ac","10nM",FALSE,"ENSG00000304524",0,"ENSG00000304524",2.31044170209285,1.84273816738245,2.03599254826573,0.905080997939851,0.3654224781223,1,FALSE
"chr8",95070303,95070604,"AluYm1",505,"SetA_ER_H3K27ac","10nM",FALSE,"NDUFAF6",0,"ENSG00000156170",1133.43098192824,-0.00398676490568229,0.241043820764542,-0.0165395855950054,0.986803921662972,1,FALSE
"chr8",95074966,95075227,"AluSp",1365,"SetA_ER_H3K27ac","10nM",FALSE,"NDUFAF6",0,"ENSG00000156170",1133.43098192824,-0.00398676490568229,0.241043820764542,-0.0165395855950054,0.986803921662972,1,FALSE
"chr8",95112638,95112925,"AluSx4",827,"SetA_ER_H3K27ac","10nM",FALSE,"NDUFAF6",0,"ENSG00000156170",1133.43098192824,-0.00398676490568229,0.241043820764542,-0.0165395855950054,0.986803921662972,1,FALSE
"chr8",95207899,95208248,"AluYk11",223,"SetA_ER_H3K27ac","10nM",FALSE,"CFAP418-AS1",0,"ENSG00000253773",6.38456098283766,2.8700157927858,1.32536212151632,2.16545783691349,0.0303526409508005,0.396968047618323,FALSE
"chr8",95210008,95210588,"AluYk11",2332,"SetA_ER_H3K27ac","10nM",FALSE,"CFAP418-AS1",0,"ENSG00000253773",6.38456098283766,2.8700157927858,1.32536212151632,2.16545783691349,0.0303526409508005,0.396968047618323,FALSE
"chr8",95211115,95211422,"AluJb",2125,"SetA_ER_H3K27ac","10nM",FALSE,"CFAP418-AS1",0,"ENSG00000253773",6.38456098283766,2.8700157927858,1.32536212151632,2.16545783691349,0.0303526409508005,0.396968047618323,FALSE
"chr8",95223940,95224308,"AluSz",2612,"SetA_ER_H3K27ac","10nM",FALSE,"CFAP418-AS1",0,"ENSG00000253773",6.38456098283766,2.8700157927858,1.32536212151632,2.16545783691349,0.0303526409508005,0.396968047618323,FALSE
"chr8",95225438,95225766,"AluSz",1154,"SetA_ER_H3K27ac","10nM",FALSE,"CFAP418-AS1",0,"ENSG00000253773",6.38456098283766,2.8700157927858,1.32536212151632,2.16545783691349,0.0303526409508005,0.396968047618323,FALSE
"chr8",96581810,96582156,"AluSz",165,"SetA_ER_H3K27ac","10nM",FALSE,"SDC2",0,"ENSG00000169439",3411.69642954181,0.53741561450373,0.171695986627016,3.13004179690691,0.00174781432541779,0.0515927939130711,FALSE
"chr8",96582745,96582984,"AluJo",145,"SetA_ER_H3K27ac","10nM",FALSE,"SDC2",0,"ENSG00000169439",3411.69642954181,0.53741561450373,0.171695986627016,3.13004179690691,0.00174781432541779,0.0515927939130711,FALSE
"chr8",96945828,96946169,"AluJr",7428,"SetA_ER_H3K27ac","10nM",FALSE,"CPQ",0,"ENSG00000104324",148.837216222508,-0.00560117295809492,0.301224871676474,-0.0185946563008607,0.985164465754494,1,FALSE
"chr8",96959942,96960143,"AluJr",1803,"SetA_ER_H3K27ac","10nM",FALSE,"CPQ",0,"ENSG00000104324",148.837216222508,-0.00560117295809492,0.301224871676474,-0.0185946563008607,0.985164465754494,1,FALSE
"chr8",96960388,96960742,"AluJr",2249,"SetA_ER_H3K27ac","10nM",FALSE,"CPQ",0,"ENSG00000104324",148.837216222508,-0.00560117295809492,0.301224871676474,-0.0185946563008607,0.985164465754494,1,FALSE
"chr8",97008739,97009231,"AluJo",3190,"SetA_ER_H3K27ac","10nM",FALSE,"CPQ",0,"ENSG00000104324",148.837216222508,-0.00560117295809492,0.301224871676474,-0.0185946563008607,0.985164465754494,1,FALSE
"chr8",97025323,97025511,"AluSc8",5675,"SetA_ER_H3K27ac","10nM",FALSE,"CPQ",0,"ENSG00000104324",148.837216222508,-0.00560117295809492,0.301224871676474,-0.0185946563008607,0.985164465754494,1,FALSE
"chr8",98945042,98945228,"AluY",8826,"SetA_ER_H3K27ac","10nM",FALSE,"OSR2",0,"ENSG00000164920",1350.0930649961,-0.835034572936067,0.286459634478495,-2.91501654135761,0.00355669690846849,0.0894050704639424,FALSE
"chr8",99804290,99804638,"AluJr4",72,"SetA_ER_H3K27ac","10nM",FALSE,"VPS13B",0,"ENSG00000132549",2430.54458405475,0.132383760328673,0.35321753017879,0.374793856527063,0.70781378358034,1,FALSE
"chr8",99818442,99818819,"AluJb",1593,"SetA_ER_H3K27ac","10nM",FALSE,"VPS13B",0,"ENSG00000132549",2430.54458405475,0.132383760328673,0.35321753017879,0.374793856527063,0.70781378358034,1,FALSE
"chr8",99819012,99819575,"AluJb",2163,"SetA_ER_H3K27ac","10nM",FALSE,"VPS13B",0,"ENSG00000132549",2430.54458405475,0.132383760328673,0.35321753017879,0.374793856527063,0.70781378358034,1,FALSE
"chr8",99862331,99862802,"AluJb",736,"SetA_ER_H3K27ac","10nM",FALSE,"VPS13B",0,"ENSG00000132549",2430.54458405475,0.132383760328673,0.35321753017879,0.374793856527063,0.70781378358034,1,FALSE
"chr8",100719702,100720018,"AluSp",2397,"SetA_ER_H3K27ac","10nM",FALSE,"PABPC1",0,"ENSG00000070756",101283.547235509,-0.163653754683028,0.180845778336877,-0.904935443824274,0.365499588406008,1,FALSE
"chr8",101077551,101078193,"AluJb",616,"SetA_ER_H3K27ac","10nM",FALSE,"SLEAR",1145,"ENSG00000248599",13.2274263388538,0.0431759470705516,0.756342905045105,0.0570851485252933,0.954477366890557,1,FALSE
"chr8",101120619,101121074,"AluJo",406,"SetA_ER_H3K27ac","10nM",FALSE,"LINC03044",0,"ENSG00000253395",25.7071849535774,0.592855079339986,0.75705299440536,0.78310908710645,0.433563055378704,1,FALSE
"chr8",101504023,101504478,"AluSp",818,"SetA_ER_H3K27ac","10nM",FALSE,"GRHL2",0,"ENSG00000083307",5374.67852052801,0.853411139505357,0.327778825249375,2.60361888494804,0.00922452691377242,0.182596057766774,FALSE
"chr8",101512224,101512691,"AluSx",0,"SetA_ER_H3K27ac","10nM",TRUE,"GRHL2",0,"ENSG00000083307",5374.67852052801,0.853411139505357,0.327778825249375,2.60361888494804,0.00922452691377242,0.182596057766774,FALSE
"chr8",101514395,101514716,"AluSq2",601,"SetA_ER_H3K27ac","10nM",FALSE,"GRHL2",0,"ENSG00000083307",5374.67852052801,0.853411139505357,0.327778825249375,2.60361888494804,0.00922452691377242,0.182596057766774,FALSE
"chr8",101515489,101515879,"AluJo",526,"SetA_ER_H3K27ac","10nM",FALSE,"GRHL2",0,"ENSG00000083307",5374.67852052801,0.853411139505357,0.327778825249375,2.60361888494804,0.00922452691377242,0.182596057766774,FALSE
"chr8",101606522,101606739,"AluSx",5240,"SetA_ER_H3K27ac","10nM",FALSE,"GRHL2",0,"ENSG00000083307",5374.67852052801,0.853411139505357,0.327778825249375,2.60361888494804,0.00922452691377242,0.182596057766774,FALSE
"chr8",101607818,101608089,"AluSx",3890,"SetA_ER_H3K27ac","10nM",FALSE,"GRHL2",0,"ENSG00000083307",5374.67852052801,0.853411139505357,0.327778825249375,2.60361888494804,0.00922452691377242,0.182596057766774,FALSE
"chr8",101610931,101611248,"AluSx",731,"SetA_ER_H3K27ac","10nM",FALSE,"GRHL2",0,"ENSG00000083307",5374.67852052801,0.853411139505357,0.327778825249375,2.60361888494804,0.00922452691377242,0.182596057766774,FALSE
"chr8",101633789,101633996,"AluJo",10854,"SetA_ER_H3K27ac","10nM",FALSE,"GRHL2",0,"ENSG00000083307",5374.67852052801,0.853411139505357,0.327778825249375,2.60361888494804,0.00922452691377242,0.182596057766774,FALSE
"chr8",101636032,101636501,"AluJo",8349,"SetA_ER_H3K27ac","10nM",FALSE,"GRHL2",0,"ENSG00000083307",5374.67852052801,0.853411139505357,0.327778825249375,2.60361888494804,0.00922452691377242,0.182596057766774,FALSE
"chr8",101760745,101761017,"AluSg7",1575,"SetA_ER_H3K27ac","10nM",FALSE,"NCALD",0,"ENSG00000104490",103.840900745319,0.764002759983995,0.492212585281301,1.55218046598172,0.120619048725907,0.824649698849993,FALSE
"chr8",102652933,102653116,"AluJr4",1943,"SetA_ER_H3K27ac","10nM",FALSE,"ENSG00000283959",0,"ENSG00000283959",28.3806715925984,-0.022367665413492,0.815194160426456,-0.0274384514749108,0.978110029942211,1,FALSE
"chr8",102653851,102654062,"AluJr4",2861,"SetA_ER_H3K27ac","10nM",FALSE,"ENSG00000283959",0,"ENSG00000283959",28.3806715925984,-0.022367665413492,0.815194160426456,-0.0274384514749108,0.978110029942211,1,FALSE
"chr8",102808207,102808547,"AluSx",1094,"SetA_ER_H3K27ac","10nM",FALSE,"GASAL1",0,"ENSG00000253669",98.8456557417089,1.0770771965681,0.481967249353668,2.23475183845477,0.0254336452941644,0.357071787096127,FALSE
"chr8",106623944,106624400,"AluJb",389,"SetA_ER_H3K27ac","10nM",FALSE,"OXR1",0,"ENSG00000164830",3095.04344791422,0.598919163773207,0.246599665192366,2.42871036871037,0.0151526316483898,0.261314472742973,FALSE
"chr8",108667002,108667276,"AluSx",2480,"SetA_ER_H3K27ac","10nM",FALSE,"TMEM74",0,"ENSG00000164841",10.3993495949876,-0.549483547529566,0.9302023191787,-0.590714015865623,0.55471205527762,1,FALSE
"chr8",109575379,109576040,"AluSx3",3382,"SetA_ER_H3K27ac","10nM",FALSE,"SYBU",0,"ENSG00000147642",4210.05057631082,1.55984630517122,0.235052670990492,6.63615647760209,3.21968047463909e-11,8.93640202849826e-09,TRUE
"chr8",109577120,109577398,"AluSx3",2024,"SetA_ER_H3K27ac","10nM",FALSE,"SYBU",0,"ENSG00000147642",4210.05057631082,1.55984630517122,0.235052670990492,6.63615647760209,3.21968047463909e-11,8.93640202849826e-09,TRUE
"chr8",109589303,109589584,"AluSx1",116,"SetA_ER_H3K27ac","10nM",FALSE,"SYBU",0,"ENSG00000147642",4210.05057631082,1.55984630517122,0.235052670990492,6.63615647760209,3.21968047463909e-11,8.93640202849826e-09,TRUE
"chr8",109593751,109594031,"AluYi6_4d",1941,"SetA_ER_H3K27ac","10nM",FALSE,"SYBU",0,"ENSG00000147642",4210.05057631082,1.55984630517122,0.235052670990492,6.63615647760209,3.21968047463909e-11,8.93640202849826e-09,TRUE
"chr8",109606592,109606975,"AluJr",2707,"SetA_ER_H3K27ac","10nM",FALSE,"SYBU",0,"ENSG00000147642",4210.05057631082,1.55984630517122,0.235052670990492,6.63615647760209,3.21968047463909e-11,8.93640202849826e-09,TRUE
"chr8",109638143,109638434,"AluY",3432,"SetA_ER_H3K27ac","10nM",FALSE,"SYBU",0,"ENSG00000147642",4210.05057631082,1.55984630517122,0.235052670990492,6.63615647760209,3.21968047463909e-11,8.93640202849826e-09,TRUE
"chr8",109638555,109638874,"AluY",3844,"SetA_ER_H3K27ac","10nM",FALSE,"SYBU",0,"ENSG00000147642",4210.05057631082,1.55984630517122,0.235052670990492,6.63615647760209,3.21968047463909e-11,8.93640202849826e-09,TRUE
"chr8",115987856,115988303,"AluY",157,"SetA_ER_H3K27ac","10nM",FALSE,"ENSG00000299498",0,"ENSG00000299498",9.08475192192796,-0.251534402122622,0.775062652677444,-0.324534282814041,0.745533571595351,1,FALSE
"chr8",115998200,115998737,"AluY",3854,"SetA_ER_H3K27ac","10nM",FALSE,"LINC00536",0,"ENSG00000249917",2.76457422314128,-1.11432360230265,1.51994168646679,-0.733135759236247,0.463475631934851,1,FALSE
"chr8",116426195,116426540,"AluSg",4774,"SetA_ER_H3K27ac","10nM",FALSE,"LINC00536",0,"ENSG00000249917",2.76457422314128,-1.11432360230265,1.51994168646679,-0.733135759236247,0.463475631934851,1,FALSE
"chr8",118620173,118620457,"AluY",677,"SetA_ER_H3K27ac","10nM",FALSE,"SAMD12",0,"ENSG00000177570",279.721493658259,0.195767620631117,0.315465244278467,0.620567952196691,0.534883931277624,1,FALSE
"chr8",118620799,118620985,"AluY",1303,"SetA_ER_H3K27ac","10nM",FALSE,"SAMD12",0,"ENSG00000177570",279.721493658259,0.195767620631117,0.315465244278467,0.620567952196691,0.534883931277624,1,FALSE
"chr8",119614524,119615034,"AluSx3",161,"SetA_ER_H3K27ac","10nM",FALSE,"ENPP2",0,"ENSG00000136960",87.9850545813203,0.243878892718987,0.373680565342837,0.652640022890239,0.51398837707632,1,FALSE
"chr8",119655065,119655425,"AluJr",424,"SetA_ER_H3K27ac","10nM",FALSE,"ENPP2",0,"ENSG00000136960",87.9850545813203,0.243878892718987,0.373680565342837,0.652640022890239,0.51398837707632,1,FALSE
"chr8",121145625,121145813,"AluJb",9,"SetA_ER_H3K27ac","10nM",FALSE,"ENSG00000294187",549,"ENSG00000294187",3.38489673384378,-0.156250001346054,1.13029437770281,-0.138238324836769,0.890052067008239,1,FALSE
"chr8",122846124,122846401,"AluY",3405,"SetA_ER_H3K27ac","10nM",FALSE,"ZHX2",0,"ENSG00000178764",1923.24087657789,-0.411341803297675,0.126203793419637,-3.25934579422612,0.00111669468660082,0.0366437218670455,TRUE
"chr8",123241428,123241655,"AluSp",8,"SetA_ER_H3K27ac","10nM",FALSE,"ZHX1-C8orf76",0,"ENSG00000259305",63.8850615576676,-0.139325134497234,0.470291030000806,-0.296253012729151,0.767036866505783,1,FALSE
"chr8",124464482,124464774,"AluSp",1180,"SetA_ER_H3K27ac","10nM",FALSE,"RNF139-DT",0,"ENSG00000245149",43.1889080920478,0.102736811868701,0.42230470120666,0.243276505270127,0.807791203821023,1,FALSE
"chr8",124491328,124491567,"AluSx1",246,"SetA_ER_H3K27ac","10nM",FALSE,"TATDN1",0,"ENSG00000147687",1900.14193872931,0.0393376816544696,0.434651908508749,0.0905038742138131,0.927886815412437,1,FALSE
"chr8",125069718,125070153,"AluJb",1906,"SetA_ER_H3K27ac","10nM",FALSE,"WASHC5",0,"ENSG00000164961",9139.66927260815,-0.0715146288828011,0.189948993184001,-0.37649385597704,0.706549782288083,1,FALSE
"chr8",127201170,127201460,"AluSq",7637,"SetA_ER_H3K27ac","10nM",FALSE,"PCAT1",0,"ENSG00000253438",242.538376487678,0.0705473635269364,0.275623218079873,0.255955808144191,0.797984960832663,1,FALSE
"chr8",127342285,127342469,"AluSx3",8618,"SetA_ER_H3K27ac","10nM",FALSE,"PCAT1",0,"ENSG00000253438",242.538376487678,0.0705473635269364,0.275623218079873,0.255955808144191,0.797984960832663,1,FALSE
"chr8",127726617,127726878,"AluSx",0,"SetA_ER_H3K27ac","10nM",TRUE,"CASC11",0,"ENSG00000249375",13.0100252126678,0.190869706573248,1.12241508461701,0.170052691904418,0.864968697918071,1,FALSE
"chr8",127799833,127800190,"AluJo",425,"SetA_ER_H3K27ac","10nM",FALSE,"PVT1",0,"ENSG00000249859",630.542859371584,0.472493664104692,0.221354366741967,2.13455768259354,0.0327971571977382,0.412992053837177,FALSE
"chr8",127800668,127801119,"AluSz",113,"SetA_ER_H3K27ac","10nM",FALSE,"PVT1",0,"ENSG00000249859",630.542859371584,0.472493664104692,0.221354366741967,2.13455768259354,0.0327971571977382,0.412992053837177,FALSE
"chr8",127801425,127801782,"AluSz",0,"SetA_ER_H3K27ac","10nM",TRUE,"PVT1",0,"ENSG00000249859",630.542859371584,0.472493664104692,0.221354366741967,2.13455768259354,0.0327971571977382,0.412992053837177,FALSE
"chr8",127802197,127802413,"AluSx1",0,"SetA_ER_H3K27ac","10nM",TRUE,"PVT1",0,"ENSG00000249859",630.542859371584,0.472493664104692,0.221354366741967,2.13455768259354,0.0327971571977382,0.412992053837177,FALSE
"chr8",127819834,127820116,"AluSz6",582,"SetA_ER_H3K27ac","10nM",FALSE,"PVT1",0,"ENSG00000249859",630.542859371584,0.472493664104692,0.221354366741967,2.13455768259354,0.0327971571977382,0.412992053837177,FALSE
"chr8",127859528,127860146,"AluSx3",338,"SetA_ER_H3K27ac","10nM",FALSE,"PVT1",0,"ENSG00000249859",630.542859371584,0.472493664104692,0.221354366741967,2.13455768259354,0.0327971571977382,0.412992053837177,FALSE
"chr8",127866162,127866518,"AluY",1316,"SetA_ER_H3K27ac","10nM",FALSE,"PVT1",0,"ENSG00000249859",630.542859371584,0.472493664104692,0.221354366741967,2.13455768259354,0.0327971571977382,0.412992053837177,FALSE
"chr8",127867635,127868201,"AluSx",179,"SetA_ER_H3K27ac","10nM",FALSE,"PVT1",0,"ENSG00000249859",630.542859371584,0.472493664104692,0.221354366741967,2.13455768259354,0.0327971571977382,0.412992053837177,FALSE
"chr8",127870022,127871015,"AluSx1",0,"SetA_ER_H3K27ac","10nM",TRUE,"PVT1",0,"ENSG00000249859",630.542859371584,0.472493664104692,0.221354366741967,2.13455768259354,0.0327971571977382,0.412992053837177,FALSE
"chr8",127876798,127877096,"AluJb",630,"SetA_ER_H3K27ac","10nM",FALSE,"PVT1",0,"ENSG00000249859",630.542859371584,0.472493664104692,0.221354366741967,2.13455768259354,0.0327971571977382,0.412992053837177,FALSE
"chr8",127911091,127911542,"AluSx1",1158,"SetA_ER_H3K27ac","10nM",FALSE,"PVT1",0,"ENSG00000249859",630.542859371584,0.472493664104692,0.221354366741967,2.13455768259354,0.0327971571977382,0.412992053837177,FALSE
"chr8",127952086,127952419,"AluSg",0,"SetA_ER_H3K27ac","10nM",TRUE,"PVT1",0,"ENSG00000249859",630.542859371584,0.472493664104692,0.221354366741967,2.13455768259354,0.0327971571977382,0.412992053837177,FALSE
"chr8",127953063,127953465,"AluY",1,"SetA_ER_H3K27ac","10nM",FALSE,"PVT1",0,"ENSG00000249859",630.542859371584,0.472493664104692,0.221354366741967,2.13455768259354,0.0327971571977382,0.412992053837177,FALSE
"chr8",128108153,128108394,"AluSx1",0,"SetA_ER_H3K27ac","10nM",TRUE,"PVT1",0,"ENSG00000249859",630.542859371584,0.472493664104692,0.221354366741967,2.13455768259354,0.0327971571977382,0.412992053837177,FALSE
"chr8",128134056,128134276,"AluSx",190,"SetA_ER_H3K27ac","10nM",FALSE,"PVT1",0,"ENSG00000249859",630.542859371584,0.472493664104692,0.221354366741967,2.13455768259354,0.0327971571977382,0.412992053837177,FALSE
"chr8",128141893,128142302,"AluSp",1731,"SetA_ER_H3K27ac","10nM",FALSE,"PVT1",0,"ENSG00000249859",630.542859371584,0.472493664104692,0.221354366741967,2.13455768259354,0.0327971571977382,0.412992053837177,FALSE
"chr8",128143273,128143578,"AluSp",455,"SetA_ER_H3K27ac","10nM",FALSE,"PVT1",0,"ENSG00000249859",630.542859371584,0.472493664104692,0.221354366741967,2.13455768259354,0.0327971571977382,0.412992053837177,FALSE
"chr8",128153035,128153353,"AluSx3",1167,"SetA_ER_H3K27ac","10nM",FALSE,"PVT1",0,"ENSG00000249859",630.542859371584,0.472493664104692,0.221354366741967,2.13455768259354,0.0327971571977382,0.412992053837177,FALSE
"chr8",128168255,128168494,"AluSx1",5776,"SetA_ER_H3K27ac","10nM",FALSE,"PVT1",0,"ENSG00000249859",630.542859371584,0.472493664104692,0.221354366741967,2.13455768259354,0.0327971571977382,0.412992053837177,FALSE
"chr8",133243014,133243247,"AluSz6",6298,"SetA_ER_H3K27ac","10nM",FALSE,"NDRG1",0,"ENSG00000104419",3846.08672233297,0.0788001662615224,0.503826154468379,0.156403484739036,0.87571499055465,1,FALSE
"chr8",133292829,133293149,"FLAM_A",3616,"SetA_ER_H3K27ac","10nM",FALSE,"NDRG1",0,"ENSG00000104419",3846.08672233297,0.0788001662615224,0.503826154468379,0.156403484739036,0.87571499055465,1,FALSE
"chr8",134711484,134711685,"AluSx3",0,"SetA_ER_H3K27ac","10nM",TRUE,"ZFAT",0,"ENSG00000066827",794.893451225574,0.0070254087124286,0.291171826172536,0.0241280511400359,0.980750468258272,1,FALSE
"chr8",134733628,134733933,"AluJo",2680,"SetA_ER_H3K27ac","10nM",FALSE,"ENSG00000289405",0,"ENSG00000289405",31.1665706215019,0.198179914942972,0.599926218964048,0.330340479676299,0.741142709672056,1,FALSE
"chr8",134734725,134735243,"AluJo",1370,"SetA_ER_H3K27ac","10nM",FALSE,"ENSG00000289405",0,"ENSG00000289405",31.1665706215019,0.198179914942972,0.599926218964048,0.330340479676299,0.741142709672056,1,FALSE
"chr8",138944983,138945387,"AluSg",717,"SetA_ER_H3K27ac","10nM",FALSE,"ENSG00000309934",534,"ENSG00000309934",16.2935047231255,0.0933719832988016,0.572832485312681,0.163000503101416,0.870518038551484,1,FALSE
"chr8",139758512,139758826,"AluSz",23272,"SetA_ER_H3K27ac","10nM",FALSE,"TRAPPC9",0,"ENSG00000167632",563.522453395596,0.0616151323641665,0.568195899363313,0.108439945506838,0.913646716009085,1,FALSE
"chr8",140257916,140258440,"AluSx",2019,"SetA_ER_H3K27ac","10nM",FALSE,"TRAPPC9",0,"ENSG00000167632",563.522453395596,0.0616151323641665,0.568195899363313,0.108439945506838,0.913646716009085,1,FALSE
"chr8",140295932,140296241,"AluJb",26,"SetA_ER_H3K27ac","10nM",FALSE,"TRAPPC9",0,"ENSG00000167632",563.522453395596,0.0616151323641665,0.568195899363313,0.108439945506838,0.913646716009085,1,FALSE
"chr8",140337365,140337689,"AluSx1",1359,"SetA_ER_H3K27ac","10nM",FALSE,"TRAPPC9",0,"ENSG00000167632",563.522453395596,0.0616151323641665,0.568195899363313,0.108439945506838,0.913646716009085,1,FALSE
"chr8",141058121,141058468,"AluSx3",3140,"SetA_ER_H3K27ac","10nM",FALSE,"ENSG00000253266",0,"ENSG00000253266",17.2761155734763,-0.218784597901383,0.866911564275153,-0.252372452874492,0.80075319057011,1,FALSE
"chr8",142588012,142588399,"AluSx",4651,"SetA_ER_H3K27ac","10nM",FALSE,"ENSG00000289477",0,"ENSG00000289477",7.76986610079602,0.715134952391726,1.21151404504321,0.59028201556361,0.555001594559456,1,FALSE
"chr8",142609300,142609516,"AluJb",1758,"SetA_ER_H3K27ac","10nM",FALSE,"ARC",1533,"ENSG00000198576",589.729305665725,0.783376114802272,0.258294863959163,3.03287530690554,0.00242235671021534,0.0659514666170889,FALSE
"chr8",143015896,143016155,"AluSx",2853,"SetA_ER_H3K27ac","10nM",FALSE,"LY6E-DT",0,"ENSG00000247317",27.6879930765156,0.423394773730942,0.49799639907623,0.85019645627223,0.395215871616167,1,FALSE
"chr8",143017885,143018362,"AluJr",1879,"SetA_ER_H3K27ac","10nM",FALSE,"LY6E-DT",0,"ENSG00000247317",27.6879930765156,0.423394773730942,0.49799639907623,0.85019645627223,0.395215871616167,1,FALSE
"chr9",1050319,1050678,"AluJb",3484,"SetA_ER_H3K27ac","10nM",FALSE,"DMRT2",0,"ENSG00000173253",40.2115342091466,1.49260063433509,0.521984339368123,2.85947397606206,0.00424344233727429,0.102944306865503,FALSE
"chr9",2469944,2470302,"AluJr",4161,"SetA_ER_H3K27ac","10nM",FALSE,"VLDLR-AS1",0,"ENSG00000236404",7.70660476497367,-0.504805585798181,0.872322998204016,-0.578691134863464,0.562797598802964,1,FALSE
"chr9",4866270,4866695,"AluJr",530,"SetA_ER_H3K27ac","10nM",FALSE,"RCL1",0,"ENSG00000120158",665.852770760221,1.32769118054823,0.26209662919189,5.06565530675398,4.06997795566843e-07,4.44450488885671e-05,TRUE
"chr9",7147090,7147400,"AluJo",2819,"SetA_ER_H3K27ac","10nM",FALSE,"KDM4C",0,"ENSG00000107077",280.376869253525,-0.195441283256594,0.363523765173734,-0.537630003813339,0.590832511916255,1,FALSE
"chr9",16040408,16040644,"AluY",3739,"SetA_ER_H3K27ac","10nM",FALSE,"CCDC171",0,"ENSG00000164989",29.4930357344306,0.481703685855621,0.501420005956293,0.960679031816711,0.336713577295586,1,FALSE
"chr9",16870866,16871091,"AluSx1",1411,"SetA_ER_H3K27ac","10nM",FALSE,"BNC2",0,"ENSG00000173068",4.9433739157839,4.13136677017271,1.54594107025486,2.67239602444331,0.00753117096331012,0.156447942339698,FALSE
"chr9",16871779,16872009,"AluSx1",493,"SetA_ER_H3K27ac","10nM",FALSE,"BNC2",878,"ENSG00000173068",4.9433739157839,4.13136677017271,1.54594107025486,2.67239602444331,0.00753117096331012,0.156447942339698,FALSE
"chr9",33106870,33107197,"AluJo",1031,"SetA_ER_H3K27ac","10nM",FALSE,"B4GALT1",0,"ENSG00000086062",4261.44518610507,1.33046484533607,0.248065042805336,5.36337095420626,8.16830138246382e-08,1.03301035390605e-05,TRUE
"chr9",33163811,33164139,"AluSz",832,"SetA_ER_H3K27ac","10nM",FALSE,"B4GALT1",0,"ENSG00000086062",4261.44518610507,1.33046484533607,0.248065042805336,5.36337095420626,8.16830138246382e-08,1.03301035390605e-05,TRUE
"chr9",33329198,33329492,"AluSz6",153,"SetA_ER_H3K27ac","10nM",FALSE,"NFX1",0,"ENSG00000086102",1284.07043954867,0.0153746025426453,0.174414637052827,0.0881497264360248,0.929757674188211,1,FALSE
"chr9",33445308,33445588,"FLAM_C",159,"SetA_ER_H3K27ac","10nM",FALSE,"AQP3",0,"ENSG00000165272",81.0022927335852,1.74699069923878,0.640534825446174,2.72739378069239,0.00638368066906957,0.138815532634044,FALSE
"chr9",35517597,35518437,"AluSz6",1569,"SetA_ER_H3K27ac","10nM",FALSE,"RUSC2",0,"ENSG00000198853",403.77504581928,1.80650183068109,0.432582756426236,4.17608377551945,2.96570634751741e-05,0.00177978004951315,TRUE
"chr9",35657403,35657611,"AluJb",0,"SetA_ER_H3K27ac","10nM",TRUE,"RMRP",139,"ENSG00000277027",23.5466487416661,-0.433091631479124,0.899674915516388,-0.48138680317717,0.630241614204129,1,FALSE
"chr9",35665067,35665256,"AluYc",546,"SetA_ER_H3K27ac","10nM",FALSE,"ARHGEF39",0,"ENSG00000137135",207.637456121175,-0.360234649202289,0.350313763077725,-1.0283200010111,0.303799325700014,1,FALSE
"chr9",37465217,37465416,"AluSx1",1227,"SetA_ER_H3K27ac","10nM",FALSE,"ZBTB5",0,"ENSG00000168795",1142.51280023265,0.290973675723404,0.132874835213173,2.18983282467738,0.0285363632202335,0.38083941143115,FALSE
"chr9",70413035,70413451,"AluJb",2204,"SetA_ER_H3K27ac","10nM",FALSE,"KLF9",0,"ENSG00000119138",802.602172707915,0.615553692041157,0.278069557900976,2.21366803575228,0.0268516233204565,0.369192989974925,FALSE
"chr9",71779641,71780099,"AluSz",0,"SetA_ER_H3K27ac","10nM",TRUE,"CEMIP2",0,"ENSG00000135048",1849.51473142013,0.645576648601626,0.245374873628838,2.63098107419974,0.00851387770705109,0.172732316850466,FALSE
"chr9",71783280,71783613,"AluSz6",216,"SetA_ER_H3K27ac","10nM",FALSE,"CEMIP2",0,"ENSG00000135048",1849.51473142013,0.645576648601626,0.245374873628838,2.63098107419974,0.00851387770705109,0.172732316850466,FALSE
"chr9",73841097,73841375,"AluSz6",242,"SetA_ER_H3K27ac","10nM",FALSE,"ENSG00000293610",0,"ENSG00000293610",8.63076335185653,1.36542696051889,0.984738308891611,1.38658864816153,0.165567231782229,0.928036730309029,FALSE
"chr9",75100983,75101542,"AluSz",238,"SetA_ER_H3K27ac","10nM",FALSE,"OSTF1",0,"ENSG00000134996",1363.70961184977,0.541607335456879,0.175023916893353,3.09447614400548,0.00197160789721727,0.0568551402856998,FALSE
"chr9",77588576,77588922,"AluSx1",998,"SetA_ER_H3K27ac","10nM",FALSE,"GNA14",0,"ENSG00000156049",184.989763834398,0.0958699768304695,0.297384370732816,0.322377321290377,0.747166862885182,1,FALSE
"chr9",77596851,77597377,"AluSz",402,"SetA_ER_H3K27ac","10nM",FALSE,"GNA14",0,"ENSG00000156049",184.989763834398,0.0958699768304695,0.297384370732816,0.322377321290377,0.747166862885182,1,FALSE
"chr9",78030663,78030899,"AluSp",2896,"SetA_ER_H3K27ac","10nM",FALSE,"GNAQ",0,"ENSG00000156052",4563.00532454537,0.0468907951825159,0.213302513090675,0.21983236157458,0.826001715176477,1,FALSE
"chr9",81663406,81663731,"AluY",0,"SetA_ER_H3K27ac","10nM",TRUE,"TLE1",0,"ENSG00000196781",2361.09658841392,0.262281214310578,0.200276980193968,1.30959241574622,0.190333755516188,0.966941897789078,FALSE
"chr9",81688509,81688707,"AluSg",4106,"SetA_ER_H3K27ac","10nM",FALSE,"TLE1",0,"ENSG00000196781",2361.09658841392,0.262281214310578,0.200276980193968,1.30959241574622,0.190333755516188,0.966941897789078,FALSE
"chr9",83041787,83042056,"AluSq2",630,"SetA_ER_H3K27ac","10nM",FALSE,"RASEF",0,"ENSG00000165105",2810.03947243592,0.152573262491093,0.123506969398461,1.23534131907049,0.216703502105721,1,FALSE
"chr9",83047549,83047911,"AluSx",936,"SetA_ER_H3K27ac","10nM",FALSE,"RASEF",0,"ENSG00000165105",2810.03947243592,0.152573262491093,0.123506969398461,1.23534131907049,0.216703502105721,1,FALSE
"chr9",83432179,83432747,"AluSz",2073,"SetA_ER_H3K27ac","10nM",FALSE,"FRMD3",0,"ENSG00000172159",163.546638896894,0.99870583136193,0.355391652081579,2.81015557206358,0.00495175579761399,0.116359151124196,FALSE
"chr9",83434117,83434304,"AluSz",516,"SetA_ER_H3K27ac","10nM",FALSE,"FRMD3",0,"ENSG00000172159",163.546638896894,0.99870583136193,0.355391652081579,2.81015557206358,0.00495175579761399,0.116359151124196,FALSE
"chr9",84788346,84788581,"AluSq2",1050,"SetA_ER_H3K27ac","10nM",FALSE,"NTRK2",0,"ENSG00000148053",12.7296349549286,4.83283568788482,1.27137645573371,3.80126253407436,0.000143960667709701,0.00673749410658233,TRUE
"chr9",84789456,84789683,"AluSq2",2160,"SetA_ER_H3K27ac","10nM",FALSE,"NTRK2",0,"ENSG00000148053",12.7296349549286,4.83283568788482,1.27137645573371,3.80126253407436,0.000143960667709701,0.00673749410658233,TRUE
"chr9",86094300,86094483,"AluJo",166,"SetA_ER_H3K27ac","10nM",FALSE,"GOLM1",0,"ENSG00000135052",1236.48908089901,0.0728900345617357,0.192685372214131,0.378285251880631,0.705218700154977,1,FALSE
"chr9",87640526,87640716,"AluSc",3138,"SetA_ER_H3K27ac","10nM",FALSE,"DAPK1",0,"ENSG00000196730",13.3603554081376,4.31237131836034,1.10957599735057,3.88650378942711,0.000101698339811953,0.00504302635931034,TRUE
"chr9",87640953,87641470,"AluSc",3565,"SetA_ER_H3K27ac","10nM",FALSE,"DAPK1",0,"ENSG00000196730",13.3603554081376,4.31237131836034,1.10957599735057,3.88650378942711,0.000101698339811953,0.00504302635931034,TRUE
"chr9",88529954,88530365,"AluSx1",611,"SetA_ER_H3K27ac","10nM",FALSE,"ENSG00000301889",0,"ENSG00000301889",3.01249401826042,-1.48616824113349,1.43541242997402,-1.03535974058716,0.300500939894675,1,FALSE
"chr9",88535372,88535565,"AluSq2",2436,"SetA_ER_H3K27ac","10nM",FALSE,"NXNL2",0,"ENSG00000130045",39.2093903825869,1.35820931625603,0.465906076367509,2.91519983350607,0.00355460858389466,0.0894050704639424,FALSE
"chr9",89021336,89021559,"AluSx1",2257,"SetA_ER_H3K27ac","10nM",FALSE,"SHC3",0,"ENSG00000148082",19.1209434023154,-0.210433006024122,1.01689284649008,-0.206937246879506,0.836058867253362,1,FALSE
"chr9",89435457,89435743,"AluY",2919,"SetA_ER_H3K27ac","10nM",FALSE,"SEMA4D",0,"ENSG00000187764",914.517926110975,-0.802845951367977,0.830624223367529,-0.966557353833323,0.333765362351259,1,FALSE
"chr9",89440719,89441152,"AluSx1",1442,"SetA_ER_H3K27ac","10nM",FALSE,"SEMA4D",0,"ENSG00000187764",914.517926110975,-0.802845951367977,0.830624223367529,-0.966557353833323,0.333765362351259,1,FALSE
"chr9",89648354,89648558,"AluSx4",3621,"SetA_ER_H3K27ac","10nM",FALSE,"LINC03062",0,"ENSG00000237372",2.9448701760377,1.0727544962621,1.39664482132196,0.768093992033504,0.4424313460043,1,FALSE
"chr9",89648665,89649083,"AluSx4",3096,"SetA_ER_H3K27ac","10nM",FALSE,"LINC03062",0,"ENSG00000237372",2.9448701760377,1.0727544962621,1.39664482132196,0.768093992033504,0.4424313460043,1,FALSE
"chr9",89664775,89665167,"AluJb",246,"SetA_ER_H3K27ac","10nM",FALSE,"LINC03062",0,"ENSG00000237372",2.9448701760377,1.0727544962621,1.39664482132196,0.768093992033504,0.4424313460043,1,FALSE
"chr9",89667728,89668087,"AluSg",1754,"SetA_ER_H3K27ac","10nM",FALSE,"LINC03062",0,"ENSG00000237372",2.9448701760377,1.0727544962621,1.39664482132196,0.768093992033504,0.4424313460043,1,FALSE
"chr9",89669365,89669760,"AluSg",81,"SetA_ER_H3K27ac","10nM",FALSE,"LINC03062",0,"ENSG00000237372",2.9448701760377,1.0727544962621,1.39664482132196,0.768093992033504,0.4424313460043,1,FALSE
"chr9",89676472,89676791,"AluYk11",3721,"SetA_ER_H3K27ac","10nM",FALSE,"LINC03062",0,"ENSG00000237372",2.9448701760377,1.0727544962621,1.39664482132196,0.768093992033504,0.4424313460043,1,FALSE
"chr9",89765201,89765650,"AluSx",147,"SetA_ER_H3K27ac","10nM",FALSE,"LINC03062",0,"ENSG00000237372",2.9448701760377,1.0727544962621,1.39664482132196,0.768093992033504,0.4424313460043,1,FALSE
"chr9",89790573,89790783,"AluSx",3574,"SetA_ER_H3K27ac","10nM",FALSE,"LINC03062",0,"ENSG00000237372",2.9448701760377,1.0727544962621,1.39664482132196,0.768093992033504,0.4424313460043,1,FALSE
"chr9",89790990,89791338,"AluSx",3019,"SetA_ER_H3K27ac","10nM",FALSE,"LINC03062",0,"ENSG00000237372",2.9448701760377,1.0727544962621,1.39664482132196,0.768093992033504,0.4424313460043,1,FALSE
"chr9",90946979,90947162,"AluJr",32,"SetA_ER_H3K27ac","10nM",FALSE,"LINC02937",0,"ENSG00000230537",18.0513357502037,0.198626626731881,0.957647126506069,0.207411082051237,0.835688828553849,1,FALSE
"chr9",90958269,90958452,"AluSx3",1018,"SetA_ER_H3K27ac","10nM",FALSE,"LINC02937",0,"ENSG00000230537",18.0513357502037,0.198626626731881,0.957647126506069,0.207411082051237,0.835688828553849,1,FALSE
"chr9",90961355,90961643,"AluJb",1109,"SetA_ER_H3K27ac","10nM",FALSE,"LINC02937",0,"ENSG00000230537",18.0513357502037,0.198626626731881,0.957647126506069,0.207411082051237,0.835688828553849,1,FALSE
"chr9",92151922,92152396,"AluSx",498,"SetA_ER_H3K27ac","10nM",FALSE,"ENSG00000290644",0,"ENSG00000290644",6.25403012510699,2.38082592854835,1.0260095502454,2.32047150826121,0.0203153844794615,0.314253374560764,FALSE
"chr9",92618682,92619016,"AluJr",2492,"SetA_ER_H3K27ac","10nM",FALSE,"CENPP",0,"ENSG00000188312",241.640532775939,-0.415218153100057,0.319078137345024,-1.30130555654797,0.193153886030681,0.972311925741718,FALSE
"chr9",92665818,92666385,"AluSx1",1252,"SetA_ER_H3K27ac","10nM",FALSE,"IPPK",0,"ENSG00000127080",1124.21701427277,0.868834818262413,0.195759552620637,4.43827545900727,9.06825189424432e-06,0.000658981621289377,TRUE
"chr9",92988417,92988836,"AluSc8",205,"SetA_ER_H3K27ac","10nM",FALSE,"FGD3",0,"ENSG00000127084",186.509650366206,-0.960818225800831,1.33462643056685,-0.719915478815106,0.471577037048536,1,FALSE
"chr9",93072156,93072682,"AluY",560,"SetA_ER_H3K27ac","10nM",FALSE,"SUSD3",0,"ENSG00000157303",14.5897701631802,2.50877605685402,0.962913144277305,2.60540223359079,0.00917664585837605,0.182587381965152,FALSE
"chr9",93134612,93134813,"AluSx",946,"SetA_ER_H3K27ac","10nM",FALSE,"NINJ1",303,"ENSG00000131669",4235.45416881868,-0.204675395735389,0.164038236238027,-1.24772980025459,0.212130024220616,0.996078737143359,FALSE
"chr9",94630874,94631163,"AluSg",1225,"SetA_ER_H3K27ac","10nM",FALSE,"FBP1",0,"ENSG00000165140",8007.5623496633,0.00536710226261568,0.304728878482925,0.0176127129444885,0.985947814787405,1,FALSE
"chr9",94638991,94639413,"AluSp",878,"SetA_ER_H3K27ac","10nM",FALSE,"FBP1",0,"ENSG00000165140",8007.5623496633,0.00536710226261568,0.304728878482925,0.0176127129444885,0.985947814787405,1,FALSE
"chr9",94782904,94783565,"AluSc8",688,"SetA_ER_H3K27ac","10nM",FALSE,"AOPEP",0,"ENSG00000148120",759.487214010707,-0.0325560069610092,0.283093446619979,-0.115000920543074,0.908444392398085,1,FALSE
"chr9",94950966,94951266,"AluSq2",2776,"SetA_ER_H3K27ac","10nM",FALSE,"AOPEP",0,"ENSG00000148120",759.487214010707,-0.0325560069610092,0.283093446619979,-0.115000920543074,0.908444392398085,1,FALSE
"chr9",94991943,94992393,"AluSx3",1017,"SetA_ER_H3K27ac","10nM",FALSE,"AOPEP",0,"ENSG00000148120",759.487214010707,-0.0325560069610092,0.283093446619979,-0.115000920543074,0.908444392398085,1,FALSE
"chr9",94993030,94993397,"AluSx",1273,"SetA_ER_H3K27ac","10nM",FALSE,"AOPEP",0,"ENSG00000148120",759.487214010707,-0.0325560069610092,0.283093446619979,-0.115000920543074,0.908444392398085,1,FALSE
"chr9",94994794,94995023,"AluSx",0,"SetA_ER_H3K27ac","10nM",TRUE,"AOPEP",0,"ENSG00000148120",759.487214010707,-0.0325560069610092,0.283093446619979,-0.115000920543074,0.908444392398085,1,FALSE
"chr9",95003975,95004274,"AluJo",1898,"SetA_ER_H3K27ac","10nM",FALSE,"AOPEP",0,"ENSG00000148120",759.487214010707,-0.0325560069610092,0.283093446619979,-0.115000920543074,0.908444392398085,1,FALSE
"chr9",95129168,95129623,"AluSc5",33,"SetA_ER_H3K27ac","10nM",FALSE,"AOPEP",0,"ENSG00000148120",759.487214010707,-0.0325560069610092,0.283093446619979,-0.115000920543074,0.908444392398085,1,FALSE
"chr9",98072575,98072843,"AluSg7",0,"SetA_ER_H3K27ac","10nM",TRUE,"NANS",0,"ENSG00000095380",2650.1217748453,0.106433274784345,0.200291482205191,0.531391917482081,0.595147221262426,1,FALSE
"chr9",98848471,98848730,"AluSx1",358,"SetA_ER_H3K27ac","10nM",FALSE,"GALNT12",0,"ENSG00000119514",1342.51566548758,-0.22694271098696,0.232099399239734,-0.977782414475586,0.328181950382839,1,FALSE
"chr9",99411119,99411458,"AluSg7",2089,"SetA_ER_H3K27ac","10nM",FALSE,"NAMA",0,"ENSG00000271086",21.2104907570777,0.0896468434698041,0.614039244111261,0.1459952996971,0.883925098969173,1,FALSE
"chr9",110151542,110152092,"AluSx1",0,"SetA_ER_H3K27ac","10nM",TRUE,"PALM2AKAP2",0,"ENSG00000157654",480.138403763268,1.73605867439179,0.444746105735823,3.90348257579347,9.48183794385363e-05,0.00479708985999926,TRUE
"chr9",110207459,110207663,"AluSx1",1389,"SetA_ER_H3K27ac","10nM",FALSE,"C9orf152",0,"ENSG00000188959",1159.85123439013,-0.682315001506054,0.29618056528354,-2.30371294231564,0.021238762842238,0.321785774555939,FALSE
"chr9",110575929,110576287,"AluYm1",886,"SetA_ER_H3K27ac","10nM",FALSE,"SVEP1",0,"ENSG00000165124",35.6888255718781,0.671299578217148,0.638352842316239,1.05161210809583,0.29297755030938,1,FALSE
"chr9",111917271,111917543,"AluJr",279,"SetA_ER_H3K27ac","10nM",FALSE,"UGCG",0,"ENSG00000148154",2641.4215495677,0.57525680458042,0.23696491308085,2.42760329831678,0.0151989578918316,0.261390683743857,FALSE
"chr9",113465556,113465836,"AluJr",1880,"SetA_ER_H3K27ac","10nM",FALSE,"RGS3",0,"ENSG00000138835",1497.53637082695,0.151574299162127,0.224496699819297,0.675173841237456,0.499565324110977,1,FALSE
"chr9",114219782,114220016,"AluSz6",696,"SetA_ER_H3K27ac","10nM",FALSE,"COL27A1",0,"ENSG00000196739",64.5362299613985,0.366670759544654,0.375791090022552,0.975730317402282,0.329198124157883,1,FALSE
"chr9",114220158,114220544,"AluSz6",168,"SetA_ER_H3K27ac","10nM",FALSE,"COL27A1",0,"ENSG00000196739",64.5362299613985,0.366670759544654,0.375791090022552,0.975730317402282,0.329198124157883,1,FALSE
"chr9",114391868,114392168,"AluSx1",0,"SetA_ER_H3K27ac","10nM",TRUE,"AKNA",0,"ENSG00000106948",778.776066403795,1.37074428059352,0.616837619027572,2.22221252127012,0.0262689466622472,0.364807943084329,FALSE
"chr9",114392695,114393018,"AluY",194,"SetA_ER_H3K27ac","10nM",FALSE,"AKNA",0,"ENSG00000106948",778.776066403795,1.37074428059352,0.616837619027572,2.22221252127012,0.0262689466622472,0.364807943084329,FALSE
"chr9",117400125,117400420,"AluSx3",1043,"SetA_ER_H3K27ac","10nM",FALSE,"ASTN2",0,"ENSG00000148219",934.298749445611,0.00643353176817719,0.364212044874485,0.0176642476785586,0.985906702414605,1,FALSE
"chr9",117406422,117406697,"AluJo",2948,"SetA_ER_H3K27ac","10nM",FALSE,"ASTN2",0,"ENSG00000148219",934.298749445611,0.00643353176817719,0.364212044874485,0.0176642476785586,0.985906702414605,1,FALSE
"chr9",120646254,120646661,"AluJo",2238,"SetA_ER_H3K27ac","10nM",FALSE,"MEGF9",0,"ENSG00000106780",5369.56900271421,-0.449246066328376,0.207167492931978,-2.16851620864999,0.0301194327429748,0.394951931716278,FALSE
"chr9",120646931,120647318,"AluSg7",2667,"SetA_ER_H3K27ac","10nM",FALSE,"MEGF9",0,"ENSG00000106780",5369.56900271421,-0.449246066328376,0.207167492931978,-2.16851620864999,0.0301194327429748,0.394951931716278,FALSE
"chr9",120707220,120707476,"AluSz",285,"SetA_ER_H3K27ac","10nM",FALSE,"MEGF9",0,"ENSG00000106780",5369.56900271421,-0.449246066328376,0.207167492931978,-2.16851620864999,0.0301194327429748,0.394951931716278,FALSE
"chr9",124749919,124750189,"FAM",200,"SetA_ER_H3K27ac","10nM",FALSE,"NR6A1",0,"ENSG00000148200",85.5544489097249,1.02250462030562,0.508409049708212,2.01118493247211,0.044305926694102,0.490524574843036,FALSE
"chr9",124777810,124778014,"AluY",64,"SetA_ER_H3K27ac","10nM",FALSE,"OLFML2A",0,"ENSG00000185585",1167.02221961873,1.55885334347642,0.301724321013127,5.16648223199945,2.38540867259104e-07,2.75549172907857e-05,TRUE
"chr9",125450973,125451426,"AluSx1",383,"SetA_ER_H3K27ac","10nM",FALSE,"MAPKAP1",0,"ENSG00000119487",2896.97686766488,-0.0239917347618664,0.124622119139925,-0.192515862572747,0.847338143769607,1,FALSE
"chr9",125500945,125501263,"AluY",455,"SetA_ER_H3K27ac","10nM",FALSE,"MAPKAP1",0,"ENSG00000119487",2896.97686766488,-0.0239917347618664,0.124622119139925,-0.192515862572747,0.847338143769607,1,FALSE
"chr9",125512383,125512591,"AluY",0,"SetA_ER_H3K27ac","10nM",TRUE,"MAPKAP1",0,"ENSG00000119487",2896.97686766488,-0.0239917347618664,0.124622119139925,-0.192515862572747,0.847338143769607,1,FALSE
"chr9",125538183,125538433,"AluJb",404,"SetA_ER_H3K27ac","10nM",FALSE,"MAPKAP1",0,"ENSG00000119487",2896.97686766488,-0.0239917347618664,0.124622119139925,-0.192515862572747,0.847338143769607,1,FALSE
"chr9",125594230,125594541,"AluSx3",551,"SetA_ER_H3K27ac","10nM",FALSE,"MAPKAP1",0,"ENSG00000119487",2896.97686766488,-0.0239917347618664,0.124622119139925,-0.192515862572747,0.847338143769607,1,FALSE
"chr9",126327316,126327628,"AluJr",1149,"SetA_ER_H3K27ac","10nM",FALSE,"MVB12B",0,"ENSG00000196814",507.601398047829,0.00479244194327367,0.358719127248149,0.0133598728900743,0.989340680777901,1,FALSE
"chr9",126642935,126643456,"FAM",3615,"SetA_ER_H3K27ac","10nM",FALSE,"LMX1B",0,"ENSG00000136944",2906.04741561225,0.565772821060035,0.149651355688142,3.78060605237045,0.000156447059308535,0.00725391655039852,TRUE
"chr9",126644022,126644224,"FAM",2847,"SetA_ER_H3K27ac","10nM",FALSE,"LMX1B",0,"ENSG00000136944",2906.04741561225,0.565772821060035,0.149651355688142,3.78060605237045,0.000156447059308535,0.00725391655039852,TRUE
"chr9",126661108,126661383,"AluSz",1767,"SetA_ER_H3K27ac","10nM",FALSE,"LMX1B",0,"ENSG00000136944",2906.04741561225,0.565772821060035,0.149651355688142,3.78060605237045,0.000156447059308535,0.00725391655039852,TRUE
"chr9",127237907,127238216,"AluSx3",0,"SetA_ER_H3K27ac","10nM",TRUE,"GARNL3",0,"ENSG00000136895",62.9476751113575,1.30128159142877,0.522235156309749,2.49175409909966,0.012711400749474,0.231774299796978,FALSE
"chr9",127407574,127407920,"AluJo",225,"SetA_ER_H3K27ac","10nM",FALSE,"SLC2A8",0,"ENSG00000136856",1067.27219984739,0.270137095165124,0.266791465042571,1.01254024420166,0.311279814683429,1,FALSE
"chr9",127545315,127545696,"AluSx",513,"SetA_ER_H3K27ac","10nM",FALSE,"NIBAN2",0,"ENSG00000136830",7720.20667706105,-0.0657207367492676,0.317716559913325,-0.206853356234238,0.836124384926348,1,FALSE
"chr9",127546791,127547041,"AluSx",208,"SetA_ER_H3K27ac","10nM",FALSE,"NIBAN2",0,"ENSG00000136830",7720.20667706105,-0.0657207367492676,0.317716559913325,-0.206853356234238,0.836124384926348,1,FALSE
"chr9",127955675,127956094,"AluSq2",309,"SetA_ER_H3K27ac","10nM",FALSE,"EEIG1",0,"ENSG00000167106",9274.21277129121,1.36536766292426,0.215576310897657,6.333570034847,2.39552494102491e-10,5.49564023184957e-08,TRUE
"chr9",127969651,127969900,"AluSz",220,"SetA_ER_H3K27ac","10nM",FALSE,"EEIG1",0,"ENSG00000167106",9274.21277129121,1.36536766292426,0.215576310897657,6.333570034847,2.39552494102491e-10,5.49564023184957e-08,TRUE
"chr9",127978644,127978875,"AluSz",0,"SetA_ER_H3K27ac","10nM",TRUE,"EEIG1",0,"ENSG00000167106",9274.21277129121,1.36536766292426,0.215576310897657,6.333570034847,2.39552494102491e-10,5.49564023184957e-08,TRUE
"chr9",128022207,128022632,"AluSq2",0,"SetA_ER_H3K27ac","10nM",TRUE,"ENSG00000230848",0,"ENSG00000230848",14.2800819882266,0.260464832974635,0.559274875647019,0.46571881612473,0.641416782162876,1,FALSE
"chr9",128026809,128027301,"AluJr4",226,"SetA_ER_H3K27ac","10nM",FALSE,"ENSG00000230848",0,"ENSG00000230848",14.2800819882266,0.260464832974635,0.559274875647019,0.46571881612473,0.641416782162876,1,FALSE
"chr9",128047272,128047615,"AluSx",0,"SetA_ER_H3K27ac","10nM",TRUE,"ENSG00000230848",0,"ENSG00000230848",14.2800819882266,0.260464832974635,0.559274875647019,0.46571881612473,0.641416782162876,1,FALSE
"chr9",128055719,128056067,"AluSx",432,"SetA_ER_H3K27ac","10nM",FALSE,"ENSG00000230848",0,"ENSG00000230848",14.2800819882266,0.260464832974635,0.559274875647019,0.46571881612473,0.641416782162876,1,FALSE
"chr9",128057726,128058407,"AluJb",0,"SetA_ER_H3K27ac","10nM",TRUE,"ENSG00000230848",265,"ENSG00000230848",14.2800819882266,0.260464832974635,0.559274875647019,0.46571881612473,0.641416782162876,1,FALSE
"chr9",128071065,128071342,"AluSq2",53,"SetA_ER_H3K27ac","10nM",FALSE,"SLC25A25",0,"ENSG00000148339",2948.0701089257,1.22336765651942,0.277955546161747,4.40130687591145,1.07600814847151e-05,0.000762515845356546,TRUE
"chr9",128298823,128299235,"AluSq2",142,"SetA_ER_H3K27ac","10nM",FALSE,"SWI5",0,"ENSG00000175854",844.67361336904,-0.0580763125367677,0.17483128228082,-0.332184902948224,0.73974964283442,1,FALSE
"chr9",128635546,128635751,"AluSx",1700,"SetA_ER_H3K27ac","10nM",FALSE,"DYNC2I2",0,"ENSG00000119333",3053.7139316008,0.0368563692415078,0.151493039868205,0.243287541616248,0.807782654861394,1,FALSE
"chr9",129107314,129107696,"AluSg",0,"SetA_ER_H3K27ac","10nM",TRUE,"CRAT",0,"ENSG00000095321",1332.59295033915,0.274302195341229,0.460063255022489,0.596227132566414,0.551023502155202,1,FALSE
"chr9",129176370,129176575,"AluY",3671,"SetA_ER_H3K27ac","10nM",FALSE,"ENSG00000235007",0,"ENSG00000235007",5.56250465001935,0.780981246311025,1.02101004196536,0.764910445746155,0.44432487334506,1,FALSE
"chr9",129193700,129194044,"AluJr",790,"SetA_ER_H3K27ac","10nM",FALSE,"ENSG00000235007",0,"ENSG00000235007",5.56250465001935,0.780981246311025,1.02101004196536,0.764910445746155,0.44432487334506,1,FALSE
"chr9",129349369,129349757,"AluJb",768,"SetA_ER_H3K27ac","10nM",FALSE,"LINC01503",0,"ENSG00000233901",5.20202226435963,0.379807862808114,1.08310974201036,0.350664247653385,0.725840250589025,1,FALSE
"chr9",129737962,129738186,"AluJb",341,"SetA_ER_H3K27ac","10nM",FALSE,"PTGES",145,"ENSG00000148344",1146.77715387482,1.47354950770357,0.394724877209739,3.73310524059165,0.000189133521643616,0.00845558008171371,TRUE
"chr9",130187122,130187474,"AluSp",945,"SetA_ER_H3K27ac","10nM",FALSE,"NCS1",0,"ENSG00000107130",907.011000481076,0.357154093436184,0.266909612874081,1.33810876869646,0.180860982740679,0.951644699317062,FALSE
"chr9",133387412,133387725,"AluSx1",520,"SetA_ER_H3K27ac","10nM",FALSE,"STKLD1",0,"ENSG00000198870",16.4813490457735,-0.458315605234564,0.724311471951634,-0.63276038414751,0.526890130621237,1,FALSE
"chr9",133863267,133863674,"AluSz",2848,"SetA_ER_H3K27ac","10nM",FALSE,"VAV2",0,"ENSG00000160293",3084.8185666949,0.0565942413753346,0.223557191154883,0.253153303112157,0.800149750059549,1,FALSE
"chr9",133873246,133873611,"AluSz",145,"SetA_ER_H3K27ac","10nM",FALSE,"VAV2",0,"ENSG00000160293",3084.8185666949,0.0565942413753346,0.223557191154883,0.253153303112157,0.800149750059549,1,FALSE
"chr9",133892480,133892778,"AluSx1",3395,"SetA_ER_H3K27ac","10nM",FALSE,"VAV2",0,"ENSG00000160293",3084.8185666949,0.0565942413753346,0.223557191154883,0.253153303112157,0.800149750059549,1,FALSE
"chr9",133960061,133960436,"AluJb",3642,"SetA_ER_H3K27ac","10nM",FALSE,"VAV2",0,"ENSG00000160293",3084.8185666949,0.0565942413753346,0.223557191154883,0.253153303112157,0.800149750059549,1,FALSE
"chr9",134359342,134359700,"FLAM_A",14156,"SetA_ER_H3K27ac","10nM",FALSE,"RXRA",0,"ENSG00000186350",3603.09166522909,0.0844576719761422,0.307517583130712,0.27464339149753,0.783590226142468,1,FALSE
"chr9",134370174,134370483,"FLAM_A",3373,"SetA_ER_H3K27ac","10nM",FALSE,"RXRA",0,"ENSG00000186350",3603.09166522909,0.0844576719761422,0.307517583130712,0.27464339149753,0.783590226142468,1,FALSE
"chr9",134412335,134412614,"AluJo",5915,"SetA_ER_H3K27ac","10nM",FALSE,"RXRA",0,"ENSG00000186350",3603.09166522909,0.0844576719761422,0.307517583130712,0.27464339149753,0.783590226142468,1,FALSE
"chr9",134693082,134693412,"AluSz",0,"SetA_ER_H3K27ac","10nM",TRUE,"COL5A1",0,"ENSG00000130635",442.001244258017,0.00805033815343267,0.473388208461452,0.0170057851242153,0.986432000578382,1,FALSE
"chr9",134702504,134702849,"AluY",779,"SetA_ER_H3K27ac","10nM",FALSE,"COL5A1",0,"ENSG00000130635",442.001244258017,0.00805033815343267,0.473388208461452,0.0170057851242153,0.986432000578382,1,FALSE
"chr9",136328071,136328431,"AluJb",4334,"SetA_ER_H3K27ac","10nM",FALSE,"GPSM1",0,"ENSG00000160360",145.487919070058,1.1725561873506,0.640305785915105,1.83124409171912,0.0670641183193031,0.621618432510646,FALSE
"chr9",137227170,137227377,"AluSx1",2437,"SetA_ER_H3K27ac","10nM",FALSE,"ENSG00000302646",0,"ENSG00000302646",7.12770234705932,-0.829432808018451,0.851104156215008,-0.974537372378802,0.32978979234036,1,FALSE
"chrX",2929414,2929599,"AluSx",0,"SetA_ER_H3K27ac","10nM",TRUE,"ARSD",10,"ENSG00000006756",2101.16471625323,0.0639990618974244,0.314723189525333,0.203350321893814,0.838861225891081,1,FALSE
"chrX",6729293,6729553,"AluJr",946,"SetA_ER_H3K27ac","10nM",FALSE,"PUDP",0,"ENSG00000130021",694.160637756842,0.0889112965471237,0.195134301924986,0.455641553894012,0.648647756710419,1,FALSE
"chrX",6730054,6730237,"AluJr",821,"SetA_ER_H3K27ac","10nM",FALSE,"PUDP",0,"ENSG00000130021",694.160637756842,0.0889112965471237,0.195134301924986,0.455641553894012,0.648647756710419,1,FALSE
"chrX",7132364,7132746,"AluSz6",1460,"SetA_ER_H3K27ac","10nM",FALSE,"PUDP",0,"ENSG00000130021",694.160637756842,0.0889112965471237,0.195134301924986,0.455641553894012,0.648647756710419,1,FALSE
"chrX",7218439,7218816,"AluY",1728,"SetA_ER_H3K27ac","10nM",FALSE,"STS",0,"ENSG00000101846",13700.3969615933,0.105740713786157,0.154482218511977,0.684484692184553,0.493669152403335,1,FALSE
"chrX",7219045,7219467,"AluY",1077,"SetA_ER_H3K27ac","10nM",FALSE,"STS",0,"ENSG00000101846",13700.3969615933,0.105740713786157,0.154482218511977,0.684484692184553,0.493669152403335,1,FALSE
"chrX",7347434,7348204,"AluJo",360,"SetA_ER_H3K27ac","10nM",FALSE,"STS",0,"ENSG00000101846",13700.3969615933,0.105740713786157,0.154482218511977,0.684484692184553,0.493669152403335,1,FALSE
"chrX",9810144,9810572,"AluSz",170,"SetA_ER_H3K27ac","10nM",FALSE,"SHROOM2",0,"ENSG00000146950",3123.46126328987,-0.0302711443598685,0.42868362615907,-0.0706141837771895,0.943704821572166,1,FALSE
"chrX",10032316,10032499,"AluSx",311,"SetA_ER_H3K27ac","10nM",FALSE,"WWC3",0,"ENSG00000047644",3845.022553615,0.171448542651473,0.28549645184247,0.600527752779479,0.548154570776288,1,FALSE
"chrX",10033198,10033658,"AluSx",102,"SetA_ER_H3K27ac","10nM",FALSE,"WWC3",0,"ENSG00000047644",3845.022553615,0.171448542651473,0.28549645184247,0.600527752779479,0.548154570776288,1,FALSE
"chrX",10090418,10090673,"AluJr",535,"SetA_ER_H3K27ac","10nM",FALSE,"WWC3",0,"ENSG00000047644",3845.022553615,0.171448542651473,0.28549645184247,0.600527752779479,0.548154570776288,1,FALSE
"chrX",10101097,10101675,"AluSz",3049,"SetA_ER_H3K27ac","10nM",FALSE,"WWC3",0,"ENSG00000047644",3845.022553615,0.171448542651473,0.28549645184247,0.600527752779479,0.548154570776288,1,FALSE
"chrX",10590015,10590255,"AluSg4",5967,"SetA_ER_H3K27ac","10nM",FALSE,"MID1",0,"ENSG00000101871",329.252963146669,0.802603218704144,0.258368465631585,3.10642870731987,0.0018936196349765,0.0550030447461778,FALSE
"chrX",10939472,10939813,"AluSz",5330,"SetA_ER_H3K27ac","10nM",FALSE,"HCCS-DT",0,"ENSG00000234129",27.1612527731127,-0.287043325872622,0.646166102663165,-0.444225292366121,0.656879707844515,1,FALSE
"chrX",16605335,16605566,"AluSq2",0,"SetA_ER_H3K27ac","10nM",TRUE,"CTPS2",0,"ENSG00000047230",2598.75331283869,-0.000731772476894331,0.164910849048509,-0.00443738226512361,0.996459492819259,1,FALSE
"chrX",16617227,16617818,"AluSx",234,"SetA_ER_H3K27ac","10nM",FALSE,"CTPS2",0,"ENSG00000047230",2598.75331283869,-0.000731772476894331,0.164910849048509,-0.00443738226512361,0.996459492819259,1,FALSE
"chrX",16633653,16634161,"AluJo",352,"SetA_ER_H3K27ac","10nM",FALSE,"CTPS2",0,"ENSG00000047230",2598.75331283869,-0.000731772476894331,0.164910849048509,-0.00443738226512361,0.996459492819259,1,FALSE
"chrX",16662273,16662901,"AluJo",246,"SetA_ER_H3K27ac","10nM",FALSE,"CTPS2",0,"ENSG00000047230",2598.75331283869,-0.000731772476894331,0.164910849048509,-0.00443738226512361,0.996459492819259,1,FALSE
"chrX",16871472,16871691,"AluJb",1121,"SetA_ER_H3K27ac","10nM",FALSE,"RBBP7",1101,"ENSG00000102054",13974.22351967,0.0978876139373035,0.168424420717437,0.581196084987747,0.561108305964871,1,FALSE
"chrX",17007265,17007700,"AluJb",1458,"SetA_ER_H3K27ac","10nM",FALSE,"REPS2",0,"ENSG00000169891",1972.65900600324,-0.0625938176868203,0.14111036265315,-0.443580588341879,0.657345842735354,1,FALSE
"chrX",18031606,18031877,"AluSc",9626,"SetA_ER_H3K27ac","10nM",FALSE,"LINC01456",0,"ENSG00000225882",100.36650314352,0.159691714601634,0.286403283519283,0.557576409876889,0.577133668804837,1,FALSE
"chrX",18099808,18100195,"AluSx",204,"SetA_ER_H3K27ac","10nM",FALSE,"LINC01456",0,"ENSG00000225882",100.36650314352,0.159691714601634,0.286403283519283,0.557576409876889,0.577133668804837,1,FALSE
"chrX",18831746,18832078,"AluYm1",12,"SetA_ER_H3K27ac","10nM",FALSE,"ENSG00000300913",0,"ENSG00000300913",83.7553503093904,5.13178718394702,0.727748814567251,7.0515912650419,1.76883149733442e-12,7.21394462096552e-10,TRUE
"chrX",18833344,18833582,"AluSg",527,"SetA_ER_H3K27ac","10nM",FALSE,"ENSG00000300913",0,"ENSG00000300913",83.7553503093904,5.13178718394702,0.727748814567251,7.0515912650419,1.76883149733442e-12,7.21394462096552e-10,TRUE
"chrX",19463607,19464019,"AluJb",886,"SetA_ER_H3K27ac","10nM",FALSE,"MAP3K15",0,"ENSG00000180815",51.7805673181772,0.0211371483085043,0.343242077048556,0.0615808775260211,0.950896605559571,1,FALSE
"chrX",19856402,19856714,"AluSz",727,"SetA_ER_H3K27ac","10nM",FALSE,"SH3KBP1",0,"ENSG00000147010",679.238497558669,0.368289894932294,0.286381336507459,1.28601220814088,0.198438801096928,0.979160741017531,FALSE
"chrX",22117184,22117930,"AluSz6",1137,"SetA_ER_H3K27ac","10nM",FALSE,"PHEX",0,"ENSG00000102174",362.830237366122,-0.255796311209921,0.335511791557865,-0.762406322657677,0.445817533822888,1,FALSE
"chrX",22164751,22165386,"AluJr",2094,"SetA_ER_H3K27ac","10nM",FALSE,"PHEX",0,"ENSG00000102174",362.830237366122,-0.255796311209921,0.335511791557865,-0.762406322657677,0.445817533822888,1,FALSE
"chrX",24056204,24056575,"AluJb",2,"SetA_ER_H3K27ac","10nM",FALSE,"EIF2S3",0,"ENSG00000130741",9286.6910595142,-0.0505050319323702,0.236238057347634,-0.213788720155491,0.830711821613753,1,FALSE
"chrX",24189369,24189696,"AluSc8",234,"SetA_ER_H3K27ac","10nM",FALSE,"ZFX",0,"ENSG00000005889",2936.9236889298,-0.128179548834501,0.284063008019597,-0.451236328616425,0.651819229136324,1,FALSE
"chrX",24190503,24190753,"AluSx",949,"SetA_ER_H3K27ac","10nM",FALSE,"ZFX",0,"ENSG00000005889",2936.9236889298,-0.128179548834501,0.284063008019597,-0.451236328616425,0.651819229136324,1,FALSE
"chrX",24491791,24492089,"AluJb",0,"SetA_ER_H3K27ac","10nM",TRUE,"PDK3",0,"ENSG00000067992",2575.48555765128,-0.00569991849793552,0.134028271301088,-0.0425277327134283,0.966078004235851,1,FALSE
"chrX",40577429,40577807,"AluSz",2,"SetA_ER_H3K27ac","10nM",FALSE,"ATP6AP2",1565,"ENSG00000182220",4180.47588570243,-0.0400636468366275,0.172729301676431,-0.231944704504611,0.816580961992074,1,FALSE
"chrX",43693994,43694307,"AluJr4",1142,"SetA_ER_H3K27ac","10nM",FALSE,"MAOA",0,"ENSG00000189221",57.5612694489945,0.230753410070474,0.676529712928238,0.341083925304181,0.733040402166946,1,FALSE
"chrX",54747669,54748077,"AluY",3535,"SetA_ER_H3K27ac","10nM",FALSE,"ITIH6",841,"ENSG00000102313",115.932446492386,0.759867972094549,0.50926996462228,1.49207301604393,0.135680004936144,0.86549665394617,FALSE
"chrX",54748632,54748881,"AluY",4498,"SetA_ER_H3K27ac","10nM",FALSE,"ITIH6",37,"ENSG00000102313",115.932446492386,0.759867972094549,0.50926996462228,1.49207301604393,0.135680004936144,0.86549665394617,FALSE
"chrX",67696034,67696333,"AluJr",6469,"SetA_ER_H3K27ac","10nM",FALSE,"AR",0,"ENSG00000169083",4108.29706107104,-0.146381467355194,0.211966315405342,-0.690588346904408,0.489824272676085,1,FALSE
"chrX",67696803,67696995,"AluJr",5807,"SetA_ER_H3K27ac","10nM",FALSE,"AR",0,"ENSG00000169083",4108.29706107104,-0.146381467355194,0.211966315405342,-0.690588346904408,0.489824272676085,1,FALSE
"chrX",67700134,67700388,"AluJr",2414,"SetA_ER_H3K27ac","10nM",FALSE,"AR",0,"ENSG00000169083",4108.29706107104,-0.146381467355194,0.211966315405342,-0.690588346904408,0.489824272676085,1,FALSE
"chrX",68355321,68355983,"AluSx",0,"SetA_ER_H3K27ac","10nM",TRUE,"OPHN1",0,"ENSG00000079482",1090.50348385043,0.0941302792368721,0.259854605491155,0.362242104806859,0.717171117932727,1,FALSE
"chrX",68363994,68364315,"AluSq2",385,"SetA_ER_H3K27ac","10nM",FALSE,"OPHN1",0,"ENSG00000079482",1090.50348385043,0.0941302792368721,0.259854605491155,0.362242104806859,0.717171117932727,1,FALSE
"chrX",68372558,68372935,"AluSx",519,"SetA_ER_H3K27ac","10nM",FALSE,"OPHN1",0,"ENSG00000079482",1090.50348385043,0.0941302792368721,0.259854605491155,0.362242104806859,0.717171117932727,1,FALSE
"chrX",68402477,68402906,"AluSc",1259,"SetA_ER_H3K27ac","10nM",FALSE,"OPHN1",0,"ENSG00000079482",1090.50348385043,0.0941302792368721,0.259854605491155,0.362242104806859,0.717171117932727,1,FALSE
"chrX",74063522,74063706,"AluJo",388,"SetA_ER_H3K27ac","10nM",FALSE,"FTX",0,"ENSG00000230590",221.813984592493,0.0569810506223497,0.276747873685261,0.205895170443668,0.836872798055712,1,FALSE
"chrX",85357881,85358221,"AluJr",12967,"SetA_ER_H3K27ac","10nM",FALSE,"POF1B",0,"ENSG00000124429",260.821532951807,-0.0475868654315873,0.287458155068565,-0.165543626411423,0.868516114578261,1,FALSE
"chrX",104972809,104973067,"AluSx",1439,"SetA_ER_H3K27ac","10nM",FALSE,"IL1RAPL2",0,"ENSG00000189108",12.5112077955409,0.558607683413814,1.07869169119649,0.517856666527397,0.604558278078412,1,FALSE
"chrX",105636839,105637100,"AluSc8",6780,"SetA_ER_H3K27ac","10nM",FALSE,"IL1RAPL2",0,"ENSG00000189108",12.5112077955409,0.558607683413814,1.07869169119649,0.517856666527397,0.604558278078412,1,FALSE
"chrX",107719487,107719714,"AluSq2",696,"SetA_ER_H3K27ac","10nM",FALSE,"TSC22D3",0,"ENSG00000157514",6282.72074250924,-0.04984490720574,0.315667131637084,-0.157903380523778,0.874532934213145,1,FALSE
"chrX",107726808,107727206,"AluJr",5610,"SetA_ER_H3K27ac","10nM",FALSE,"TSC22D3",0,"ENSG00000157514",6282.72074250924,-0.04984490720574,0.315667131637084,-0.157903380523778,0.874532934213145,1,FALSE
"chrX",110004430,110004647,"AluSz",4944,"SetA_ER_H3K27ac","10nM",FALSE,"TMEM164",0,"ENSG00000157600",5843.24276581688,0.251575803253368,0.264904444317255,0.949685098344653,0.342272283785189,1,FALSE
"chrX",110162802,110163201,"AluSg",1799,"SetA_ER_H3K27ac","10nM",FALSE,"TMEM164",0,"ENSG00000157600",5843.24276581688,0.251575803253368,0.264904444317255,0.949685098344653,0.342272283785189,1,FALSE
"chrX",110168213,110168508,"AluSg",7210,"SetA_ER_H3K27ac","10nM",FALSE,"TMEM164",0,"ENSG00000157600",5843.24276581688,0.251575803253368,0.264904444317255,0.949685098344653,0.342272283785189,1,FALSE
"chrX",110172093,110172315,"AluSg",11090,"SetA_ER_H3K27ac","10nM",FALSE,"TMEM164",0,"ENSG00000157600",5843.24276581688,0.251575803253368,0.264904444317255,0.949685098344653,0.342272283785189,1,FALSE
"chrX",110173159,110173581,"AluSg",12156,"SetA_ER_H3K27ac","10nM",FALSE,"TMEM164",0,"ENSG00000157600",5843.24276581688,0.251575803253368,0.264904444317255,0.949685098344653,0.342272283785189,1,FALSE
"chrX",110401970,110402347,"AluJb",7502,"SetA_ER_H3K27ac","10nM",FALSE,"AMMECR1",0,"ENSG00000101935",2437.43596278789,0.678532759731786,0.144268181588406,4.70327380757889,2.56022705004721e-06,0.000224401655123436,TRUE
"chrX",115958594,115958837,"AluY",1837,"SetA_ER_H3K27ac","10nM",FALSE,"DANT2",0,"ENSG00000235244",10.0964943820682,0.391171657426364,1.02623747343341,0.381170701277987,0.70307658797874,1,FALSE
"chrX",119309884,119310255,"AluYb9",1487,"SetA_ER_H3K27ac","10nM",FALSE,"LINC03098",0,"ENSG00000230392",3.33194729461277,1.35030188962697,1.32357365276303,1.0201939928376,0.307636466047448,1,FALSE
"chrX",131493098,131493545,"AluJo",6065,"SetA_ER_H3K27ac","10nM",FALSE,"IGSF1",0,"ENSG00000147255",69.9148706061693,0.32874145562559,0.312836135969972,1.05084233509758,0.293331008419573,1,FALSE
"chrX",131565907,131566310,"AluSx",4952,"SetA_ER_H3K27ac","10nM",FALSE,"IGSF1",0,"ENSG00000147255",69.9148706061693,0.32874145562559,0.312836135969972,1.05084233509758,0.293331008419573,1,FALSE
"chrX",132169704,132169978,"AluSx1",827,"SetA_ER_H3K27ac","10nM",FALSE,"RAP2C-AS1",0,"ENSG00000232160",88.0893125031774,0.0635586525604516,0.608757184869551,0.104407231881906,0.916846183838659,1,FALSE
"chrX",132181310,132181639,"AluSq2",566,"SetA_ER_H3K27ac","10nM",FALSE,"RAP2C-AS1",0,"ENSG00000232160",88.0893125031774,0.0635586525604516,0.608757184869551,0.104407231881906,0.916846183838659,1,FALSE
"chrX",133987998,133988437,"AluSg4",1004,"SetA_ER_H3K27ac","10nM",FALSE,"GPC3",899,"ENSG00000147257",25.6682291486588,0.794031831872525,0.690432846823495,1.15004932851278,0.250123554790844,1,FALSE
"chrX",134557571,134557870,"AluSg7",838,"SetA_ER_H3K27ac","10nM",FALSE,"LINC00629",0,"ENSG00000227060",4.93122110019073,0.0459058225247629,1.06131927841688,0.0432535462780233,0.965499421238807,1,FALSE
"chrX",134569467,134569650,"AluSx1",191,"SetA_ER_H3K27ac","10nM",FALSE,"PLAC1",0,"ENSG00000170965",22.1365872915148,3.13170325223471,0.752474849932508,4.1618709947789,3.15650665496565e-05,0.00187137230691157,TRUE
"chrX",134570525,134570856,"AluSx1",390,"SetA_ER_H3K27ac","10nM",FALSE,"PLAC1",0,"ENSG00000170965",22.1365872915148,3.13170325223471,0.752474849932508,4.1618709947789,3.15650665496565e-05,0.00187137230691157,TRUE
"chrX",134570970,134571372,"AluSx1",835,"SetA_ER_H3K27ac","10nM",FALSE,"PLAC1",0,"ENSG00000170965",22.1365872915148,3.13170325223471,0.752474849932508,4.1618709947789,3.15650665496565e-05,0.00187137230691157,TRUE
"chrX",134651977,134652259,"AluSx3",2690,"SetA_ER_H3K27ac","10nM",FALSE,"PLAC1",0,"ENSG00000170965",22.1365872915148,3.13170325223471,0.752474849932508,4.1618709947789,3.15650665496565e-05,0.00187137230691157,TRUE
"chrX",134652425,134652613,"AluSx3",3138,"SetA_ER_H3K27ac","10nM",FALSE,"PLAC1",0,"ENSG00000170965",22.1365872915148,3.13170325223471,0.752474849932508,4.1618709947789,3.15650665496565e-05,0.00187137230691157,TRUE
"chrX",134658509,134658824,"AluSx1",1283,"SetA_ER_H3K27ac","10nM",FALSE,"PLAC1",0,"ENSG00000170965",22.1365872915148,3.13170325223471,0.752474849932508,4.1618709947789,3.15650665496565e-05,0.00187137230691157,TRUE
"chrX",134718333,134718623,"AluSz",774,"SetA_ER_H3K27ac","10nM",FALSE,"PLAC1",0,"ENSG00000170965",22.1365872915148,3.13170325223471,0.752474849932508,4.1618709947789,3.15650665496565e-05,0.00187137230691157,TRUE
"chrX",134746194,134746581,"AluSq2",1475,"SetA_ER_H3K27ac","10nM",FALSE,"PLAC1",0,"ENSG00000170965",22.1365872915148,3.13170325223471,0.752474849932508,4.1618709947789,3.15650665496565e-05,0.00187137230691157,TRUE
"chrX",134747834,134748054,"AluSq2",2,"SetA_ER_H3K27ac","10nM",FALSE,"PLAC1",0,"ENSG00000170965",22.1365872915148,3.13170325223471,0.752474849932508,4.1618709947789,3.15650665496565e-05,0.00187137230691157,TRUE
"chrX",134753152,134753576,"AluSx",2006,"SetA_ER_H3K27ac","10nM",FALSE,"PLAC1",0,"ENSG00000170965",22.1365872915148,3.13170325223471,0.752474849932508,4.1618709947789,3.15650665496565e-05,0.00187137230691157,TRUE
"chrX",140508164,140508425,"AluSx",236,"SetA_ER_H3K27ac","10nM",FALSE,"ENSG00000303910",0,"ENSG00000303910",8.45957799046039,1.46846850594011,0.924436373826861,1.58850143451316,0.112172996928966,0.80116696591439,FALSE
"chrX",141133359,141133554,"AluSq",0,"SetA_ER_H3K27ac","10nM",TRUE,"LDOC1",0,"ENSG00000182195",5980.96401602422,-0.231978807774116,0.46209362024857,-0.50201690222282,0.615655631575499,1,FALSE
"chrX",142487365,142487632,"AluSg",12590,"SetA_ER_H3K27ac","10nM",FALSE,"ENSG00000288098",0,"ENSG00000288098",27.1171392131058,-0.0690501102607264,0.567707111002414,-0.121629813899641,0.903192200705616,1,FALSE
"chrX",143633960,143634268,"AluSx",4621,"SetA_ER_H3K27ac","10nM",FALSE,"SLITRK4",0,"ENSG00000179542",243.857510227286,3.12769282725923,0.396212201048098,7.8939841301847,2.92689401798565e-15,2.54308913284457e-12,TRUE
"chrX",150041139,150041621,"AluSq2",1220,"SetA_ER_H3K27ac","10nM",FALSE,"EOLA2-DT",0,"ENSG00000235703",9.0736858689728,-0.380744410205995,0.992777368346369,-0.383514393403413,0.70133840021137,1,FALSE
"chrX",152895751,152896056,"AluJo",801,"SetA_ER_H3K27ac","10nM",FALSE,"ZNF185",639,"ENSG00000147394",404.725623130785,0.351896261206593,0.369875758621159,0.951390441261708,0.341406210869199,1,FALSE
"chrX",152915440,152915826,"AluSx",5234,"SetA_ER_H3K27ac","10nM",FALSE,"ZNF185",0,"ENSG00000147394",404.725623130785,0.351896261206593,0.369875758621159,0.951390441261708,0.341406210869199,1,FALSE
"chrX",154121193,154121469,"AluSg7",0,"SetA_ER_H3K27ac","10nM",TRUE,"MECP2",0,"ENSG00000169057",3579.12695439522,-0.00950301117287919,0.142953561098298,-0.0664762115743639,0.946998696222045,1,FALSE
"chrX",154374430,154374618,"AluJr",682,"SetA_ER_H3K27ac","10nM",FALSE,"FLNA",0,"ENSG00000196924",29225.4145373345,-0.501700955225309,0.441115542540762,-1.13734590337847,0.255393712315698,1,FALSE
"chrX",154419917,154420267,"AluSz",2143,"SetA_ER_H3K27ac","10nM",FALSE,"TAFAZZIN",0,"ENSG00000102125",505.269675253915,0.81334867026031,0.233217307915217,3.48751418808072,0.000487533055179796,0.0185225486211274,TRUE
"chrX",154490806,154491167,"AluSg4",0,"SetA_ER_H3K27ac","10nM",TRUE,"SLC10A3",117,"ENSG00000126903",3175.78001310377,0.998269414747128,0.180986897643985,5.51569990834806,3.47394603742227e-08,4.8547788539753e-06,TRUE
"chrX",154539078,154539451,"AluSz",121,"SetA_ER_H3K27ac","10nM",FALSE,"G6PD",0,"ENSG00000160211",13487.8034426388,0.187908835397953,0.158314173439376,1.18693627560712,0.23525275721896,1,FALSE
"chrX",154540842,154541949,"AluSx1",187,"SetA_ER_H3K27ac","10nM",FALSE,"G6PD",0,"ENSG00000160211",13487.8034426388,0.187908835397953,0.158314173439376,1.18693627560712,0.23525275721896,1,FALSE
"chrX",154542597,154542786,"AluSx",901,"SetA_ER_H3K27ac","10nM",FALSE,"G6PD",0,"ENSG00000160211",13487.8034426388,0.187908835397953,0.158314173439376,1.18693627560712,0.23525275721896,1,FALSE
"chrX",154987997,154988493,"AluJb",1417,"SetA_ER_H3K27ac","10nM",FALSE,"F8",0,"ENSG00000185010",157.405711484512,-0.0184322906611629,0.245785615503809,-0.0749933661633555,0.940219990065613,1,FALSE
"chrX",154988855,154989059,"AluJb",2275,"SetA_ER_H3K27ac","10nM",FALSE,"F8",0,"ENSG00000185010",157.405711484512,-0.0184322906611629,0.245785615503809,-0.0749933661633555,0.940219990065613,1,FALSE
