"chrom","start","end","pro_plus_abs","pro_minus_abs","bidir","in_setB"
"chr1",1073678,1074129,91.04,769.81,0.118262948000156,FALSE
"chr1",1433072,1433276,0,8.68,0,FALSE
"chr1",3338327,3338598,15.73,0,0,FALSE
"chr1",6909719,6910351,52.83,32.58,0.616695059625213,TRUE
"chr1",6910523,6910780,15.73,0,0,FALSE
"chr1",6959514,6959901,432.7,42.34,0.0978507048763578,FALSE
"chr1",6960467,6960830,600.16,29.32,0.0488536390295921,FALSE
"chr1",7447812,7448166,62.94,583.06,0.107947724076424,FALSE
"chr1",8194603,8194792,0,6.52,0,FALSE
"chr1",8197986,8198307,19.11,6.52,0.341182626896913,TRUE
"chr1",12485298,12485966,52.83,159.61,0.330994298602844,TRUE
"chr1",12486333,12486739,340.55,160.71,0.471913081779474,TRUE
"chr1",12549659,12549898,3.37,2.18,0.646884272997033,TRUE
"chr1",12600241,12600687,3.37,80.35,0.0419415059116366,FALSE
"chr1",14977307,14977611,21.35,21.71,0.983417779824965,TRUE
"chr1",15015761,15016281,234.89,364.81,0.643869411474466,TRUE
"chr1",15017175,15017494,278.73,40.16,0.144082086607111,FALSE
"chr1",15025531,15025946,17.98,15.2,0.845383759733037,TRUE
"chr1",15229863,15230206,37.09,5.43,0.146400647074683,FALSE
"chr1",15463073,15463416,4.49,39.09,0.114863136352008,FALSE
"chr1",16175953,16176143,2.25,29.31,0.0767656090071648,FALSE
"chr1",16608332,16608858,1359.91,633.01,0.465479333191167,TRUE
"chr1",16614327,16614627,240.51,304.01,0.791125291931186,TRUE
"chr1",17098995,17099214,9,3.26,0.362222222222222,TRUE
"chr1",17314813,17315102,21.35,8.68,0.40655737704918,TRUE
"chr1",17520439,17520863,274.24,120.53,0.439505542590432,TRUE
"chr1",17529475,17529939,86.55,41.27,0.47683419988446,TRUE
"chr1",18365842,18366528,175.34,3.26,0.0185924489563134,FALSE
"chr1",19425792,19426080,34.85,29.32,0.841319942611191,TRUE
"chr1",19427223,19427535,39.34,269.27,0.146098711330635,FALSE
"chr1",19582218,19582520,3.37,13.04,0.258435582822086,FALSE
"chr1",19593336,19593535,1.12,0,0,FALSE
"chr1",19596699,19596910,29.22,324.65,0.0900046203603881,FALSE
"chr1",20355925,20356115,31.47,65.15,0.483039140445127,TRUE
"chr1",20356884,20357158,195.58,325.72,0.600454377993369,TRUE
"chr1",20357290,20357607,175.33,248.64,0.705156048906049,TRUE
"chr1",20358761,20358955,15.73,297.5,0.0528739495798319,FALSE
"chr1",21254718,21254936,1.12,18.46,0.0606717226435536,FALSE
"chr1",21622202,21622399,4.49,3.26,0.726057906458797,TRUE
"chr1",21625789,21626047,5.62,24.98,0.22497998398719,FALSE
"chr1",21634296,21634525,167.46,43.43,0.259345515346948,FALSE
"chr1",21635679,21635892,85.42,5.43,0.0635682509950831,FALSE
"chr1",21638902,21639427,86.54,74.91,0.865611278021724,TRUE
"chr1",22412975,22413223,3.37,0,0,FALSE
"chr1",22469467,22469845,51.7,46.69,0.903094777562863,TRUE
"chr1",22472570,22472969,56.2,65.16,0.862492326580724,TRUE
"chr1",22473128,22473375,182.07,2.17,0.011918492887351,FALSE
"chr1",23530946,23531146,106.78,33.65,0.315133920209777,TRUE
"chr1",23957158,23957400,268.61,180.23,0.670972785823313,TRUE
"chr1",24001310,24001604,16.85,0,0,FALSE
"chr1",24011684,24011909,282.1,45.61,0.161680255228642,FALSE
"chr1",24018922,24019127,110.14,6.52,0.0591973851461776,FALSE
"chr1",24567896,24568514,1249.77,174.8,0.139865735295294,FALSE
"chr1",24570438,24570752,270.86,46.7,0.172413793103448,FALSE
"chr1",25568239,25568426,13.49,14.12,0.955382436260623,TRUE
"chr1",25756916,25757497,25.85,19.54,0.755899419729207,TRUE
"chr1",29227650,29227897,122.5,138.98,0.881421787307526,TRUE
"chr1",30296255,30296857,80.92,24.98,0.308699950568463,TRUE
"chr1",30297801,30297992,1.12,7.6,0.147368421052632,FALSE
"chr1",30302766,30303545,134.87,109.67,0.813153406984504,TRUE
"chr1",30345510,30346020,22.48,2.18,0.0969750889679715,FALSE
"chr1",31186653,31186855,6.74,4.34,0.643916913946587,TRUE
"chr1",31187128,31187306,60.69,19.55,0.322128851540616,TRUE
"chr1",31368804,31369196,43.83,13.04,0.297513118868355,TRUE
"chr1",31412867,31413114,1.12,42.35,0.0264462809917355,FALSE
"chr1",31830385,31831096,472.03,272.54,0.577378556447683,TRUE
"chr1",31842897,31843251,309.07,288.8,0.934416151680849,TRUE
"chr1",31880132,31880513,79.8,210.65,0.378827438879658,TRUE
"chr1",31880927,31881133,80.92,155.26,0.521190261496844,TRUE
"chr1",31938612,31938853,165.21,33.66,0.203740693662611,FALSE
"chr1",32240512,32240732,79.8,21.72,0.27218045112782,FALSE
"chr1",32332888,32333132,21.36,152.01,0.140517071245313,FALSE
"chr1",33660453,33660816,25.85,0,0,FALSE
"chr1",34825716,34825952,34.84,1.09,0.0312858783008037,FALSE
"chr1",36204173,36204414,8.99,24.97,0.360032038446135,TRUE
"chr1",37793313,37793648,66.31,533.11,0.12438333552175,FALSE
"chr1",38421666,38421925,11.23,2.17,0.193232413178985,FALSE
"chr1",39142863,39143169,33.72,32.58,0.966192170818505,TRUE
"chr1",39178982,39179218,7.87,3.26,0.41423125794155,TRUE
"chr1",40141067,40141413,15.73,51.04,0.308189655172414,TRUE
"chr1",40919431,40919682,25.85,29.32,0.881650750341064,TRUE
"chr1",41423744,41423935,1.12,3.26,0.343558282208589,TRUE
"chr1",41501054,41501246,38.22,396.31,0.0964396558249855,FALSE
"chr1",41778380,41778711,0,22.81,0,FALSE
"chr1",41789462,41790164,29.22,347.44,0.0841008519456597,FALSE
"chr1",41860222,41860514,110.15,174.8,0.630148741418764,TRUE
"chr1",41866277,41866646,58.44,68.4,0.854385964912281,TRUE
"chr1",41868226,41868508,71.94,44.51,0.618710036141229,TRUE
"chr1",42657540,42657839,4.5,87.94,0.0511712531271321,FALSE
"chr1",42973325,42973633,8.99,46.69,0.192546583850932,FALSE
"chr1",42992395,42992755,59.57,6.52,0.109451065972805,FALSE
"chr1",42993651,42993854,7.87,1.09,0.138500635324015,FALSE
"chr1",43830879,43831133,66.31,4.34,0.0654501583471573,FALSE
"chr1",44819500,44819787,40.45,515.74,0.0784309923604917,FALSE
"chr1",45304686,45305021,872.13,93.39,0.107082659695229,FALSE
"chr1",45516829,45517272,32.59,183.48,0.177621539132331,FALSE
"chr1",46757743,46757945,236.02,255.15,0.925024495394866,TRUE
"chr1",47771882,47772174,7.87,30.4,0.258881578947368,FALSE
"chr1",47921090,47921356,8.99,4.34,0.482758620689655,TRUE
"chr1",51306909,51307377,26.97,31.5,0.856190476190476,TRUE
"chr1",51321375,51321740,82.03,32.58,0.397171766426917,TRUE
"chr1",51330417,51330621,47.2,56.47,0.83584204002125,TRUE
"chr1",51541829,51542117,14.61,3.26,0.223134839151266,FALSE
"chr1",51558726,51558928,67.44,13.03,0.193208778173191,FALSE
"chr1",51567650,51568006,41.58,36.91,0.887686387686388,TRUE
"chr1",51578785,51579036,15.73,47.78,0.329217245709502,TRUE
"chr1",56788305,56788684,35.96,9.78,0.271968854282536,FALSE
"chr1",61215661,61216109,58.44,0,0,FALSE
"chr1",64983178,64983493,6.74,72.74,0.0926587847126753,FALSE
"chr1",65044346,65044717,73.05,105.32,0.693600455753893,TRUE
"chr1",70915397,70915670,3.37,14.11,0.238837703756201,FALSE
"chr1",71448618,71448981,20.23,5.43,0.268413247652002,FALSE
"chr1",71461542,71461768,8.99,0,0,FALSE
"chr1",72003154,72003332,4.5,19.54,0.230296827021494,FALSE
"chr1",72006731,72006919,8.99,7.6,0.845383759733037,TRUE
"chr1",74652469,74652889,30.35,99.9,0.303803803803804,TRUE
"chr1",74690160,74690398,1.12,27.14,0.0412675018422992,FALSE
"chr1",74703398,74703706,14.62,29.32,0.498635743519782,TRUE
"chr1",74704481,74704661,3.37,4.35,0.774712643678161,TRUE
"chr1",76945059,76945298,2.25,20.63,0.109064469219583,FALSE
"chr1",79361272,79361541,1.12,1.09,0.973214285714286,TRUE
"chr1",85830588,85830833,6.74,55.37,0.121726566732888,FALSE
"chr1",91777635,91777863,35.96,8.68,0.241379310344828,FALSE
"chr1",93779814,93780031,3.37,3.26,0.967359050445104,TRUE
"chr1",94247857,94248035,59.57,30.4,0.510323988584858,TRUE
"chr1",107756413,107756674,13.48,16.28,0.828009828009828,TRUE
"chr1",107936675,107936935,1.12,30.39,0.0368542283645936,FALSE
"chr1",108199205,108199512,1187.96,603.69,0.508173675881343,TRUE
"chr1",109115686,109115954,503.51,38.01,0.075490059780342,FALSE
"chr1",109152291,109152489,162.96,246.48,0.661148977604674,TRUE
"chr1",109154634,109154837,83.17,8.69,0.10448479018877,FALSE
"chr1",109199227,109199532,33.72,32.57,0.965895610913405,TRUE
"chr1",109246327,109246512,88.79,36.92,0.415812591508053,TRUE
"chr1",109724307,109724731,39.34,99.89,0.393833216538192,TRUE
"chr1",109725615,109725800,101.16,17.37,0.171708185053381,FALSE
"chr1",110746388,110746855,1.12,7.6,0.147368421052632,FALSE
"chr1",111513417,111513851,16.86,9.77,0.579478054567023,TRUE
"chr1",113388233,113388465,32.59,224.76,0.144999110161951,FALSE
"chr1",113388753,113388948,87.66,346.36,0.253089271278439,FALSE
"chr1",113976649,113976918,188.81,111.84,0.592341507335417,TRUE
"chr1",114034092,114034399,212.42,475.57,0.446664003196165,TRUE
"chr1",115665480,115665754,51.7,8.69,0.168085106382979,FALSE
"chr1",115713116,115713357,37.1,171.55,0.216263480034975,FALSE
"chr1",115815768,115815948,0,0,0,FALSE
"chr1",116858983,116859242,12.37,5.43,0.438965238480194,TRUE
"chr1",116879801,116880032,46.09,94.47,0.487879750185244,TRUE
"chr1",145708160,145708649,32.59,31.49,0.96624731512734,TRUE
"chr1",147669292,147669634,127,286.65,0.443049014477586,TRUE
"chr1",147669743,147670037,133.74,245.38,0.545032194962915,TRUE
"chr1",147716570,147716848,1.12,204.13,0.00548669965218243,FALSE
"chr1",148376529,148376834,6.74,6.52,0.967359050445104,TRUE
"chr1",150981785,150982064,346.17,13.04,0.0376693532079614,FALSE
"chr1",151004090,151004329,8.99,51.04,0.176136363636364,FALSE
"chr1",151005963,151006157,129.24,71.66,0.554472299597648,TRUE
"chr1",151007989,151008328,149.48,289.89,0.515643864914278,TRUE
"chr1",151514187,151514424,148.35,78.18,0.526996966632963,TRUE
"chr1",151993963,151994280,158.48,143.31,0.904278142352347,TRUE
"chr1",152743167,152743481,0,15.2,0,FALSE
"chr1",154941548,154941753,5.62,1.09,0.193950177935943,FALSE
"chr1",156616556,156616807,539.46,62.97,0.116727838950061,FALSE
"chr1",157235285,157235522,0,3.26,0,FALSE
"chr1",161566395,161566574,144.98,8.69,0.0599393019726859,FALSE
"chr1",162159461,162159821,228.15,248.63,0.917628604754052,TRUE
"chr1",162163541,162163719,38.21,57.55,0.663944396177237,TRUE
"chr1",162165594,162166172,69.69,586.31,0.118862035442002,FALSE
"chr1",164748345,164748892,57.31,2.17,0.0378642470772989,FALSE
"chr1",165162988,165163297,21.36,18.46,0.864232209737828,TRUE
"chr1",169510690,169510871,7.87,8.69,0.905638665132336,TRUE
"chr1",169529390,169529701,69.68,36.92,0.529850746268657,TRUE
"chr1",171257451,171257746,51.71,49.95,0.965964030168246,TRUE
"chr1",177440911,177441219,106.76,10.86,0.101723491944549,FALSE
"chr1",177448719,177449099,71.93,55.38,0.769915195328792,TRUE
"chr1",177476748,177476989,16.87,3.26,0.193242442205098,FALSE
"chr1",177571838,177572033,10.12,72.75,0.139106529209622,FALSE
"chr1",177620683,177620959,1.12,22.8,0.0491228070175439,FALSE
"chr1",180167659,180168211,155.09,40.18,0.259075375588368,FALSE
"chr1",180228501,180228823,310.19,369.16,0.840258966301874,TRUE
"chr1",182244498,182244723,0,34.75,0,FALSE
"chr1",183023824,183024214,481.01,267.11,0.555310700401239,TRUE
"chr1",184373235,184373482,7.87,76.01,0.10353900802526,FALSE
"chr1",184482942,184483389,33.72,18.47,0.547746144721234,TRUE
"chr1",184626681,184626978,20.23,8.69,0.429560059317845,TRUE
"chr1",185645627,185645877,0,2.17,0,FALSE
"chr1",197485904,197486171,11.24,22.8,0.492982456140351,TRUE
"chr1",200016762,200017230,251.76,169.39,0.672823323800445,TRUE
"chr1",201170173,201170376,12.36,8.69,0.703074433656958,TRUE
"chr1",202058754,202058948,4.49,6.51,0.689708141321045,TRUE
"chr1",202106436,202106640,147.23,4.35,0.0295456089112273,FALSE
"chr1",202108269,202108551,84.29,8.69,0.103096452722743,FALSE
"chr1",202112820,202113162,58.45,76.01,0.76897776608341,TRUE
"chr1",202132102,202132287,22.48,59.73,0.376360287962498,TRUE
"chr1",202132591,202132820,68.56,96.63,0.70951050398427,TRUE
"chr1",202269705,202270081,5.61,45.6,0.123026315789474,FALSE
"chr1",202335270,202335756,273.11,121.61,0.445278459228882,TRUE
"chr1",203059391,203059667,31.47,23.88,0.758817921830315,TRUE
"chr1",203086777,203087224,15.73,13.03,0.828353464717101,TRUE
"chr1",203089230,203089769,13.49,10.86,0.805040770941438,TRUE
"chr1",204380560,204380839,284.34,349.62,0.813282992963789,TRUE
"chr1",204381179,204381376,22.48,21.72,0.966192170818505,TRUE
"chr1",204763673,204763922,0,5.43,0,FALSE
"chr1",206842007,206842229,22.48,35.83,0.62740720066983,TRUE
"chr1",206843544,206844123,107.9,383.27,0.281524773658257,FALSE
"chr1",206847542,206847915,93.28,162.86,0.572761881370502,TRUE
"chr1",206898677,206898863,14.61,3.26,0.223134839151266,FALSE
"chr1",206901261,206901568,57.32,122.7,0.467155664221679,TRUE
"chr1",206903587,206904111,232.65,308.35,0.754499756769904,TRUE
"chr1",206906123,206906332,16.86,22.8,0.739473684210526,TRUE
"chr1",207241616,207241810,2.25,0,0,FALSE
"chr1",207950835,207951233,104.53,62.97,0.602410791160432,TRUE
"chr1",209546430,209546697,46.08,43.43,0.942491319444444,TRUE
"chr1",211258883,211259148,113.5,453.85,0.25008262641842,FALSE
"chr1",211521523,211521805,0,9.78,0,FALSE
"chr1",215425190,215425530,4.49,10.86,0.413443830570902,TRUE
"chr1",215473860,215474144,6.74,6.52,0.967359050445104,TRUE
"chr1",215482055,215482532,156.22,18.47,0.118230700294457,FALSE
"chr1",215540222,215540578,70.81,628.66,0.112636401234372,FALSE
"chr1",220337776,220338022,19.1,9.77,0.51151832460733,TRUE
"chr1",223212615,223212855,6.74,31.5,0.213968253968254,FALSE
"chr1",223444540,223444793,2.25,48.87,0.0460405156537753,FALSE
"chr1",223655164,223655486,1.12,5.43,0.206261510128913,FALSE
"chr1",229161630,229161890,2.25,27.15,0.0828729281767956,FALSE
"chr1",229162291,229162555,8.99,10.86,0.82780847145488,TRUE
"chr1",229165407,229165762,213.56,8.69,0.0406911406630455,FALSE
"chr1",229221478,229221711,0,3.26,0,FALSE
"chr1",230057921,230058167,101.16,71.65,0.708283906682483,TRUE
"chr1",233676703,233676886,12.36,1.09,0.0881877022653722,FALSE
"chr1",233714992,233715288,44.95,27.14,0.603781979977753,TRUE
"chr1",234875619,234875826,74.19,49.94,0.673136541312845,TRUE
"chr1",234876246,234876802,238.26,284.45,0.837616452803656,TRUE
"chr1",234963229,234963477,58.44,23.89,0.408795345653662,TRUE
"chr1",235068484,235068707,24.72,3.26,0.131877022653722,FALSE
"chr1",246219307,246219776,1.12,22.81,0.0491012713722052,FALSE
"chr10",88419,88668,137.12,47.77,0.348380980163361,TRUE
"chr10",90223,90459,155.1,110.75,0.714055448098001,TRUE
"chr10",92549,92781,1.12,87.94,0.012735956333864,FALSE
"chr10",126485,126729,22.48,26.05,0.862955854126679,TRUE
"chr10",126932,127292,19.11,51.03,0.374485596707819,TRUE
"chr10",517353,517579,1.12,15.2,0.0736842105263158,FALSE
"chr10",2399957,2400253,0,0,0,FALSE
"chr10",3482772,3483089,41.58,10.86,0.261183261183261,FALSE
"chr10",3906832,3907050,2.25,16.28,0.138206388206388,FALSE
"chr10",4127983,4128365,16.86,1.09,0.064650059311981,FALSE
"chr10",4130031,4130230,0,3.26,0,FALSE
"chr10",4279756,4280041,10.11,8.69,0.859545004945598,TRUE
"chr10",5488291,5488579,46.08,160.69,0.286763333125895,FALSE
"chr10",5496611,5496868,2.25,11.95,0.188284518828452,FALSE
"chr10",5503619,5503812,19.11,43.42,0.440119760479042,TRUE
"chr10",5545072,5545305,10.12,16.29,0.621240024554942,TRUE
"chr10",5656625,5656952,32.59,17.38,0.533292420988033,TRUE
"chr10",5659943,5660580,73.04,184.6,0.395666305525461,TRUE
"chr10",6154798,6155069,17.98,6.52,0.362625139043382,TRUE
"chr10",6296750,6296991,112.39,66.24,0.589376279028383,TRUE
"chr10",6297663,6298324,810.33,162.86,0.200979847716362,FALSE
"chr10",8128338,8128752,4.49,9.78,0.459100204498978,TRUE
"chr10",8726026,8726375,3.37,40.18,0.0838725734196118,FALSE
"chr10",8752485,8752807,16.86,14.12,0.837485172004745,TRUE
"chr10",9038292,9038502,58.45,17.37,0.297177074422583,TRUE
"chr10",9187083,9187297,10.12,19.55,0.517647058823529,TRUE
"chr10",9188208,9188806,403.47,43.43,0.107641212481721,FALSE
"chr10",11831595,11831823,1.12,17.37,0.0644789867587795,FALSE
"chr10",12605857,12606105,116.89,1.09,0.00932500641628882,FALSE
"chr10",12872666,12872951,53.95,48.87,0.905838739573679,TRUE
"chr10",12873244,12873652,200.07,98.82,0.493927125506073,TRUE
"chr10",12881864,12882159,13.49,40.18,0.335739173718268,TRUE
"chr10",14407629,14407901,44.96,7.6,0.169039145907473,FALSE
"chr10",15461269,15461743,19.1,9.78,0.512041884816754,TRUE
"chr10",17445624,17446047,50.57,188.93,0.267665272852379,FALSE
"chr10",19177810,19178097,5.62,78.18,0.0718853926835508,FALSE
"chr10",19232436,19232715,16.86,21.72,0.776243093922652,TRUE
"chr10",22583711,22584172,89.91,41.27,0.459014570125681,TRUE
"chr10",22633047,22633310,2.24,109.66,0.0204267736640525,FALSE
"chr10",26982177,26982434,8.99,130.3,0.0689946277820414,FALSE
"chr10",28496012,28496755,119.14,100.97,0.847490347490347,TRUE
"chr10",28925417,28925824,46.08,438.66,0.105047189167009,FALSE
"chr10",28949700,28949973,2.25,3.26,0.690184049079755,TRUE
"chr10",29108016,29108204,222.52,111.84,0.502606507280244,TRUE
"chr10",29124873,29125350,71.92,103.15,0.697237033446437,TRUE
"chr10",29622497,29622754,93.28,65.15,0.698434819897084,TRUE
"chr10",29630317,29630677,43.83,127.02,0.34506376948512,TRUE
"chr10",29812182,29812779,83.18,85.76,0.969916044776119,TRUE
"chr10",32651594,32651975,15.73,11.94,0.759059122695486,TRUE
"chr10",34427424,34427742,1.12,9.78,0.114519427402863,FALSE
"chr10",43026417,43026760,556.33,130.3,0.234213506372117,FALSE
"chr10",43038046,43038311,26.98,74.92,0.360117458622531,TRUE
"chr10",43110798,43111096,15.74,16.29,0.966236955187232,TRUE
"chr10",44173282,44173882,546.21,135.72,0.248475860932608,FALSE
"chr10",44236842,44237163,6.74,7.61,0.885676741130092,TRUE
"chr10",44640935,44641115,32.6,21.72,0.666257668711656,TRUE
"chr10",44642103,44642352,69.68,6.51,0.0934270952927669,FALSE
"chr10",46048093,46048435,10.11,110.74,0.0912949250496659,FALSE
"chr10",48287966,48288273,129.24,86.87,0.67216032188177,TRUE
"chr10",48288839,48289075,332.67,29.31,0.0881053296059158,FALSE
"chr10",59322994,59323581,106.75,151.99,0.702348838739391,TRUE
"chr10",59350297,59350679,37.1,30.42,0.819946091644205,TRUE
"chr10",60173324,60173558,0,2.17,0,FALSE
"chr10",60848257,60848987,225.9,17.38,0.0769366976538291,FALSE
"chr10",61409862,61410169,60.7,57.54,0.947940691927512,TRUE
"chr10",62845420,62845634,10.11,8.68,0.858555885262117,TRUE
"chr10",63630599,63631282,1253.15,212.81,0.169820053465268,FALSE
"chr10",63712115,63712434,187.71,81.43,0.433807468968089,TRUE
"chr10",67788609,67788854,85.41,5.43,0.06357569371268,FALSE
"chr10",69213639,69214056,7.87,100.97,0.077943943745667,FALSE
"chr10",69315165,69315457,48.32,2.17,0.044908940397351,FALSE
"chr10",69319449,69319654,293.33,269.28,0.918010431936726,TRUE
"chr10",69439363,69439653,44.95,20.62,0.4587319243604,TRUE
"chr10",71309095,71309416,2.25,2.17,0.964444444444444,TRUE
"chr10",71512936,71513379,17.97,3.26,0.18141346688926,FALSE
"chr10",72272640,72272922,38.22,133.56,0.286163522012579,FALSE
"chr10",73965792,73966055,50.57,158.52,0.319013373706788,TRUE
"chr10",74743382,74743671,100.02,23.89,0.238852229554089,FALSE
"chr10",74821727,74822245,191.08,110.76,0.579652501570023,TRUE
"chr10",75245443,75245672,67.44,78.17,0.862735064602789,TRUE
"chr10",76642114,76642396,1.12,0,0,FALSE
"chr10",77410048,77410427,30.33,120.52,0.251659475605709,FALSE
"chr10",77416857,77417051,32.6,89.04,0.366127583108715,TRUE
"chr10",77417459,77417707,33.73,19.55,0.579602727542247,TRUE
"chr10",77480073,77480523,57.32,13.03,0.227320307048151,FALSE
"chr10",77531302,77531550,2.24,23.88,0.0938023450586265,FALSE
"chr10",77872314,77872593,28.09,57.54,0.488182134167536,TRUE
"chr10",77887590,77887839,30.35,134.64,0.225415923945336,FALSE
"chr10",77889418,77889701,71.93,238.87,0.301126135554904,TRUE
"chr10",78301924,78302357,42.71,67.3,0.634621099554235,TRUE
"chr10",79128533,79128919,56.19,16.29,0.289909236518954,FALSE
"chr10",79158527,79158814,53.95,358.3,0.150572146246162,FALSE
"chr10",79162812,79163164,5.62,0,0,FALSE
"chr10",79239605,79239842,15.73,146.57,0.107320734120216,FALSE
"chr10",80013306,80013796,20.23,30.4,0.66546052631579,TRUE
"chr10",80014733,80015010,35.96,61.89,0.581030861205364,TRUE
"chr10",80205871,80206130,76.43,19.54,0.25565877273322,FALSE
"chr10",80291104,80291291,69.68,1.09,0.0156429391504018,FALSE
"chr10",80964348,80964526,33.72,5.44,0.161328588374852,FALSE
"chr10",80966683,80966914,37.09,35.83,0.966028579131841,TRUE
"chr10",81898429,81898713,6.74,13.03,0.51726784343822,TRUE
"chr10",86968341,86968699,454.06,71.67,0.15784257587103,FALSE
"chr10",87008475,87008683,43.83,5.43,0.123887748117728,FALSE
"chr10",88385586,88385890,13.48,13.03,0.966617210682493,TRUE
"chr10",91360921,91361253,7.87,2.17,0.275730622617535,FALSE
"chr10",91671548,91671777,31.48,66.24,0.47524154589372,TRUE
"chr10",93071719,93072028,19.11,80.36,0.23780487804878,FALSE
"chr10",93435070,93435545,94.42,663.41,0.142325258889676,FALSE
"chr10",93440624,93440918,75.3,45.6,0.605577689243028,TRUE
"chr10",97571678,97571955,186.58,85.77,0.459695572944581,TRUE
"chr10",98314689,98314871,3.37,0,0,FALSE
"chr10",98363179,98363394,26.98,44.51,0.606155920017973,TRUE
"chr10",98363856,98364082,26.97,7.61,0.282165368928439,FALSE
"chr10",100883250,100883767,341.66,62.99,0.184364572967277,FALSE
"chr10",102710701,102711029,624.89,198.69,0.317959960953128,TRUE
"chr10",103890152,103890454,33.72,345.27,0.0976626987574941,FALSE
"chr10",103931282,103931986,64.06,540.74,0.118467285571624,FALSE
"chr10",103941026,103941232,0,5.43,0,FALSE
"chr10",104480877,104481122,50.58,27.15,0.536773428232503,TRUE
"chr10",110789871,110790165,797.95,89.03,0.111573406855066,FALSE
"chr10",110790759,110790981,485.52,53.2,0.10957324106113,FALSE
"chr10",110791176,110791419,176.45,103.15,0.584584868234627,TRUE
"chr10",110805460,110805706,19.11,2.17,0.113553113553114,FALSE
"chr10",110819536,110819778,112.4,5.44,0.0483985765124555,FALSE
"chr10",111107898,111108138,1.12,19.55,0.0572890025575448,FALSE
"chr10",113678541,113679118,118.02,182.4,0.64703947368421,TRUE
"chr10",113921917,113922344,115.77,32.57,0.281333678845988,FALSE
"chr10",113926161,113926380,5.62,48.86,0.115022513303316,FALSE
"chr10",113927318,113927787,70.8,79.26,0.893262679788039,TRUE
"chr10",113958648,113958885,15.73,5.43,0.345200254291163,TRUE
"chr10",113966988,113967202,164.09,91.2,0.555792552867329,TRUE
"chr10",113982745,113982993,64.06,95.54,0.670504500732677,TRUE
"chr10",113983523,113983709,118.01,15.2,0.128802643843742,FALSE
"chr10",114057096,114057371,10.11,47.78,0.211594809543742,FALSE
"chr10",114178951,114179163,19.11,6.52,0.341182626896913,TRUE
"chr10",114239116,114239655,152.86,197.62,0.773504706001417,TRUE
"chr10",114349550,114350064,212.41,22.81,0.107386657878631,FALSE
"chr10",114507494,114507672,17.98,46.69,0.385093167701863,TRUE
"chr10",114508096,114508329,5.62,31.5,0.178412698412698,FALSE
"chr10",115664708,115665097,175.32,11.94,0.068104038329911,FALSE
"chr10",116143401,116143628,37.09,15.2,0.409813966028579,TRUE
"chr10",118116892,118117103,2.25,4.35,0.517241379310345,TRUE
"chr10",119542779,119543039,346.16,7.6,0.0219551652415068,FALSE
"chr10",119668071,119668252,41.58,5.43,0.130591630591631,FALSE
"chr10",119689170,119689360,0,60.8,0,FALSE
"chr10",121500709,121501033,2.24,11.94,0.187604690117253,FALSE
"chr10",121501688,121501915,74.18,8.69,0.11714747910488,FALSE
"chr10",121510194,121510572,74.18,82.52,0.89893359185652,TRUE
"chr10",121553902,121554086,3.37,11.94,0.282244556113903,FALSE
"chr10",123721884,123722278,67.44,147.67,0.456693979819869,TRUE
"chr10",123722936,123723146,187.69,9.77,0.0520539186957217,FALSE
"chr10",123743997,123744248,276.48,137.88,0.498697916666667,TRUE
"chr10",124893414,124893668,57.32,0,0,FALSE
"chr10",125543707,125544165,34.84,29.32,0.841561423650976,TRUE
"chr10",125624777,125625181,348.41,153.1,0.439424815590827,TRUE
"chr10",125625926,125626199,106.78,27.14,0.25416744708747,FALSE
"chr10",125634230,125634546,58.45,3.26,0.0557741659538067,FALSE
"chr10",125690764,125691034,13.49,13.03,0.96590066716086,TRUE
"chr10",125695046,125695493,132.62,11.95,0.0901070728396923,FALSE
"chr10",126059522,126059996,51.7,42.34,0.818955512572534,TRUE
"chr10",126060350,126060596,19.1,28.23,0.676585193057032,TRUE
"chr10",126175889,126176223,104.52,26.06,0.249330271718331,FALSE
"chr10",126240629,126241051,25.85,66.24,0.390247584541063,TRUE
"chr10",126543744,126544039,37.09,8.69,0.23429495820976,FALSE
"chr10",126918296,126918868,219.18,64.07,0.292316817227849,FALSE
"chr10",126935605,126935917,10.11,10.87,0.930082796688133,TRUE
"chr10",128540923,128541562,34.84,222.59,0.156520957814816,FALSE
"chr10",129036950,129037210,7.87,1.09,0.138500635324015,FALSE
"chr10",129169184,129169429,10.11,16.28,0.621007371007371,TRUE
"chr10",131654902,131655417,51.69,3.26,0.0630682917392145,FALSE
"chr10",132163186,132163426,83.18,144.41,0.575998892043487,TRUE
"chr10",132164638,132164926,43.83,116.18,0.377259425030126,TRUE
"chr10",132539416,132539692,22.48,45.6,0.492982456140351,TRUE
"chr10",133000035,133000379,6.75,2.17,0.321481481481481,TRUE
"chr11",470005,470374,46.07,7.61,0.165183416540048,FALSE
"chr11",1796386,1796942,39.33,436.49,0.0901051570482714,FALSE
"chr11",1828599,1828878,137.11,42.34,0.308803150754868,TRUE
"chr11",1829228,1829430,122.51,0,0,FALSE
"chr11",1830902,1831152,8.99,9.78,0.919222903885481,TRUE
"chr11",2165319,2165521,26.97,16.28,0.603633667037449,TRUE
"chr11",2169070,2169717,69.7,2.17,0.0311334289813486,FALSE
"chr11",2190895,2191107,46.09,97.72,0.471653704461727,TRUE
"chr11",2193269,2193693,160.71,56.46,0.351316035094269,TRUE
"chr11",2463438,2463705,5.62,2.17,0.386120996441281,TRUE
"chr11",2483485,2483914,46.08,35.83,0.777560763888889,TRUE
"chr11",9089695,9089884,15.73,5.43,0.345200254291163,TRUE
"chr11",10742828,10743119,5.62,7.6,0.739473684210526,TRUE
"chr11",12245614,12245828,1.12,3.26,0.343558282208589,TRUE
"chr11",15615476,15615789,178.69,38,0.212658794560412,FALSE
"chr11",16110849,16111077,0,5.43,0,FALSE
"chr11",16956717,16957038,3.37,51.03,0.0660395845581031,FALSE
"chr11",16986600,16986807,16.86,59.71,0.282364763021269,FALSE
"chr11",16989410,16989754,55.08,47.78,0.867465504720407,TRUE
"chr11",17405731,17406082,88.78,60.81,0.684951565667943,TRUE
"chr11",17770077,17770372,8.99,5.44,0.605116796440489,TRUE
"chr11",17924833,17925072,141.61,26.07,0.184097168279076,FALSE
"chr11",17927742,17927944,37.1,73.83,0.502505756467561,TRUE
"chr11",20031771,20032192,35.96,16.29,0.453003337041157,TRUE
"chr11",30521604,30522021,6.75,19.55,0.345268542199488,TRUE
"chr11",30527611,30527843,26.98,10.87,0.402891030392884,TRUE
"chr11",34633695,34633904,196.69,16.29,0.0828206822919315,FALSE
"chr11",34823253,34823535,2.25,1.09,0.484444444444444,TRUE
"chr11",35389961,35390158,53.95,5.44,0.100834105653383,FALSE
"chr11",44300834,44301317,29.22,0,0,FALSE
"chr11",45409008,45409293,6.74,6.52,0.967359050445104,TRUE
"chr11",46234159,46234361,1.12,2.17,0.516129032258065,TRUE
"chr11",46363652,46363959,61.82,17.37,0.28097703008735,FALSE
"chr11",60757215,60757506,93.29,78.18,0.838031943402294,TRUE
"chr11",60880953,60881327,287.71,49.94,0.173577560738243,FALSE
"chr11",63872247,63872527,666.47,74.91,0.11239815745645,FALSE
"chr11",63872969,63873279,297.84,296.41,0.995198764437282,TRUE
"chr11",63874599,63874896,8.99,5.43,0.604004449388209,TRUE
"chr11",64359279,64359548,85.42,16.29,0.190704752985249,FALSE
"chr11",65379960,65380210,34.84,5.43,0.15585533869116,FALSE
"chr11",65417108,65417338,233.77,74.92,0.320485947726398,TRUE
"chr11",65418487,65418956,442.81,624.32,0.709267683239364,TRUE
"chr11",67022582,67022789,24.72,269.28,0.0918003565062389,FALSE
"chr11",67027720,67028196,201.18,140.07,0.696242171189979,TRUE
"chr11",67028909,67029177,185.43,16.29,0.0878498624817991,FALSE
"chr11",67683489,67683829,122.51,128.12,0.956212925382454,TRUE
"chr11",68038289,68038481,31.47,0,0,FALSE
"chr11",68817645,68817920,6.74,15.21,0.443129520052597,TRUE
"chr11",68818197,68818540,158.47,250.82,0.631807670839646,TRUE
"chr11",68819510,68819908,157.35,205.22,0.766738134684729,TRUE
"chr11",68973320,68973595,93.28,32.58,0.349271012006861,TRUE
"chr11",69301796,69302045,5.62,9.77,0.575230296827022,TRUE
"chr11",69515323,69515908,735.03,127.04,0.172836482864645,FALSE
"chr11",69524780,69524958,102.27,28.23,0.276034027574069,FALSE
"chr11",69654436,69654728,505.75,49.93,0.0987246663371231,FALSE
"chr11",69697280,69697534,79.8,116.18,0.686865209158203,TRUE
"chr11",69891419,69892262,704.69,591.75,0.839730945522144,TRUE
"chr11",69893091,69893388,239.39,304.02,0.787415301624893,TRUE
"chr11",69894446,69894778,655.24,154.18,0.235303095049142,FALSE
"chr11",69914725,69914959,7.87,71.67,0.109808846100181,FALSE
"chr11",69918490,69918725,6.74,3.26,0.483679525222552,TRUE
"chr11",70106156,70106708,38.22,112.92,0.338469713071201,TRUE
"chr11",70116689,70116902,13.49,16.29,0.828115408225906,TRUE
"chr11",70760302,70760606,114.63,15.2,0.132600540870627,FALSE
"chr11",70805851,70806198,2.25,24.97,0.0901081297557069,FALSE
"chr11",71207663,71207851,7.87,6.52,0.8284625158831,TRUE
"chr11",71251898,71252173,297.84,53.2,0.178619392962665,FALSE
"chr11",71448985,71449271,157.36,77.1,0.4899593289273,TRUE
"chr11",71481425,71481801,196.69,80.34,0.408460013218771,TRUE
"chr11",72041614,72041812,88.78,225.83,0.393127573838728,TRUE
"chr11",72786392,72786818,3221.08,714.44,0.221801383386939,FALSE
"chr11",73192374,73192693,84.29,255.17,0.330328800407571,TRUE
"chr11",73193910,73194228,274.23,1114,0.246166965888689,FALSE
"chr11",73194565,73194970,651.88,1504.89,0.433174517738838,TRUE
"chr11",73200361,73200565,66.31,18.46,0.278389383200121,FALSE
"chr11",73227736,73228465,332.69,439.76,0.756526287065672,TRUE
"chr11",75036040,75036348,22.47,2.18,0.0970182465509568,FALSE
"chr11",75333786,75334096,19.11,20.64,0.925872093023256,TRUE
"chr11",75351165,75351506,219.15,55.37,0.252657996805841,FALSE
"chr11",75792016,75792437,8.99,21.71,0.414094887148779,TRUE
"chr11",76772559,76773029,87.65,53.2,0.606959498003423,TRUE
"chr11",76773798,76774108,149.47,236.69,0.631501119607926,TRUE
"chr11",77407795,77407988,8.99,6.52,0.725250278086763,TRUE
"chr11",78145746,78146027,234.89,201.96,0.859806718038231,TRUE
"chr11",78150703,78151079,74.18,36.91,0.497573469937989,TRUE
"chr11",78156044,78156723,392.25,80.35,0.204843849585723,FALSE
"chr11",78259820,78260489,206.8,2425.62,0.0852565529637783,FALSE
"chr11",78268292,78268564,98.9,907.71,0.108955503409679,FALSE
"chr11",78311966,78312249,12.36,73.83,0.167411621292158,FALSE
"chr11",78396548,78396929,29.22,47.78,0.611552951025534,TRUE
"chr11",78421031,78421217,19.11,59.73,0.319939728779508,TRUE
"chr11",79055780,79055988,4.49,1.09,0.242761692650334,FALSE
"chr11",79059780,79060568,280.99,2009.76,0.139812713955895,FALSE
"chr11",79353786,79354096,1.12,5.43,0.206261510128913,FALSE
"chr11",82640096,82640362,8.99,16.29,0.551872314303254,TRUE
"chr11",83004134,83004683,124.75,70.58,0.565771543086172,TRUE
"chr11",83018801,83019005,3.37,6.52,0.516871165644172,TRUE
"chr11",83362086,83362310,88.79,0,0,FALSE
"chr11",84687532,84687780,1.12,18.46,0.0606717226435536,FALSE
"chr11",85137251,85137510,1.12,8.68,0.129032258064516,FALSE
"chr11",86497088,86497406,88.78,17.37,0.195652173913043,FALSE
"chr11",86499740,86500182,127.01,73.83,0.581292811589639,TRUE
"chr11",86671292,86671941,402.33,145.5,0.361643427037507,TRUE
"chr11",86776239,86776600,51.7,1.09,0.0210831721470019,FALSE
"chr11",86790316,86790634,2.24,6.52,0.343558282208589,TRUE
"chr11",87924152,87924473,1.12,1.09,0.973214285714286,TRUE
"chr11",94544166,94544388,138.23,65.15,0.471315922737467,TRUE
"chr11",94830957,94831145,12.37,4.35,0.351657235246564,TRUE
"chr11",94845621,94845828,92.16,24.97,0.270941840277778,FALSE
"chr11",100999816,101000067,11.24,4.35,0.387010676156584,TRUE
"chr11",101034103,101034459,185.44,152.01,0.819726056945643,TRUE
"chr11",101078571,101078867,0,3.26,0,FALSE
"chr11",101178477,101178888,79.8,7.6,0.0952380952380952,FALSE
"chr11",101299201,101299930,274.22,58.64,0.213842899861425,FALSE
"chr11",101300505,101300818,4.49,1.09,0.242761692650334,FALSE
"chr11",101336099,101336572,2.25,102.06,0.0220458553791887,FALSE
"chr11",101336932,101337204,35.96,51.03,0.704683519498334,TRUE
"chr11",101351944,101352125,2.25,0,0,FALSE
"chr11",101436522,101436865,5.62,8.69,0.646720368239356,TRUE
"chr11",101438150,101438501,24.72,11.95,0.483414239482201,TRUE
"chr11",101441745,101442110,242.75,159.62,0.657548918640577,TRUE
"chr11",101443725,101444034,8.99,65.14,0.138010439054344,FALSE
"chr11",101775272,101775467,76.42,20.63,0.26995550902905,FALSE
"chr11",111334645,111334957,58.44,97.71,0.598096407737181,TRUE
"chr11",111336080,111336401,32.6,3.27,0.100306748466258,FALSE
"chr11",112293066,112293375,52.82,2.17,0.0410829231351761,FALSE
"chr11",114316028,114316301,59.56,0,0,FALSE
"chr11",117183790,117184206,157.34,196.53,0.800590240675724,TRUE
"chr11",117185207,117185483,223.65,39.09,0.174782025486251,FALSE
"chr11",117303142,117303401,84.28,51.03,0.605481727574751,TRUE
"chr11",117498683,117498941,3.37,18.46,0.182556879739978,FALSE
"chr11",118057856,118058293,109.02,1299.68,0.0838821863843408,FALSE
"chr11",118544696,118544942,62.94,26.06,0.414045122338735,TRUE
"chr11",118545657,118545878,42.72,40.17,0.940308988764045,TRUE
"chr11",118620766,118620986,58.44,11.95,0.204483230663929,FALSE
"chr11",119909919,119910364,33.71,53.19,0.633765745440872,TRUE
"chr11",120637241,120637442,38.21,13.03,0.341010206752159,TRUE
"chr11",120812764,120813150,3.37,49.94,0.0674809771726071,FALSE
"chr11",120952557,120952743,1.12,8.69,0.128883774453395,FALSE
"chr11",123096436,123096763,48.32,122.7,0.393806030969845,TRUE
"chr11",126083146,126083402,46.07,39.1,0.848708487084871,TRUE
"chr11",129324667,129324897,112.4,67.32,0.598932384341637,TRUE
"chr11",129694447,129694864,125.87,65.14,0.517518074203543,TRUE
"chr11",129695972,129696261,3.37,92.3,0.0365113759479957,FALSE
"chr11",131692168,131692600,30.35,84.7,0.358323494687131,TRUE
"chr11",131696564,131697222,718.17,320.31,0.446008605204896,TRUE
"chr11",131700356,131700691,3.37,52.12,0.0646584804297774,FALSE
"chr11",131709921,131710166,7.87,17.37,0.45308002302821,TRUE
"chr11",131897296,131897613,839.54,408.25,0.486278199966648,TRUE
"chr11",131900351,131900557,22.47,4.34,0.193146417445483,FALSE
"chr11",131924085,131924271,0,1.09,0,FALSE
"chr11",133215595,133215821,28.1,10.86,0.386476868327402,TRUE
"chr11",134398771,134398993,0,36.91,0,FALSE
"chr11",134542557,134542776,111.26,0,0,FALSE
"chr11",134639400,134639639,71.93,156.35,0.460057563159578,TRUE
"chr11",134640067,134640400,257.37,7.6,0.0295294711893383,FALSE
"chr12",105476,105744,58.44,18.46,0.315879534565366,TRUE
"chr12",524166,524634,17.98,109.67,0.163946384608371,FALSE
"chr12",1629146,1629357,78.68,17.37,0.220767666497204,FALSE
"chr12",1767933,1768279,100.04,8.69,0.0868652538984406,FALSE
"chr12",1830441,1830695,6.74,58.63,0.114958212519188,FALSE
"chr12",1841564,1841837,864.27,83.62,0.0967521723535469,FALSE
"chr12",1932264,1932555,482.16,90.13,0.186929649908744,FALSE
"chr12",1933809,1934078,111.26,65.14,0.585475462879741,TRUE
"chr12",2795927,2796193,271.98,27.15,0.099823516435032,FALSE
"chr12",3349879,3350178,11.25,203.04,0.0554078014184397,FALSE
"chr12",3514363,3514708,6.74,15.21,0.443129520052597,TRUE
"chr12",5635026,5635509,124.75,36.91,0.295871743486974,FALSE
"chr12",6065295,6065586,105.64,8.7,0.0823551684967815,FALSE
"chr12",6088928,6089163,47.21,232.36,0.203176106042348,FALSE
"chr12",6237553,6237901,76.42,28.23,0.36940591468202,TRUE
"chr12",6263305,6263510,132.61,27.15,0.20473569112435,FALSE
"chr12",6264768,6265089,194.45,225.84,0.861007793127878,TRUE
"chr12",6275687,6275893,3.37,3.26,0.967359050445104,TRUE
"chr12",6278562,6278839,121.39,69.49,0.57245242606475,TRUE
"chr12",6363934,6364229,366.4,510.32,0.717980874745258,TRUE
"chr12",11662059,11662292,23.6,0,0,FALSE
"chr12",11754364,11754641,71.93,22.8,0.31697483664674,TRUE
"chr12",12587057,12587277,13.49,10.86,0.805040770941438,TRUE
"chr12",13041261,13041560,48.32,26.06,0.53932119205298,TRUE
"chr12",13047109,13047411,200.06,35.83,0.179096271118664,FALSE
"chr12",13050107,13050564,253.99,614.55,0.413294280367749,TRUE
"chr12",14820142,14820334,1.12,51.04,0.0219435736677116,FALSE
"chr12",14935635,14935857,0,0,0,FALSE
"chr12",15216510,15216847,13.48,36.92,0.365113759479957,TRUE
"chr12",15222210,15222445,59.57,27.15,0.455766325331543,TRUE
"chr12",15243203,15243437,5.62,10.86,0.517495395948435,TRUE
"chr12",15243660,15243891,143.86,65.14,0.452801334630891,TRUE
"chr12",15274001,15274250,0,0,0,FALSE
"chr12",23225823,23226333,304.57,40.18,0.131923695702137,FALSE
"chr12",23235431,23235726,124.76,92.3,0.739820455274126,TRUE
"chr12",24544179,24544697,3.37,24.98,0.134907926341073,FALSE
"chr12",26101420,26101793,324.8,395.21,0.821841552592293,TRUE
"chr12",26102241,26102455,146.11,74.92,0.512764355622476,TRUE
"chr12",27623566,27624212,104.52,3.26,0.0311902028319939,FALSE
"chr12",31311221,31311485,0,22.81,0,FALSE
"chr12",31749284,31749545,13.49,5.43,0.402520385470719,TRUE
"chr12",31760074,31760386,17.98,134.64,0.133541295306001,FALSE
"chr12",31773486,31773797,15.73,62.97,0.249801492774337,FALSE
"chr12",39443188,39443504,14.62,74.93,0.19511544107834,FALSE
"chr12",45596320,45596633,7.87,10.86,0.724677716390424,TRUE
"chr12",46201450,46201899,52.81,110.76,0.476796677500903,TRUE
"chr12",46209309,46209564,109.03,47.77,0.43813629276346,TRUE
"chr12",46456346,46456575,204.55,19.55,0.0955756538743583,FALSE
"chr12",46508823,46509016,71.93,20.62,0.286667593493674,FALSE
"chr12",46509219,46509416,13.49,0,0,FALSE
"chr12",47946651,47946877,4.49,33.66,0.13339275103981,FALSE
"chr12",48021965,48022266,94.41,161.79,0.583534211014278,TRUE
"chr12",49187957,49188220,260.74,153.1,0.587174963565237,TRUE
"chr12",49277558,49277776,22.48,8.69,0.386565836298932,TRUE
"chr12",49804072,49804323,19.11,43.43,0.440018420446696,TRUE
"chr12",50521057,50521331,1.12,4.34,0.258064516129032,FALSE
"chr12",51025837,51026104,86.54,338.75,0.255468634686347,FALSE
"chr12",52148691,52149313,400.11,56.46,0.141111194421534,FALSE
"chr12",52203486,52203887,7.87,4.35,0.552731893265565,TRUE
"chr12",52344819,52345138,304.57,31.49,0.103391666940276,FALSE
"chr12",52617397,52617704,23.6,8.69,0.368220338983051,TRUE
"chr12",52895212,52895533,15.74,2168.27,0.00725924354439253,FALSE
"chr12",52906650,52906860,75.3,336.59,0.223714311179774,FALSE
"chr12",52966459,52966665,2.24,31.48,0.071156289707751,FALSE
"chr12",52969932,52970249,265.24,988.05,0.268447953038814,FALSE
"chr12",52971900,52972373,345.05,252.99,0.733198087233734,TRUE
"chr12",52972584,52972789,274.22,80.35,0.293012909342863,FALSE
"chr12",53157963,53158340,4.49,5.43,0.826887661141805,TRUE
"chr12",53825335,53825581,19.1,41.26,0.462918080465342,TRUE
"chr12",53827301,53827550,4.49,1.09,0.242761692650334,FALSE
"chr12",53977911,53978288,262.99,184.59,0.701889805696034,TRUE
"chr12",53983342,53983655,297.83,254.07,0.853070543598697,TRUE
"chr12",53990319,53990636,1472.3,2458.19,0.598936615965405,TRUE
"chr12",54306775,54307132,0,1.09,0,FALSE
"chr12",54933542,54933722,15.74,2.18,0.138500635324015,FALSE
"chr12",57088630,57088916,89.92,191.1,0.470538984824699,TRUE
"chr12",57522220,57522454,61.83,361.56,0.171008961168271,FALSE
"chr12",57918164,57918424,1.12,23.89,0.0468815403934701,FALSE
"chr12",60910587,60910783,0,0,0,FALSE
"chr12",63086594,63086917,2.25,29.32,0.0767394270122783,FALSE
"chr12",64018044,64018240,15.73,26.06,0.603607060629317,TRUE
"chr12",64018994,64019568,124.75,273.61,0.45594093783122,TRUE
"chr12",64081259,64081574,40.47,52.11,0.776626367299942,TRUE
"chr12",64600836,64601054,103.39,4.35,0.0420737015185221,FALSE
"chr12",64611059,64611364,375.38,108.6,0.289306835739784,FALSE
"chr12",64625396,64625630,17.99,5.43,0.30183435241801,TRUE
"chr12",67275783,67275962,120.26,15.2,0.126392815566273,FALSE
"chr12",67483841,67484171,17.97,49.95,0.35975975975976,TRUE
"chr12",68793180,68793535,24.72,34.75,0.71136690647482,TRUE
"chr12",68794428,68794626,30.35,7.6,0.250411861614498,FALSE
"chr12",68804337,68804572,24.72,43.44,0.569060773480663,TRUE
"chr12",69439803,69440003,0,166.13,0,FALSE
"chr12",69440151,69440471,273.1,293.16,0.931573202346841,TRUE
"chr12",74871269,74871460,3.37,2.18,0.646884272997033,TRUE
"chr12",74871740,74872237,34.85,45.62,0.763919333625603,TRUE
"chr12",74873182,74873461,15.74,67.32,0.233808674985146,FALSE
"chr12",75706143,75706724,84.3,115.1,0.732406602953953,TRUE
"chr12",75711249,75711455,42.71,138.98,0.30731040437473,TRUE
"chr12",78101277,78101467,10.12,2.17,0.214426877470356,FALSE
"chr12",79022872,79023207,71.93,44.52,0.618935075768108,TRUE
"chr12",88684667,88685098,8.99,109.66,0.0819806675177822,FALSE
"chr12",89424969,89425364,128.12,1.09,0.00850764907898845,FALSE
"chr12",89464911,89465317,214.67,210.65,0.981273582708343,TRUE
"chr12",93697883,93698241,78.67,31.5,0.400406762425321,TRUE
"chr12",97500565,97500924,293.33,69.49,0.236900419322947,FALSE
"chr12",97556444,97556622,29.22,102.06,0.286302175191064,FALSE
"chr12",97568071,97568252,596.79,94.46,0.158280132039746,FALSE
"chr12",97568721,97569037,332.67,70.57,0.212132142964499,FALSE
"chr12",98358424,98358861,5.62,5.43,0.966192170818505,TRUE
"chr12",100952375,100953005,31.47,97.73,0.322009618336232,TRUE
"chr12",101697227,101697857,539.46,510.31,0.94596448300152,TRUE
"chr12",101698536,101698867,660.84,2408.24,0.274407866325615,FALSE
"chr12",102548592,102548851,2.25,0,0,FALSE
"chr12",102949099,102949338,1.12,23.88,0.0469011725293132,FALSE
"chr12",103175642,103175982,3.37,0,0,FALSE
"chr12",103524414,103524836,109.01,4.35,0.0399045959086322,FALSE
"chr12",104656362,104656626,4.49,29.32,0.153137789904502,FALSE
"chr12",106277064,106277320,59.56,29.33,0.492444593687038,TRUE
"chr12",106279227,106279713,28.09,130.3,0.215579432079816,FALSE
"chr12",106987873,106988082,80.93,74.91,0.925614728777956,TRUE
"chr12",112926447,112926792,4.5,0,0,FALSE
"chr12",115650098,115650367,19.1,42.35,0.451003541912633,TRUE
"chr12",115869057,115869314,35.97,20.63,0.573533500139005,TRUE
"chr12",115870163,115870543,11.24,43.44,0.258747697974217,FALSE
"chr12",115872126,115872541,347.29,66.25,0.190762763108641,FALSE
"chr12",116385858,116386155,239.39,20.64,0.0862191403149672,FALSE
"chr12",116390372,116390893,346.17,123.78,0.357569980067597,TRUE
"chr12",116494239,116494456,1.12,35.83,0.0312587217415574,FALSE
"chr12",116495312,116495619,20.23,64.06,0.315797689665938,TRUE
"chr12",119171200,119171561,8.99,19.54,0.460081883316274,TRUE
"chr12",119172576,119172767,41.58,74.92,0.554991991457555,TRUE
"chr12",119173236,119173436,41.59,21.71,0.522000480884828,TRUE
"chr12",119178518,119178703,15.73,22.8,0.689912280701754,TRUE
"chr12",119480211,119480461,69.69,1.09,0.015640694504233,FALSE
"chr12",121171346,121171639,1.12,9.78,0.114519427402863,FALSE
"chr12",121581447,121581684,1.12,32.57,0.0343874731347866,FALSE
"chr12",121748806,121749193,7.87,11.95,0.658577405857741,TRUE
"chr12",122098120,122098608,75.3,34.75,0.461487383798141,TRUE
"chr12",122803631,122804419,327.05,2.18,0.00666564745451766,FALSE
"chr12",122864528,122864708,94.41,45.61,0.483105603219998,TRUE
"chr12",123062914,123063233,22.48,19.54,0.869217081850534,TRUE
"chr12",123069708,123070287,170.84,86.87,0.508487473659564,TRUE
"chr12",124218013,124218228,3.37,0,0,FALSE
"chr12",124393039,124393326,78.67,11.95,0.151900343205796,FALSE
"chr12",124394284,124394475,4.49,20.64,0.217538759689922,FALSE
"chr12",124730680,124731104,100.03,6.53,0.0652804158752374,FALSE
"chr12",124742103,124742379,405.72,7.6,0.0187321305333728,FALSE
"chr12",124745811,124746171,162.98,52.12,0.319793839734937,TRUE
"chr12",124993909,124994197,92.16,54.29,0.589084201388889,TRUE
"chr12",129100263,129100478,0,15.2,0,FALSE
"chr12",131860815,131861123,93.29,7.6,0.0814663951120163,FALSE
"chr12",132466427,132467034,0,0,0,FALSE
"chr12",132622348,132622649,0,10.85,0,FALSE
"chr13",20503990,20504178,0,1.09,0,FALSE
"chr13",20505643,20505947,6.74,48.87,0.137916922447309,FALSE
"chr13",22979093,22979350,34.85,10.86,0.311621233859397,TRUE
"chr13",23629653,23629929,34.84,18.46,0.529850746268657,TRUE
"chr13",24148934,24149146,22.48,7.6,0.338078291814947,TRUE
"chr13",25652854,25653152,19.11,15.2,0.795395081109367,TRUE
"chr13",25659132,25659576,177.59,39.1,0.220170054620193,FALSE
"chr13",27379867,27380078,0,17.37,0,FALSE
"chr13",27425316,27425544,157.34,27.15,0.172556247616626,FALSE
"chr13",28035192,28035417,3.37,5.43,0.620626151012891,TRUE
"chr13",28443009,28443222,1.12,15.2,0.0736842105263158,FALSE
"chr13",28564250,28564468,134.87,3.26,0.0241714243345444,FALSE
"chr13",28595030,28595681,6.74,5.44,0.807121661721068,TRUE
"chr13",29908937,29909281,37.08,66.23,0.559867129699532,TRUE
"chr13",29918791,29919067,305.69,116.18,0.380058228924728,TRUE
"chr13",29920154,29920389,21.35,41.26,0.517450315075133,TRUE
"chr13",30743595,30743848,0,14.12,0,FALSE
"chr13",30833024,30833408,293.33,44.52,0.151774451982409,FALSE
"chr13",32068287,32068550,91.03,45.61,0.501043611996045,TRUE
"chr13",33345658,33346036,8.99,118.34,0.0759675511238803,FALSE
"chr13",33642717,33643074,118.01,206.29,0.572058752241989,TRUE
"chr13",33648831,33649165,1.12,51.03,0.0219478737997257,FALSE
"chr13",33649579,33649785,5.62,35.83,0.156851800167457,FALSE
"chr13",33651956,33652167,2.25,20.62,0.109117361784675,FALSE
"chr13",36130830,36131078,6.74,11.94,0.564489112227806,TRUE
"chr13",36629699,36629901,96.65,1.09,0.0112778065183652,FALSE
"chr13",38566194,38566380,5.62,1.09,0.193950177935943,FALSE
"chr13",38650062,38650269,1.12,4.34,0.258064516129032,FALSE
"chr13",38684467,38685179,204.56,600.44,0.34068349876757,TRUE
"chr13",40665433,40665668,57.32,93.37,0.613901681482275,TRUE
"chr13",40895760,40896056,1.12,8.69,0.128883774453395,FALSE
"chr13",40993819,40994178,60.69,479.91,0.126461211477152,FALSE
"chr13",41016405,41016704,478.78,232.35,0.48529596056644,TRUE
"chr13",41017128,41017510,7042.32,420.2,0.0596678367356212,FALSE
"chr13",41101910,41102206,8.99,7.61,0.846496106785317,TRUE
"chr13",43233075,43233254,2.25,0,0,FALSE
"chr13",44269013,44269257,144.98,23.9,0.164850324182646,FALSE
"chr13",44311194,44311442,92.16,2.17,0.0235460069444444,FALSE
"chr13",45368523,45368781,55.07,39.09,0.70982386054113,TRUE
"chr13",46120231,46120708,113.52,87.97,0.774929527836505,TRUE
"chr13",46135244,46135448,118.01,201.96,0.584323628441275,TRUE
"chr13",46143276,46143473,20.23,54.3,0.37255985267035,TRUE
"chr13",48001404,48001605,7.87,7.6,0.96569250317662,TRUE
"chr13",50149019,50149427,19.1,56.47,0.338232689923853,TRUE
"chr13",51907220,51907407,3.37,8.69,0.387802071346375,TRUE
"chr13",51919668,51919872,3.37,26.06,0.129316960859555,FALSE
"chr13",65214544,65214827,1.12,0,0,FALSE
"chr13",68686090,68686300,0,0,0,FALSE
"chr13",68745539,68745813,3.37,0,0,FALSE
"chr13",82305660,82306044,28.1,2.18,0.0775800711743772,FALSE
"chr13",97279954,97280232,28.1,8.68,0.308896797153025,TRUE
"chr13",98293162,98293520,85.43,21.71,0.25412618518085,FALSE
"chr13",98297839,98298213,83.17,68.41,0.822532163039557,TRUE
"chr13",98300929,98301231,61.81,260.6,0.237183422870299,FALSE
"chr13",98419983,98420282,17.98,28.24,0.636685552407932,TRUE
"chr13",106749823,106750139,1.12,14.11,0.0793763288447909,FALSE
"chr13",106753319,106753601,22.48,5.43,0.241548042704626,FALSE
"chr13",106860979,106861492,33.72,130.29,0.258807276076445,FALSE
"chr13",106861902,106862169,155.1,20.63,0.133010960670535,FALSE
"chr13",108919309,108919657,43.83,2.17,0.0495094684006388,FALSE
"chr13",109576275,109576501,0,7.6,0,FALSE
"chr13",112913489,112913806,11.24,17.37,0.647092688543466,TRUE
"chr13",112968755,112969161,46.08,55.37,0.83221961350912,TRUE
"chr13",113863839,113864094,15.73,49.95,0.314914914914915,TRUE
"chr13",113928636,113928991,42.71,91.21,0.468260059204035,TRUE
"chr13",114032324,114032593,0,6.52,0,FALSE
"chr14",22273361,22273849,7.87,0,0,FALSE
"chr14",22766741,22767043,1652.13,9.77,0.00591357822931609,FALSE
"chr14",22886796,22887035,44.95,72.75,0.61786941580756,TRUE
"chr14",23665418,23665714,8.99,5.43,0.604004449388209,TRUE
"chr14",32509677,32509901,20.23,173.72,0.116451761455215,FALSE
"chr14",33781368,33781704,15.73,5.43,0.345200254291163,TRUE
"chr14",35340888,35341083,2.25,43.43,0.0518075063320286,FALSE
"chr14",36656253,36656547,234.9,121.6,0.517667092379736,TRUE
"chr14",36701033,36701396,14.61,23.89,0.611552951025534,TRUE
"chr14",36856158,36856490,3016.53,261.68,0.0867486814319765,FALSE
"chr14",37012760,37013041,48.33,673.16,0.0717957097866778,FALSE
"chr14",37642372,37642552,19.1,2.18,0.11413612565445,FALSE
"chr14",42720121,42720352,13.48,0,0,FALSE
"chr14",43168445,43168644,0,0,0,FALSE
"chr14",43901947,43902158,5.62,86.86,0.0647018190191112,FALSE
"chr14",44449690,44450019,4.5,10.86,0.414364640883978,TRUE
"chr14",45891511,45891705,84.29,39.09,0.463756080199312,TRUE
"chr14",45892604,45892885,158.47,18.46,0.116488925348646,FALSE
"chr14",50003816,50004042,296.71,34.75,0.117117724377338,FALSE
"chr14",50964568,50964793,0,2.17,0,FALSE
"chr14",53231293,53231577,7.87,132.46,0.0594141627661181,FALSE
"chr14",53943497,53943815,33.73,71.66,0.47069494836729,TRUE
"chr14",55271859,55272037,30.34,57.54,0.527285366701425,TRUE
"chr14",55740402,55741073,20.23,29.32,0.689972714870396,TRUE
"chr14",56929230,56929436,0,16.29,0,FALSE
"chr14",59361228,59361556,73.05,816.51,0.0894661424844766,FALSE
"chr14",59619193,59619550,19.11,1.09,0.0570381998953428,FALSE
"chr14",61485188,61485470,35.97,92.28,0.389791937581274,TRUE
"chr14",61514192,61514494,125.88,158.53,0.794045291112092,TRUE
"chr14",61515413,61515625,74.17,11.94,0.160981528920049,FALSE
"chr14",61553884,61554094,60.7,1.09,0.0179571663920923,FALSE
"chr14",61559281,61559592,21.36,548.32,0.0389553545374964,FALSE
"chr14",61714064,61714312,94.4,16.28,0.172457627118644,FALSE
"chr14",63547781,63548283,246.15,311.63,0.78987902320059,TRUE
"chr14",64234974,64235322,274.24,120.53,0.439505542590432,TRUE
"chr14",64961219,64961447,32.59,2.17,0.0665848419760663,FALSE
"chr14",65118114,65118813,97.77,998.91,0.0978766855872902,FALSE
"chr14",65256224,65256480,149.47,1.09,0.00729243326420017,FALSE
"chr14",67453067,67453341,5.62,0,0,FALSE
"chr14",67480091,67480391,379.87,226.93,0.597388580303788,TRUE
"chr14",67533725,67534051,354.02,400.66,0.883592073079419,TRUE
"chr14",68255912,68256158,76.43,93.38,0.81848361533519,TRUE
"chr14",68306708,68307104,94.42,260.59,0.362331632065697,TRUE
"chr14",68309473,68309735,26.97,76.02,0.354775059194949,TRUE
"chr14",68393539,68393866,192.21,8.69,0.045210967171323,FALSE
"chr14",68458291,68458480,2.25,970.68,0.002317962665348,FALSE
"chr14",68458987,68459409,137.12,411.5,0.33321992709599,TRUE
"chr14",68570010,68570457,89.91,95.54,0.941071802386435,TRUE
"chr14",68944777,68945008,6.74,261.68,0.0257566493427087,FALSE
"chr14",68945854,68946213,119.13,57.55,0.483085704692353,TRUE
"chr14",68977398,68977643,29.23,618.89,0.047229717720435,FALSE
"chr14",69357656,69357865,273.11,83.6,0.306103767712643,TRUE
"chr14",71475981,71476212,42.7,4.35,0.101873536299766,FALSE
"chr14",71500676,71501065,62.93,33.66,0.534880025425075,TRUE
"chr14",73602160,73602429,134.87,27.14,0.201230814858753,FALSE
"chr14",73633862,73634072,29.22,1.09,0.0373032169746749,FALSE
"chr14",73756626,73756934,48.34,180.24,0.268197958277852,FALSE
"chr14",73782581,73782891,61.81,36.91,0.597152564309982,TRUE
"chr14",73784761,73785054,202.3,735.08,0.275208140610546,FALSE
"chr14",74147046,74147324,3.37,3.26,0.967359050445104,TRUE
"chr14",74308816,74309060,14.61,58.64,0.249147339699864,FALSE
"chr14",74922391,74922721,23.6,371.33,0.0635553281447769,FALSE
"chr14",75069747,75069999,91.04,9.77,0.10731546572935,FALSE
"chr14",75255055,75255293,70.8,31.49,0.444774011299435,TRUE
"chr14",75258657,75258849,125.87,332.24,0.378852636648206,TRUE
"chr14",75260033,75260388,378.75,45.6,0.12039603960396,FALSE
"chr14",75283239,75283485,86.54,14.12,0.163161543794777,FALSE
"chr14",75289946,75290174,3.37,6.52,0.516871165644172,TRUE
"chr14",75521304,75521754,331.54,863.19,0.384086933351869,TRUE
"chr14",75535847,75536399,361.89,65.15,0.18002708005195,FALSE
"chr14",75562066,75562438,43.84,222.57,0.196971739228108,FALSE
"chr14",75566419,75566624,19.1,21.72,0.879373848987109,TRUE
"chr14",76919314,76919602,78.67,24.98,0.317528918266175,TRUE
"chr14",76980523,76980825,1.12,1.09,0.973214285714286,TRUE
"chr14",77004765,77004994,20.23,43.44,0.465699815837937,TRUE
"chr14",77007442,77007678,148.35,71.66,0.483046848668689,TRUE
"chr14",77099707,77100043,277.61,22.8,0.0821296062821944,FALSE
"chr14",77111246,77111424,51.7,52.12,0.991941673062164,TRUE
"chr14",77400192,77400669,67.42,405,0.166469135802469,FALSE
"chr14",79413515,79413932,16.86,41.25,0.408727272727273,TRUE
"chr14",90503453,90504181,32.6,39.09,0.833972883090304,TRUE
"chr14",90512215,90512674,78.68,299.67,0.262555477692128,FALSE
"chr14",90513366,90513635,92.16,652.54,0.14123272136574,FALSE
"chr14",91126378,91126635,24.73,134.63,0.183688628091807,FALSE
"chr14",91173366,91173628,6.74,0,0,FALSE
"chr14",91276492,91276748,60.68,193.27,0.313964919542609,TRUE
"chr14",91291138,91291332,118.01,38,0.322006609609355,TRUE
"chr14",91325947,91326738,629.38,241.05,0.38299596428231,TRUE
"chr14",91382531,91382845,57.32,597.19,0.0959828530283494,FALSE
"chr14",91393044,91393397,119.13,190,0.627,TRUE
"chr14",91394256,91394652,165.22,450.6,0.366666666666667,TRUE
"chr14",91418090,91418527,1171.1,195.43,0.166877294850995,FALSE
"chr14",92963695,92964165,113.51,66.23,0.583472821777817,TRUE
"chr14",92988124,92988363,15.73,3.26,0.207247298156389,FALSE
"chr14",93011663,93011962,46.08,78.18,0.589409056024559,TRUE
"chr14",93017377,93017756,21.35,755.7,0.0282519518327379,FALSE
"chr14",93032588,93032771,14.61,17.37,0.841105354058722,TRUE
"chr14",93033117,93033304,12.36,2.18,0.176375404530744,FALSE
"chr14",93045089,93045448,4.5,48.86,0.0920998772001637,FALSE
"chr14",93046012,93046244,1.12,1.09,0.973214285714286,TRUE
"chr14",93959548,93959789,3.37,0,0,FALSE
"chr14",94321361,94321674,102.28,4.35,0.0425303089558076,FALSE
"chr14",94322610,94322887,16.85,1.09,0.0646884272997033,FALSE
"chr14",94334931,94335182,2.24,1.09,0.486607142857143,TRUE
"chr14",94390708,94391051,71.92,32.57,0.452864293659622,TRUE
"chr14",95056460,95057094,202.29,168.3,0.831973898858075,TRUE
"chr14",95197671,95197938,71.92,122.69,0.586192843752547,TRUE
"chr14",95516107,95516362,69.68,100.99,0.689969303891474,TRUE
"chr14",96106111,96106305,11.24,33.66,0.333927510398099,TRUE
"chr14",96117503,96117682,215.79,21.71,0.100607071690069,FALSE
"chr14",96148703,96148904,16.86,10.86,0.644128113879004,TRUE
"chr14",96263882,96264160,2.24,99.89,0.0224246671338472,FALSE
"chr14",96574371,96574554,59.57,103.15,0.57750848279205,TRUE
"chr14",96574732,96575229,438.32,99.9,0.227915678043439,FALSE
"chr14",96634528,96634805,6.74,1.09,0.161721068249258,FALSE
"chr14",98129841,98130097,6.74,2.17,0.321958456973294,TRUE
"chr14",98806526,98806890,64.06,49.94,0.779581642210428,TRUE
"chr14",98891252,98891519,21.35,17.37,0.813583138173302,TRUE
"chr14",98899538,98899728,31.46,59.72,0.526791694574682,TRUE
"chr14",98903493,98903827,68.56,208.46,0.328888036074067,TRUE
"chr14",99207627,99207831,42.7,0,0,FALSE
"chr14",99590643,99590881,35.96,16.29,0.453003337041157,TRUE
"chr14",99964915,99965427,133.74,103.17,0.771422162404666,TRUE
"chr14",100012335,100012659,33.72,22.81,0.676453143534994,TRUE
"chr14",100091588,100091858,23.6,20.63,0.874152542372881,TRUE
"chr14",100096473,100096849,8.99,64.07,0.140315280162322,FALSE
"chr14",100137215,100137554,11.24,36.91,0.304524519100515,TRUE
"chr14",100817512,100817782,5.62,79.27,0.070896934527564,FALSE
"chr14",101408499,101408698,5.62,155.26,0.0361973463867062,FALSE
"chr14",103693419,103693860,50.58,131.37,0.385019410824389,TRUE
"chr14",103880092,103880305,427.08,912.05,0.468263801326682,TRUE
"chr14",104344136,104344357,24.73,29.31,0.84373933810986,TRUE
"chr14",104345468,104345653,15.73,2.17,0.137952956134774,FALSE
"chr14",104346220,104346439,8.99,42.34,0.212328767123288,FALSE
"chr14",105032266,105032689,78.68,238.87,0.329384183865701,TRUE
"chr14",105050410,105050646,5.61,8.69,0.645569620253165,TRUE
"chr14",105559402,105559716,129.24,17.38,0.134478489631693,FALSE
"chr14",105603506,105603795,0,0,0,FALSE
"chr15",24944943,24945243,1.12,6.51,0.172043010752688,FALSE
"chr15",29823097,29823305,50.57,69.49,0.727730608720679,TRUE
"chr15",31441039,31441281,92.17,36.91,0.400455679722252,TRUE
"chr15",33067864,33068296,520.36,736.15,0.706866807036609,TRUE
"chr15",39534338,39534689,5.62,24.98,0.22497998398719,FALSE
"chr15",39629621,39629820,9,77.09,0.116746659748346,FALSE
"chr15",39668493,39668817,78.67,19.54,0.248379305961612,FALSE
"chr15",40334871,40335309,7.86,20.63,0.380998545807077,TRUE
"chr15",42066671,42066945,13.49,0,0,FALSE
"chr15",44194598,44194894,30.35,14.11,0.46490939044481,TRUE
"chr15",50181403,50181877,255.12,712.26,0.358183809283127,TRUE
"chr15",50765032,50765299,34.84,315.94,0.110274102677724,FALSE
"chr15",50854744,50854976,129.24,24.97,0.193206437635407,FALSE
"chr15",53739724,53739932,5.62,4.34,0.772241992882562,TRUE
"chr15",57591604,57592130,232.64,187.85,0.807470770288858,TRUE
"chr15",59905801,59906038,1.12,0,0,FALSE
"chr15",62785969,62786171,8.99,5.43,0.604004449388209,TRUE
"chr15",62832294,62832780,285.46,36.92,0.129335108246339,FALSE
"chr15",63018877,63019131,3.37,18.46,0.182556879739978,FALSE
"chr15",63019718,63019945,105.65,31.49,0.298059630856602,TRUE
"chr15",63379928,63380154,234.9,157.44,0.670242656449553,TRUE
"chr15",63380588,63380803,148.35,351.79,0.421700446288979,TRUE
"chr15",63387812,63388095,33.72,46.69,0.722210323409724,TRUE
"chr15",63395766,63396035,83.18,8.69,0.104472228901178,FALSE
"chr15",63896788,63897128,7.87,34.74,0.226540011514105,FALSE
"chr15",63945795,63946031,37.09,36.91,0.995146939875977,TRUE
"chr15",64703636,64704233,359.64,34.76,0.0966522077633189,FALSE
"chr15",65286221,65286430,103.39,118.35,0.873595268272074,TRUE
"chr15",69481372,69481550,0,57.55,0,FALSE
"chr15",69482699,69483052,178.7,363.73,0.49129849063866,TRUE
"chr15",69604111,69604289,0,0,0,FALSE
"chr15",69987870,69988063,7.87,8.68,0.90668202764977,TRUE
"chr15",70016166,70016604,96.66,56.47,0.584212704324436,TRUE
"chr15",70029337,70029730,3.37,9.78,0.344580777096115,TRUE
"chr15",70093370,70093548,6.75,433.23,0.0155806384599404,FALSE
"chr15",70308284,70308564,15.73,35.83,0.43901758303098,TRUE
"chr15",70321091,70321604,259.61,366.99,0.707403471484237,TRUE
"chr15",70323002,70323207,37.09,235.62,0.157414480943893,FALSE
"chr15",70324125,70324360,106.78,17.37,0.162670912155834,FALSE
"chr15",70362326,70362672,21.35,14.12,0.66135831381733,TRUE
"chr15",70378100,70378446,169.72,1152.01,0.147325110025087,FALSE
"chr15",70385013,70385302,8.99,23.89,0.376308078694014,TRUE
"chr15",70462933,70463393,105.64,90.12,0.853085952290799,TRUE
"chr15",70528412,70528781,3.37,4.35,0.774712643678161,TRUE
"chr15",71079138,71079379,88.79,129.2,0.687229102167183,TRUE
"chr15",71083924,71084174,58.44,20.62,0.35284052019165,TRUE
"chr15",71096631,71097055,427.08,146.59,0.343237800880397,TRUE
"chr15",71104738,71105066,155.1,24.98,0.161057382333978,FALSE
"chr15",71968984,71969248,3.37,16.29,0.206875383670964,FALSE
"chr15",71975415,71975725,31.47,67.32,0.4674688057041,TRUE
"chr15",73710133,73710469,33.71,5.44,0.16137644615841,FALSE
"chr15",73743061,73743239,7.87,9.77,0.805527123848516,TRUE
"chr15",74725916,74726149,13.49,22.8,0.591666666666667,TRUE
"chr15",74771011,74771241,1.12,60.8,0.0184210526315789,FALSE
"chr15",74789092,74789355,68.55,99.91,0.68611750575518,TRUE
"chr15",74817204,74817762,83.16,283.39,0.293447192914358,FALSE
"chr15",74937636,74937873,13.49,52.12,0.258825786646201,FALSE
"chr15",75036096,75036594,57.33,32.58,0.56828885400314,TRUE
"chr15",75682422,75682676,393.35,66.23,0.168374221431295,FALSE
"chr15",76108019,76108415,57.32,31.49,0.54937194696441,TRUE
"chr15",76108970,76109319,60.69,40.17,0.661888284725655,TRUE
"chr15",77596735,77597015,4.5,13.03,0.34535686876439,TRUE
"chr15",78135398,78135728,28.1,6.51,0.231672597864769,FALSE
"chr15",80668138,80668329,21.36,15.2,0.711610486891386,TRUE
"chr15",80668863,80669138,19.11,2.18,0.114076399790686,FALSE
"chr15",80674854,80675037,0,1.09,0,FALSE
"chr15",80679443,80679725,115.76,150.93,0.766978069303651,TRUE
"chr15",80696852,80697065,161.84,35.83,0.221391497775581,FALSE
"chr15",81092034,81092372,59.57,356.13,0.167270378794261,FALSE
"chr15",81303787,81303996,1.12,4.35,0.257471264367816,FALSE
"chr15",81388305,81388624,3.37,34.75,0.0969784172661871,FALSE
"chr15",81398589,81398843,0,83.6,0,FALSE
"chr15",82919325,82919721,52.82,22.81,0.431843998485422,TRUE
"chr15",82952160,82952440,46.08,176.98,0.260368403209402,FALSE
"chr15",84908678,84908895,12.37,1.09,0.0881164106709782,FALSE
"chr15",86864080,86864271,0,2.17,0,FALSE
"chr15",86864492,86864672,0,5.43,0,FALSE
"chr15",87878102,87878518,34.84,6.51,0.186854190585534,FALSE
"chr15",89106116,89106350,13.48,0,0,FALSE
"chr15",89108906,89109156,16.85,2.18,0.129376854599407,FALSE
"chr15",89115591,89115904,198.93,65.15,0.3275021364299,TRUE
"chr15",89121461,89121678,30.34,4.34,0.143045484508899,FALSE
"chr15",89828505,89828744,39.33,2.17,0.0551741673023138,FALSE
"chr15",89998316,89998581,12.37,105.31,0.117462729085557,FALSE
"chr15",90991706,90992074,39.33,91.19,0.431297291369668,TRUE
"chr15",92639183,92639483,595.67,461.45,0.774673896620612,TRUE
"chr15",92645543,92645913,332.66,740.49,0.449243068778782,TRUE
"chr15",92747942,92748181,26.98,0,0,FALSE
"chr15",93180442,93180682,22.48,6.51,0.289590747330961,FALSE
"chr15",94078175,94078478,0,15.2,0,FALSE
"chr15",94792447,94792725,30.35,27.15,0.894563426688633,TRUE
"chr15",95894405,95894722,35.97,7.61,0.211565193216569,FALSE
"chr15",95895598,95895882,47.21,34.74,0.735861046388477,TRUE
"chr15",95911587,95911938,83.18,396.3,0.209891496341156,FALSE
"chr15",96001579,96001819,4.49,0,0,FALSE
"chr15",96103262,96103576,4.49,6.52,0.688650306748466,TRUE
"chr15",96336937,96337292,304.57,132.47,0.434941064451522,TRUE
"chr15",96339401,96339664,218.04,3.26,0.0149513850669602,FALSE
"chr15",98749205,98749509,33.72,64.06,0.526381517327505,TRUE
"chr15",98758316,98758538,177.59,74.92,0.421870600822118,TRUE
"chr15",98760186,98760410,1.12,48.86,0.0229226361031519,FALSE
"chr15",98763608,98763961,597.9,197.6,0.330490048503094,TRUE
"chr15",99306690,99306880,31.47,14.11,0.448363520813473,TRUE
"chr15",99564998,99565329,11.24,32.58,0.34499693063229,TRUE
"chr15",100517159,100517516,269.73,86.86,0.322025729433137,TRUE
"chr15",101167318,101167499,1.12,44.51,0.0251628847450011,FALSE
"chr15",101167824,101168072,8.99,21.72,0.41390423572744,TRUE
"chr15",101611786,101612119,203.43,67.32,0.330924642383129,TRUE
"chr16",316817,317050,15.73,8.69,0.552447552447552,TRUE
"chr16",327165,327431,6.74,18.46,0.365113759479957,TRUE
"chr16",450571,450880,158.48,160.69,0.986246810629162,TRUE
"chr16",451652,451925,68.55,18.46,0.269292487235594,FALSE
"chr16",588185,588415,238.27,439.74,0.54184290717242,TRUE
"chr16",1190784,1191098,1.12,0,0,FALSE
"chr16",1191780,1192022,2.25,0,0,FALSE
"chr16",1287665,1288379,606.9,132.46,0.218256714450486,FALSE
"chr16",1294020,1294221,13.48,8.69,0.644658753709199,TRUE
"chr16",1296968,1297255,278.73,127.04,0.455781580741219,TRUE
"chr16",1378893,1379223,254,309.44,0.820837642192347,TRUE
"chr16",1414863,1415187,28.09,74.91,0.374983313309305,TRUE
"chr16",2329661,2329959,6.75,102.06,0.0661375661375661,FALSE
"chr16",2330148,2330326,44.96,6.51,0.14479537366548,FALSE
"chr16",2719224,2719587,11.24,70.58,0.159251912723151,FALSE
"chr16",2912431,2912658,80.91,72.75,0.899147200593252,TRUE
"chr16",3166458,3166987,297.82,102.05,0.342656638237862,TRUE
"chr16",4113447,4113721,130.37,383.28,0.34014297641411,TRUE
"chr16",4142547,4142757,133.75,44.51,0.332785046728972,TRUE
"chr16",4152150,4152655,389.99,750.27,0.519799538832687,TRUE
"chr16",4176856,4177062,76.42,35.84,0.468987176131903,TRUE
"chr16",4260521,4260729,14.61,38.01,0.384372533543804,TRUE
"chr16",4369024,4369438,91.04,42.35,0.46518014059754,TRUE
"chr16",4371505,4371796,10.11,221.5,0.0456433408577878,FALSE
"chr16",4616475,4616747,1347.55,16.29,0.0120886052465586,FALSE
"chr16",8679302,8679518,40.47,119.44,0.33883121232418,TRUE
"chr16",9047695,9047992,12.37,47.78,0.258894935119297,FALSE
"chr16",10590451,10590698,0,33.65,0,FALSE
"chr16",10594574,10594884,31.47,90.12,0.349201065246338,TRUE
"chr16",11127906,11128213,93.28,86.87,0.931282161234991,TRUE
"chr16",11130495,11130811,6.74,22.8,0.295614035087719,FALSE
"chr16",11363269,11363525,1.12,15.2,0.0736842105263158,FALSE
"chr16",14020089,14020622,48.32,10.87,0.224958609271523,FALSE
"chr16",14025394,14025689,5.62,8.69,0.646720368239356,TRUE
"chr16",14370324,14370524,69.68,209.55,0.332522071104748,TRUE
"chr16",15489458,15489647,8.99,11.94,0.752931323283082,TRUE
"chr16",16967380,16967590,12.36,5.43,0.439320388349515,TRUE
"chr16",16973808,16974569,275.35,115.09,0.417977120029054,TRUE
"chr16",17171154,17171560,5.62,13.04,0.430981595092025,TRUE
"chr16",17295434,17295822,1.12,22.8,0.0491228070175439,FALSE
"chr16",17296480,17296812,26.98,19.54,0.724240177909563,TRUE
"chr16",17315689,17316014,31.47,260.59,0.120764419202579,FALSE
"chr16",17459585,17459881,15.73,43.44,0.362108655616943,TRUE
"chr16",19987755,19988359,59.56,331.17,0.179847208382402,FALSE
"chr16",20011306,20011552,8.99,0,0,FALSE
"chr16",20014107,20014395,13.49,49.94,0.270124148978775,FALSE
"chr16",20881257,20881480,2.25,18.46,0.121885157096425,FALSE
"chr16",21511545,21511801,30.34,82.53,0.367623894341452,TRUE
"chr16",21512563,21512853,42.72,204.13,0.209278401018959,FALSE
"chr16",23079650,23080050,161.85,228.01,0.709837287838253,TRUE
"chr16",23137862,23138270,41.59,136.81,0.30399824574227,TRUE
"chr16",23148590,23148888,84.3,381.11,0.221195980163207,FALSE
"chr16",23153131,23153344,23.6,1.09,0.0461864406779661,FALSE
"chr16",25040368,25040897,56.18,34.75,0.618547525809897,TRUE
"chr16",25119594,25119867,89.91,57.54,0.639973306639973,TRUE
"chr16",27896532,27896734,2.25,3.26,0.690184049079755,TRUE
"chr16",27898013,27898327,56.2,35.84,0.637722419928826,TRUE
"chr16",28609788,28610026,28.09,60.8,0.462006578947368,TRUE
"chr16",29290897,29291154,17.98,241.04,0.0745934284766014,FALSE
"chr16",29307888,29308264,26.97,6.52,0.241750092695588,FALSE
"chr16",29310699,29311247,166.33,1188.92,0.139900077381153,FALSE
"chr16",30090262,30090506,32.59,3.26,0.100030684258975,FALSE
"chr16",35524037,35524312,68.56,153.1,0.447811887655127,TRUE
"chr16",52565085,52565316,3.37,1.09,0.323442136498516,TRUE
"chr16",53045460,53045799,38.2,427.79,0.0892961499801304,FALSE
"chr16",53099393,53099899,68.55,167.21,0.409963518928294,TRUE
"chr16",53775587,53775859,97.78,27.14,0.277561873593782,FALSE
"chr16",54085459,54085724,30.34,5.44,0.179301252471984,FALSE
"chr16",54094760,54094982,160.72,9.77,0.060788949726232,FALSE
"chr16",54096190,54096482,22.47,3.26,0.14508233199822,FALSE
"chr16",54424147,54424431,167.48,57.54,0.343563410556484,TRUE
"chr16",54424956,54425257,51.7,81.42,0.634979120609187,TRUE
"chr16",54425679,54426014,24.72,159.61,0.154877513940229,FALSE
"chr16",54432325,54432576,61.82,18.45,0.298447104496927,TRUE
"chr16",56370777,56371244,12.36,422.36,0.0292641348612558,FALSE
"chr16",56373182,56373370,604.66,96.63,0.159808818178811,FALSE
"chr16",57622702,57623044,94.41,496.2,0.190266021765417,FALSE
"chr16",66278103,66278372,349.53,87.95,0.251623608846165,FALSE
"chr16",68328144,68328336,23.61,41.26,0.57222491517208,TRUE
"chr16",68416630,68416858,195.55,16.29,0.0833035029404244,FALSE
"chr16",68707858,68708194,33.72,1.09,0.0323250296559905,FALSE
"chr16",68745675,68745979,175.33,160.7,0.91655734899903,TRUE
"chr16",69324602,69324783,11.24,9.77,0.869217081850534,TRUE
"chr16",70136640,70136952,24.73,4.34,0.175495349777598,FALSE
"chr16",72913322,72913760,0,36.91,0,FALSE
"chr16",72914371,72914594,125.88,40.18,0.319192882109946,TRUE
"chr16",72929428,72929768,53.95,33.66,0.623911028730306,TRUE
"chr16",72936018,72936349,70.81,49.95,0.705408840559243,TRUE
"chr16",72944888,72945182,19.11,15.2,0.795395081109367,TRUE
"chr16",73015656,73016005,26.98,158.51,0.170210081382878,FALSE
"chr16",73043899,73044077,30.36,47.78,0.635412306404353,TRUE
"chr16",73055413,73055649,236.02,283.39,0.832845195666749,TRUE
"chr16",75029913,75030154,5.62,0,0,FALSE
"chr16",79037536,79037941,28.1,27.15,0.966192170818505,TRUE
"chr16",79171829,79172137,157.34,11.95,0.0759501716028982,FALSE
"chr16",80615758,80616115,67.43,93.39,0.722025912838634,TRUE
"chr16",80837667,80837956,8.99,5.43,0.604004449388209,TRUE
"chr16",82137217,82137633,31.46,71.66,0.43901758303098,TRUE
"chr16",82152625,82152932,14.61,178.07,0.0820463862525973,FALSE
"chr16",84724595,84724917,64.06,65.15,0.983269378357636,TRUE
"chr16",84786600,84786883,101.15,1.09,0.0107760751359367,FALSE
"chr16",85144404,85144668,50.57,3.26,0.064465097884121,FALSE
"chr16",85145207,85145527,7.86,5.43,0.690839694656489,TRUE
"chr16",85147306,85147757,171.95,69.49,0.404129107298633,TRUE
"chr16",85282232,85282688,43.84,32.57,0.742928832116788,TRUE
"chr16",85288178,85288619,41.58,236.69,0.17567282098948,FALSE
"chr16",85288915,85289299,39.34,383.28,0.102640367355458,FALSE
"chr16",85306124,85306454,1294.72,442.99,0.34215119871478,TRUE
"chr16",85311298,85311507,53.93,362.66,0.148706777698119,FALSE
"chr16",85311913,85312157,42.71,3.26,0.0763287286349801,FALSE
"chr16",85462145,85462350,233.77,223.67,0.956795140522736,TRUE
"chr16",85465957,85466352,316.93,221.5,0.698892499921118,TRUE
"chr16",85472658,85472874,198.93,66.24,0.332981450761574,TRUE
"chr16",85475319,85475581,58.44,98.81,0.59143811355126,TRUE
"chr16",85491688,85492249,59.56,480.99,0.123827938210774,FALSE
"chr16",85520924,85521331,76.43,27.15,0.355227005102708,TRUE
"chr16",85746334,85746662,13.49,209.53,0.0643821887080609,FALSE
"chr16",85753403,85753782,89.91,131.37,0.684402831696734,TRUE
"chr16",86193838,86194090,30.35,13.03,0.429324546952224,TRUE
"chr16",87790015,87790254,68.56,31.49,0.459305717619603,TRUE
"chr16",87807020,87807264,14.62,33.67,0.434214434214434,TRUE
"chr16",88760849,88761048,66.31,44.53,0.671542753732469,TRUE
"chr16",88763388,88763853,28.1,289.9,0.0969299758537427,FALSE
"chr16",88923833,88924149,5.62,21.72,0.258747697974217,FALSE
"chr16",88927074,88927641,378.75,296.42,0.782627062706271,TRUE
"chr16",88928261,88928813,116.89,181.32,0.644661372159718,TRUE
"chr16",89153963,89154214,60.69,121.6,0.499095394736842,TRUE
"chr17",4533718,4534009,26.96,57.55,0.468462206776716,TRUE
"chr17",4534332,4534638,20.23,3.26,0.161146811665843,FALSE
"chr17",4575869,4576149,1.12,8.69,0.128883774453395,FALSE
"chr17",5313930,5314130,33.73,41.26,0.817498788172564,TRUE
"chr17",5883917,5884125,26.98,21.71,0.804670126019274,TRUE
"chr17",6676103,6676378,8.99,108.58,0.082796095045128,FALSE
"chr17",7351863,7352088,53.94,448.43,0.120286332314966,FALSE
"chr17",7951767,7952071,0,36.92,0,FALSE
"chr17",7957721,7958044,16.86,1.09,0.064650059311981,FALSE
"chr17",13182641,13183332,42.71,68.39,0.62450650679924,TRUE
"chr17",15177968,15178400,0,49.95,0,FALSE
"chr17",16922865,16923114,151.73,0,0,FALSE
"chr17",17755424,17755766,5.62,0,0,FALSE
"chr17",27247450,27247683,0,86.86,0,FALSE
"chr17",27321645,27321898,15.73,9.78,0.621741894469167,TRUE
"chr17",27332494,27332786,92.17,67.32,0.730389497667354,TRUE
"chr17",28498039,28498271,402.35,67.32,0.167317012551261,FALSE
"chr17",28499851,28500221,93.29,24.97,0.267659984993032,FALSE
"chr17",28525376,28525672,38.22,41.26,0.926320891904993,TRUE
"chr17",28532916,28533189,1.12,43.43,0.0257886253741653,FALSE
"chr17",28536791,28537417,118.02,87.95,0.745212675817658,TRUE
"chr17",29158795,29159187,40.46,1.09,0.0269401878398418,FALSE
"chr17",31566500,31566919,130.38,72.74,0.557907654548244,TRUE
"chr17",31655041,31655353,67.43,102.06,0.66068979031942,TRUE
"chr17",39812561,39812767,67.43,133.55,0.504904530138525,TRUE
"chr17",40311305,40311570,91.04,17.38,0.190905096660808,FALSE
"chr17",40314620,40314809,55.07,57.54,0.957073340285019,TRUE
"chr17",40322285,40322619,592.28,81.43,0.137485648679679,FALSE
"chr17",40448684,40449014,687.83,36.92,0.0536760536760537,FALSE
"chr17",40534583,40534834,28.1,7.6,0.270462633451957,FALSE
"chr17",40549318,40549503,42.72,96.64,0.44205298013245,TRUE
"chr17",40552551,40552778,37.09,17.37,0.468320301968185,TRUE
"chr17",40576069,40576594,206.81,93.38,0.451525554857115,TRUE
"chr17",40582327,40582568,47.2,18.45,0.390889830508475,TRUE
"chr17",40686177,40686495,16.85,211.72,0.0795862459852636,FALSE
"chr17",40687176,40687796,3095.21,285.55,0.0922554527802637,FALSE
"chr17",40701085,40701375,106.78,77.09,0.721951676343885,TRUE
"chr17",41416001,41416267,44.96,44.52,0.990213523131673,TRUE
"chr17",41505966,41506234,2.25,73.84,0.0304712892741062,FALSE
"chr17",41506685,41507034,112.39,23.89,0.212563395319868,FALSE
"chr17",41525685,41525896,0,551.56,0,FALSE
"chr17",41536019,41536286,28.09,121.6,0.231003289473684,FALSE
"chr17",41793263,41793491,8.99,18.46,0.486998916576381,TRUE
"chr17",44218184,44218362,29.22,32.57,0.897144611605772,TRUE
"chr17",45043153,45043555,48.33,98.81,0.489120534358871,TRUE
"chr17",45124562,45125031,11.23,17.38,0.64614499424626,TRUE
"chr17",45901135,45901432,253.99,52.12,0.205204929327926,FALSE
"chr17",47674048,47674331,180.95,6.51,0.0359767891682785,FALSE
"chr17",47693151,47693458,55.07,146.59,0.375673647588512,TRUE
"chr17",49887692,49887902,106.78,9.77,0.0914965349316351,FALSE
"chr17",50266876,50267066,47.21,1.09,0.0230883287439102,FALSE
"chr17",50317280,50317629,513.62,158.53,0.308652311047078,TRUE
"chr17",50652734,50653038,53.95,32.58,0.60389249304912,TRUE
"chr17",50655793,50656056,31.47,185.66,0.16950339329958,FALSE
"chr17",50785208,50785466,10.12,17.37,0.582613701784686,TRUE
"chr17",50944331,50944843,133.74,966.33,0.138399925491292,FALSE
"chr17",50948227,50948486,225.9,197.61,0.874767596281541,TRUE
"chr17",50950030,50950311,149.47,554.83,0.269397833570643,FALSE
"chr17",56173874,56174212,1207.06,78.17,0.0647606581280135,FALSE
"chr17",56890730,56891030,0,9.78,0,FALSE
"chr17",57085616,57085975,412.47,128.12,0.310616529687008,TRUE
"chr17",57166875,57167119,8.99,2.18,0.242491657397108,FALSE
"chr17",57286619,57286819,43.84,9.77,0.222855839416058,FALSE
"chr17",57340578,57340999,812.57,78.18,0.0962132493200586,FALSE
"chr17",57342858,57343278,1023.87,15.21,0.0148554015646518,FALSE
"chr17",57357411,57358047,343.92,671,0.512548435171386,TRUE
"chr17",57375777,57376147,114.63,49.95,0.435749803716305,TRUE
"chr17",57376750,57376936,10.12,7.6,0.75098814229249,TRUE
"chr17",57411961,57412218,10.11,6.51,0.643916913946588,TRUE
"chr17",57458329,57458546,17.99,1.09,0.0605892162312396,FALSE
"chr17",57807377,57807603,6.74,1.09,0.161721068249258,FALSE
"chr17",57834156,57834473,22.48,29.31,0.766973729102695,TRUE
"chr17",57835463,57835740,8.99,41.26,0.217886572952012,FALSE
"chr17",57899827,57900138,377.63,236.71,0.626830495458518,TRUE
"chr17",57955630,57955852,79.8,33.66,0.421804511278195,TRUE
"chr17",58639674,58640017,4.5,43.44,0.103591160220994,FALSE
"chr17",58640374,58640562,158.47,0,0,FALSE
"chr17",59332233,59332467,42.71,136.81,0.312184781814195,TRUE
"chr17",60345120,60345484,22.48,117.25,0.191727078891258,FALSE
"chr17",60346852,60347360,527.09,421.27,0.799237321899486,TRUE
"chr17",60567980,60568260,3.37,1.09,0.323442136498516,TRUE
"chr17",61399310,61399655,629.39,1466.86,0.429072985833686,TRUE
"chr17",61401895,61402385,1157.59,787.2,0.680033517912214,TRUE
"chr17",61403419,61403632,688.96,282.31,0.409762540640966,TRUE
"chr17",61414875,61415119,325.93,53.2,0.163225232411868,FALSE
"chr17",61450227,61450454,1.12,31.49,0.035566846617974,FALSE
"chr17",61723120,61723646,61.82,16.29,0.263506955677774,FALSE
"chr17",62804829,62805094,84.29,36.92,0.438011626527465,TRUE
"chr17",63435650,63435920,7.87,27.16,0.289764359351988,FALSE
"chr17",64074160,64074504,49.45,32.57,0.658645096056623,TRUE
"chr17",64131892,64132128,12.36,39.09,0.316193399846508,TRUE
"chr17",66933448,66933849,12.36,38,0.325263157894737,TRUE
"chr17",66952240,66952652,302.33,137.88,0.45605794992227,TRUE
"chr17",67391062,67391369,3.37,15.21,0.221564760026298,FALSE
"chr17",67411496,67411802,6.74,2.18,0.323442136498516,TRUE
"chr17",67467549,67467915,21.36,31.49,0.678310574785646,TRUE
"chr17",68292244,68292494,808.08,184.59,0.228430353430353,FALSE
"chr17",68328932,68329159,61.83,2.17,0.0350962316027818,FALSE
"chr17",72177051,72177259,23.61,2.17,0.0919102075391783,FALSE
"chr17",72517821,72518077,48.32,76.01,0.635705828180502,TRUE
"chr17",72617950,72618320,1175.6,52.11,0.0443263014630827,FALSE
"chr17",72640473,72640810,34.83,2.18,0.0625897215044502,FALSE
"chr17",72952791,72953024,8.99,2.18,0.242491657397108,FALSE
"chr17",73549982,73550265,1.12,4.34,0.258064516129032,FALSE
"chr17",73564901,73565097,0,5.43,0,FALSE
"chr17",73610984,73611200,11.24,41.27,0.272352798643082,FALSE
"chr17",73612164,73612457,48.33,32.58,0.674115456238361,TRUE
"chr17",74744857,74745091,41.58,38,0.913900913900914,TRUE
"chr17",74758300,74758597,123.63,239.96,0.51521086847808,TRUE
"chr17",74760644,74761018,1763.4,70.57,0.0400192809345582,FALSE
"chr17",74769751,74770152,176.45,89.03,0.504562198923208,TRUE
"chr17",74982700,74982907,32.6,39.09,0.833972883090304,TRUE
"chr17",75084137,75084332,13.49,14.11,0.956059532246634,TRUE
"chr17",75549444,75549646,314.69,45.61,0.144936286504179,FALSE
"chr17",75873073,75873336,15.74,13.04,0.8284625158831,TRUE
"chr17",77126515,77126798,119.13,87.95,0.738269117770503,TRUE
"chr17",77283354,77283581,261.86,0,0,FALSE
"chr17",77286335,77286760,469.79,346.36,0.737265586751527,TRUE
"chr17",77287003,77287285,536.1,217.15,0.405055027047193,TRUE
"chr17",78421126,78421759,293.34,60.8,0.207268016635986,FALSE
"chr17",79017589,79017895,0,5.43,0,FALSE
"chr17",79812987,79813299,135.98,1035.82,0.131277635110347,FALSE
"chr17",79844576,79844781,86.54,23.89,0.27605731453663,FALSE
"chr17",79893188,79893398,459.67,6.51,0.0141623338481954,FALSE
"chr17",79979487,79979684,5.62,17.37,0.323546344271733,TRUE
"chr17",79992478,79992698,422.59,152,0.359686693958683,TRUE
"chr17",80030757,80031038,83.16,555.92,0.149589869045906,FALSE
"chr17",80047229,80047579,254.01,13.03,0.0512971930238967,FALSE
"chr17",80068443,80068880,11.23,39.09,0.287285750831415,FALSE
"chr17",80394688,80394972,28.1,137.89,0.203785626223802,FALSE
"chr17",82101066,82101443,87.68,32.57,0.371464416058394,TRUE
"chr17",82103721,82104213,30.34,125.94,0.240908369064634,FALSE
"chr17",82234908,82235141,333.8,35.84,0.107369682444578,FALSE
"chr17",82522066,82522253,51.7,32.58,0.630174081237911,TRUE
"chr17",82614011,82614476,22.48,13.03,0.579626334519573,TRUE
"chr17",82888899,82889376,71.93,584.13,0.123140396829473,FALSE
"chr17",82892990,82893326,19.1,22.8,0.837719298245614,TRUE
"chr17",83180995,83181254,147.24,17.37,0.117970660146699,FALSE
"chr17",83189778,83190013,113.51,35.83,0.315655008369307,TRUE
"chr18",111409,111705,361.9,521.17,0.694399140395648,TRUE
"chr18",2385591,2385800,0,159.61,0,FALSE
"chr18",2894693,2894974,32.59,3.26,0.100030684258975,FALSE
"chr18",3045513,3045717,28.11,9.77,0.347563144788332,TRUE
"chr18",3689080,3689549,1.12,38.01,0.0294659300184162,FALSE
"chr18",3726664,3726872,34.84,0,0,FALSE
"chr18",5410640,5410840,13.49,40.18,0.335739173718268,TRUE
"chr18",5787957,5788277,100.02,20.63,0.20625874825035,FALSE
"chr18",6510127,6510374,58.43,8.69,0.148724970049632,FALSE
"chr18",9495949,9496231,1.12,1.09,0.973214285714286,TRUE
"chr18",9757659,9758107,138.24,158.52,0.872066616199849,TRUE
"chr18",9802159,9802354,6.74,23.89,0.28212641272499,FALSE
"chr18",9804089,9804481,205.67,359.39,0.572275244163722,TRUE
"chr18",9808542,9808841,43.83,153.11,0.286264776957743,FALSE
"chr18",10122035,10122584,102.28,93.38,0.912983965584669,TRUE
"chr18",10132008,10132385,43.83,2.17,0.0495094684006388,FALSE
"chr18",11177575,11178157,7.86,10.87,0.723091076356946,TRUE
"chr18",11268998,11269301,38.21,41.26,0.926078526417838,TRUE
"chr18",13223584,13223918,378.75,10.86,0.0286732673267327,FALSE
"chr18",13394954,13395431,259.63,104.25,0.401532950737588,TRUE
"chr18",13425912,13426134,4.5,0,0,FALSE
"chr18",13539794,13540162,120.26,34.75,0.288957259271578,FALSE
"chr18",13616800,13617008,15.73,0,0,FALSE
"chr18",13808795,13809144,2.24,47.78,0.0468815403934701,FALSE
"chr18",14946571,14946905,8.99,1.09,0.121245828698554,FALSE
"chr18",21330080,21330449,2.25,32.57,0.0690819772797052,FALSE
"chr18",22254351,22254644,14.61,23.89,0.611552951025534,TRUE
"chr18",22847253,22847453,0,2.17,0,FALSE
"chr18",22871769,22872017,3.37,9.78,0.344580777096115,TRUE
"chr18",23257870,23258111,89.92,3.26,0.0362544483985765,FALSE
"chr18",23626711,23626915,8.99,14.12,0.636685552407932,TRUE
"chr18",23627104,23627645,75.3,87.95,0.856168277430358,TRUE
"chr18",23629438,23629886,43.83,78.18,0.560629316960859,TRUE
"chr18",24051294,24051694,25.84,4.34,0.167956656346749,FALSE
"chr18",25042733,25043113,3.37,3.26,0.967359050445104,TRUE
"chr18",25111704,25111912,22.48,24.97,0.900280336403684,TRUE
"chr18",25168676,25168912,39.35,13.03,0.331130876747141,TRUE
"chr18",26575450,26575682,1.12,45.61,0.0245560184170138,FALSE
"chr18",26745432,26745647,5.61,56.46,0.0993623804463337,FALSE
"chr18",27072480,27072756,1.12,11.94,0.0938023450586265,FALSE
"chr18",32769964,32770276,11.24,187.84,0.0598381601362862,FALSE
"chr18",36099386,36099646,51.7,52.12,0.991941673062164,TRUE
"chr18",44918063,44918373,37.08,34.75,0.937162891046386,TRUE
"chr18",45793387,45793696,1.12,34.75,0.0322302158273381,FALSE
"chr18",45802683,45803020,59.57,45.61,0.765653852610374,TRUE
"chr18",46113795,46114253,52.83,5.43,0.102782509937535,FALSE
"chr18",47522689,47522957,42.71,0,0,FALSE
"chr18",48123944,48124268,25.85,24.97,0.965957446808511,TRUE
"chr18",48308233,48308508,20.23,6.52,0.322293623331686,TRUE
"chr18",48453516,48453724,80.91,97.72,0.827977896029472,TRUE
"chr18",48548298,48548538,100.03,2.17,0.0216934919524143,FALSE
"chr18",48974658,48974918,39.34,87.95,0.447299602046617,TRUE
"chr18",48982979,48983311,131.49,286.64,0.4587287189506,TRUE
"chr18",48990849,48991238,46.08,182.41,0.252617729291157,FALSE
"chr18",48996990,48997249,16.86,91.21,0.184848152614845,FALSE
"chr18",49021625,49021880,106.77,144.41,0.739353230385707,TRUE
"chr18",57141680,57141990,0,16.29,0,FALSE
"chr18",57793687,57794033,46.08,70.58,0.65287616888637,TRUE
"chr18",57794371,57794624,74.18,80.35,0.92321095208463,TRUE
"chr18",59952767,59952971,5.62,7.6,0.739473684210526,TRUE
"chr18",59954320,59954563,116.89,3.26,0.0278894687312858,FALSE
"chr18",63132591,63132769,20.23,259.51,0.0779546067588918,FALSE
"chr18",63155678,63155956,23.6,32.57,0.724593183911575,TRUE
"chr18",63156231,63156428,43.83,74.92,0.585024025627336,TRUE
"chr18",63225752,63226061,151.73,137.9,0.908851248929019,TRUE
"chr18",63241386,63241947,124.75,96.64,0.774669338677355,TRUE
"chr18",63254712,63255168,82.05,54.29,0.661669713589275,TRUE
"chr18",63257338,63257637,49.46,111.83,0.442278458374318,TRUE
"chr18",63259548,63259807,50.57,630.83,0.0801642280804654,FALSE
"chr18",63265310,63265549,25.85,6.52,0.252224371373307,FALSE
"chr18",74242654,74243051,367.52,135.73,0.369313234653896,TRUE
"chr18",74283787,74284074,15.73,271.44,0.0579501915708812,FALSE
"chr18",74546803,74547019,24.73,18.46,0.746461787302871,TRUE
"chr18",74961184,74961457,7.87,2.18,0.277001270648031,FALSE
"chr18",76857550,76857805,25.85,24.98,0.966344294003868,TRUE
"chr18",77043335,77043697,15.73,33.66,0.467320261437909,TRUE
"chr18",77054766,77055062,130.37,43.42,0.333052082534325,TRUE
"chr18",77055201,77055384,75.29,13.03,0.17306415194581,FALSE
"chr18",78892863,78893112,2.25,92.29,0.0243796727706144,FALSE
"chr18",78893588,78893901,160.72,46.69,0.290505226480836,FALSE
"chr18",78894139,78894356,136,33.67,0.247573529411765,FALSE
"chr18",79062898,79063152,76.43,147.66,0.517608018420696,TRUE
"chr18",79405267,79405719,35.97,40.17,0.895444361463779,TRUE
"chr19",1166847,1167148,8.99,14.12,0.636685552407932,TRUE
"chr19",1170285,1170597,1.12,9.78,0.114519427402863,FALSE
"chr19",1181567,1182180,763.11,87.95,0.115252060646565,FALSE
"chr19",1185649,1185921,70.8,87.95,0.805002842524161,TRUE
"chr19",1513135,1513650,32.6,79.26,0.411304567247035,TRUE
"chr19",2168872,2169303,7.87,19.55,0.402557544757033,TRUE
"chr19",2489335,2489543,47.2,15.2,0.322033898305085,TRUE
"chr19",2520237,2520446,53.95,6.51,0.120667284522706,FALSE
"chr19",2525024,2525339,231.53,172.65,0.745691703019047,TRUE
"chr19",2576197,2576548,29.22,55.38,0.52762730227519,TRUE
"chr19",2579098,2579523,319.18,336.59,0.94827534983214,TRUE
"chr19",3387709,3387942,14.61,60.81,0.240256536753823,FALSE
"chr19",3389996,3390276,159.59,45.6,0.28573218873363,FALSE
"chr19",3606311,3606613,55.09,15.2,0.275912143764749,FALSE
"chr19",4536750,4537063,32.6,70.57,0.461952671106703,TRUE
"chr19",4538432,4538642,11.24,6.52,0.580071174377224,TRUE
"chr19",4539916,4540157,0,675.35,0,FALSE
"chr19",4970810,4971092,375.38,271.45,0.723133890990463,TRUE
"chr19",4971717,4971935,193.31,3.26,0.0168641042884486,FALSE
"chr19",4991641,4991910,88.79,136.81,0.649002265916234,TRUE
"chr19",4992024,4992271,171.96,53.21,0.309432426145615,TRUE
"chr19",7904175,7904413,75.3,4.35,0.0577689243027888,FALSE
"chr19",9846349,9847030,22.48,6.52,0.290035587188612,FALSE
"chr19",10501960,10502155,44.95,961.99,0.0467260574434246,FALSE
"chr19",11696766,11697071,120.25,33.66,0.27991683991684,FALSE
"chr19",14118867,14119054,50.57,11.95,0.2363061103421,FALSE
"chr19",15479464,15479728,5.62,48.87,0.11499897687743,FALSE
"chr19",15480143,15480392,39.34,29.32,0.745297407219115,TRUE
"chr19",15485781,15486051,7.86,2.18,0.27735368956743,FALSE
"chr19",15488568,15488973,41.58,19.55,0.47017797017797,TRUE
"chr19",15562947,15563190,15.74,46.69,0.33711715570786,TRUE
"chr19",15828538,15828800,0,5.43,0,FALSE
"chr19",15934984,15935256,70.8,0,0,FALSE
"chr19",15975836,15976153,23.6,7.6,0.322033898305085,TRUE
"chr19",16003627,16003867,6.74,5.43,0.805637982195846,TRUE
"chr19",16463965,16464260,40.46,129.21,0.313133658385574,TRUE
"chr19",17791318,17791594,13.49,3.26,0.241660489251297,FALSE
"chr19",18380238,18380452,0,3.26,0,FALSE
"chr19",18486253,18486463,0,46.7,0,FALSE
"chr19",18489178,18489400,112.39,9.78,0.0870184180087196,FALSE
"chr19",18832609,18833062,511.37,66.23,0.129514832704304,FALSE
"chr19",18999454,18999970,13.49,39.09,0.345101048861601,TRUE
"chr19",19063264,19063601,125.88,293.16,0.429390094146541,TRUE
"chr19",19549833,19550076,25.85,2.17,0.0839458413926499,FALSE
"chr19",22426682,22427005,6.74,42.34,0.15918752952291,FALSE
"chr19",23400329,23400812,147.22,9.78,0.06643119141421,FALSE
"chr19",23402134,23402510,46.08,77.09,0.597742897911532,TRUE
"chr19",23565330,23565808,2.25,14.11,0.15946137491141,FALSE
"chr19",23822905,23823192,213.54,0,0,FALSE
"chr19",29671391,29671675,161.84,3.26,0.0201433514582303,FALSE
"chr19",30698511,30699001,419.21,44.52,0.106199756685194,FALSE
"chr19",33541708,33542222,53.94,52.12,0.966258806080831,TRUE
"chr19",33580364,33580691,40.45,156.35,0.258714422769428,FALSE
"chr19",33629571,33629800,19.1,21.71,0.879778903731,TRUE
"chr19",33878719,33878968,14.61,4.34,0.297056810403833,TRUE
"chr19",33879816,33880143,16.86,7.6,0.450771055753262,TRUE
"chr19",35000347,35000614,89.91,8.69,0.0966522077633189,FALSE
"chr19",35317429,35317820,119.13,107.5,0.902375556115168,TRUE
"chr19",35319131,35319357,30.35,6.52,0.214827018121911,FALSE
"chr19",37730820,37731259,25.86,13.04,0.504253673627224,TRUE
"chr19",37966786,37967025,78.68,5.43,0.0690137264870361,FALSE
"chr19",38298925,38299607,891.23,697.08,0.782154999270671,TRUE
"chr19",38321614,38321950,248.39,247.55,0.996618221345465,TRUE
"chr19",38681511,38681701,29.22,0,0,FALSE
"chr19",38683635,38683915,111.28,173.72,0.640571033847571,TRUE
"chr19",38714480,38714799,28.1,8.68,0.308896797153025,TRUE
"chr19",39130384,39130735,55.07,399.57,0.137823159896889,FALSE
"chr19",39144414,39144611,15.73,14.12,0.897647806738716,TRUE
"chr19",39150982,39151282,21.34,52.12,0.409439754412893,TRUE
"chr19",39409548,39409767,448.43,43.43,0.0968490065339072,FALSE
"chr19",40249808,40249994,8.99,2.17,0.241379310344828,FALSE
"chr19",40466073,40466482,153.98,11.95,0.0776074814911027,FALSE
"chr19",40920923,40921823,106.76,55.38,0.518733608092919,TRUE
"chr19",41052288,41052562,10.11,26.06,0.387950882578665,TRUE
"chr19",44718569,44718847,80.93,90.13,0.897925219127926,TRUE
"chr19",44742070,44742309,310.2,59.72,0.192520954223082,FALSE
"chr19",44742863,44743080,259.62,8.69,0.0334719975348586,FALSE
"chr19",46784731,46784934,8.99,174.81,0.0514272638865053,FALSE
"chr19",47081202,47081477,5.62,6.52,0.861963190184049,TRUE
"chr19",47096089,47096593,107.89,238.87,0.451668271444719,TRUE
"chr19",47723518,47723705,0,68.41,0,FALSE
"chr19",48062745,48062989,109.01,40.17,0.36849830290799,TRUE
"chr19",48553866,48554181,195.55,13.03,0.0666325747890565,FALSE
"chr19",48554685,48554927,21.35,3.26,0.152693208430913,FALSE
"chr19",48772598,48772933,0,4.35,0,FALSE
"chr19",49570676,49570889,33.72,9.78,0.290035587188612,FALSE
"chr19",51044425,51044672,43.84,1.09,0.0248631386861314,FALSE
"chr19",54096968,54097220,104.53,53.2,0.508944800535731,TRUE
"chr19",57798716,57798925,14.61,30.41,0.480434067740875,TRUE
"chr19",57814039,57814313,103.4,1712.26,0.0603880251830914,FALSE
"chr2",260865,261338,44.96,225.85,0.199070179322559,FALSE
"chr2",567025,567330,11.24,4.35,0.387010676156584,TRUE
"chr2",1913645,1913826,6.74,11.94,0.564489112227806,TRUE
"chr2",6917754,6918098,28.1,5.43,0.193238434163701,FALSE
"chr2",7748996,7749245,2.24,158.52,0.0141307090587938,FALSE
"chr2",7791404,7791664,14.61,2.18,0.1492128678987,FALSE
"chr2",8274940,8275340,1.12,27.14,0.0412675018422992,FALSE
"chr2",8525484,8525692,1.12,53.2,0.0210526315789474,FALSE
"chr2",9806288,9806592,6.74,42.36,0.159112370160529,FALSE
"chr2",9807827,9808111,1.12,27.15,0.0412523020257827,FALSE
"chr2",10021792,10022053,1659.99,279.05,0.168103422309773,FALSE
"chr2",10733133,10733385,48.33,19.54,0.404303745085868,TRUE
"chr2",10757254,10757945,980.04,381.1,0.388861679115138,TRUE
"chr2",11122315,11122672,103.42,103.17,0.997582672597177,TRUE
"chr2",11494602,11494905,75.3,3.26,0.0432934926958831,FALSE
"chr2",11497980,11498231,171.96,808.9,0.212584991964396,FALSE
"chr2",11498530,11498922,441.69,1078.17,0.409666379142436,TRUE
"chr2",11501270,11501524,49.46,8.69,0.175697533360291,FALSE
"chr2",11503661,11503871,8.99,1.09,0.121245828698554,FALSE
"chr2",11512728,11513040,136,1181.31,0.115126427440723,FALSE
"chr2",11530990,11531315,419.2,105.33,0.251264312977099,FALSE
"chr2",11532359,11532692,215.79,102.06,0.472959822049215,TRUE
"chr2",11539485,11540030,983.39,980.47,0.997030679587956,TRUE
"chr2",11550988,11551207,219.16,0,0,FALSE
"chr2",11558690,11558908,256.25,204.13,0.79660487804878,TRUE
"chr2",13055157,13055487,2.25,0,0,FALSE
"chr2",14178819,14179163,98.9,84.68,0.856218402426694,TRUE
"chr2",14543407,14543727,13.48,3.26,0.241839762611276,FALSE
"chr2",15142749,15143194,129.25,38,0.294003868471954,FALSE
"chr2",15642283,15642817,70.81,4.35,0.0614320011297839,FALSE
"chr2",16019325,16019601,169.71,2.17,0.0127865181780685,FALSE
"chr2",16030269,16030545,7.87,4.34,0.55146124523507,TRUE
"chr2",20071630,20072140,59.58,172.63,0.345131205468343,TRUE
"chr2",20114018,20114279,22.48,221.49,0.1014944241275,FALSE
"chr2",20351610,20351822,266.35,336.59,0.791318815175733,TRUE
"chr2",20374987,20375215,121.38,7.6,0.0626132806063602,FALSE
"chr2",20381347,20381682,11.24,359.39,0.0312752163387963,FALSE
"chr2",20471768,20471983,1.12,124.86,0.00897004645202627,FALSE
"chr2",20474216,20474629,26.97,1021.72,0.0263966644481854,FALSE
"chr2",20474868,20475334,682.2,55.37,0.0811638815596599,FALSE
"chr2",24084247,24084447,34.85,45.6,0.764254385964912,TRUE
"chr2",25079074,25079253,67.43,5.43,0.0805279549162094,FALSE
"chr2",26368035,26368242,23.61,3.26,0.138077085980517,FALSE
"chr2",26758044,26758258,88.79,6.52,0.0734316927581935,FALSE
"chr2",28377213,28377512,3.37,38,0.0886842105263158,FALSE
"chr2",35297459,35297749,11.24,10.86,0.966192170818505,TRUE
"chr2",38076065,38076566,622.63,875.13,0.711471438529133,TRUE
"chr2",38096275,38096527,360.77,42.35,0.117387809407656,FALSE
"chr2",38514740,38515183,0,53.21,0,FALSE
"chr2",41774225,41774799,182.07,7.6,0.0417421870709068,FALSE
"chr2",41775785,41776081,52.83,10.86,0.205565019875071,FALSE
"chr2",42010781,42011102,8.99,8.69,0.966629588431591,TRUE
"chr2",42035942,42036213,7.86,8.69,0.904487917146145,TRUE
"chr2",42342517,42342835,34.84,111.83,0.311544308325136,TRUE
"chr2",42782762,42783127,29.22,11.95,0.408966461327858,TRUE
"chr2",42784610,42784922,128.12,30.4,0.237277552294724,FALSE
"chr2",42788833,42789236,40.46,64.07,0.63149680037459,TRUE
"chr2",43273648,43273900,48.32,133.55,0.361812055409959,TRUE
"chr2",43276600,43276846,141.62,108.58,0.766699618697924,TRUE
"chr2",45752544,45752899,271.98,205.2,0.754467240238253,TRUE
"chr2",45753470,45753699,46.09,73.83,0.624271976161452,TRUE
"chr2",45820751,45820940,29.22,42.35,0.689964580873672,TRUE
"chr2",53988749,53988932,3.37,0,0,FALSE
"chr2",55163871,55164101,132.62,106.4,0.802292263610315,TRUE
"chr2",62858371,62858598,4.49,27.15,0.165377532228361,FALSE
"chr2",64906826,64907355,52.82,447.33,0.118078376142892,FALSE
"chr2",64975365,64975739,58.44,66.24,0.882246376811594,TRUE
"chr2",65300238,65300476,114.64,169.38,0.676821348447278,TRUE
"chr2",65604306,65604636,5.62,5.44,0.96797153024911,TRUE
"chr2",66554221,66554464,56.2,31.49,0.560320284697509,TRUE
"chr2",70258589,70258819,118.01,111.85,0.947801033810694,TRUE
"chr2",70381909,70382355,33.72,129.21,0.26097051311818,FALSE
"chr2",70616282,70616576,193.31,18.47,0.0955460141741244,FALSE
"chr2",72572601,72572799,0,9.77,0,FALSE
"chr2",72574950,72575271,1.12,10.86,0.103130755064457,FALSE
"chr2",73431890,73432076,5.62,18.46,0.304442036836403,TRUE
"chr2",74441928,74442226,236.01,38.01,0.161052497775518,FALSE
"chr2",74772202,74772625,23.6,60.8,0.388157894736842,TRUE
"chr2",74845249,74845579,74.18,234.53,0.316292158785656,TRUE
"chr2",74845868,74846071,144.99,18.46,0.127319125456928,FALSE
"chr2",74897894,74898210,61.82,98.81,0.625645177613602,TRUE
"chr2",75153453,75153652,414.72,46.68,0.11255787037037,FALSE
"chr2",75321784,75322125,4.5,10.86,0.414364640883978,TRUE
"chr2",85515349,85515584,44.96,16.29,0.362322064056939,TRUE
"chr2",85517095,85517382,92.16,8.69,0.0942925347222222,FALSE
"chr2",85924510,85924736,8.99,3.26,0.362625139043382,TRUE
"chr2",85954543,85954890,176.47,280.13,0.629957519722986,TRUE
"chr2",85955041,85955375,171.96,69.49,0.404105605954873,TRUE
"chr2",86264183,86264452,6.74,35.83,0.188110521909015,FALSE
"chr2",88191451,88191651,2.25,0,0,FALSE
"chr2",95526538,95526722,250.62,665.59,0.376538109046109,TRUE
"chr2",96329591,96330013,3.37,4.36,0.772935779816514,TRUE
"chr2",96964685,96964909,2.25,72.75,0.0309278350515464,FALSE
"chr2",98233905,98234293,197.81,6.52,0.0329609220969617,FALSE
"chr2",99609773,99610152,2.25,8.69,0.25891829689298,FALSE
"chr2",99617907,99618234,40.47,24.98,0.617247343711391,TRUE
"chr2",99636642,99637040,144.99,40.18,0.277122560176564,FALSE
"chr2",100062027,100062240,4.5,41.27,0.109038042161376,FALSE
"chr2",100066937,100067155,56.19,281.21,0.199815084812062,FALSE
"chr2",100322334,100322555,61.82,53.21,0.860724684568101,TRUE
"chr2",101234698,101234995,2.25,42.34,0.0531412376003779,FALSE
"chr2",104481651,104481931,106.77,4.35,0.0407417813992695,FALSE
"chr2",105522712,105523098,31.47,1.09,0.034636161423578,FALSE
"chr2",108295681,108295913,1.12,1.09,0.973214285714286,TRUE
"chr2",108595027,108595219,2.25,9.78,0.230061349693252,FALSE
"chr2",109472659,109473031,109.02,30.41,0.278939644102,FALSE
"chr2",109480632,109480954,95.53,154.18,0.619600466986639,TRUE
"chr2",111535415,111535722,114.64,66.24,0.577808792742498,TRUE
"chr2",111932750,111933176,0,1.09,0,FALSE
"chr2",112591443,112591673,64.06,8.69,0.135654074305339,FALSE
"chr2",120229388,120229630,21.36,31.5,0.678095238095238,TRUE
"chr2",120404127,120404454,19.11,17.37,0.90894819466248,TRUE
"chr2",120406754,120407177,43.83,6.52,0.148756559434178,FALSE
"chr2",120565944,120566127,0,2.17,0,FALSE
"chr2",123051705,123051916,0,0,0,FALSE
"chr2",128448999,128449266,17.98,1.09,0.060622914349277,FALSE
"chr2",131563995,131564288,4.49,22.8,0.196929824561404,FALSE
"chr2",133331654,133332007,5.62,1.09,0.193950177935943,FALSE
"chr2",133443143,133443341,5.62,11.95,0.470292887029289,TRUE
"chr2",133492942,133493274,121.39,28.22,0.232473844633001,FALSE
"chr2",133504946,133505409,141.61,141.14,0.996681025351317,TRUE
"chr2",134815585,134816020,4.49,59.73,0.0751716055583459,FALSE
"chr2",134823395,134823706,7.87,3.26,0.41423125794155,TRUE
"chr2",137508858,137509105,17.99,5.43,0.30183435241801,TRUE
"chr2",137527567,137527804,12.37,8.68,0.701697655618432,TRUE
"chr2",138435697,138436056,94.41,19.54,0.206969600677894,FALSE
"chr2",139245253,139245644,0,11.95,0,FALSE
"chr2",139773335,139773554,31.47,36.92,0.852383531960997,TRUE
"chr2",139773677,139773975,3.37,8.69,0.387802071346375,TRUE
"chr2",149205187,149205388,13.49,9.77,0.724240177909563,TRUE
"chr2",149422958,149423312,6.74,3.26,0.483679525222552,TRUE
"chr2",155190417,155190610,1.12,2.17,0.516129032258065,TRUE
"chr2",156399489,156399675,55.07,89.04,0.618486073674753,TRUE
"chr2",157125271,157125532,1.12,5.43,0.206261510128913,FALSE
"chr2",158723498,158724247,201.18,583.05,0.345047594545922,TRUE
"chr2",158727297,158727671,46.07,32.57,0.706967657911873,TRUE
"chr2",159030907,159031246,7.86,0,0,FALSE
"chr2",159099579,159099829,3.37,24.97,0.134961954345214,FALSE
"chr2",159111324,159111876,105.67,85.77,0.811677865051576,TRUE
"chr2",159119315,159119890,34.84,36.92,0.943661971830986,TRUE
"chr2",162489350,162489622,0,0,0,FALSE
"chr2",163840390,163840782,0,1.09,0,FALSE
"chr2",168456015,168456202,4.49,64.06,0.0700905401186388,FALSE
"chr2",170238761,170239080,5.62,13.03,0.431312356101305,TRUE
"chr2",172274756,172274942,3.37,0,0,FALSE
"chr2",173972458,173972878,74.18,27.14,0.365866810461041,TRUE
"chr2",173985616,173985947,107.9,14.12,0.130861909175162,FALSE
"chr2",176845704,176846031,161.84,8.69,0.0536950074147306,FALSE
"chr2",177519991,177520300,1.12,13.03,0.0859554873369148,FALSE
"chr2",177521089,177521270,11.24,56.46,0.199078993978038,FALSE
"chr2",179446784,179447058,0,36.92,0,FALSE
"chr2",179580754,179581049,4.49,74.92,0.0599305926321409,FALSE
"chr2",179646639,179647190,32.6,43.44,0.750460405156538,TRUE
"chr2",181097348,181097560,0,0,0,FALSE
"chr2",185187313,185187713,109.01,7.61,0.0698101091642968,FALSE
"chr2",189541336,189541970,22.48,24.97,0.900280336403684,TRUE
"chr2",190786357,190786742,25.85,39.09,0.661294448708109,TRUE
"chr2",190786930,190787153,7.86,6.52,0.829516539440203,TRUE
"chr2",197842912,197843195,7.87,5.43,0.689961880559085,TRUE
"chr2",200185123,200185337,5.62,47.78,0.11762243616576,FALSE
"chr2",200288649,200288959,139.36,2.18,0.0156429391504018,FALSE
"chr2",200300672,200300927,5.62,2.17,0.386120996441281,TRUE
"chr2",200310700,200311027,65.17,55.38,0.849777504986957,TRUE
"chr2",200746992,200747279,11.24,108.58,0.103518143304476,FALSE
"chr2",200786286,200786787,29.21,57.56,0.507470465601112,TRUE
"chr2",201949368,201949594,11.24,11.95,0.940585774058577,TRUE
"chr2",201985745,201986038,129.25,65.15,0.504061895551257,TRUE
"chr2",201986320,201986596,58.44,8.69,0.148699520876112,FALSE
"chr2",211423089,211423404,6.74,24.97,0.269923908690429,FALSE
"chr2",212640506,212640711,0,0,0,FALSE
"chr2",214376510,214376832,44.96,3.26,0.072508896797153,FALSE
"chr2",214378345,214378526,21.36,96.63,0.221049363551692,FALSE
"chr2",214378657,214379186,77.55,232.35,0.333763718528083,TRUE
"chr2",215216909,215217191,9,40.18,0.223992035838726,FALSE
"chr2",215966331,215966634,64.06,104.24,0.614543361473523,TRUE
"chr2",215979695,215979960,13.49,512.47,0.026323492106855,FALSE
"chr2",215980209,215980403,97.77,400.65,0.244028453762636,FALSE
"chr2",215982545,215982938,269.73,337.68,0.798773987206823,TRUE
"chr2",217092634,217092917,84.29,1.09,0.0129315458536007,FALSE
"chr2",217331654,217332252,148.36,39.08,0.263413318953896,FALSE
"chr2",217366933,217367208,39.34,80.35,0.489607965152458,TRUE
"chr2",217387546,217387758,4.49,85.77,0.0523493062842486,FALSE
"chr2",217388030,217388474,575.44,69.49,0.120759766439594,FALSE
"chr2",217943595,217943845,7.87,42.34,0.185876239962211,FALSE
"chr2",218010140,218010325,6.75,42.35,0.159386068476978,FALSE
"chr2",219398904,219399279,176.46,314.88,0.560403963414634,TRUE
"chr2",219400217,219400522,173.09,58.63,0.338725518516379,TRUE
"chr2",219478521,219478867,49.45,7.6,0.153690596562184,FALSE
"chr2",223021390,223021645,0,14.12,0,FALSE
"chr2",224331697,224332176,146.1,61.88,0.423545516769336,TRUE
"chr2",225614938,225615180,10.11,10.87,0.930082796688133,TRUE
"chr2",225615563,225615857,38.21,92.29,0.414021020695633,TRUE
"chr2",225616442,225616679,149.49,34.75,0.232457020536491,FALSE
"chr2",225646733,225647042,11.24,0,0,FALSE
"chr2",225843062,225843417,0,0,0,FALSE
"chr2",231222993,231223388,87.66,41.25,0.47056810403833,TRUE
"chr2",231519488,231519753,40.46,266.01,0.152099545129882,FALSE
"chr2",231706285,231706528,473.15,350.7,0.741202578463489,TRUE
"chr2",231707756,231708072,33.71,467.97,0.0720345321281279,FALSE
"chr2",234976612,234976946,33.72,16.29,0.483096085409253,TRUE
"chr2",236592802,236593338,6.74,70.58,0.0954944743553415,FALSE
"chr2",236692864,236693332,46.07,102.06,0.451401136586322,TRUE
"chr2",236730463,236730699,16.86,2.17,0.12870699881376,FALSE
"chr2",236818583,236818784,10.12,10.86,0.931860036832412,TRUE
"chr2",236824895,236825268,70.8,44.52,0.628813559322034,TRUE
"chr2",236967169,236967478,2.25,1.09,0.484444444444444,TRUE
"chr2",237025823,237026105,120.26,34.74,0.288874106103443,FALSE
"chr2",237041308,237041634,265.24,27.14,0.102322424973609,FALSE
"chr2",237044180,237044698,10.12,40.18,0.251866600298656,FALSE
"chr2",237076050,237076295,12.36,49.95,0.247447447447447,FALSE
"chr2",237235428,237235874,89.91,38,0.422644867089312,TRUE
"chr2",237323091,237323343,2.24,1.09,0.486607142857143,TRUE
"chr2",237487251,237487435,565.32,39.09,0.0691466779876884,FALSE
"chr2",237496434,237496725,114.64,5.43,0.0473656664340544,FALSE
"chr2",237502534,237502814,325.93,562.44,0.579492923689638,TRUE
"chr2",237510090,237510381,77.55,26.06,0.336041263700838,TRUE
"chr2",237558991,237559339,187.68,162.86,0.867753623188406,TRUE
"chr2",237940905,237941124,4.49,2.17,0.483296213808463,TRUE
"chr2",239268234,239268798,295.58,89.02,0.301170579876852,TRUE
"chr2",240069900,240070337,92.16,33.66,0.365234375,TRUE
"chr2",240251057,240251239,0,8.68,0,FALSE
"chr2",240251587,240251820,22.48,71.66,0.313703600334915,TRUE
"chr2",240368781,240369023,13.49,5.43,0.402520385470719,TRUE
"chr2",240369385,240369699,16.85,0,0,FALSE
"chr2",240959705,240959928,0,0,0,FALSE
"chr2",240960463,240960744,2.25,19.54,0.115148413510747,FALSE
"chr2",240986407,240986606,2.24,0,0,FALSE
"chr20",829096,829361,2.24,4.35,0.514942528735632,TRUE
"chr20",2207790,2208046,144.98,89.03,0.614084701338116,TRUE
"chr20",4135422,4135658,13.49,22.81,0.591407277509864,TRUE
"chr20",4136557,4136893,12.36,15.2,0.813157894736842,TRUE
"chr20",4161430,4161644,3.37,15.21,0.221564760026298,FALSE
"chr20",10559359,10559563,22.48,1.09,0.0484875444839858,FALSE
"chr20",15039214,15039533,19.1,0,0,FALSE
"chr20",17646235,17646492,0,6.52,0,FALSE
"chr20",18058788,18059088,20.24,92.29,0.219308700834327,FALSE
"chr20",19130169,19130540,1.12,35.83,0.0312587217415574,FALSE
"chr20",19133280,19133705,12.37,1.09,0.0881164106709782,FALSE
"chr20",20079516,20079736,4.49,0,0,FALSE
"chr20",20441328,20441567,1.12,2.18,0.513761467889908,TRUE
"chr20",20457017,20457234,6.74,7.61,0.885676741130092,TRUE
"chr20",23337801,23338115,2.25,1.09,0.484444444444444,TRUE
"chr20",23357802,23358079,56.19,350.71,0.160217843802572,FALSE
"chr20",24649934,24650343,44.95,14.12,0.31412680756396,TRUE
"chr20",32040756,32041092,274.22,73.84,0.269272846619503,FALSE
"chr20",32742018,32742196,129.25,100.98,0.781276595744681,TRUE
"chr20",34350262,34350493,20.23,42.35,0.477685950413223,TRUE
"chr20",36083301,36083610,7.86,0,0,FALSE
"chr20",36587303,36587586,128.12,71.65,0.559241336247268,TRUE
"chr20",36774279,36774513,62.93,270.36,0.232763722444149,FALSE
"chr20",37279536,37279934,97.78,24.97,0.255369196154633,FALSE
"chr20",38108528,38108982,50.56,123.78,0.408466634351268,TRUE
"chr20",38109301,38109515,103.4,27.15,0.26257253384913,FALSE
"chr20",38109630,38110466,176.44,141.14,0.79993198821129,TRUE
"chr20",38145016,38145318,11.24,20.63,0.544837615123606,TRUE
"chr20",39463597,39464117,0,1.09,0,FALSE
"chr20",39645352,39645903,136,77.09,0.566838235294118,TRUE
"chr20",39849800,39849993,21.35,4.34,0.20327868852459,FALSE
"chr20",40286809,40287291,43.84,117.26,0.373870032406618,TRUE
"chr20",40649115,40649385,66.31,36.92,0.556778766400241,TRUE
"chr20",43670532,43670711,10.11,14.11,0.716513111268604,TRUE
"chr20",44182088,44182466,34.83,18.46,0.530002871088142,TRUE
"chr20",44287355,44287612,146.1,13.04,0.0892539356605065,FALSE
"chr20",44302298,44302686,57.31,111.82,0.512520121624039,TRUE
"chr20",44714700,44714973,152.86,7.6,0.0497186968467879,FALSE
"chr20",44765180,44765369,0,54.29,0,FALSE
"chr20",44765547,44765942,10.11,55.39,0.182523921285431,FALSE
"chr20",45340446,45340747,58.43,384.37,0.152014985560788,FALSE
"chr20",45342209,45342461,49.46,213.9,0.231229546517064,FALSE
"chr20",45373196,45373475,57.32,11.95,0.208478715980461,FALSE
"chr20",47319057,47319286,1996.03,665.58,0.333451902025521,TRUE
"chr20",47340847,47341247,1.12,541.8,0.0020671834625323,FALSE
"chr20",47343373,47343677,395.61,185.66,0.469300573797427,TRUE
"chr20",47345156,47345578,66.32,1322.46,0.0501489648080093,FALSE
"chr20",47352615,47352975,1474.56,1002.16,0.679633246527778,TRUE
"chr20",47382659,47383028,567.57,114,0.200856282044506,FALSE
"chr20",48075821,48076591,632.74,118.36,0.187059455700604,FALSE
"chr20",48078558,48078781,96.66,45.6,0.471756672873991,TRUE
"chr20",48079106,48079442,10.11,9.78,0.967359050445104,TRUE
"chr20",48158048,48158407,13.48,34.75,0.387913669064748,TRUE
"chr20",48246447,48246695,5.62,44.51,0.126263760952595,FALSE
"chr20",48572214,48572543,58.44,34.75,0.594626967830253,TRUE
"chr20",48597506,48597707,41.58,17.37,0.417748917748918,TRUE
"chr20",48663729,48664123,1.12,123.77,0.00904904257897714,FALSE
"chr20",48686579,48686853,222.54,17.38,0.0780983194032533,FALSE
"chr20",48697831,48698043,39.34,136.81,0.28755207952635,FALSE
"chr20",48698220,48698498,427.07,117.26,0.274568571896879,FALSE
"chr20",48705368,48705647,10.11,104.23,0.0969970258083085,FALSE
"chr20",48864349,48865115,597.9,438.65,0.733651112226125,TRUE
"chr20",48870510,48870757,3.37,1.09,0.323442136498516,TRUE
"chr20",48945969,48946167,19.11,3.26,0.170591313448456,FALSE
"chr20",49982089,49982283,44.96,30.4,0.676156583629893,TRUE
"chr20",50284759,50285111,169.71,83.6,0.492605032113606,TRUE
"chr20",50414814,50415167,7.87,84.69,0.0929271460621089,FALSE
"chr20",50727350,50727976,569.81,1016.28,0.560682095485496,TRUE
"chr20",50764099,50764543,282.09,952.22,0.296244565331541,FALSE
"chr20",50798742,50798964,251.75,62.98,0.250168818272095,FALSE
"chr20",53346221,53346633,39.34,136.82,0.28753106271013,FALSE
"chr20",53522313,53522517,1.12,0,0,FALSE
"chr20",53608275,53608501,46.08,3.26,0.0707465277777778,FALSE
"chr20",53654831,53655017,76.42,217.14,0.351938841300543,TRUE
"chr20",53661099,53661498,283.21,697.06,0.406292141279086,TRUE
"chr20",53661825,53662118,130.37,2438.65,0.0534599060955857,FALSE
"chr20",53786173,53786362,293.33,77.09,0.262809804656871,FALSE
"chr20",54104192,54104395,2.25,0,0,FALSE
"chr20",54123623,54124043,320.31,2080.33,0.153970764253748,FALSE
"chr20",54126983,54127463,91.04,138.97,0.655105418435634,TRUE
"chr20",54149010,54149459,604.66,86.86,0.143650977408792,FALSE
"chr20",54195293,54195660,75.29,76,0.990657894736842,TRUE
"chr20",56629263,56629532,3040.14,228.01,0.0749998355338899,FALSE
"chr20",56735068,56735621,767.62,630.82,0.82178682160444,TRUE
"chr20",56758751,56759273,157.34,116.19,0.738464471844413,TRUE
"chr20",56890058,56890496,89.92,47.78,0.531361209964413,TRUE
"chr20",56936672,56936970,7.86,20.63,0.380998545807077,TRUE
"chr20",57071252,57071506,1.12,34.75,0.0322302158273381,FALSE
"chr20",57109004,57109182,4.5,41.26,0.109064469219583,FALSE
"chr20",57157539,57157817,28.1,9.77,0.347686832740214,TRUE
"chr20",57263068,57263344,12.37,71.67,0.172596623412864,FALSE
"chr20",57692831,57693058,3.37,39.09,0.0862113072397032,FALSE
"chr20",57693978,57694253,0,70.56,0,FALSE
"chr20",58054841,58055150,34.83,31.49,0.904105656043641,TRUE
"chr20",61303863,61304101,55.07,1.09,0.0197929907390594,FALSE
"chr20",62406582,62406860,2.24,91.22,0.0245560184170138,FALSE
"chr20",63864128,63864393,143.86,241.03,0.596855163257686,TRUE
"chr21",14863421,14863676,4.49,42.35,0.106021251475797,FALSE
"chr21",15003369,15003721,2.25,135.72,0.01657824933687,FALSE
"chr21",15005339,15005700,4.49,196.53,0.0228463847758612,FALSE
"chr21",15132788,15133112,254,131.37,0.517204724409449,TRUE
"chr21",15173066,15173505,60.68,15.2,0.25049439683586,FALSE
"chr21",15199964,15200319,531.61,336.59,0.633152122796787,TRUE
"chr21",15200685,15200868,237.14,16.29,0.0686935987180568,FALSE
"chr21",15203633,15204065,17.99,297.51,0.0604685556788007,FALSE
"chr21",15204245,15204589,98.9,280.13,0.353050369471317,TRUE
"chr21",15204955,15205205,306.83,10.86,0.0353941922237069,FALSE
"chr21",15210113,15210639,106.78,92.29,0.864300430792283,TRUE
"chr21",15342535,15343004,14.6,0,0,FALSE
"chr21",15371022,15371261,22.48,0,0,FALSE
"chr21",15444287,15444549,4.49,3.26,0.726057906458797,TRUE
"chr21",15547547,15547864,4.5,10.86,0.414364640883978,TRUE
"chr21",15586882,15587407,115.76,106.41,0.919229440221147,TRUE
"chr21",17128369,17128630,7.86,82.52,0.0952496364517693,FALSE
"chr21",17746091,17746344,141.61,1.09,0.00769719652566909,FALSE
"chr21",19566958,19567336,1.12,1.09,0.973214285714286,TRUE
"chr21",19620847,19621098,2.24,29.33,0.0763723150357995,FALSE
"chr21",20997005,20997290,100.03,17.38,0.173747875637309,FALSE
"chr21",21030309,21030653,34.85,10.86,0.311621233859397,TRUE
"chr21",21238991,21239201,3.37,6.51,0.517665130568356,TRUE
"chr21",21922148,21922330,25.85,4.35,0.168278529980658,FALSE
"chr21",28857793,28858164,15.73,11.95,0.759694850603941,TRUE
"chr21",29386204,29386450,23.6,46.69,0.505461554936817,TRUE
"chr21",29509199,29509763,20.22,97.72,0.206917724109701,FALSE
"chr21",31529422,31529737,32.59,196.51,0.16584397740573,FALSE
"chr21",32393479,32393679,441.68,238.88,0.540844049990944,TRUE
"chr21",34538629,34538955,6.75,31.49,0.214353763099397,FALSE
"chr21",34728531,34728807,12.36,49.95,0.247447447447447,FALSE
"chr21",34734764,34734992,15.73,18.46,0.852112676056338,TRUE
"chr21",35261832,35262579,4.49,3.27,0.728285077951002,TRUE
"chr21",35262717,35262907,247.26,0,0,FALSE
"chr21",35953695,35953932,15.74,57.54,0.273548835592631,FALSE
"chr21",35958553,35958799,1.12,4.34,0.258064516129032,FALSE
"chr21",36188170,36188588,336.04,92.29,0.274639923818593,FALSE
"chr21",36193347,36193568,246.13,140.06,0.569048876609922,TRUE
"chr21",36613046,36613312,11.24,370.25,0.0303578663065496,FALSE
"chr21",37267879,37268166,679.95,226.92,0.333730421354511,TRUE
"chr21",37564819,37565053,502.38,199.78,0.397667104582189,TRUE
"chr21",37768029,37768351,1.12,2.17,0.516129032258065,TRUE
"chr21",38661269,38661569,627.13,4490.75,0.139649279073651,FALSE
"chr21",39314706,39314900,206.79,72.75,0.351806180182794,TRUE
"chr21",39524015,39524275,149.48,304.01,0.491694352159468,TRUE
"chr21",39527727,39528104,275.37,169.37,0.615063369284962,TRUE
"chr21",39594677,39594916,13.49,7.6,0.563380281690141,TRUE
"chr21",39666886,39667344,16.86,4.35,0.258007117437722,FALSE
"chr21",39669901,39670079,8.99,7.6,0.845383759733037,TRUE
"chr21",39723481,39723775,1.12,0,0,FALSE
"chr21",40014713,40014994,5.62,2.18,0.387900355871886,TRUE
"chr21",40314335,40314602,17.98,14.12,0.7853170189099,TRUE
"chr21",40318597,40318989,76.44,24.97,0.326661433804291,TRUE
"chr21",40324453,40325065,14.6,15.2,0.960526315789474,TRUE
"chr21",41148950,41149616,22.49,11.95,0.531347265451312,TRUE
"chr21",41322166,41322359,47.21,84.69,0.55744479867753,TRUE
"chr21",41583329,41583587,8.99,48.86,0.183995088006549,FALSE
"chr21",41605545,41605921,267.48,61.89,0.23138178555406,FALSE
"chr21",41681269,41681450,10.12,148.76,0.0680290400645335,FALSE
"chr21",42056507,42056853,88.79,114.01,0.778791334093501,TRUE
"chr21",42060035,42060344,41.59,1.09,0.0262082231305602,FALSE
"chr21",42085931,42086526,39.33,311.62,0.126211411334317,FALSE
"chr21",42319597,42319829,6.74,15.2,0.443421052631579,TRUE
"chr21",42366343,42367002,247.25,293.15,0.843424867815112,TRUE
"chr21",42375499,42375805,97.77,623.22,0.156878790796188,FALSE
"chr21",42376305,42376661,266.36,15.2,0.0570656254692897,FALSE
"chr21",42390798,42391073,19.1,23.9,0.799163179916318,TRUE
"chr21",42516277,42516526,342.79,3.26,0.00951019574666705,FALSE
"chr21",43006630,43007231,49.46,3.27,0.0661140315406389,FALSE
"chr21",43343122,43343300,1.12,62.98,0.017783423308987,FALSE
"chr21",43344504,43344807,296.71,6.52,0.0219743183579927,FALSE
"chr21",43587181,43587437,6.74,18.45,0.365311653116531,TRUE
"chr21",44764770,44765065,4.49,23.9,0.187866108786611,FALSE
"chr21",45073353,45073647,10.11,410.42,0.0246333024706398,FALSE
"chr21",45327299,45327496,1.12,17.37,0.0644789867587795,FALSE
"chr21",45330211,45330607,277.6,36.92,0.13299711815562,FALSE
"chr21",45352857,45353121,7.87,9.77,0.805527123848516,TRUE
"chr21",45386731,45387083,25.85,90.12,0.286839769196627,FALSE
"chr21",45403335,45403536,16.86,13.03,0.772835112692764,TRUE
"chr21",45421781,45422014,57.32,163.95,0.34961878621531,TRUE
"chr21",45542893,45543141,50.58,62.97,0.80323963792282,TRUE
"chr21",45868248,45868564,168.59,69.49,0.412183403523341,TRUE
"chr21",46200965,46201224,0,13.03,0,FALSE
"chr21",46294578,46294807,77.55,20.63,0.26602192134107,FALSE
"chr22",18119631,18120050,0,61.89,0,FALSE
"chr22",19749442,19749646,14.61,3.26,0.223134839151266,FALSE
"chr22",20885002,20885214,2.25,45.61,0.0493312869984652,FALSE
"chr22",20887500,20887885,177.57,42.35,0.238497493946049,FALSE
"chr22",20916750,20917093,13.49,173.72,0.0776536956021183,FALSE
"chr22",23192203,23192612,604.65,61.91,0.102389812288101,FALSE
"chr22",24195789,24196071,442.81,36.91,0.083354034461733,FALSE
"chr22",24206914,24207226,4.49,31.48,0.142630241423126,FALSE
"chr22",24352084,24352492,51.71,45.61,0.882034422742216,TRUE
"chr22",24392465,24392681,70.81,7.6,0.107329473238243,FALSE
"chr22",24402764,24403089,102.27,7.6,0.0743130927935856,FALSE
"chr22",24526143,24526502,523.73,133.55,0.254997804212094,FALSE
"chr22",24531998,24532512,284.34,28.23,0.0992825490609833,FALSE
"chr22",25400872,25401119,69.68,305.11,0.228376651043886,FALSE
"chr22",25930822,25931176,8.99,30.41,0.29562643867149,FALSE
"chr22",25942988,25943339,15.73,108.58,0.144870141830908,FALSE
"chr22",27345411,27345672,5.62,31.49,0.178469355350905,FALSE
"chr22",27799636,27799949,83.17,47.78,0.574485992545389,TRUE
"chr22",28790746,28790990,80.92,171.56,0.471671718349266,TRUE
"chr22",28813649,28814075,1515.02,462.53,0.305296299718816,TRUE
"chr22",28818736,28818925,1116.02,788.27,0.706322467339295,TRUE
"chr22",28819418,28820056,6391.59,1022.79,0.160021215378333,FALSE
"chr22",28822926,28823209,205.67,1694.9,0.121346392117529,FALSE
"chr22",28823809,28824093,985.66,76,0.0771056956759937,FALSE
"chr22",29378111,29378429,98.9,49.95,0.505055611729019,TRUE
"chr22",29385584,29385893,211.29,131.38,0.621799422594538,TRUE
"chr22",29386146,29386514,233.77,344.19,0.679188820128418,TRUE
"chr22",29481756,29482069,77.54,9.77,0.125999484137219,FALSE
"chr22",29482519,29482702,21.36,4.34,0.203183520599251,FALSE
"chr22",29517117,29517868,204.55,144.42,0.70603764360792,TRUE
"chr22",29798809,29799155,150.61,86.86,0.576721333244804,TRUE
"chr22",30291098,30291397,193.32,44.52,0.230291744258225,FALSE
"chr22",30298375,30298611,96.66,132.47,0.729674643315468,TRUE
"chr22",30536419,30536719,0,1.09,0,FALSE
"chr22",33540303,33540649,49.46,28.24,0.570966437525273,TRUE
"chr22",33860382,33860563,94.41,19.55,0.207075521660841,FALSE
"chr22",33865303,33865532,95.53,95.54,0.9998953317982,TRUE
"chr22",34283220,34283424,7.86,1.09,0.138676844783715,FALSE
"chr22",35299323,35299501,84.29,33.66,0.399335627002017,TRUE
"chr22",36465750,36465998,3.37,57.55,0.0585577758470895,FALSE
"chr22",37189137,37189462,43.84,28.23,0.643932481751825,TRUE
"chr22",37196847,37197141,32.6,85.78,0.380041967824668,TRUE
"chr22",37197784,37198060,49.46,107.5,0.460093023255814,TRUE
"chr22",37570155,37570614,152.85,210.64,0.725645651348272,TRUE
"chr22",38180941,38181213,125.88,132.47,0.950252887446214,TRUE
"chr22",38222880,38223082,7.87,18.46,0.426327193932828,TRUE
"chr22",39290741,39290986,5.62,22.8,0.246491228070175,FALSE
"chr22",39292877,39293183,116.89,35.83,0.306527504491402,TRUE
"chr22",39299941,39300207,62.94,123.78,0.508482792050412,TRUE
"chr22",39300403,39300639,150.6,58.63,0.389309428950863,TRUE
"chr22",39482834,39483126,42.71,51.03,0.836958651773467,TRUE
"chr22",40721245,40721508,91.04,83.61,0.918387521968365,TRUE
"chr22",40729042,40729252,62.94,19.55,0.310613282491262,TRUE
"chr22",40732752,40733037,285.47,224.76,0.78733316986023,TRUE
"chr22",41381042,41381301,355.14,222.59,0.626766908824689,TRUE
"chr22",42734506,42734773,85.42,72.75,0.851674081011473,TRUE
"chr22",42800845,42801132,85.42,51.03,0.59740107703114,TRUE
"chr22",43378396,43378658,6.74,7.6,0.886842105263158,TRUE
"chr22",43391260,43391653,0,0,0,FALSE
"chr22",44455416,44455620,2.25,1.09,0.484444444444444,TRUE
"chr22",44759672,44760063,316.95,27.14,0.0856286480517432,FALSE
"chr22",45279727,45279964,16.86,17.36,0.971198156682028,TRUE
"chr22",45280712,45280894,182.07,26.06,0.143131762508925,FALSE
"chr22",46465782,46466078,130.38,93.39,0.716290842153705,TRUE
"chr22",46488934,46489138,0,8.68,0,FALSE
"chr22",46491954,46492246,137.11,114,0.831449201371162,TRUE
"chr22",48090158,48090390,49.45,3.26,0.0659251769464105,FALSE
"chr22",48254400,48254716,31.47,165.03,0.19069260134521,FALSE
"chr22",48586058,48586302,0,1.09,0,FALSE
"chr22",49857647,49858002,196.68,72.74,0.369839332926581,TRUE
"chr3",4355687,4355993,2.24,104.23,0.0214909335124244,FALSE
"chr3",4581691,4581997,7.86,111.83,0.0702852544040061,FALSE
"chr3",4714059,4714281,15.74,13.03,0.827827191867853,TRUE
"chr3",4750210,4750524,212.41,19.54,0.0919919024528035,FALSE
"chr3",4978336,4978642,71.94,268.2,0.268232662192394,FALSE
"chr3",5026256,5026452,11.24,35.84,0.313616071428571,TRUE
"chr3",8318073,8318377,0,9.77,0,FALSE
"chr3",8329871,8330204,3.37,9.77,0.344933469805527,TRUE
"chr3",13476196,13476467,602.4,87.95,0.145999335989376,FALSE
"chr3",14256626,14256938,1.12,11.94,0.0938023450586265,FALSE
"chr3",14412948,14413218,44.96,69.49,0.646999568283206,TRUE
"chr3",15292839,15293213,350.66,55.39,0.157959276792334,FALSE
"chr3",15636142,15636362,30.35,90.13,0.336735826029069,TRUE
"chr3",15637588,15637770,8.99,111.84,0.0803826895565093,FALSE
"chr3",30354548,30354824,44.95,57.54,0.781195689954814,TRUE
"chr3",30355169,30355666,114.65,39.1,0.341037941561273,TRUE
"chr3",31948039,31948286,15.74,0,0,FALSE
"chr3",32110329,32110595,173.08,38.01,0.219609429165704,FALSE
"chr3",33718319,33718530,49.45,1.09,0.0220424671385238,FALSE
"chr3",33798089,33798417,230.4,388.71,0.592729798564483,TRUE
"chr3",34016356,34016558,8.99,4.34,0.482758620689655,TRUE
"chr3",39982836,39983168,0,4.35,0,FALSE
"chr3",43185272,43186051,24.73,1.09,0.0440760210270926,FALSE
"chr3",43769953,43770393,21.35,14.12,0.66135831381733,TRUE
"chr3",45987818,45988120,7.86,23.89,0.32900795311846,TRUE
"chr3",46443157,46443423,10.12,0,0,FALSE
"chr3",46660862,46661149,49.46,111.83,0.442278458374318,TRUE
"chr3",46664841,46665048,39.35,72.76,0.540819131390874,TRUE
"chr3",46665728,46666060,56.2,188.94,0.297448925584842,TRUE
"chr3",46666630,46667020,79.8,38,0.476190476190476,TRUE
"chr3",47164221,47164508,334.93,525.51,0.637342771783601,TRUE
"chr3",50127013,50127592,32.59,160.71,0.202787629892353,FALSE
"chr3",50605129,50605362,32.6,499.45,0.0652717989788768,FALSE
"chr3",52240717,52241014,22.48,5.44,0.241992882562278,FALSE
"chr3",52246215,52246523,242.76,24.98,0.102899983522821,FALSE
"chr3",52432843,52433154,15.74,9.77,0.620711562897078,TRUE
"chr3",53145308,53145558,14.61,66.24,0.220561594202899,FALSE
"chr3",57029659,57030184,116.88,80.34,0.687371663244353,TRUE
"chr3",57039413,57039971,52.82,159.61,0.330931645886849,TRUE
"chr3",57041517,57041772,11.24,35.83,0.313703600334915,TRUE
"chr3",58040126,58040344,85.43,172.64,0.494844763670065,TRUE
"chr3",58051776,58051990,48.32,11.94,0.247102649006623,FALSE
"chr3",58052533,58052818,132.63,3.26,0.0245796576943376,FALSE
"chr3",58065696,58065914,24.73,11.95,0.483218762636474,TRUE
"chr3",58096892,58097165,129.24,112.92,0.87372330547818,TRUE
"chr3",58103036,58103272,33.72,74.92,0.450080085424453,TRUE
"chr3",58467231,58467539,89.91,5.44,0.0605049493938383,FALSE
"chr3",61706331,61706521,3.37,79.26,0.0425182942215493,FALSE
"chr3",61707609,61707808,10.11,8.69,0.859545004945598,TRUE
"chr3",61708084,61708503,42.7,92.3,0.462621885157096,TRUE
"chr3",61805474,61805785,8.99,4.34,0.482758620689655,TRUE
"chr3",61807264,61807542,213.54,314.86,0.678206186876707,TRUE
"chr3",61807770,61808174,134.87,565.69,0.238416800721243,FALSE
"chr3",61841369,61841662,44.95,117.27,0.383303487678008,TRUE
"chr3",61853566,61853972,25.85,21.72,0.840232108317215,TRUE
"chr3",62177121,62177648,64.05,123.78,0.517450315075133,TRUE
"chr3",63562049,63562642,8.99,21.72,0.41390423572744,TRUE
"chr3",63913621,63913811,397.86,68.41,0.17194490524305,FALSE
"chr3",63932829,63933232,592.29,233.44,0.394131253271202,TRUE
"chr3",64491405,64491729,301.2,33.66,0.111752988047809,FALSE
"chr3",64501537,64501720,5.61,7.6,0.738157894736842,TRUE
"chr3",64612853,64613664,118.02,112.94,0.956956448059651,TRUE
"chr3",65953401,65953634,34.84,11.95,0.342996555683123,TRUE
"chr3",66416046,66416333,4.49,86.86,0.0516923785401796,FALSE
"chr3",66475577,66475884,29.22,300.76,0.0971538768453252,FALSE
"chr3",66477180,66477440,43.83,40.17,0.916495550992471,TRUE
"chr3",66483354,66483663,64.08,62.97,0.982677902621723,TRUE
"chr3",71065178,71065361,68.55,55.37,0.807731582786287,TRUE
"chr3",71110951,71111241,3.37,38,0.0886842105263158,FALSE
"chr3",85262990,85263202,10.11,3.26,0.322453016815035,TRUE
"chr3",87367726,87368067,6.74,69.49,0.0969923730033098,FALSE
"chr3",96192995,96193227,0,19.54,0,FALSE
"chr3",100104145,100104459,5.62,46.69,0.120368387234954,FALSE
"chr3",100865079,100865304,28.09,48.86,0.5749079001228,TRUE
"chr3",100874859,100875051,1.12,7.61,0.147174770039422,FALSE
"chr3",107824040,107824264,7.86,84.69,0.0928090683669855,FALSE
"chr3",107824514,107824825,19.1,112.92,0.169146298264258,FALSE
"chr3",107825643,107825944,200.06,167.21,0.835799260221933,TRUE
"chr3",107826542,107826863,7.86,10.86,0.723756906077348,TRUE
"chr3",107940831,107941034,142.74,51.03,0.35750315258512,TRUE
"chr3",107986606,107986947,17.98,28.23,0.636911087495572,TRUE
"chr3",107999329,107999941,167.48,80.35,0.479758777167423,TRUE
"chr3",108000944,108001207,7.87,191.09,0.0411847820398765,FALSE
"chr3",108006171,108006488,17.98,99.89,0.179997997797577,FALSE
"chr3",120349484,120349686,414.73,207.38,0.500036168109372,TRUE
"chr3",120661242,120661595,0,16.29,0,FALSE
"chr3",122568450,122568674,21.35,147.66,0.144588920493025,FALSE
"chr3",123621943,123622300,241.63,128.12,0.530232173157307,TRUE
"chr3",123626981,123627239,17.98,47.77,0.376386853673854,TRUE
"chr3",123627749,123627995,42.71,143.32,0.298004465531677,TRUE
"chr3",124266541,124266855,0,35.83,0,FALSE
"chr3",125062760,125063457,174.2,120.53,0.691905855338691,TRUE
"chr3",125924791,125925046,51.7,23.88,0.461895551257253,TRUE
"chr3",126130189,126130401,37.09,16.29,0.43920194122405,TRUE
"chr3",126211784,126212066,17.98,1.09,0.060622914349277,FALSE
"chr3",127632405,127632622,92.16,3.26,0.0353732638888889,FALSE
"chr3",129369129,129369378,28.1,6.52,0.23202846975089,FALSE
"chr3",129878509,129878770,114.63,19.55,0.17054872197505,FALSE
"chr3",129971498,129971741,0,17.37,0,FALSE
"chr3",132029143,132029416,0,48.85,0,FALSE
"chr3",133019189,133019517,13.49,16.29,0.828115408225906,TRUE
"chr3",133428616,133428909,114.63,71.66,0.625141760446654,TRUE
"chr3",133448676,133449046,357.41,185.67,0.519487423407291,TRUE
"chr3",133452996,133453292,92.17,170.46,0.540713363839024,TRUE
"chr3",133456086,133456458,287.73,260.58,0.905640704827442,TRUE
"chr3",133456577,133457268,374.26,758.95,0.493128664602411,TRUE
"chr3",133461250,133461840,294.46,335.5,0.877675111773472,TRUE
"chr3",134327628,134327908,1.12,14.11,0.0793763288447909,FALSE
"chr3",140941476,140941654,0,231.26,0,FALSE
"chr3",141426924,141427188,29.21,21.72,0.7435809654228,TRUE
"chr3",146115708,146115948,0,5.43,0,FALSE
"chr3",146160538,146160734,89.91,32.57,0.362251140028918,TRUE
"chr3",148734383,148734583,0,1.09,0,FALSE
"chr3",149507671,149507981,38.21,318.14,0.120104356572578,FALSE
"chr3",150237554,150237909,232.64,856.69,0.271556805845755,FALSE
"chr3",150238269,150238721,898,1418.03,0.633272920883197,TRUE
"chr3",150240740,150241114,739.53,234.52,0.31712033318459,TRUE
"chr3",150278834,150279111,496.76,154.19,0.310391335856349,TRUE
"chr3",150722831,150723088,4.49,14.12,0.317988668555241,TRUE
"chr3",150737213,150737685,42.69,207.37,0.205863914741766,FALSE
"chr3",150756517,150756953,132.62,583.05,0.227459051539319,FALSE
"chr3",150844541,150844941,13.49,7.61,0.56412157153447,TRUE
"chr3",151085276,151085493,4.49,17.37,0.258491652274036,FALSE
"chr3",154090068,154090270,3.37,1.09,0.323442136498516,TRUE
"chr3",154218730,154219111,21.35,10.86,0.508665105386417,TRUE
"chr3",156542360,156542641,0,61.89,0,FALSE
"chr3",156637787,156638011,23.6,21.72,0.920338983050847,TRUE
"chr3",156812498,156812937,202.3,59.72,0.295205140879881,FALSE
"chr3",157500260,157500479,82.05,105.32,0.779054310672237,TRUE
"chr3",161272614,161272908,17.98,0,0,FALSE
"chr3",161339524,161340045,32.59,9.78,0.300092052776925,TRUE
"chr3",164302108,164302331,32.59,11.95,0.366676894752992,TRUE
"chr3",164380246,164380571,5.62,187.85,0.0299174873569337,FALSE
"chr3",164634809,164635258,0,0,0,FALSE
"chr3",165331618,165331896,1.12,0,0,FALSE
"chr3",165333297,165333508,0,4.35,0,FALSE
"chr3",168671192,168671447,33.72,13.04,0.386714116251483,TRUE
"chr3",168870814,168871103,8.99,24.97,0.360032038446135,TRUE
"chr3",169613416,169613740,13.48,30.41,0.443275238408418,TRUE
"chr3",169949018,169949264,24.73,346.36,0.0713996997343804,FALSE
"chr3",170049444,170049640,6.74,69.49,0.0969923730033098,FALSE
"chr3",170334823,170335145,2.25,1.09,0.484444444444444,TRUE
"chr3",172804502,172804766,5.62,0,0,FALSE
"chr3",175127119,175127469,3.37,11.94,0.282244556113903,FALSE
"chr3",175136714,175136944,13.49,0,0,FALSE
"chr3",175685851,175686108,7.87,1.09,0.138500635324015,FALSE
"chr3",176953696,176954199,153.98,34.75,0.225678659566177,FALSE
"chr3",182524753,182525308,2.25,13.04,0.172546012269939,FALSE
"chr3",182699837,182700188,32.59,7.6,0.233200368211108,FALSE
"chr3",183845737,183846043,77.55,26.06,0.336041263700838,TRUE
"chr3",184597949,184598199,41.58,39.08,0.93987493987494,TRUE
"chr3",185205996,185206282,1.12,348.53,0.00321349668608154,FALSE
"chr3",185211619,185211850,1.12,1.09,0.973214285714286,TRUE
"chr3",186772734,186773027,200.05,112.93,0.564508872781805,TRUE
"chr3",187928725,187929005,0,0,0,FALSE
"chr3",188175864,188176202,129.25,31.48,0.243558994197292,FALSE
"chr3",188283017,188283589,60.69,54.3,0.894710825506673,TRUE
"chr3",189099121,189099362,106.77,35.83,0.335581155755362,TRUE
"chr3",189173708,189174002,8.98,13.03,0.689178818112049,TRUE
"chr3",189311524,189311803,62.93,46.69,0.741935483870968,TRUE
"chr3",189322630,189322854,80.92,16.29,0.201309935739001,FALSE
"chr3",189458468,189458811,118.02,86.87,0.736061684460261,TRUE
"chr3",189641830,189642087,1.12,0,0,FALSE
"chr3",189772973,189773239,38.21,230.18,0.166000521331132,FALSE
"chr3",189842637,189843283,862.03,403.9,0.468545178242057,TRUE
"chr3",189944403,189944688,130.37,108.57,0.832783615862545,TRUE
"chr3",189944912,189945218,135.99,16.29,0.119788219722038,FALSE
"chr3",193207900,193208198,7.87,107.49,0.0732161131268025,FALSE
"chr3",193870404,193870760,25.85,496.19,0.0520969789798263,FALSE
"chr3",193872344,193872616,101.16,79.26,0.783511269276394,TRUE
"chr3",193878557,193878802,39.33,34.75,0.883549453343504,TRUE
"chr3",193879531,193880266,300.09,103.14,0.34369689093272,TRUE
"chr3",193921421,193921848,221.42,104.22,0.470689187968567,TRUE
"chr3",194158970,194159354,1474.56,257.34,0.174519856770833,FALSE
"chr3",194168319,194168750,74.18,20.64,0.278242113777298,FALSE
"chr3",194270573,194270903,833.93,260.58,0.312472269854784,TRUE
"chr3",194323930,194324335,209.05,166.12,0.79464243004066,TRUE
"chr3",194494370,194494560,8.99,53.2,0.168984962406015,FALSE
"chr3",194495092,194495312,39.34,148.75,0.264470588235294,FALSE
"chr3",194875843,194876097,8.99,6.51,0.724137931034483,TRUE
"chr3",196147101,196147502,824.94,32.58,0.0394937813659175,FALSE
"chr3",196287318,196287654,469.78,1081.43,0.43440629536817,TRUE
"chr3",196754916,196755213,34.84,20.63,0.592135476463835,TRUE
"chr3",197352371,197352601,10.12,26.06,0.388334612432847,TRUE
"chr3",197353108,197353521,32.58,43.44,0.75,TRUE
"chr4",997821,998095,275.35,216.05,0.784637733793354,TRUE
"chr4",1245455,1245808,2.25,2.18,0.968888888888889,TRUE
"chr4",1813274,1813460,0,15.2,0,FALSE
"chr4",1826029,1826222,28.1,13.03,0.463701067615658,TRUE
"chr4",2363990,2364214,8.99,1.09,0.121245828698554,FALSE
"chr4",2419343,2419841,519.25,79.25,0.152623976889745,FALSE
"chr4",2422614,2422876,3.37,0,0,FALSE
"chr4",2937155,2937399,76.43,138.98,0.549935242480933,TRUE
"chr4",3111538,3111791,3.37,58.62,0.0574889116342545,FALSE
"chr4",3461014,3461905,737.28,461.47,0.625908745659722,TRUE
"chr4",3463213,3463669,67.43,14.11,0.20925404122794,FALSE
"chr4",3484915,3485213,5.61,21.71,0.258406264394288,FALSE
"chr4",3827547,3827850,65.19,14.12,0.21659763767449,FALSE
"chr4",3954806,3955280,488.88,903.36,0.541179596174283,TRUE
"chr4",3955533,3955811,156.22,2.18,0.0139546792984253,FALSE
"chr4",6110423,6110724,16.86,2.18,0.129300118623962,FALSE
"chr4",6280308,6280632,52.82,29.32,0.55509276789095,TRUE
"chr4",6415306,6415754,170.82,94.46,0.552979744760567,TRUE
"chr4",6633246,6633576,280.97,187.84,0.668541125387052,TRUE
"chr4",6750957,6751335,43.83,47.77,0.917521456981369,TRUE
"chr4",6917798,6917996,184.32,1.09,0.00591362847222222,FALSE
"chr4",7772687,7773133,80.92,141.15,0.573290825363089,TRUE
"chr4",8010132,8010353,37.09,19.55,0.527096252359126,TRUE
"chr4",8200862,8201141,32.6,1.09,0.0334355828220859,FALSE
"chr4",10656137,10656707,111.27,19.56,0.175788622270154,FALSE
"chr4",12734632,12735259,57.33,160.69,0.356773912502334,TRUE
"chr4",15963002,15963254,0,4.35,0,FALSE
"chr4",16002487,16002856,25.85,2.17,0.0839458413926499,FALSE
"chr4",27168609,27168872,6.74,86.86,0.0775961317061939,FALSE
"chr4",28314021,28314254,4.49,19.55,0.229667519181586,FALSE
"chr4",28314409,28314597,0,8.69,0,FALSE
"chr4",30721644,30721835,42.71,16.29,0.381409505970499,TRUE
"chr4",31992019,31992320,35.96,45.6,0.78859649122807,TRUE
"chr4",37480708,37481024,149.48,21.72,0.145303719561145,FALSE
"chr4",37891626,37891832,347.29,68.42,0.197011143424803,FALSE
"chr4",37965551,37965799,15.73,1.09,0.0692943420216147,FALSE
"chr4",39515024,39515220,0,24.96,0,FALSE
"chr4",39539441,39539737,268.61,119.44,0.444659543576188,TRUE
"chr4",40200902,40201082,37.09,2.18,0.058775950390941,FALSE
"chr4",40322921,40323193,39.33,15.2,0.386473429951691,TRUE
"chr4",40363410,40364051,191.06,698.16,0.273662197777014,FALSE
"chr4",40548369,40548710,1.12,17.38,0.0644418872266974,FALSE
"chr4",40551032,40551292,8.99,9.78,0.919222903885481,TRUE
"chr4",41505209,41505462,4.5,0,0,FALSE
"chr4",48853045,48853398,14.61,13.03,0.891854893908282,TRUE
"chr4",48954739,48955051,12.36,6.52,0.527508090614887,TRUE
"chr4",52841004,52841182,0,3.26,0,FALSE
"chr4",54841444,54841701,772.13,226.92,0.29388833486589,FALSE
"chr4",54842303,54842773,48.32,51.03,0.946893983931021,TRUE
"chr4",54843478,54843780,133.74,64.07,0.479063855241513,TRUE
"chr4",55346979,55347190,29.22,20.63,0.706023271731691,TRUE
"chr4",67922785,67923012,1.12,0,0,FALSE
"chr4",67928670,67929014,3.37,6.51,0.517665130568356,TRUE
"chr4",67929975,67930272,4.5,17.37,0.259067357512953,FALSE
"chr4",76562274,76562493,2.25,58.63,0.038376257888453,FALSE
"chr4",76563527,76563787,71.94,10.86,0.150959132610509,FALSE
"chr4",76569231,76569552,24.72,35.83,0.689924644152944,TRUE
"chr4",76570083,76570523,153.97,199.78,0.770697767544299,TRUE
"chr4",76572213,76572502,143.86,8.69,0.0604059502293897,FALSE
"chr4",76611544,76611880,149.47,221.5,0.674808126410835,TRUE
"chr4",76768077,76768271,19.11,1.09,0.0570381998953428,FALSE
"chr4",78310725,78311068,40.47,23.89,0.590313812700766,TRUE
"chr4",83651569,83651784,13.49,8.69,0.644180874722016,TRUE
"chr4",85489349,85489643,79.8,156.35,0.510393348257115,TRUE
"chr4",85490063,85490259,28.1,8.69,0.309252669039146,TRUE
"chr4",86934553,86934910,16.86,586.33,0.028755137891631,FALSE
"chr4",87089427,87089622,70.8,11.94,0.16864406779661,FALSE
"chr4",87120913,87121433,248.4,260.59,0.953221535745808,TRUE
"chr4",88084443,88084754,40.47,339.85,0.119081947918199,FALSE
"chr4",88158951,88159180,17.99,55.37,0.324905183312263,TRUE
"chr4",88242142,88242919,44.95,38,0.845383759733037,TRUE
"chr4",88335002,88335276,40.46,49.95,0.81001001001001,TRUE
"chr4",89701281,89701548,1.12,0,0,FALSE
"chr4",92483427,92483749,43.83,7.6,0.173397216518366,FALSE
"chr4",100778570,100778773,6.74,84.7,0.0795749704840614,FALSE
"chr4",100779676,100779950,8.99,1.09,0.121245828698554,FALSE
"chr4",100780168,100780497,1.12,8.68,0.129032258064516,FALSE
"chr4",101397080,101397514,15.73,261.67,0.0601138838995682,FALSE
"chr4",104896760,104896974,19.11,1.09,0.0570381998953428,FALSE
"chr4",106062440,106062832,2.25,6.52,0.345092024539877,TRUE
"chr4",114318340,114318552,3.37,11.94,0.282244556113903,FALSE
"chr4",124977714,124977925,0,11.94,0,FALSE
"chr4",128254798,128255088,53.94,10.86,0.201334816462736,FALSE
"chr4",128255521,128255790,20.23,0,0,FALSE
"chr4",128804807,128805060,19.1,7.6,0.397905759162304,TRUE
"chr4",132540462,132540937,1.12,4.35,0.257471264367816,FALSE
"chr4",139677059,139677497,40.47,14.12,0.348900420064245,TRUE
"chr4",139842015,139842345,23.6,41.26,0.571982549684925,TRUE
"chr4",139849369,139849608,107.89,89.03,0.82519232551673,TRUE
"chr4",139851181,139851396,46.09,93.38,0.493574641250803,TRUE
"chr4",139875440,139875756,21.34,24.98,0.854283426741393,TRUE
"chr4",140250148,140250518,491.15,70.58,0.143703552886084,FALSE
"chr4",140252685,140253231,68.57,163.96,0.418211758965601,TRUE
"chr4",140726840,140727070,4.49,31.49,0.142584947602413,FALSE
"chr4",142615355,142615618,33.71,0,0,FALSE
"chr4",157146302,157146505,0,5.43,0,FALSE
"chr4",158805612,158805899,38.2,33.66,0.881151832460733,TRUE
"chr4",159504743,159504939,16.86,24.98,0.674939951961569,TRUE
"chr4",163385641,163385866,2.25,8.69,0.25891829689298,FALSE
"chr4",163447516,163447707,8.99,0,0,FALSE
"chr4",163448524,163448779,22.48,7.6,0.338078291814947,TRUE
"chr4",168501205,168501590,12.37,91.21,0.13562109417827,FALSE
"chr4",168677203,168677398,89.91,33.67,0.374485596707819,TRUE
"chr4",168691678,168692323,115.76,65.15,0.562802349689012,TRUE
"chr4",183797837,183798094,15.73,41.25,0.381333333333333,TRUE
"chr4",185513838,185514113,10.11,14.12,0.71600566572238,TRUE
"chr5",301715,302917,46.07,99.9,0.461161161161161,TRUE
"chr5",429789,430016,6.74,49.96,0.134907926341073,FALSE
"chr5",4028865,4029071,1.12,0,0,FALSE
"chr5",6495861,6496266,930.6,107.5,0.11551687083602,FALSE
"chr5",6509734,6509993,2.25,16.29,0.138121546961326,FALSE
"chr5",6519001,6519242,5.62,18.46,0.304442036836403,TRUE
"chr5",16569420,16569607,40.46,39.08,0.965892239248641,TRUE
"chr5",16588375,16589156,177.56,206.29,0.860730040234621,TRUE
"chr5",16590122,16590420,13.48,13.03,0.966617210682493,TRUE
"chr5",16626528,16626969,28.1,52.12,0.539140445126631,TRUE
"chr5",16628437,16628704,20.23,4.35,0.215027187345526,FALSE
"chr5",17212413,17212611,2.25,5.43,0.414364640883978,TRUE
"chr5",19734775,19735344,58.44,35.83,0.613107460643395,TRUE
"chr5",32249665,32249844,12.36,6.52,0.527508090614887,TRUE
"chr5",32329771,32329977,29.22,123.78,0.236063984488609,FALSE
"chr5",33550020,33550368,38.2,98.81,0.38660054650339,TRUE
"chr5",36731909,36732087,11.24,94.47,0.118979570233937,FALSE
"chr5",36732230,36732555,88.79,17.37,0.195630138529114,FALSE
"chr5",38831191,38831423,41.58,9.77,0.234968734968735,FALSE
"chr5",44539631,44539814,8.99,4.34,0.482758620689655,TRUE
"chr5",53479922,53480119,96.66,52.11,0.539106145251397,TRUE
"chr5",53482430,53482722,68.55,58.63,0.85528811086798,TRUE
"chr5",54822118,54822357,5.61,23.89,0.234826287149435,FALSE
"chr5",56029920,56030221,12.37,70.58,0.17526211391329,FALSE
"chr5",56429106,56429515,25.85,58.63,0.440900562851782,TRUE
"chr5",56460584,56460854,254.01,188.92,0.743750246053305,TRUE
"chr5",56534755,56534967,5.62,15.2,0.369736842105263,TRUE
"chr5",56668876,56669704,87.67,165.04,0.531204556471158,TRUE
"chr5",58127100,58127312,0,17.37,0,FALSE
"chr5",59380378,59381364,130.38,15.21,0.116658996778647,FALSE
"chr5",60355090,60355408,26.97,13.04,0.483500185391175,TRUE
"chr5",61333751,61334021,185.45,112.93,0.608951199784309,TRUE
"chr5",61621054,61621357,25.84,0,0,FALSE
"chr5",66680733,66681002,14.61,3.26,0.223134839151266,FALSE
"chr5",67215110,67215381,215.78,685.12,0.314952125175152,TRUE
"chr5",67215722,67216067,930.58,415.86,0.446882589352877,TRUE
"chr5",67234761,67235097,274.24,331.16,0.82811933808431,TRUE
"chr5",67235704,67236128,273.11,176.98,0.648017282413679,TRUE
"chr5",67236826,67237124,369.78,56.47,0.152712423603224,FALSE
"chr5",67619759,67619955,8.99,2.17,0.241379310344828,FALSE
"chr5",68027177,68027378,11.24,2.18,0.193950177935943,FALSE
"chr5",68545636,68545902,7.87,9.77,0.805527123848516,TRUE
"chr5",69329938,69330352,66.31,345.28,0.19204703429101,FALSE
"chr5",69332810,69333026,173.08,26.06,0.150566212156228,FALSE
"chr5",71631359,71631605,3.37,42.35,0.0795749704840614,FALSE
"chr5",71680346,71680786,13.49,20.63,0.65390208434319,TRUE
"chr5",72835845,72836109,55.07,1.09,0.0197929907390594,FALSE
"chr5",73513703,73513988,5.62,72.75,0.0772508591065292,FALSE
"chr5",73630315,73630709,33.72,90.12,0.374167776298269,TRUE
"chr5",77167161,77167584,50.57,19.55,0.386592841605695,TRUE
"chr5",77168079,77168452,73.06,123.78,0.59024074971724,TRUE
"chr5",77775264,77775609,373.13,343.11,0.919545466727414,TRUE
"chr5",77861657,77861936,2.25,6.51,0.345622119815668,TRUE
"chr5",79193795,79194012,33.73,3.26,0.0966498665876075,FALSE
"chr5",83473081,83473323,157.35,84.68,0.538163330155704,TRUE
"chr5",87950912,87951469,12.35,33.67,0.366795366795367,TRUE
"chr5",87951648,87951844,9,4.34,0.482222222222222,TRUE
"chr5",91939168,91939415,2.25,1.09,0.484444444444444,TRUE
"chr5",93193869,93194289,10.11,0,0,FALSE
"chr5",95727848,95728038,4.49,99.89,0.0449494443888277,FALSE
"chr5",95728674,95728986,80.92,29.3,0.362086010874938,TRUE
"chr5",99602032,99602352,7.86,6.52,0.829516539440203,TRUE
"chr5",100647609,100647893,16.86,121.61,0.138639914480717,FALSE
"chr5",103007037,103007268,6.74,3.26,0.483679525222552,TRUE
"chr5",106241490,106241973,111.26,5.43,0.0488046018335431,FALSE
"chr5",106245307,106245570,1.12,8.69,0.128883774453395,FALSE
"chr5",107557493,107557695,40.46,3.26,0.0805734058329214,FALSE
"chr5",107571729,107572006,96.64,281.22,0.343645544413626,TRUE
"chr5",116858670,116859222,3.37,43.43,0.0775961317061939,FALSE
"chr5",117487096,117487402,41.57,2.17,0.052201106567236,FALSE
"chr5",118009901,118010246,44.97,47.78,0.94118878191712,TRUE
"chr5",118139583,118139814,13.49,0,0,FALSE
"chr5",118775857,118776151,22.47,1.09,0.0485091232754784,FALSE
"chr5",119564210,119564472,0,96.63,0,FALSE
"chr5",119564777,119565052,47.2,33.66,0.713135593220339,TRUE
"chr5",119570354,119570703,21.35,26.07,0.818948983505946,TRUE
"chr5",122849254,122849547,155.11,22.81,0.147056927341886,FALSE
"chr5",122852705,122853008,61.81,1.09,0.0176346869438602,FALSE
"chr5",122869228,122869615,5.61,17.38,0.322784810126582,TRUE
"chr5",125408607,125408824,62.94,32.57,0.517476962186209,TRUE
"chr5",125409994,125410406,175.33,378.93,0.462697595862033,TRUE
"chr5",127517155,127517338,28.09,6.51,0.231755072979708,FALSE
"chr5",129241750,129241971,2.25,0,0,FALSE
"chr5",132277906,132278122,19.11,86.87,0.219983883964545,FALSE
"chr5",132371197,132371423,246.14,195.44,0.794019663606078,TRUE
"chr5",132378638,132378972,306.82,95.55,0.311420376768138,TRUE
"chr5",132380974,132381197,166.34,21.71,0.130515810989539,FALSE
"chr5",133049703,133050017,17.98,24.98,0.719775820656525,TRUE
"chr5",133249326,133249994,86.54,121.61,0.711619110270537,TRUE
"chr5",134037265,134037527,0,488.6,0,FALSE
"chr5",134466430,134466742,590.05,64.06,0.108567070587238,FALSE
"chr5",134968179,134968556,57.32,77.1,0.743450064850843,TRUE
"chr5",135046770,135047024,0,654.72,0,FALSE
"chr5",135047544,135047808,13.49,30.41,0.443604077606051,TRUE
"chr5",135722733,135722915,4.49,3.26,0.726057906458797,TRUE
"chr5",136772947,136773354,53.95,42.34,0.784800741427247,TRUE
"chr5",137815562,137815835,11.24,96.65,0.116295913088464,FALSE
"chr5",137888746,137888994,19.1,15.21,0.796335078534031,TRUE
"chr5",139637206,139637575,49.46,243.21,0.203363348546524,FALSE
"chr5",139638203,139638597,74.19,482.08,0.153895618984401,FALSE
"chr5",139643470,139643714,85.4,23.89,0.279742388758782,FALSE
"chr5",139644231,139644444,127.01,20.63,0.162428155263365,FALSE
"chr5",139658286,139658549,57.32,15.2,0.265177948360084,FALSE
"chr5",139660822,139661068,58.44,9.77,0.167180013689254,FALSE
"chr5",139708872,139709565,187.69,397.39,0.472306801882282,TRUE
"chr5",142239654,142239890,23.59,11.94,0.506146672318779,TRUE
"chr5",142281083,142281374,61.82,6.52,0.105467486250404,FALSE
"chr5",145946009,145946277,8.99,6.52,0.725250278086763,TRUE
"chr5",145982019,145982199,19.11,45.61,0.418987064240298,TRUE
"chr5",148305958,148306196,11.24,9.77,0.869217081850534,TRUE
"chr5",149810348,149810743,8.99,40.17,0.223798854866816,FALSE
"chr5",149878110,149878421,1.12,18.46,0.0606717226435536,FALSE
"chr5",152288888,152289108,1.12,0,0,FALSE
"chr5",155068675,155069060,138.24,26.06,0.188512731481481,FALSE
"chr5",155290797,155291211,42.7,21.72,0.508665105386417,TRUE
"chr5",157913014,157913225,3.37,27.14,0.124170965364775,FALSE
"chr5",160169928,160170215,5.61,32.57,0.172244396684065,FALSE
"chr5",160286940,160287225,2.24,40.18,0.0557491289198606,FALSE
"chr5",160287584,160287896,11.24,74.92,0.150026695141484,FALSE
"chr5",168316292,168316713,142.73,254.07,0.561774314165387,TRUE
"chr5",168351950,168352158,8.99,3.26,0.362625139043382,TRUE
"chr5",170746881,170747085,96.65,27.15,0.280910501810657,FALSE
"chr5",170749849,170750153,39.33,132.47,0.296897410734506,FALSE
"chr5",172235620,172235880,1.12,19.55,0.0572890025575448,FALSE
"chr5",172688919,172689121,26.98,179.14,0.150608462654907,FALSE
"chr5",173329770,173330024,116.88,24.97,0.213637919233402,FALSE
"chr5",173453264,173453545,26.97,77.09,0.349850823712544,TRUE
"chr5",173472644,173473113,26.98,83.6,0.322727272727273,TRUE
"chr5",173535532,173535808,8.99,11.95,0.752301255230126,TRUE
"chr5",173590994,173591344,29.21,216.07,0.135187670662285,FALSE
"chr5",174461333,174461605,73.06,28.23,0.38639474404599,TRUE
"chr5",174461832,174462033,13.48,54.29,0.24829618714312,FALSE
"chr5",174482474,174482743,83.16,109.67,0.75827482447342,TRUE
"chr5",174483389,174483744,33.72,161.79,0.208418320044502,FALSE
"chr5",174491595,174491794,1.12,1.09,0.973214285714286,TRUE
"chr5",174503569,174503849,60.7,9.78,0.161120263591433,FALSE
"chr5",177023455,177023869,77.56,64.06,0.825941206807633,TRUE
"chr5",177311566,177311762,42.71,16.29,0.381409505970499,TRUE
"chr6",608195,608423,74.19,173.72,0.427066543863689,TRUE
"chr6",617554,617863,59.57,33.66,0.565049521571261,TRUE
"chr6",643123,643328,1.12,23.88,0.0469011725293132,FALSE
"chr6",672843,673152,52.82,98.81,0.534561279222751,TRUE
"chr6",681081,681354,20.23,47.77,0.423487544483986,TRUE
"chr6",1641280,1641641,188.82,109.68,0.580870670479822,TRUE
"chr6",3226662,3226917,74.18,42.34,0.57077379347533,TRUE
"chr6",3718239,3718516,51.71,20.64,0.399149100754206,TRUE
"chr6",3748312,3748615,24.73,17.37,0.702385766275778,TRUE
"chr6",4475872,4476106,3.37,13.03,0.25863392171911,FALSE
"chr6",6703763,6704159,2.24,4.34,0.516129032258065,TRUE
"chr6",6860483,6860702,12.36,29.32,0.421555252387449,TRUE
"chr6",6861053,6861277,11.23,0,0,FALSE
"chr6",7062489,7062704,24.73,34.75,0.711654676258993,TRUE
"chr6",7198064,7198454,315.82,49.94,0.158128047622063,FALSE
"chr6",9496971,9497217,2.25,0,0,FALSE
"chr6",11046786,11047179,345.04,39.09,0.11329121261303,FALSE
"chr6",11053485,11053884,401.23,5.44,0.013558308202278,FALSE
"chr6",11067339,11067782,115.76,367,0.315422343324251,TRUE
"chr6",11390023,11390228,0,6.52,0,FALSE
"chr6",12288287,12288470,19.11,35.83,0.533351939715322,TRUE
"chr6",12844344,12844659,1.12,94.46,0.0118568706330722,FALSE
"chr6",13148924,13149180,0,4.34,0,FALSE
"chr6",15036700,15037209,815.93,150.93,0.184979103599574,FALSE
"chr6",15090131,15090374,196.67,10.86,0.0552194030609651,FALSE
"chr6",15221738,15222259,211.28,60.82,0.287864445285877,FALSE
"chr6",15251399,15251681,132.61,387.63,0.342104584268503,TRUE
"chr6",15504615,15504857,16.86,45.6,0.369736842105263,TRUE
"chr6",17389301,17389676,78.67,125.94,0.624662537716373,TRUE
"chr6",17393783,17394149,138.24,78.18,0.565538194444444,TRUE
"chr6",17473001,17473641,52.82,20.63,0.390571753123817,TRUE
"chr6",18457028,18457360,71.94,44.51,0.618710036141229,TRUE
"chr6",19026255,19026496,23.6,4.34,0.183898305084746,FALSE
"chr6",20200762,20201032,124.75,89.03,0.713667334669339,TRUE
"chr6",20210208,20210639,113.51,700.32,0.1620830477496,FALSE
"chr6",21738568,21739160,91.03,70.58,0.775348786114468,TRUE
"chr6",23074408,23074657,0,1.09,0,FALSE
"chr6",26295952,26296241,38.21,27.15,0.710546977231091,TRUE
"chr6",26296423,26296639,130.37,17.38,0.133312878729769,FALSE
"chr6",30751536,30751884,22.48,83.6,0.268899521531101,FALSE
"chr6",31810377,31810836,35.97,11.95,0.332221295524048,TRUE
"chr6",33717295,33717584,8.99,65.15,0.137989255564083,FALSE
"chr6",33816907,33817153,1.12,4.35,0.257471264367816,FALSE
"chr6",33896963,33897194,1.12,13.04,0.0858895705521473,FALSE
"chr6",36118458,36118741,30.35,28.24,0.930477759472817,TRUE
"chr6",36122105,36122740,250.63,20.63,0.0823125723177592,FALSE
"chr6",37059532,37059755,21.36,22.79,0.937253181219833,TRUE
"chr6",37102369,37102589,20.22,55.39,0.365047842570861,TRUE
"chr6",37103334,37103547,34.85,32.57,0.934576757532281,TRUE
"chr6",38248905,38249128,4.49,26.06,0.172294704528012,FALSE
"chr6",38261657,38261975,29.22,13.04,0.446269678302533,TRUE
"chr6",38437084,38437335,23.6,1.09,0.0461864406779661,FALSE
"chr6",38755472,38755668,5.62,0,0,FALSE
"chr6",38792410,38792626,1.12,7.6,0.147368421052632,FALSE
"chr6",39266822,39267099,273.1,208.46,0.763310142804833,TRUE
"chr6",39269948,39270256,31.47,418.02,0.0752834792593656,FALSE
"chr6",39274763,39275142,29.22,84.7,0.344982290436836,TRUE
"chr6",39824212,39824543,5.62,10.86,0.517495395948435,TRUE
"chr6",39934225,39934405,3.37,81.43,0.0413852388554587,FALSE
"chr6",42075342,42075707,16.86,17.37,0.970639032815198,TRUE
"chr6",42122775,42123010,186.58,67.32,0.360810376246114,TRUE
"chr6",42226894,42227096,11.24,71.67,0.15682991488768,FALSE
"chr6",43335171,43335639,0,108.59,0,FALSE
"chr6",43714394,43714663,1.12,49.95,0.0224224224224224,FALSE
"chr6",43951702,43951977,0,5.44,0,FALSE
"chr6",44223754,44224016,35.96,145.49,0.247164753591312,FALSE
"chr6",44238071,44238375,133.74,21.71,0.162329893823837,FALSE
"chr6",44661324,44661986,218.03,441.91,0.493381005182051,TRUE
"chr6",45507365,45507588,0,1.09,0,FALSE
"chr6",45554767,45554959,35.97,1.09,0.0303030303030303,FALSE
"chr6",49542133,49542360,17.98,49.95,0.35995995995996,TRUE
"chr6",53464918,53465285,92.16,47.77,0.518337673611111,TRUE
"chr6",53465772,53466041,310.2,634.1,0.489197287494086,TRUE
"chr6",53469131,53469421,15.74,2.17,0.137865311308767,FALSE
"chr6",56728631,56728857,1.12,41.26,0.0271449345613185,FALSE
"chr6",73028397,73028696,6.74,7.61,0.885676741130092,TRUE
"chr6",73520123,73520353,66.31,1051.03,0.0630904921838577,FALSE
"chr6",73520652,73521296,40.46,6998.88,0.00578092494799168,FALSE
"chr6",74969338,74970276,383.23,486.42,0.787858229513589,TRUE
"chr6",74971646,74971933,85.42,2.17,0.0254038866775931,FALSE
"chr6",82567721,82568066,149.47,147.66,0.987890546597979,TRUE
"chr6",82570012,82570404,336.05,209.55,0.623567921440262,TRUE
"chr6",82570635,82570922,246.13,137.9,0.560273026449437,TRUE
"chr6",86777795,86778402,29.22,32.58,0.896869244935543,TRUE
"chr6",90669903,90670137,16.86,1.09,0.064650059311981,FALSE
"chr6",105628543,105628774,0,6.52,0,FALSE
"chr6",108589223,108589424,4.49,3.26,0.726057906458797,TRUE
"chr6",108707577,108707856,8.99,0,0,FALSE
"chr6",110554901,110555296,22.47,1.09,0.0485091232754784,FALSE
"chr6",111592762,111592992,37.09,83.61,0.443607224016266,TRUE
"chr6",112038965,112039218,17.99,57.54,0.312652068126521,TRUE
"chr6",119683097,119683321,0,8.69,0,FALSE
"chr6",120141715,120141899,0,0,0,FALSE
"chr6",122620892,122621212,37.09,206.29,0.179795433612875,FALSE
"chr6",122622724,122623137,543.96,32.59,0.0599124935657034,FALSE
"chr6",122694633,122694910,12.35,3.26,0.263967611336032,FALSE
"chr6",122696910,122697181,6.74,22.81,0.295484436650592,FALSE
"chr6",125154838,125155184,830.56,560.25,0.67454488537854,TRUE
"chr6",125197852,125198236,289.97,515.74,0.562240663900415,TRUE
"chr6",125202233,125202575,209.05,68.4,0.327194451088256,TRUE
"chr6",125205133,125205456,391.11,27.15,0.0694178108460535,FALSE
"chr6",125584625,125585069,20.22,60.81,0.332511100148002,TRUE
"chr6",125585452,125585730,3.37,4.35,0.774712643678161,TRUE
"chr6",133891199,133891435,16.86,59.72,0.28231748158071,FALSE
"chr6",133891667,133891888,6.74,16.29,0.413750767341928,TRUE
"chr6",134117292,134117578,68.56,5.43,0.0792007001166861,FALSE
"chr6",134529904,134530240,19.1,3.26,0.170680628272251,FALSE
"chr6",135182515,135182719,234.89,61.89,0.263485035548555,FALSE
"chr6",135211231,135211623,111.27,141.16,0.788254463020686,TRUE
"chr6",138107446,138107679,149.47,496.2,0.301229343006852,TRUE
"chr6",138582433,138582929,47.21,109.67,0.430473237895505,TRUE
"chr6",139436801,139437088,12.36,18.45,0.669918699186992,TRUE
"chr6",139512639,139512818,2.25,1.09,0.484444444444444,TRUE
"chr6",139531159,139531516,106.77,70.58,0.661047110611595,TRUE
"chr6",139549735,139549959,68.55,98.8,0.693825910931174,TRUE
"chr6",139569297,139569566,2.24,11.95,0.18744769874477,FALSE
"chr6",139588097,139588731,91.03,70.58,0.775348786114468,TRUE
"chr6",139880012,139880381,5.61,27.15,0.206629834254144,FALSE
"chr6",145187482,145187719,1.12,36.92,0.0303358613217768,FALSE
"chr6",148633668,148634202,260.75,29.32,0.112444870565676,FALSE
"chr6",148770825,148771154,66.31,11.94,0.180063338862917,FALSE
"chr6",148838022,148838351,14.61,0,0,FALSE
"chr6",149080201,149080524,288.84,73.84,0.255643262705996,FALSE
"chr6",149717603,149717787,65.19,55.38,0.849516797054763,TRUE
"chr6",151616144,151616477,12.37,8.68,0.701697655618432,TRUE
"chr6",151658096,151658421,35.96,87.95,0.408868675383741,TRUE
"chr6",154167620,154167850,33.71,4.34,0.128745179471967,FALSE
"chr6",154293156,154293459,26.98,0,0,FALSE
"chr6",154450226,154450752,5.62,58.64,0.0958390177353343,FALSE
"chr6",156827327,156827708,79.8,96.64,0.825745033112583,TRUE
"chr6",158039606,158039997,69.69,178.07,0.391362947155613,TRUE
"chr6",158040495,158040696,56.21,1.09,0.0193915673367728,FALSE
"chr6",158049280,158049756,20.23,42.34,0.477798771846953,TRUE
"chr6",158061091,158061297,5.61,0,0,FALSE
"chr6",158799271,158799503,1.12,81.44,0.0137524557956778,FALSE
"chr6",158835057,158835377,2.24,26.06,0.0859554873369148,FALSE
"chr6",166628016,166628217,127,28.23,0.222283464566929,FALSE
"chr6",167522067,167522283,80.92,2.17,0.0268166089965398,FALSE
"chr6",167751080,167751298,44.96,19.55,0.434830960854093,TRUE
"chr6",168390766,168391069,29.21,2.17,0.0742896268401232,FALSE
"chr7",2440949,2441196,41.59,30.41,0.731185381101226,TRUE
"chr7",2539561,2539767,2.24,4.35,0.514942528735632,TRUE
"chr7",2687557,2687792,42.7,116.19,0.367501506153714,TRUE
"chr7",2689161,2689452,292.21,234.54,0.802641935594264,TRUE
"chr7",2811116,2811420,55.06,15.2,0.276062477297494,FALSE
"chr7",4683195,4684096,166.33,500.55,0.332294476076316,TRUE
"chr7",10663361,10663596,0,14.12,0,FALSE
"chr7",12634698,12634915,17.99,0,0,FALSE
"chr7",16421525,16421706,44.95,228,0.197149122807018,FALSE
"chr7",16880561,16880876,310.19,58.63,0.189013185466972,FALSE
"chr7",17618531,17618958,22.48,46.69,0.481473548939816,TRUE
"chr7",17619335,17619757,59.56,21.72,0.364674278038952,TRUE
"chr7",20220912,20221244,33.72,13.03,0.386417556346382,TRUE
"chr7",21713306,21713597,1.12,0,0,FALSE
"chr7",24713266,24713748,39.34,3.26,0.0828673106253177,FALSE
"chr7",26363867,26364151,88.78,56.46,0.635954043703537,TRUE
"chr7",26653048,26653397,1.12,36.92,0.0303358613217768,FALSE
"chr7",27737618,27737959,26.98,73.83,0.365434105377218,TRUE
"chr7",30765113,30765311,4.5,5.43,0.828729281767956,TRUE
"chr7",32680668,32680921,19.11,94.47,0.202286440139727,FALSE
"chr7",33832862,33833247,23.6,7.6,0.322033898305085,TRUE
"chr7",33846135,33846591,42.7,21.73,0.508899297423888,TRUE
"chr7",33848344,33848608,55.07,26.06,0.47321590702742,TRUE
"chr7",34037010,34037326,35.97,6.52,0.181262162913539,FALSE
"chr7",34069657,34069920,8.99,6.52,0.725250278086763,TRUE
"chr7",34491098,34491393,0,23.89,0,FALSE
"chr7",34748299,34748591,38.22,38.01,0.994505494505495,TRUE
"chr7",35025269,35025581,1.12,92.3,0.0121343445287107,FALSE
"chr7",35025711,35026075,197.81,92.28,0.466508265507305,TRUE
"chr7",35289372,35289966,4.49,35.84,0.125279017857143,FALSE
"chr7",36084912,36085176,73.05,84.69,0.862557562876373,TRUE
"chr7",36272864,36273236,2.25,17.37,0.129533678756477,FALSE
"chr7",37978427,37978659,22.48,118.34,0.189961128950482,FALSE
"chr7",39624039,39624219,30.36,28.23,0.929841897233202,TRUE
"chr7",42400451,42400717,11.24,17.37,0.647092688543466,TRUE
"chr7",43808592,43808787,26.98,26.05,0.965530022238695,TRUE
"chr7",44153505,44153840,1.12,1.09,0.973214285714286,TRUE
"chr7",44225138,44225366,7.87,10.86,0.724677716390424,TRUE
"chr7",45073986,45074199,20.23,1.09,0.0538803756796836,FALSE
"chr7",45348166,45348368,0,1.09,0,FALSE
"chr7",45414281,45414463,6.74,0,0,FALSE
"chr7",45543527,45543819,2.25,20.63,0.109064469219583,FALSE
"chr7",45544400,45544615,3.37,9.77,0.344933469805527,TRUE
"chr7",47380051,47380253,50.58,24.98,0.493871095294583,TRUE
"chr7",47406042,47406277,23.6,7.6,0.322033898305085,TRUE
"chr7",47470708,47470886,61.82,41.26,0.667421546425105,TRUE
"chr7",47475506,47476049,139.37,1016.29,0.137136053685464,FALSE
"chr7",47477458,47477813,135.99,15.2,0.111772924479741,FALSE
"chr7",47744092,47744482,68.56,163.95,0.418176273254041,TRUE
"chr7",51350610,51350865,0,24.97,0,FALSE
"chr7",55177598,55177961,46.08,73.84,0.624052004333694,TRUE
"chr7",55178816,55179042,17.98,4.35,0.241935483870968,FALSE
"chr7",55234796,55235084,1.12,4.35,0.257471264367816,FALSE
"chr7",55964777,55965103,46.07,360.47,0.127805365217633,FALSE
"chr7",64599307,64600384,12.35,4.35,0.352226720647773,TRUE
"chr7",64639392,64639899,8.98,9.77,0.91914022517912,TRUE
"chr7",66013869,66014198,12.36,36.91,0.334868599295584,TRUE
"chr7",70727947,70728303,42.71,34.74,0.813392648091782,TRUE
"chr7",73891297,73891803,14.61,6.52,0.446269678302533,TRUE
"chr7",74994040,74994249,91.04,3.26,0.0358084358523726,FALSE
"chr7",76307119,76307334,491.14,90.12,0.183491468827626,FALSE
"chr7",76310177,76310379,65.18,78.17,0.833823717538698,TRUE
"chr7",80942894,80943209,189.93,52.12,0.274416890433318,FALSE
"chr7",80998104,80998348,2.25,3.26,0.690184049079755,TRUE
"chr7",81067973,81068261,0,0,0,FALSE
"chr7",81168283,81168538,1.12,0,0,FALSE
"chr7",84536185,84536707,42.71,2.17,0.0508077733551861,FALSE
"chr7",93551893,93552145,2.25,2.18,0.968888888888889,TRUE
"chr7",93811296,93811526,3.37,0,0,FALSE
"chr7",97772814,97773046,0,1.09,0,FALSE
"chr7",98826767,98826958,24.73,43.42,0.569553201289728,TRUE
"chr7",100003914,100004272,20.24,8.69,0.429347826086957,TRUE
"chr7",100004385,100004654,86.53,21.71,0.25089564312955,FALSE
"chr7",101944710,101944910,1.12,39.08,0.0286591606960082,FALSE
"chr7",101945069,101945311,23.61,4.34,0.183820415078357,FALSE
"chr7",101971092,101971301,37.09,5.43,0.146400647074683,FALSE
"chr7",101972808,101973031,41.59,30.4,0.730944938687184,TRUE
"chr7",101973148,101973436,57.32,1.09,0.0190160502442428,FALSE
"chr7",102004197,102004504,14.61,6.52,0.446269678302533,TRUE
"chr7",102317266,102317589,8.99,9.77,0.920163766632549,TRUE
"chr7",105284061,105284352,2.25,4.34,0.518433179723502,TRUE
"chr7",105316531,105316804,11.24,44.51,0.25252752190519,FALSE
"chr7",105639885,105640401,739.54,305.12,0.412580793466209,TRUE
"chr7",105887760,105888177,29.22,5.43,0.185831622176591,FALSE
"chr7",106009308,106009596,0,42.35,0,FALSE
"chr7",106065218,106065485,116.89,105.32,0.901018051159209,TRUE
"chr7",106070238,106070529,434.93,304.02,0.699009035936817,TRUE
"chr7",107951819,107952088,15.73,49.95,0.314914914914915,TRUE
"chr7",117124447,117124927,57.32,5.43,0.0947313328681089,FALSE
"chr7",117171248,117171503,1.12,15.2,0.0736842105263158,FALSE
"chr7",120674153,120674405,21.35,9.77,0.457611241217799,TRUE
"chr7",120717113,120717456,0,2.17,0,FALSE
"chr7",121396608,121396786,6.74,9.77,0.689866939611054,TRUE
"chr7",122679381,122679664,1.12,4.35,0.257471264367816,FALSE
"chr7",128259877,128260226,105.65,23.88,0.226029342167534,FALSE
"chr7",128444044,128444267,5.61,44.53,0.125982483718841,FALSE
"chr7",130900019,130900197,3.37,5.43,0.620626151012891,TRUE
"chr7",131606237,131606458,11.24,9.78,0.870106761565836,TRUE
"chr7",131625789,131626081,62.93,66.24,0.950030193236715,TRUE
"chr7",131626696,131626979,128.13,83.61,0.652540388667759,TRUE
"chr7",132214505,132214820,403.48,18.46,0.0457519579656984,FALSE
"chr7",132255829,132256103,0,0,0,FALSE
"chr7",132829819,132830073,2.25,0,0,FALSE
"chr7",133647794,133648100,11.23,0,0,FALSE
"chr7",139741795,139742186,16.86,24.98,0.674939951961569,TRUE
"chr7",139771114,139771361,43.84,66.24,0.661835748792271,TRUE
"chr7",139771937,139772247,55.08,92.3,0.596749729144095,TRUE
"chr7",140017666,140017886,7.87,2.18,0.277001270648031,FALSE
"chr7",140309299,140309502,83.17,41.26,0.496092340988337,TRUE
"chr7",140310346,140310678,370.89,21.73,0.0585887999137211,FALSE
"chr7",140992560,140992889,3.37,7.6,0.443421052631579,TRUE
"chr7",142305203,142305474,1.12,7.61,0.147174770039422,FALSE
"chr7",142352674,142353248,107.89,30.4,0.281768467883956,FALSE
"chr7",142356036,142356556,46.07,125.96,0.365751032073674,TRUE
"chr7",142384228,142384721,143.84,33.66,0.234010011123471,FALSE
"chr7",151694798,151695354,34.84,119.43,0.291718998576572,FALSE
"chr7",151856578,151856902,210.16,241.05,0.871852312798175,TRUE
"chr7",152574979,152575656,52.81,208.48,0.253309669992325,FALSE
"chr7",152699225,152699829,484.4,65.15,0.134496284062758,FALSE
"chr7",155369840,155370110,40.47,285.56,0.141721529625998,FALSE
"chr7",156516235,156516490,50.58,44.52,0.880189798339265,TRUE
"chr7",157255319,157255674,48.33,16.29,0.337057728119181,TRUE
"chr8",694185,694617,119.14,161.78,0.736432191865496,TRUE
"chr8",1260989,1261502,6.74,45.6,0.14780701754386,FALSE
"chr8",3767064,3767491,47.2,2.18,0.0461864406779661,FALSE
"chr8",8288287,8288659,31.47,223.66,0.140704640972905,FALSE
"chr8",8289112,8289645,61.81,66.24,0.933121980676329,TRUE
"chr8",8290319,8290644,59.57,33.66,0.565049521571261,TRUE
"chr8",8314848,8315118,32.6,52.12,0.625479662317728,TRUE
"chr8",8461518,8461720,252.87,22.8,0.0901649068691422,FALSE
"chr8",8508054,8508327,133.75,4.34,0.0324485981308411,FALSE
"chr8",9104434,9104666,120.27,70.57,0.58676311632161,TRUE
"chr8",11730677,11731014,69.67,26.07,0.374192622362566,TRUE
"chr8",13156924,13157218,29.23,94.45,0.309475913181578,TRUE
"chr8",13210298,13210495,4.49,11.95,0.375732217573222,TRUE
"chr8",13275869,13276087,68.56,78.18,0.876950626758762,TRUE
"chr8",13276667,13276883,15.74,19.54,0.805527123848516,TRUE
"chr8",17329641,17330005,13.49,22.81,0.591407277509864,TRUE
"chr8",17527859,17528181,125.87,0,0,FALSE
"chr8",17537615,17537802,30.35,11.95,0.393739703459638,TRUE
"chr8",17749772,17750120,3.37,33.66,0.100118835412953,FALSE
"chr8",17780814,17781137,0,45.61,0,FALSE
"chr8",17803385,17803647,130.37,4.35,0.0333665720641252,FALSE
"chr8",17923157,17923400,43.84,274.71,0.159586473007899,FALSE
"chr8",19421698,19421884,23.6,1.09,0.0461864406779661,FALSE
"chr8",19422615,19422848,5.62,2.17,0.386120996441281,TRUE
"chr8",21409632,21409872,16.86,0,0,FALSE
"chr8",21418185,21418421,10.12,3.26,0.322134387351779,TRUE
"chr8",22112740,22112947,83.18,108.59,0.766000552537066,TRUE
"chr8",22734846,22735219,23.59,23.88,0.98785594639866,TRUE
"chr8",22739126,22739458,78.67,107.49,0.73188203553819,TRUE
"chr8",22743819,22744122,96.66,91.21,0.943616801158701,TRUE
"chr8",26202106,26202621,85.42,119.44,0.715170797052914,TRUE
"chr8",26204372,26204574,6.75,7.6,0.888157894736842,TRUE
"chr8",28147790,28148000,1.12,1.09,0.973214285714286,TRUE
"chr8",29282956,29283257,250.63,163.94,0.65411163867055,TRUE
"chr8",29286815,29287090,37.08,73.83,0.502234863876473,TRUE
"chr8",29555623,29555870,26.98,1.09,0.0404002965159377,FALSE
"chr8",29561073,29561351,4.49,13.04,0.344325153374233,TRUE
"chr8",30338868,30339162,60.69,42.35,0.697808535178777,TRUE
"chr8",30531462,30531788,28.1,82.51,0.340564780026663,TRUE
"chr8",30552945,30553184,23.6,5.43,0.230084745762712,FALSE
"chr8",33245060,33245359,30.34,85.77,0.353736737787105,TRUE
"chr8",37062261,37062564,0,19.54,0,FALSE
"chr8",37063393,37063581,0,1.09,0,FALSE
"chr8",37144878,37145130,58.44,47.77,0.817419575633128,TRUE
"chr8",37562642,37562859,48.33,23.89,0.494309952410511,TRUE
"chr8",37567035,37567350,58.45,13.03,0.222925577416595,FALSE
"chr8",37590621,37590936,29.23,195.44,0.149559967253377,FALSE
"chr8",37593466,37593818,123.63,221.5,0.558148984198646,TRUE
"chr8",37598608,37598906,180.95,132.46,0.732025421387124,TRUE
"chr8",37694327,37694515,109.01,979.36,0.111307384414311,FALSE
"chr8",37853199,37853377,0,1.09,0,FALSE
"chr8",40175008,40175198,0,0,0,FALSE
"chr8",41559468,41559974,11.24,47.78,0.235244872331519,FALSE
"chr8",42894252,42894523,91.04,83.6,0.918277680140597,TRUE
"chr8",57855271,57855538,158.47,21.71,0.136997538966366,FALSE
"chr8",66022331,66022554,321.44,38,0.118218018914883,FALSE
"chr8",66124068,66124320,1.12,53.2,0.0210526315789474,FALSE
"chr8",66512836,66513090,196.69,42.35,0.215313437388784,FALSE
"chr8",66522507,66522776,119.13,145.5,0.818762886597938,TRUE
"chr8",66713996,66714796,533.85,865.37,0.616903752152259,TRUE
"chr8",67381031,67381338,46.08,69.49,0.663116995251115,TRUE
"chr8",67737369,67737698,4.5,26.06,0.172678434382195,FALSE
"chr8",68853359,68853681,42.71,13.03,0.305080777335519,TRUE
"chr8",68854431,68854801,65.19,60.8,0.932658383187605,TRUE
"chr8",68877134,68877354,0,0,0,FALSE
"chr8",69111675,69111931,0,10.86,0,FALSE
"chr8",70494942,70495154,40.46,3.26,0.0805734058329214,FALSE
"chr8",70831931,70832306,1.12,15.21,0.0736357659434582,FALSE
"chr8",74635519,74635867,1.12,20.63,0.0542898691226369,FALSE
"chr8",86199979,86200237,53.94,448.43,0.120286332314966,FALSE
"chr8",87662111,87662331,21.35,32.57,0.65551120663187,TRUE
"chr8",87662493,87663087,50.58,362.64,0.139477167438782,FALSE
"chr8",87915161,87915488,58.44,6.51,0.111396303901437,FALSE
"chr8",89983580,89983948,440.57,248.64,0.564359806614159,TRUE
"chr8",90001442,90002009,564.18,96.63,0.171275124960119,FALSE
"chr8",90691865,90692218,0,1.09,0,FALSE
"chr8",90887698,90887914,2.24,10.87,0.206071757129715,FALSE
"chr8",90912928,90913142,0,8.69,0,FALSE
"chr8",93404993,93405260,22.48,40.17,0.559621608165297,TRUE
"chr8",94156101,94156325,49.44,36.91,0.746561488673139,TRUE
"chr8",94164679,94165005,30.34,24.97,0.82300593276203,TRUE
"chr8",95075002,95075182,113.51,57.55,0.507003788212492,TRUE
"chr8",95210354,95210547,13.48,16.29,0.827501534683855,TRUE
"chr8",95223981,95224270,11.23,19.55,0.574424552429668,TRUE
"chr8",95225517,95225719,24.72,35.84,0.689732142857143,TRUE
"chr8",96359790,96360070,24.72,51.03,0.484420928865373,TRUE
"chr8",96416718,96417024,4.49,121.62,0.0369182700213781,FALSE
"chr8",96419563,96419789,211.29,26.06,0.123337592881821,FALSE
"chr8",96581916,96582103,97.79,23.89,0.244299008078536,FALSE
"chr8",96945867,96946141,7.86,86.87,0.0904800276274894,FALSE
"chr8",97008791,97009105,25.85,6.51,0.25183752417795,FALSE
"chr8",97266297,97266794,260.75,148.74,0.570431447746884,TRUE
"chr8",97314345,97314606,13.48,3.26,0.241839762611276,FALSE
"chr8",97348988,97349228,0,1.09,0,FALSE
"chr8",97568143,97568420,11.24,59.71,0.188243175347513,FALSE
"chr8",97763610,97763862,120.26,251.9,0.477411671298134,TRUE
"chr8",97764096,97764784,31.48,36.92,0.852654387865655,TRUE
"chr8",99818495,99818790,10.12,62.97,0.160711449896776,FALSE
"chr8",99905093,99905329,29.21,1.09,0.0373159876754536,FALSE
"chr8",99905463,99905796,6.74,8.69,0.77560414269275,TRUE
"chr8",100487870,100488103,0,79.27,0,FALSE
"chr8",100719713,100719988,148.35,285.56,0.519505532987813,TRUE
"chr8",101077587,101077880,35.97,117.26,0.306754221388368,TRUE
"chr8",101120673,101121016,14.61,40.17,0.36370425690814,TRUE
"chr8",101462797,101463040,98.9,51.03,0.515975733063701,TRUE
"chr8",101466702,101467027,339.42,2079.26,0.163240768350278,FALSE
"chr8",101474079,101474356,70.8,110.74,0.639335380169767,TRUE
"chr8",101504043,101504438,333.8,3795.86,0.0879379113033674,FALSE
"chr8",101512348,101512665,292.22,58.64,0.20067072753405,FALSE
"chr8",101514472,101514671,236.01,118.35,0.501461802465997,TRUE
"chr8",101515534,101515828,499.02,246.47,0.493908059797203,TRUE
"chr8",102600919,102601273,1237.42,612.38,0.494884517787008,TRUE
"chr8",102602466,102602653,85.42,8.69,0.101732615312573,FALSE
"chr8",102808247,102808532,257.37,145.49,0.565295100439057,TRUE
"chr8",106623983,106624367,12.36,52.11,0.237190558434082,FALSE
"chr8",109540010,109540232,269.73,279.04,0.966635607798165,TRUE
"chr8",109575364,109576003,120.25,454.93,0.264326379882619,FALSE
"chr8",109593778,109594004,151.73,105.33,0.694193633427799,TRUE
"chr8",109596977,109597221,0,48.86,0,FALSE
"chr8",109606646,109606973,1.12,72.75,0.0153951890034364,FALSE
"chr8",110302605,110302929,1.12,0,0,FALSE
"chr8",115867530,115867765,43.83,128.12,0.342101155167031,TRUE
"chr8",115987964,115988175,78.68,10.86,0.138027452974072,FALSE
"chr8",115998234,115998543,3.37,53.21,0.0633339597819959,FALSE
"chr8",116426271,116426493,0,0,0,FALSE
"chr8",118620211,118620398,1.12,21.72,0.0515653775322284,FALSE
"chr8",119655107,119655372,15.73,13.03,0.828353464717101,TRUE
"chr8",121150938,121151262,67.42,352.88,0.191056449784629,FALSE
"chr8",121432408,121432898,5.62,1.09,0.193950177935943,FALSE
"chr8",123563566,123563914,3.37,45.61,0.0738873054154791,FALSE
"chr8",123564048,123564279,8.99,16.29,0.551872314303254,TRUE
"chr8",125069884,125070175,47.2,120.51,0.391668741183304,TRUE
"chr8",127726637,127726837,4.49,17.37,0.258491652274036,FALSE
"chr8",127799881,127800151,525.98,1422.36,0.369793863719452,TRUE
"chr8",127800721,127801092,1361.02,511.4,0.375747601063908,TRUE
"chr8",127801500,127801740,1047.47,331.17,0.316161799383276,TRUE
"chr8",127859563,127860132,494.53,2132.46,0.231905873967155,FALSE
"chr8",127866306,127866495,779.98,112.92,0.144772942895972,FALSE
"chr8",127867644,127868061,255.13,298.6,0.854420629604822,TRUE
"chr8",127870090,127870977,2537.74,4592.82,0.552545059462378,TRUE
"chr8",127876854,127877063,369.76,267.1,0.722360450021636,TRUE
"chr8",127911144,127911539,231.52,412.59,0.561138175913134,TRUE
"chr8",127952138,127952376,67.44,129.2,0.521981424148607,TRUE
"chr8",127953090,127953445,59.57,135.71,0.438950703706433,TRUE
"chr8",128108171,128108366,12.36,1.09,0.0881877022653722,FALSE
"chr8",128141908,128142285,665.34,185.67,0.279060330056813,FALSE
"chr8",128143315,128143555,128.11,0,0,FALSE
"chr8",134734773,134735194,367.53,112.93,0.30726743395097,TRUE
"chr8",138945009,138945345,87.66,34.74,0.396303901437372,TRUE
"chr8",140257968,140258379,42.71,15.2,0.355888550690705,TRUE
"chr8",140337445,140337624,0,71.66,0,FALSE
"chr8",141058128,141058430,115.77,41.26,0.356396303014598,TRUE
"chr8",142588004,142588358,139.37,200.87,0.693831831532832,TRUE
"chr8",142987998,142988224,8.99,19.54,0.460081883316274,TRUE
"chr8",143017960,143018326,94.4,194.36,0.485696645400288,TRUE
"chr9",2469992,2470260,0,3.26,0,FALSE
"chr9",4866320,4866669,60.68,8.69,0.143210283454186,FALSE
"chr9",7147128,7147366,41.58,17.37,0.417748917748918,TRUE
"chr9",14406682,14406949,0,1.09,0,FALSE
"chr9",33106896,33107172,19.11,28.23,0.676939426142402,TRUE
"chr9",33163867,33164101,13.49,127.04,0.106187027707809,FALSE
"chr9",33199905,33200127,2.24,14.11,0.158752657689582,FALSE
"chr9",33221271,33221584,10.11,0,0,FALSE
"chr9",33234132,33234485,47.2,13.03,0.276059322033898,FALSE
"chr9",35517627,35518394,39.33,187.83,0.209391471011021,FALSE
"chr9",38023206,38023451,309.08,103.14,0.333700012941633,TRUE
"chr9",38024236,38024462,207.93,171.54,0.824989179050642,TRUE
"chr9",69340293,69340562,7.87,2.17,0.275730622617535,FALSE
"chr9",70413063,70413393,200.05,333.34,0.600137997240055,TRUE
"chr9",71783331,71783570,4.5,7.6,0.592105263157895,TRUE
"chr9",72009806,72010120,1.12,3.26,0.343558282208589,TRUE
"chr9",73841140,73841352,16.86,1.09,0.064650059311981,FALSE
"chr9",75101049,75101514,102.28,8.7,0.0850606179116152,FALSE
"chr9",77588614,77588881,31.47,43.43,0.724614321897306,TRUE
"chr9",77596891,77597324,25.85,36.92,0.700162513542795,TRUE
"chr9",80062000,80062337,14.61,0,0,FALSE
"chr9",83432233,83432704,129.26,33.67,0.260482747949869,FALSE
"chr9",84056260,84056515,1.12,3.26,0.343558282208589,TRUE
"chr9",87640972,87641406,20.24,53.21,0.380379627889494,TRUE
"chr9",88344486,88344907,10.11,59.72,0.169290020093771,FALSE
"chr9",88530015,88530319,3.37,146.58,0.0229908582344112,FALSE
"chr9",89648698,89649038,92.15,83.62,0.907433532284319,TRUE
"chr9",89664820,89665142,60.69,624.31,0.0972113212987138,FALSE
"chr9",89669354,89669678,32.59,33.66,0.968211527035057,TRUE
"chr9",89765229,89765626,1.12,9.77,0.114636642784033,FALSE
"chr9",89791022,89791319,24.72,3.26,0.131877022653722,FALSE
"chr9",89844671,89844916,64.06,10.86,0.169528566968467,FALSE
"chr9",89850871,89851243,98.9,29.32,0.296461071789687,FALSE
"chr9",89873000,89873216,22.48,0,0,FALSE
"chr9",90032448,90032648,8.99,14.12,0.636685552407932,TRUE
"chr9",92151959,92152377,89.91,81.43,0.905683461239017,TRUE
"chr9",92618725,92618971,6.75,19.55,0.345268542199488,TRUE
"chr9",92665890,92666395,30.35,496.19,0.0611660855720591,FALSE
"chr9",92988463,92988837,20.23,16.29,0.805239742956006,TRUE
"chr9",94639063,94639392,88.79,249.72,0.355558225212238,TRUE
"chr9",94782921,94783547,200.06,111.84,0.559032290312906,TRUE
"chr9",94951037,94951238,37.1,2.18,0.0587601078167116,FALSE
"chr9",94992015,94992310,523.73,15.2,0.0290225879747198,FALSE
"chr9",94993055,94993344,102.28,16.29,0.15926867422761,FALSE
"chr9",95003985,95004264,194.43,250.8,0.775239234449761,TRUE
"chr9",95129185,95129587,24.72,93.38,0.264724780466909,FALSE
"chr9",98072630,98072838,40.46,93.37,0.433329763307272,TRUE
"chr9",98219102,98219367,464.16,3.26,0.00702344019303688,FALSE
"chr9",99411165,99411407,7.87,5.43,0.689961880559085,TRUE
"chr9",105912813,105913370,667.59,555.93,0.832741652810857,TRUE
"chr9",105954151,105954400,3.37,17.37,0.194012665515256,FALSE
"chr9",107131618,107132038,15.74,10.86,0.689961880559085,TRUE
"chr9",107243821,107244188,7.87,124.86,0.0630305942655774,FALSE
"chr9",107245614,107245810,6.74,6.52,0.967359050445104,TRUE
"chr9",107547802,107548052,2.24,7.6,0.294736842105263,FALSE
"chr9",110151703,110152051,83.17,13.03,0.156667067452206,FALSE
"chr9",110575962,110576209,3.37,10.86,0.310313075506446,TRUE
"chr9",111839524,111839748,15.73,5.43,0.345200254291163,TRUE
"chr9",112012142,112012415,35.96,45.61,0.788423591317693,TRUE
"chr9",114083546,114083749,15.74,72.75,0.216357388316151,FALSE
"chr9",114084267,114084638,57.31,86.86,0.659797375086346,TRUE
"chr9",114220269,114220447,8.99,3.26,0.362625139043382,TRUE
"chr9",114558281,114558701,59.57,233.45,0.255172413793103,FALSE
"chr9",115326514,115326754,2.25,1.09,0.484444444444444,TRUE
"chr9",120646313,120646507,20.23,27.15,0.7451197053407,TRUE
"chr9",120646972,120647263,8.99,5.43,0.604004449388209,TRUE
"chr9",123327836,123328152,331.55,115.08,0.347096968782989,TRUE
"chr9",124749947,124750167,2.24,21.71,0.103178258866882,FALSE
"chr9",125451046,125451398,28.1,7.61,0.270818505338078,FALSE
"chr9",125538187,125538382,71.92,15.21,0.211484983314794,FALSE
"chr9",125594288,125594505,4.49,22.81,0.196843489697501,FALSE
"chr9",126327331,126327608,23.61,173.73,0.135900535313417,FALSE
"chr9",126642990,126643406,428.2,250.82,0.585754320411023,TRUE
"chr9",126644010,126644214,28.09,67.31,0.417322834645669,TRUE
"chr9",126661118,126661299,0,22.8,0,FALSE
"chr9",127237940,127238201,10.11,23.89,0.423189619087484,TRUE
"chr9",127407596,127407870,89.91,13.03,0.144922700478256,FALSE
"chr9",127417247,127417478,102.28,364.83,0.280349751939259,FALSE
"chr9",127545343,127545661,4.49,179.14,0.0250641956012058,FALSE
"chr9",127955596,127956038,222.53,176.98,0.795308497730643,TRUE
"chr9",128022248,128022599,339.42,94.46,0.278298273525426,FALSE
"chr9",128026860,128027234,6.74,1.09,0.161721068249258,FALSE
"chr9",128047315,128047582,35.96,21.71,0.603726362625139,TRUE
"chr9",128055760,128056029,103.4,53.2,0.514506769825919,TRUE
"chr9",128058052,128058378,297.84,49.95,0.167707493956487,FALSE
"chr9",129107305,129107641,73.05,162.88,0.448489685658153,TRUE
"chr9",129193756,129194013,342.79,64.06,0.186878263659967,FALSE
"chr9",129324988,129325205,46.09,35.83,0.777392059014971,TRUE
"chr9",129349403,129349702,2.24,3.26,0.687116564417178,TRUE
"chr9",129488645,129488998,52.83,115.09,0.459032061864628,TRUE
"chr9",130187139,130187483,10.11,51.04,0.198079937304075,FALSE
"chr9",130433738,130433981,1.12,5.44,0.205882352941176,FALSE
"chr9",133387424,133387681,7.87,73.83,0.106596234592984,FALSE
"chr9",133863294,133863697,252.87,317.05,0.797571360984072,TRUE
"chr9",133873286,133873546,78.68,108.58,0.724627003131332,TRUE
"chr9",133892538,133892733,22.48,1.09,0.0484875444839858,FALSE
"chr9",133960133,133960346,21.36,19.54,0.914794007490637,TRUE
"chr9",134359406,134359689,4.49,16.29,0.275629220380602,FALSE
"chr9",134370213,134370408,28.11,0,0,FALSE
"chr9",134412384,134412605,13.48,13.03,0.966617210682493,TRUE
"chr9",134693113,134693382,39.35,5.43,0.137992376111817,FALSE
"chr9",134702518,134702804,0,48.86,0,FALSE
"chr9",134896482,134896666,13.48,19.55,0.689514066496164,TRUE
"chr9",134961380,134961597,15.74,9.78,0.621346886912325,TRUE
"chr9",135392462,135392925,184.32,162.87,0.883626302083333,TRUE
"chr9",136625364,136625601,0,1.09,0,FALSE
"chr9",137173103,137173525,55.07,67.32,0.818033273915627,TRUE
"chrX",2894991,2895235,111.26,66.24,0.595362214632392,TRUE
"chrX",2933591,2933928,22.48,6.51,0.289590747330961,FALSE
"chrX",5402576,5402834,15.74,9.77,0.620711562897078,TRUE
"chrX",6461394,6461605,12.37,119.43,0.103575316084736,FALSE
"chrX",6730051,6730253,115.75,1.09,0.00941684665226782,FALSE
"chrX",7218482,7218760,24.74,36.93,0.669916057405903,TRUE
"chrX",7219116,7219430,37.09,55.38,0.669736366919466,TRUE
"chrX",7347889,7348187,11.24,4.35,0.387010676156584,TRUE
"chrX",9207195,9207472,20.23,27.14,0.745394252026529,TRUE
"chrX",9267532,9267737,0,30.4,0,FALSE
"chrX",9269056,9269547,1.12,6.52,0.171779141104295,FALSE
"chrX",9421446,9421685,8.99,6.51,0.724137931034483,TRUE
"chrX",10007040,10007399,21.35,7.6,0.355971896955503,TRUE
"chrX",10033229,10033618,66.31,27.15,0.409440506710903,TRUE
"chrX",10090464,10090642,111.27,0,0,FALSE
"chrX",10101153,10101635,47.21,55.37,0.852627776774427,TRUE
"chrX",12947904,12948294,37.09,3.26,0.0878943111350768,FALSE
"chrX",12988975,12989266,116.88,9.77,0.083590006844627,FALSE
"chrX",12994432,12994666,52.82,1.09,0.0206361226808027,FALSE
"chrX",13029414,13029725,239.39,290.99,0.82267431870511,TRUE
"chrX",13029973,13030301,904.73,273.61,0.302421716976335,TRUE
"chrX",16468094,16468359,16.86,86.86,0.194105457057334,FALSE
"chrX",16469073,16469267,56.2,32.58,0.579715302491103,TRUE
"chrX",16470391,16470599,58.45,8.69,0.148674080410607,FALSE
"chrX",16471540,16471919,56.21,93.38,0.601949025487256,TRUE
"chrX",16605343,16605532,20.22,22.81,0.886453309951776,TRUE
"chrX",16617359,16617784,47.2,60.8,0.776315789473684,TRUE
"chrX",16633707,16634013,26.97,26.05,0.965888023730071,TRUE
"chrX",16662332,16662850,149.48,268.2,0.557345264727815,TRUE
"chrX",16882013,16882219,48.33,46.68,0.965859714463066,TRUE
"chrX",17007315,17007624,14.61,2.17,0.148528405201916,FALSE
"chrX",18099870,18100149,253.99,91.21,0.359108626323871,TRUE
"chrX",18401757,18402089,5.62,1.09,0.193950177935943,FALSE
"chrX",18831754,18832016,11.24,87.95,0.127799886299034,FALSE
"chrX",21914600,21914869,3.37,2.18,0.646884272997033,TRUE
"chrX",22117198,22117599,1.12,435.4,0.00257234726688103,FALSE
"chrX",22165148,22165344,2.25,43.43,0.0518075063320286,FALSE
"chrX",23502020,23502340,70.81,7.6,0.107329473238243,FALSE
"chrX",37904942,37905206,26.98,54.29,0.496960766255296,TRUE
"chrX",39895233,39895420,7.87,20.63,0.381483276781386,TRUE
"chrX",39983899,39984105,2.25,30.4,0.0740131578947369,FALSE
"chrX",54640769,54641032,229.28,128.13,0.558836357292394,TRUE
"chrX",54696247,54696634,110.14,61.89,0.561921191211186,TRUE
"chrX",54747689,54748044,243.89,142.24,0.583213743900939,TRUE
"chrX",67525147,67525342,1.12,23.89,0.0468815403934701,FALSE
"chrX",67696081,67696272,9,6.53,0.725555555555556,TRUE
"chrX",68462311,68462629,4.49,1.09,0.242761692650334,FALSE
"chrX",100745917,100746217,20.23,152.01,0.13308334977962,FALSE
"chrX",107719493,107719683,14.61,49.95,0.292492492492492,FALSE
"chrX",109943886,109944093,4.49,6.52,0.688650306748466,TRUE
"chrX",109951958,109952297,14.61,4.34,0.297056810403833,TRUE
"chrX",110162849,110163141,8.99,91.21,0.0985637539743449,FALSE
"chrX",110168243,110168479,82.05,5.43,0.0661791590493601,FALSE
"chrX",110173186,110173523,76.44,593.92,0.128704202586207,FALSE
"chrX",110401998,110402304,44.96,60.81,0.739352080249959,TRUE
"chrX",116285683,116285861,1.12,1.09,0.973214285714286,TRUE
"chrX",119309902,119310222,5.62,9.78,0.574642126789366,TRUE
"chrX",122363635,122363917,19.11,3.26,0.170591313448456,FALSE
"chrX",131565990,131566291,4.5,31.48,0.14294790343075,FALSE
"chrX",132181354,132181609,52.82,56.46,0.935529578462628,TRUE
"chrX",134557659,134557843,1.12,2.17,0.516129032258065,TRUE
"chrX",134570527,134570812,98.9,169.38,0.58389420238517,TRUE
"chrX",134652060,134652244,13.49,8.69,0.644180874722016,TRUE
"chrX",134658573,134658787,25.85,48.86,0.529062627916496,TRUE
"chrX",134718341,134718544,3.37,22.81,0.147742218325296,FALSE
"chrX",134753193,134753530,8.99,110.76,0.0811664860960636,FALSE
"chrX",137988502,137988815,2.25,2.17,0.964444444444444,TRUE
"chrX",140040472,140040814,73.05,80.34,0.909260642270351,TRUE
"chrX",140490956,140491290,44.95,42.34,0.941935483870968,TRUE
"chrX",140492270,140492610,138.23,94.46,0.683353830572235,TRUE
"chrX",140508193,140508378,91.03,34.74,0.381632428869603,TRUE
"chrX",142933129,142933388,3.37,7.6,0.443421052631579,TRUE
"chrX",143634007,143634223,8.99,71.66,0.125453530560982,FALSE
"chrX",150041190,150041538,64.06,17.37,0.271152044957852,FALSE
"chrX",150293456,150293761,0,4.34,0,FALSE
"chrX",152915465,152915805,4.5,20.63,0.218128938439166,FALSE
"chrX",154419934,154420230,57.32,61.89,0.926159314913556,TRUE
"chrX",154490838,154491128,917.1,29.32,0.0319703412932068,FALSE
"chrX",154540906,154541488,192.18,875.12,0.219604168571167,FALSE
"chrX",154541648,154541908,214.67,205.21,0.955932361298738,TRUE
"chrX",154649640,154650275,49.45,9.77,0.197573306370071,FALSE
