"chrom","start","end","pro_plus_abs","pro_minus_abs","bidir","in_setB"
"chr1",1073595,1074136,57.7,636.9,0.0905950698696813,FALSE
"chr1",1079461,1079717,47.79,690.48,0.0692127215849844,FALSE
"chr1",1433050,1433347,1.17,6.56,0.178353658536585,FALSE
"chr1",1678459,1678642,2.91,14.29,0.203638908327502,FALSE
"chr1",2001770,2002033,2.34,5.96,0.39261744966443,TRUE
"chr1",3337407,3337605,15.16,0.6,0.0395778364116095,FALSE
"chr1",3338300,3338619,30.88,2.39,0.0773963730569948,FALSE
"chr1",6101061,6101369,24.48,49.41,0.495446265938069,TRUE
"chr1",6235256,6235467,6.99,84.53,0.0826925351946055,FALSE
"chr1",6483179,6483382,39.06,20.24,0.518177163338454,TRUE
"chr1",6611703,6611989,4.08,23.82,0.171284634760705,FALSE
"chr1",6622703,6622984,25.07,29.17,0.859444634898869,TRUE
"chr1",6909638,6910353,50.71,61.33,0.826838415131257,TRUE
"chr1",6910515,6910820,13.99,0,0,FALSE
"chr1",6959461,6959993,95.57,91.07,0.952914094381082,TRUE
"chr1",6960405,6960880,417.26,42.86,0.102717729952548,FALSE
"chr1",7228720,7228973,0,0.6,0,FALSE
"chr1",7447144,7447382,12.82,111.31,0.115173838828497,FALSE
"chr1",7447797,7448231,43.12,277.4,0.155443403028118,FALSE
"chr1",8194585,8194818,11.07,4.18,0.377597109304426,TRUE
"chr1",8197934,8198340,13.4,10.73,0.800746268656716,TRUE
"chr1",8202661,8203307,19.8,0,0,FALSE
"chr1",9303084,9303319,22.73,75.6,0.300661375661376,TRUE
"chr1",9325773,9326179,39.63,7.74,0.195306585919758,FALSE
"chr1",9345997,9346361,48.36,32.75,0.677212572373863,TRUE
"chr1",9950424,9950762,50.11,14.29,0.285172620235482,FALSE
"chr1",10018623,10018910,8.74,5.36,0.613272311212815,TRUE
"chr1",10516537,10516773,15.15,31.55,0.480190174326466,TRUE
"chr1",10727788,10728046,4.08,10.73,0.380242311276794,TRUE
"chr1",11374437,11374751,38.45,1.19,0.0309492847854356,FALSE
"chr1",12485229,12485971,48.35,100.6,0.480616302186879,TRUE
"chr1",12486325,12486765,258.15,86.31,0.334340499709471,TRUE
"chr1",12549642,12550066,14.57,13.7,0.94028826355525,TRUE
"chr1",12600187,12600756,1.75,147.04,0.0119015233949946,FALSE
"chr1",14926044,14926381,95.56,96.44,0.990875155537122,TRUE
"chr1",14977280,14977635,16.32,23.82,0.685138539042821,TRUE
"chr1",15015744,15016323,139.28,235.11,0.5924035557824,TRUE
"chr1",15016846,15017574,184.73,151.21,0.818545986033671,TRUE
"chr1",15021517,15021712,12.82,10.72,0.83619344773791,TRUE
"chr1",15025491,15025993,46.02,35.72,0.776184267709691,TRUE
"chr1",15462964,15463447,3.5,11.91,0.293870696893367,TRUE
"chr1",15463723,15463914,5.25,2.39,0.455238095238095,TRUE
"chr1",16175922,16176194,12.24,32.74,0.373854612095296,TRUE
"chr1",16212478,16212669,1.75,198.81,0.00880237412605,FALSE
"chr1",16608279,16608889,429.5,275,0.640279394644936,TRUE
"chr1",16611942,16612147,44.87,155.96,0.28770197486535,FALSE
"chr1",16614239,16614679,136.94,132.15,0.965021177157879,TRUE
"chr1",17098966,17099219,16.9,6.55,0.387573964497041,TRUE
"chr1",17502816,17503086,10.5,7.74,0.737142857142857,TRUE
"chr1",17520419,17520892,188.23,170.85,0.907666153110556,TRUE
"chr1",17525033,17525457,85.67,167.26,0.512196580174579,TRUE
"chr1",17529428,17530006,73.43,80.95,0.90710315009265,TRUE
"chr1",17561549,17561732,2.91,16.67,0.174565086982603,FALSE
"chr1",18365826,18366503,55.94,5.36,0.0958169467286378,FALSE
"chr1",18635104,18635287,1.17,4.77,0.245283018867925,FALSE
"chr1",19007548,19007862,12.82,20.24,0.633399209486166,TRUE
"chr1",19425775,19426130,17.48,23.21,0.753123653597587,TRUE
"chr1",19427217,19427584,24.47,95.23,0.256956841331513,FALSE
"chr1",19582182,19582542,7.58,20.24,0.374505928853755,TRUE
"chr1",19593316,19593585,2.33,0,0,FALSE
"chr1",19596644,19596993,56.53,258.93,0.218321554087977,FALSE
"chr1",20213459,20213682,33.22,0,0,FALSE
"chr1",20355870,20356140,65.27,170.23,0.383422428479117,TRUE
"chr1",20356843,20357631,417.85,388.71,0.930262055761637,TRUE
"chr1",20358725,20359034,76.33,188.09,0.405816364506353,TRUE
"chr1",21241656,21242035,4.08,39.29,0.103843217103589,FALSE
"chr1",21247156,21247486,30.88,54.17,0.570057227247554,TRUE
"chr1",21251980,21252217,43.13,27.97,0.648504521214932,TRUE
"chr1",21254703,21254999,1.75,16.68,0.104916067146283,FALSE
"chr1",21268429,21268801,0.58,29.18,0.019876627827279,FALSE
"chr1",21337038,21337261,57.13,29.17,0.510589882723613,TRUE
"chr1",21401819,21402151,4.08,0,0,FALSE
"chr1",21622191,21622415,0.58,16.07,0.0360920970752956,FALSE
"chr1",21625772,21626068,9.91,41.67,0.237820974322054,FALSE
"chr1",21634234,21634743,215.05,101.2,0.470588235294118,TRUE
"chr1",21635650,21635930,78.68,1.19,0.0151245551601423,FALSE
"chr1",21638763,21639420,120.63,84.53,0.700737793252093,TRUE
"chr1",22412688,22413243,12.83,12.51,0.975058456742011,TRUE
"chr1",22469452,22469840,20.97,8.94,0.426323319027182,TRUE
"chr1",22472532,22473416,74.01,41.07,0.554925010133766,TRUE
"chr1",23530910,23531208,58.27,216.08,0.269668641243984,FALSE
"chr1",23531805,23532062,220.87,23.22,0.105129714311586,FALSE
"chr1",23957126,23957413,254.67,164.28,0.645070090705619,TRUE
"chr1",24001275,24001699,8.74,4.17,0.477116704805492,TRUE
"chr1",24011643,24011918,83.34,56.55,0.678545716342693,TRUE
"chr1",24018849,24019163,103.73,81.55,0.786175648317748,TRUE
"chr1",24567889,24568509,464.46,48.82,0.105111312061319,FALSE
"chr1",24570410,24570783,74.6,7.74,0.103753351206434,FALSE
"chr1",24769808,24770078,13.41,0.6,0.0447427293064877,FALSE
"chr1",25568216,25568465,27.97,5.96,0.21308544869503,FALSE
"chr1",25756866,25757517,9.34,36.92,0.252979414951246,FALSE
"chr1",26914112,26914413,8.16,6.55,0.802696078431372,TRUE
"chr1",28068727,28068941,0.58,4.76,0.121848739495798,FALSE
"chr1",28520266,28520598,81,31.55,0.389506172839506,TRUE
"chr1",29227603,29227929,83.91,137.5,0.610254545454545,TRUE
"chr1",30296207,30296967,13.41,1.2,0.0894854586129754,FALSE
"chr1",30297744,30298008,4.66,0,0,FALSE
"chr1",30302743,30303650,33.79,57.16,0.591147655703289,TRUE
"chr1",30345429,30346053,9.91,11.33,0.874669020300088,TRUE
"chr1",31186608,31186900,4.67,20.84,0.224088291746641,FALSE
"chr1",31187059,31187304,44.88,10.72,0.238859180035651,FALSE
"chr1",31368508,31369207,51.27,26.19,0.510825043885313,TRUE
"chr1",31412818,31413141,4.67,35.12,0.132972665148064,FALSE
"chr1",31830343,31831147,289.04,160.12,0.553971768613341,TRUE
"chr1",31842833,31843287,128.2,297.62,0.430750621598011,TRUE
"chr1",31855047,31855540,4.66,37.52,0.124200426439232,FALSE
"chr1",31880135,31880536,27.39,130.96,0.2091478313989,FALSE
"chr1",31880898,31881150,38.45,116.65,0.32961851693099,TRUE
"chr1",31938554,31938863,176.58,30.36,0.171933401291199,FALSE
"chr1",32240497,32240764,82.18,10.13,0.123266001460209,FALSE
"chr1",32332832,32333168,49.54,301.19,0.164480892459909,FALSE
"chr1",33660389,33660925,11.07,9.53,0.860885275519422,TRUE
"chr1",34825617,34825962,50.12,6.55,0.130686352753392,FALSE
"chr1",35505975,35506405,14.57,12.52,0.85929993136582,TRUE
"chr1",36204095,36204494,41.95,34.53,0.823122765196663,TRUE
"chr1",37038659,37039042,24.47,1.79,0.0731507968941561,FALSE
"chr1",37495491,37495690,1.17,10.72,0.109141791044776,FALSE
"chr1",37793305,37793677,70.51,260.71,0.270453760883741,FALSE
"chr1",38415310,38415513,0,1.19,0,FALSE
"chr1",38418670,38418868,17.48,0.6,0.034324942791762,FALSE
"chr1",38421654,38421940,1.16,0,0,FALSE
"chr1",39142806,39143203,34.39,25.6,0.744402442570515,TRUE
"chr1",39175020,39175210,0,0,0,FALSE
"chr1",39178953,39179251,55.37,2.98,0.0538197579916923,FALSE
"chr1",39960337,39960572,18.06,8.94,0.495016611295681,TRUE
"chr1",39980652,39980874,7.58,6.55,0.864116094986807,TRUE
"chr1",40094973,40095284,19.23,54.17,0.354993538859147,TRUE
"chr1",40140300,40140551,25.64,35.73,0.717604254128184,TRUE
"chr1",40141062,40141447,29.14,34.53,0.843903851723139,TRUE
"chr1",40899465,40899715,18.65,172.61,0.108047042465674,FALSE
"chr1",40919394,40919740,35.56,38.7,0.918863049095607,TRUE
"chr1",40923685,40923947,204.55,37.51,0.183378147152285,FALSE
"chr1",41372178,41372419,3.5,0.6,0.171428571428571,FALSE
"chr1",41423690,41423951,0,2.39,0,FALSE
"chr1",41500999,41501263,110.15,448.22,0.245749854981929,FALSE
"chr1",41778332,41778743,12.81,37.5,0.3416,TRUE
"chr1",41789411,41790214,46.6,298.81,0.155951942706067,FALSE
"chr1",41795137,41795486,0.58,7.15,0.0811188811188811,FALSE
"chr1",41860167,41860573,124.72,126.19,0.988350899437356,TRUE
"chr1",41866228,41866678,62.94,35.13,0.55815061963775,TRUE
"chr1",41868169,41868603,39.05,19.05,0.487836107554417,TRUE
"chr1",42657536,42657906,6.41,170.25,0.0376505139500734,FALSE
"chr1",42658053,42658302,40.2,170.82,0.235335440814893,FALSE
"chr1",42973287,42973691,12.82,100.59,0.127448056466846,FALSE
"chr1",42992357,42992799,24.48,2.98,0.121732026143791,FALSE
"chr1",42993605,42993890,3.49,9.52,0.366596638655462,TRUE
"chr1",43069597,43069811,0.58,20.84,0.027831094049904,FALSE
"chr1",43531921,43532104,33.22,264.28,0.125700015135462,FALSE
"chr1",43783772,43784254,17.5,8.34,0.476571428571429,TRUE
"chr1",43830825,43831192,80.42,32.15,0.399776175080826,TRUE
"chr1",43885501,43885684,0.58,4.17,0.139088729016787,FALSE
"chr1",44819469,44819799,27.97,625.6,0.0447090792838875,FALSE
"chr1",45304672,45305043,738.96,79.17,0.107137057486197,FALSE
"chr1",45305442,45305649,100.24,2.38,0.0237430167597765,FALSE
"chr1",45516779,45517341,31.46,164.28,0.191502313123935,FALSE
"chr1",45519333,45519628,53.03,222.02,0.238852355643636,FALSE
"chr1",46603500,46603775,16.9,70.24,0.240603644646925,FALSE
"chr1",46757752,46758303,317.62,203.56,0.640891631509351,TRUE
"chr1",47771895,47772256,13.4,13.1,0.977611940298507,TRUE
"chr1",47882612,47882865,15.15,1.79,0.118151815181518,FALSE
"chr1",47894720,47894962,40.21,21.43,0.532952001989555,TRUE
"chr1",47921067,47921393,7,2.38,0.34,TRUE
"chr1",49257477,49257667,18.07,21.43,0.843210452636491,TRUE
"chr1",51297485,51297675,8.16,27.39,0.297918948521358,TRUE
"chr1",51306894,51307457,7.58,20.85,0.363549160671463,TRUE
"chr1",51321293,51321788,43.71,54.18,0.806755260243632,TRUE
"chr1",51330424,51330617,34.39,28.58,0.831055539400989,TRUE
"chr1",51541797,51542158,23.31,13.1,0.561990561990562,TRUE
"chr1",51558697,51558916,96.16,10.13,0.105345257903494,FALSE
"chr1",51567494,51568081,130.53,61.92,0.474373707193749,TRUE
"chr1",51578728,51579072,10.5,16.68,0.629496402877698,TRUE
"chr1",51607844,51608038,2.34,4.76,0.491596638655462,TRUE
"chr1",53592839,53593172,6.41,4.17,0.650546021840874,TRUE
"chr1",56555468,56555736,1.17,5.37,0.217877094972067,FALSE
"chr1",56787438,56787626,1.17,2.39,0.489539748953975,TRUE
"chr1",56788228,56788711,5.83,5.37,0.921097770154374,TRUE
"chr1",61215649,61216164,20.97,0,0,FALSE
"chr1",61293028,61293241,0.58,2.98,0.194630872483221,FALSE
"chr1",61642468,61642661,1.75,7.15,0.244755244755245,FALSE
"chr1",61744310,61744561,140.45,4.77,0.0339622641509434,FALSE
"chr1",64983134,64983530,6.99,60.72,0.115118577075099,FALSE
"chr1",64990784,64990968,3.5,1.79,0.511428571428571,TRUE
"chr1",64996944,64997212,8.74,6.55,0.749427917620137,TRUE
"chr1",65044315,65044759,53.62,107.17,0.500326583932071,TRUE
"chr1",67609112,67609396,0,1.79,0,FALSE
"chr1",69161422,69161662,3.5,2.39,0.682857142857143,TRUE
"chr1",70915358,70915713,0,0,0,FALSE
"chr1",71448575,71449152,7,6.56,0.937142857142857,TRUE
"chr1",71461514,71461773,3.5,0.6,0.171428571428571,FALSE
"chr1",71520168,71520460,4.08,0,0,FALSE
"chr1",72003095,72003416,0,6.56,0,FALSE
"chr1",72006715,72007021,0.58,0.6,0.966666666666667,TRUE
"chr1",72007383,72007566,0.58,0,0,FALSE
"chr1",74485342,74485623,4.66,6.56,0.710365853658537,TRUE
"chr1",74652294,74652973,60.6,92.27,0.656768180340306,TRUE
"chr1",74690142,74690422,4.08,3.58,0.877450980392157,TRUE
"chr1",74703331,74703720,5.24,12.51,0.418864908073541,TRUE
"chr1",74704410,74704698,4.08,2.39,0.58578431372549,TRUE
"chr1",76944153,76944478,1.75,0,0,FALSE
"chr1",76945027,76945288,0,8.93,0,FALSE
"chr1",79361179,79361610,2.33,2.38,0.978991596638656,TRUE
"chr1",79392197,79392819,0.58,0,0,FALSE
"chr1",81167121,81167353,0,0.6,0,FALSE
"chr1",83055875,83056063,0,0,0,FALSE
"chr1",85278745,85279043,5.25,0.6,0.114285714285714,FALSE
"chr1",85297858,85298182,34.39,14.89,0.432974701948241,TRUE
"chr1",85550951,85551253,14.58,9.54,0.654320987654321,TRUE
"chr1",85822700,85823080,6.41,21.44,0.298973880597015,TRUE
"chr1",85830545,85830858,13.99,36.91,0.379030073150908,TRUE
"chr1",87715061,87715391,0.58,0,0,FALSE
"chr1",91099822,91100666,25.06,2.99,0.119313647246608,FALSE
"chr1",91749802,91750054,0,3.57,0,FALSE
"chr1",91777607,91777902,0.58,1.79,0.324022346368715,TRUE
"chr1",93779767,93780061,3.49,2.98,0.853868194842407,TRUE
"chr1",93908793,93908998,18.06,16.07,0.889811738648948,TRUE
"chr1",94247822,94248046,75.17,10.72,0.142610083810031,FALSE
"chr1",94250358,94250655,31.46,38.7,0.812919896640827,TRUE
"chr1",96060609,96060853,1.75,14.88,0.11760752688172,FALSE
"chr1",107756391,107756709,10.5,13.7,0.766423357664234,TRUE
"chr1",107936596,107936950,0,63.7,0,FALSE
"chr1",108199185,108199530,980.21,621.43,0.633976392813785,TRUE
"chr1",109096442,109096657,49.54,0.6,0.0121114251110214,FALSE
"chr1",109115650,109116009,363.06,5.37,0.0147909436456784,FALSE
"chr1",109138000,109138316,37.31,9.54,0.255695523988207,FALSE
"chr1",109151303,109151566,329.26,140.48,0.426653708315617,TRUE
"chr1",109152253,109152511,98.49,135.72,0.725685234305924,TRUE
"chr1",109154564,109154887,64.1,10.13,0.158034321372855,FALSE
"chr1",109199200,109199676,50.7,9.53,0.187968441814596,FALSE
"chr1",109246253,109246549,69.35,28.57,0.411968276856525,TRUE
"chr1",109724280,109724789,43.69,50.01,0.873625274945011,TRUE
"chr1",109725536,109725837,54.19,11.91,0.219782247647167,FALSE
"chr1",109729697,109729990,198.73,4.77,0.0240024153373924,FALSE
"chr1",110612495,110612689,1.75,2.38,0.735294117647059,TRUE
"chr1",110746360,110746883,0,0,0,FALSE
"chr1",111513374,111513854,28.55,13.7,0.479859894921191,TRUE
"chr1",113147997,113148208,16.31,52.39,0.311318953998855,TRUE
"chr1",113388205,113388482,16.32,102.38,0.159406134010549,FALSE
"chr1",113388730,113388983,72.27,279.77,0.258319333738428,FALSE
"chr1",113809904,113810188,30.89,19.05,0.616704435092263,TRUE
"chr1",113976601,113976971,115.97,86.32,0.744330430283694,TRUE
"chr1",114000488,114000798,26.23,5.36,0.20434616850934,FALSE
"chr1",114034031,114034404,177.15,444.05,0.398941560635064,TRUE
"chr1",115664838,115665074,6.99,30.95,0.225848142164782,FALSE
"chr1",115665413,115665794,58.85,25,0.424808836023789,TRUE
"chr1",115713116,115713429,46.63,78.57,0.593483517882143,TRUE
"chr1",116268204,116268471,34.96,38.1,0.91758530183727,TRUE
"chr1",116858905,116859287,13.98,10.73,0.767525035765379,TRUE
"chr1",116879763,116880023,19.23,53.57,0.358969572521934,TRUE
"chr1",116919897,116920146,51.87,0,0,FALSE
"chr1",117268936,117269250,14.57,60.72,0.239953886693017,FALSE
"chr1",117590322,117590506,17.49,17.27,0.987421383647799,TRUE
"chr1",119785832,119786022,4.08,2.38,0.583333333333333,TRUE
"chr1",145708130,145708705,40.2,24.41,0.607213930348259,TRUE
"chr1",145711184,145711503,43.13,47.03,0.917074207952371,TRUE
"chr1",147669258,147670078,185.32,483.93,0.382947947017131,TRUE
"chr1",147716548,147716861,19.81,69.65,0.284422110552764,FALSE
"chr1",148376449,148376868,18.64,14.88,0.798283261802575,TRUE
"chr1",150981728,150982119,449.31,70.84,0.157663973648483,FALSE
"chr1",151004073,151004359,3.5,54.18,0.0645994832041344,FALSE
"chr1",151005918,151006207,95,73.81,0.776947368421053,TRUE
"chr1",151006644,151006910,89.17,293.46,0.303857425202753,TRUE
"chr1",151007963,151008345,82.16,117.28,0.700545702592087,TRUE
"chr1",151514117,151514475,175.41,82.74,0.471694886266461,TRUE
"chr1",151516446,151516752,22.73,49.4,0.460121457489879,TRUE
"chr1",151993976,151994412,238.94,212.49,0.889302753829413,TRUE
"chr1",152743126,152743579,1.17,5.96,0.196308724832215,FALSE
"chr1",153510974,153511333,11.08,1.19,0.107400722021661,FALSE
"chr1",153587340,153587556,3.5,2.39,0.682857142857143,TRUE
"chr1",154190589,154190867,1.16,147.62,0.00785801381926568,FALSE
"chr1",154193929,154194169,67.59,13.69,0.202544755141293,FALSE
"chr1",154329345,154329602,146.27,36.32,0.248307923702741,FALSE
"chr1",154941531,154941829,5.82,4.77,0.819587628865979,TRUE
"chr1",156616527,156616800,76.34,98.21,0.777313919152836,TRUE
"chr1",157132243,157132459,4.67,30.35,0.153871499176277,FALSE
"chr1",157235180,157235558,4.66,4.17,0.894849785407725,TRUE
"chr1",161118933,161119120,32.05,47.01,0.681769836205063,TRUE
"chr1",161589509,161589747,21.57,10.13,0.469633750579509,TRUE
"chr1",161671363,161671562,22.73,13.7,0.602727672679278,TRUE
"chr1",162152312,162152532,1.17,40.47,0.0289103039288362,FALSE
"chr1",162158707,162158924,51.28,131.55,0.389813759026986,TRUE
"chr1",162159430,162159855,203.97,115.49,0.566210717262343,TRUE
"chr1",162163495,162163765,43.7,32.15,0.735697940503432,TRUE
"chr1",162165561,162166194,61.19,164.29,0.372451153448171,TRUE
"chr1",162168398,162168607,62.94,50.01,0.794566253574833,TRUE
"chr1",164590755,164591013,37.88,19.06,0.503167898627244,TRUE
"chr1",164598680,164598971,88.58,28.57,0.32253330322872,TRUE
"chr1",164748130,164748913,81.58,17.26,0.211571463594018,FALSE
"chr1",164771746,164771929,9.91,41.67,0.237820974322054,FALSE
"chr1",165158873,165159120,5.24,5.36,0.977611940298507,TRUE
"chr1",165162985,165163417,57.11,30.98,0.542461915601471,TRUE
"chr1",165164128,165164342,5.24,0,0,FALSE
"chr1",168907200,168907460,242.45,7.14,0.0294493710043308,FALSE
"chr1",169509381,169509596,7.57,2.39,0.315719947159841,TRUE
"chr1",169510682,169510947,4.08,2.38,0.583333333333333,TRUE
"chr1",169517660,169517975,0,1.2,0,FALSE
"chr1",169529374,169529708,68.2,42.86,0.628445747800586,TRUE
"chr1",171257427,171257815,46.63,29.18,0.625777396525842,TRUE
"chr1",171258574,171258850,14.57,55.37,0.263138883872133,FALSE
"chr1",171259568,171259849,1.75,0.6,0.342857142857143,TRUE
"chr1",172530072,172530339,22.73,14.29,0.628684557853058,TRUE
"chr1",172746391,172746925,0,2.39,0,FALSE
"chr1",175180039,175180350,0,35.73,0,FALSE
"chr1",175187259,175187453,16.32,26.79,0.609182530795073,TRUE
"chr1",177145227,177145476,2.91,9.53,0.305351521511018,TRUE
"chr1",177440842,177441253,23.9,7.75,0.324267782426778,TRUE
"chr1",177448666,177449138,25.64,23.81,0.928627145085803,TRUE
"chr1",177451131,177451320,0.58,3.58,0.162011173184358,FALSE
"chr1",177476721,177477042,9.32,3.57,0.383047210300429,TRUE
"chr1",177571789,177572065,1.16,67.86,0.0170940170940171,FALSE
"chr1",177585636,177585926,9.9,1.79,0.180808080808081,FALSE
"chr1",177620691,177621005,9.92,19.06,0.520461699895068,TRUE
"chr1",178655609,178655979,1.17,0.6,0.512820512820513,TRUE
"chr1",178725838,178726115,113.06,136.32,0.8293720657277,TRUE
"chr1",179005640,179005894,0,0,0,FALSE
"chr1",179866630,179866814,0,24.4,0,FALSE
"chr1",179883085,179883300,139.27,0,0,FALSE
"chr1",180167669,180168247,23.9,54.17,0.441203618238878,TRUE
"chr1",180228489,180228855,115.38,420.83,0.274172468692821,FALSE
"chr1",180953901,180954084,0,15.48,0,FALSE
"chr1",181126973,181127295,0,26.2,0,FALSE
"chr1",181133678,181133884,6.99,0.6,0.0858369098712446,FALSE
"chr1",182244412,182244770,8.16,13.1,0.622900763358779,TRUE
"chr1",182315259,182315624,19.22,38.1,0.504461942257218,TRUE
"chr1",182603799,182604028,23.9,66.06,0.361792310021193,TRUE
"chr1",183023818,183024232,382.3,166.08,0.434423227831546,TRUE
"chr1",183262887,183263120,9.91,3.58,0.36125126135217,TRUE
"chr1",184373208,184373506,5.83,60.72,0.0960144927536232,FALSE
"chr1",184408545,184408901,18.65,2.99,0.160321715817694,FALSE
"chr1",184482922,184483418,41.95,3.57,0.0851013110846245,FALSE
"chr1",184484209,184484470,32.07,8.94,0.278765201122544,FALSE
"chr1",184626639,184627021,39.63,12.5,0.315417612919505,TRUE
"chr1",188893393,188893824,0,0.6,0,FALSE
"chr1",197485861,197486214,9.9,11.32,0.874558303886926,TRUE
"chr1",200016694,200017258,23.31,38.7,0.602325581395349,TRUE
"chr1",200091152,200091358,6.41,2.98,0.464898595943838,TRUE
"chr1",200118722,200119021,8.15,5.96,0.731288343558282,TRUE
"chr1",200302203,200302484,3.5,64.3,0.0544323483670296,FALSE
"chr1",201170143,201170388,11.07,30.96,0.357558139534884,TRUE
"chr1",201495425,201495685,13.4,170.83,0.0784405549376573,FALSE
"chr1",201598046,201598229,75.76,1.79,0.0236272439281943,FALSE
"chr1",202018717,202018980,126.46,50.6,0.400126522220465,TRUE
"chr1",202023164,202023418,53.61,3.57,0.0665920537213206,FALSE
"chr1",202058736,202058949,30.3,1.2,0.0396039603960396,FALSE
"chr1",202106369,202106687,408.51,28.57,0.0699370884433674,FALSE
"chr1",202108220,202108575,295.46,63.69,0.215562174236783,FALSE
"chr1",202112819,202113201,222.04,153.56,0.691587101423167,TRUE
"chr1",202132054,202132310,37.3,192.85,0.193414570910034,FALSE
"chr1",202132547,202132877,118.3,123.21,0.960149338527717,TRUE
"chr1",202254387,202254623,0,4.17,0,FALSE
"chr1",202269664,202270107,4.08,16.07,0.253889234598631,FALSE
"chr1",202334723,202334929,0.58,57.13,0.0101522842639594,FALSE
"chr1",202335214,202335802,63.52,97.63,0.650619686571751,TRUE
"chr1",203059346,203059709,3.49,10.72,0.325559701492537,TRUE
"chr1",203086690,203087267,16.33,11.31,0.692590324556032,TRUE
"chr1",203089112,203089880,19.23,22.62,0.850132625994695,TRUE
"chr1",204104157,204104408,8.17,14.89,0.548690396239087,TRUE
"chr1",204141256,204141466,5.24,0,0,FALSE
"chr1",204148825,204149071,4.08,13.11,0.311212814645309,TRUE
"chr1",204380437,204380871,147.44,1009.52,0.146049607734369,FALSE
"chr1",204381157,204381409,55.37,18.46,0.333393534404912,TRUE
"chr1",204763627,204763980,2.33,6.55,0.355725190839695,TRUE
"chr1",205506102,205506374,31.46,28.57,0.908137317228226,TRUE
"chr1",206688870,206689223,48.95,78.58,0.622932043777043,TRUE
"chr1",206797026,206797243,0,0.6,0,FALSE
"chr1",206815202,206815409,1.17,0,0,FALSE
"chr1",206841984,206842264,10.49,4.77,0.454718779790276,TRUE
"chr1",206843410,206844153,64.69,201.2,0.321520874751491,TRUE
"chr1",206847532,206847962,51.29,82.74,0.619893642736282,TRUE
"chr1",206895222,206895644,25.64,274.39,0.0934436386165677,FALSE
"chr1",206898624,206898922,34.96,27.39,0.783466819221968,TRUE
"chr1",206901246,206901573,22.14,112.49,0.196817494888435,FALSE
"chr1",206903576,206904142,117.71,133.93,0.878891958485776,TRUE
"chr1",206906086,206906327,15.73,29.76,0.528561827956989,TRUE
"chr1",207316250,207316440,5.25,1.19,0.226666666666667,FALSE
"chr1",207948669,207949255,6.4,7.75,0.825806451612903,TRUE
"chr1",207950820,207951248,11.65,16.08,0.724502487562189,TRUE
"chr1",208476550,208477114,2.33,11.32,0.205830388692579,FALSE
"chr1",209218971,209219187,5.24,13.1,0.4,TRUE
"chr1",209220010,209220314,46.03,17.27,0.375190093417337,TRUE
"chr1",209546422,209546753,26.81,20.24,0.754942185751585,TRUE
"chr1",210366987,210367234,10.49,8.34,0.795042897998093,TRUE
"chr1",211187435,211187951,0,2.98,0,FALSE
"chr1",211258864,211259193,27.98,322.02,0.0868890131047761,FALSE
"chr1",211521484,211521847,14.56,25.01,0.582167133146741,TRUE
"chr1",211735704,211735942,2.91,66.08,0.0440375302663438,FALSE
"chr1",212466926,212467243,48.94,48.82,0.997548017981202,TRUE
"chr1",212467712,212467907,34.96,33.92,0.97025171624714,TRUE
"chr1",212557953,212558288,115.39,154.16,0.748508043591074,TRUE
"chr1",215425159,215425546,9.33,6.55,0.702036441586281,TRUE
"chr1",215473774,215474173,2.33,2.38,0.978991596638656,TRUE
"chr1",215481991,215482576,56.52,8.34,0.14755838641189,FALSE
"chr1",215540222,215540609,47.78,103.58,0.461285962541031,TRUE
"chr1",218480807,218481008,13.41,7.15,0.533184190902312,TRUE
"chr1",223149044,223149483,27.98,19.64,0.70192994996426,TRUE
"chr1",223212525,223212940,0.58,10.72,0.0541044776119403,FALSE
"chr1",223303400,223303669,0.58,6.56,0.0884146341463415,FALSE
"chr1",223444484,223444868,10.49,66.67,0.157342132893355,FALSE
"chr1",223655007,223655518,2.33,2.98,0.781879194630873,TRUE
"chr1",224204941,224205189,7.58,24.41,0.31052847193773,TRUE
"chr1",224903584,224903878,0,1.2,0,FALSE
"chr1",225898204,225898444,6.99,3.57,0.510729613733906,TRUE
"chr1",227893336,227893561,1.17,2.39,0.489539748953975,TRUE
"chr1",229161598,229161916,0.58,19.05,0.0304461942257218,FALSE
"chr1",229162241,229162612,18.65,11.91,0.638605898123324,TRUE
"chr1",229165370,229165809,184.15,14.29,0.0775997827857725,FALSE
"chr1",229221397,229221742,2.91,7.15,0.406993006993007,TRUE
"chr1",229223410,229223711,12.24,17.86,0.685330347144457,TRUE
"chr1",230055507,230055755,3.5,4.18,0.837320574162679,TRUE
"chr1",230057695,230058206,64.67,44.05,0.681150456162053,TRUE
"chr1",230500446,230500876,9.32,0.6,0.0643776824034335,FALSE
"chr1",230680682,230680977,5.25,33.34,0.15746850629874,FALSE
"chr1",231982427,231982854,16.9,6.55,0.387573964497041,TRUE
"chr1",231987041,231987456,8.74,3.58,0.409610983981693,TRUE
"chr1",232193026,232193373,3.5,19.65,0.178117048346056,FALSE
"chr1",233081679,233081930,0.58,4.77,0.121593291404612,FALSE
"chr1",233615338,233615585,107.81,22.62,0.209813560894166,FALSE
"chr1",233636061,233636360,17.48,0.6,0.034324942791762,FALSE
"chr1",233676624,233676954,15.74,0.6,0.0381194409148666,FALSE
"chr1",233677738,233678043,12.25,2.98,0.243265306122449,FALSE
"chr1",233704998,233705618,35.54,36.9,0.963143631436314,TRUE
"chr1",233714911,233715319,23.9,40.47,0.590560909315542,TRUE
"chr1",234724836,234725093,33.81,9.53,0.281869269446909,FALSE
"chr1",234875573,234875843,25.06,31.54,0.794546607482562,TRUE
"chr1",234876196,234876789,113.64,64.29,0.565733896515312,TRUE
"chr1",234960075,234960285,9.33,8.93,0.957127545551983,TRUE
"chr1",234963176,234963521,47.22,32.74,0.693350275307073,TRUE
"chr1",234963633,234963859,94.41,10.13,0.107297955725029,FALSE
"chr1",235006714,235006968,0,0,0,FALSE
"chr1",235068475,235068712,11.65,12.5,0.932,TRUE
"chr1",235296096,235296335,0,3.58,0,FALSE
"chr1",244022828,244023080,1.17,0,0,FALSE
"chr1",244050175,244050438,30.88,79.17,0.390046734874321,TRUE
"chr1",244239270,244239474,15.74,0.6,0.0381194409148666,FALSE
"chr1",246219225,246219816,8.16,14.89,0.548018804566823,TRUE
"chr10",88418,88726,80.42,25,0.310867943297687,TRUE
"chr10",90196,90516,60.02,61.32,0.978799739073712,TRUE
"chr10",92525,92810,16.91,48.82,0.346374436706268,TRUE
"chr10",112553,112796,22.14,4.76,0.214995483288166,FALSE
"chr10",126424,127337,25.07,173.22,0.144729246045491,FALSE
"chr10",147765,148003,50.7,9.53,0.187968441814596,FALSE
"chr10",373507,373755,5.24,19.05,0.2750656167979,FALSE
"chr10",436229,436481,2.92,82.74,0.0352912738699541,FALSE
"chr10",517291,517616,1.75,8.93,0.195968645016797,FALSE
"chr10",2399928,2400311,0,0,0,FALSE
"chr10",2400492,2400764,0,0,0,FALSE
"chr10",2448051,2448310,0,0,0,FALSE
"chr10",3249429,3249729,16.9,14.29,0.845562130177515,TRUE
"chr10",3468219,3468408,11.07,20.84,0.531190019193858,TRUE
"chr10",3482738,3483079,73.43,2.39,0.0325480049026284,FALSE
"chr10",3503304,3503513,0,4.76,0,FALSE
"chr10",3906344,3906666,2.33,39.89,0.0584106292303836,FALSE
"chr10",3906773,3907087,5.83,5.37,0.921097770154374,TRUE
"chr10",4127863,4128503,23.89,10.72,0.448723315194642,TRUE
"chr10",4129956,4130242,6.4,1.2,0.1875,FALSE
"chr10",4279716,4280078,8.74,2.39,0.273455377574371,FALSE
"chr10",5488217,5488636,115.39,202.98,0.5684796531678,TRUE
"chr10",5496620,5496899,8.74,2.38,0.272311212814645,FALSE
"chr10",5503564,5503830,49.53,50.01,0.990401919616077,TRUE
"chr10",5545031,5545364,10.49,31.56,0.332382762991128,TRUE
"chr10",5546133,5546348,31.47,13.1,0.416269462980616,TRUE
"chr10",5548281,5548491,92.08,122.62,0.750937856793345,TRUE
"chr10",5551577,5551776,5.25,52.98,0.0990939977349943,FALSE
"chr10",5622918,5623169,0,1.79,0,FALSE
"chr10",5656586,5656990,9.32,38.1,0.244619422572178,FALSE
"chr10",5659913,5660632,31.47,152.98,0.205713165119623,FALSE
"chr10",6153321,6153608,26.81,9.53,0.355464378963073,TRUE
"chr10",6154733,6155078,16.91,4.17,0.246599645180367,FALSE
"chr10",6200752,6200961,22.73,10.12,0.445226572811263,TRUE
"chr10",6296725,6297072,97.91,60.71,0.620059238075784,TRUE
"chr10",6297558,6298361,511.08,155.36,0.303983720748219,TRUE
"chr10",6304064,6304519,3.5,2.38,0.68,TRUE
"chr10",7488569,7488891,1.75,12.5,0.14,FALSE
"chr10",7945858,7946149,0,1.79,0,FALSE
"chr10",8128288,8128858,1.16,1.2,0.966666666666667,TRUE
"chr10",8725958,8726401,2.91,29.77,0.0977494121598925,FALSE
"chr10",8752468,8752836,18.65,7.16,0.383914209115282,TRUE
"chr10",8856906,8857176,4.67,119.05,0.0392272154556909,FALSE
"chr10",9036785,9036977,5.83,7.15,0.815384615384615,TRUE
"chr10",9038170,9038601,37.3,14.3,0.383378016085791,TRUE
"chr10",9187050,9187390,1.75,1.79,0.977653631284916,TRUE
"chr10",9188062,9188882,164.34,32.75,0.19928197639041,FALSE
"chr10",11831577,11831861,13.98,7.74,0.553648068669528,TRUE
"chr10",12053549,12053842,8.15,2.99,0.366871165644172,TRUE
"chr10",12605799,12606125,29.13,29.77,0.978501847497481,TRUE
"chr10",12872635,12873040,21.56,16.67,0.773191094619666,TRUE
"chr10",12873155,12873666,64.1,29.17,0.455070202808112,TRUE
"chr10",12881831,12882281,4.08,16.68,0.244604316546763,FALSE
"chr10",14074366,14074706,0,23.83,0,FALSE
"chr10",14407567,14407956,25.05,19.06,0.760878243512974,TRUE
"chr10",15461225,15461797,12.82,4.77,0.37207488299532,TRUE
"chr10",17445534,17446195,46.62,97.62,0.477566072526122,TRUE
"chr10",19177794,19178184,2.34,50.61,0.0462359217545939,FALSE
"chr10",19205531,19205714,2.92,0.6,0.205479452054795,FALSE
"chr10",19221496,19221747,1.17,0.6,0.512820512820513,TRUE
"chr10",19227691,19227949,0.58,2.98,0.194630872483221,FALSE
"chr10",19228363,19228608,2.91,0,0,FALSE
"chr10",19232406,19232729,2.91,5.36,0.542910447761194,TRUE
"chr10",19904133,19904391,1.17,0,0,FALSE
"chr10",22003041,22003224,8.75,63.1,0.138668779714739,FALSE
"chr10",22582872,22583108,0,13.11,0,FALSE
"chr10",22583683,22584196,25.65,11.32,0.441325536062378,TRUE
"chr10",22633008,22633416,10.48,100.01,0.104789521047895,FALSE
"chr10",22634689,22635010,9.33,2.38,0.255091103965702,FALSE
"chr10",22680688,22680969,0,36.91,0,FALSE
"chr10",22683336,22683626,11.65,47.02,0.247766907698852,FALSE
"chr10",24207816,24208065,2.34,7.75,0.301935483870968,TRUE
"chr10",26982142,26982487,3.5,77.38,0.0452313259240114,FALSE
"chr10",28256852,28257167,7.58,0.6,0.079155672823219,FALSE
"chr10",28495954,28497048,176.59,103.61,0.586726315193386,TRUE
"chr10",28900425,28900611,27.39,0.6,0.0219058050383352,FALSE
"chr10",28925367,28925854,50.12,205.96,0.243348222955914,FALSE
"chr10",28939768,28940154,62.36,61.9,0.992623476587556,TRUE
"chr10",28949645,28950003,1.75,1.19,0.68,TRUE
"chr10",29107927,29108267,81.58,89.88,0.907654650645305,TRUE
"chr10",29109049,29109319,32.63,3.57,0.109408519767085,FALSE
"chr10",29110475,29110832,9.9,2.98,0.301010101010101,TRUE
"chr10",29124781,29125368,130.54,72.04,0.551861498391298,TRUE
"chr10",29303441,29303827,2.33,7.15,0.325874125874126,TRUE
"chr10",29622460,29622774,23.31,24.42,0.954545454545454,TRUE
"chr10",29630232,29630720,61.18,271.42,0.22540711811952,FALSE
"chr10",29808722,29809088,16.9,22.63,0.746796288113124,TRUE
"chr10",29812143,29812805,69.94,98.82,0.707751467314309,TRUE
"chr10",30542157,30542643,12.24,0.6,0.0490196078431373,FALSE
"chr10",31759069,31759373,89.16,192.85,0.462328234379051,TRUE
"chr10",32651542,32652026,16.32,6.55,0.401348039215686,TRUE
"chr10",34427396,34427748,2.91,30.95,0.0940226171243942,FALSE
"chr10",43026337,43026808,196.38,304.16,0.645647027880063,TRUE
"chr10",43038024,43038315,6.41,47.03,0.136295981288539,FALSE
"chr10",43044727,43044979,604.91,19.05,0.0314922881089749,FALSE
"chr10",43082155,43082431,23.31,14.89,0.638781638781639,TRUE
"chr10",43110712,43111144,11.65,51.79,0.224946900946129,FALSE
"chr10",43111842,43112080,20.4,0,0,FALSE
"chr10",44173238,44173911,133.46,49.42,0.370298216694141,TRUE
"chr10",44236793,44237211,0.58,3.57,0.162464985994398,FALSE
"chr10",44244109,44244298,18.65,5.96,0.319571045576408,TRUE
"chr10",44245042,44245281,7.58,1.79,0.236147757255937,FALSE
"chr10",44259148,44259394,12.24,45.24,0.270557029177719,FALSE
"chr10",44640923,44641310,20.4,5.37,0.263235294117647,FALSE
"chr10",44642083,44642421,5.83,0,0,FALSE
"chr10",46046615,46046857,6.41,4.77,0.74414976599064,TRUE
"chr10",46048075,46048436,5.83,20.84,0.279750479846449,FALSE
"chr10",48287913,48288299,30.88,158.94,0.194287152384548,FALSE
"chr10",48288816,48289113,140.44,9.53,0.0678581600683566,FALSE
"chr10",48291230,48291466,0.58,4.17,0.139088729016787,FALSE
"chr10",48813994,48814281,0.58,15.48,0.0374677002583979,FALSE
"chr10",48814918,48815253,0,0,0,FALSE
"chr10",50361160,50361447,24.48,5.37,0.219362745098039,FALSE
"chr10",50473884,50474336,1.17,10.72,0.109141791044776,FALSE
"chr10",52313337,52313538,107.82,25.01,0.231960675199406,FALSE
"chr10",52435648,52435892,5.82,0,0,FALSE
"chr10",59323093,59323654,11.66,18.45,0.631978319783198,TRUE
"chr10",59350261,59350851,2.92,16.08,0.181592039800995,FALSE
"chr10",59351149,59351376,0,0,0,FALSE
"chr10",59835417,59835749,4.08,14.89,0.274009402283412,FALSE
"chr10",60063450,60063756,0,0.6,0,FALSE
"chr10",60173308,60173592,0.58,2.39,0.242677824267782,FALSE
"chr10",60817218,60817438,0,0,0,FALSE
"chr10",60848203,60849068,75.19,12.53,0.166644500598484,FALSE
"chr10",60942914,60943176,66.44,36.31,0.546508127633956,TRUE
"chr10",61271554,61271866,8.16,0,0,FALSE
"chr10",61272791,61273094,1.75,0,0,FALSE
"chr10",61409854,61410182,4.08,29.17,0.139869729173809,FALSE
"chr10",61668350,61668578,2.34,0,0,FALSE
"chr10",62845364,62845653,9.33,2.98,0.319399785637728,TRUE
"chr10",63628714,63629007,108.4,792.86,0.136720228035214,FALSE
"chr10",63630549,63631309,730.78,88.7,0.121377158652399,FALSE
"chr10",63653541,63653829,0.58,0.6,0.966666666666667,TRUE
"chr10",63701663,63701982,1.17,7.15,0.163636363636364,FALSE
"chr10",63711820,63712632,273.31,202.38,0.740477845669752,TRUE
"chr10",63716033,63716216,0,28.57,0,FALSE
"chr10",63716984,63717225,6.4,18.45,0.346883468834688,TRUE
"chr10",63719323,63719509,8.16,5.36,0.656862745098039,TRUE
"chr10",67788597,67788882,29.13,6.56,0.225197391005836,FALSE
"chr10",67835527,67835772,0.58,6.56,0.0884146341463415,FALSE
"chr10",68087265,68087630,6.41,5.96,0.929797191887676,TRUE
"chr10",69213618,69214079,9.91,42.27,0.234445233025787,FALSE
"chr10",69315062,69315477,19.23,2.39,0.124284971398856,FALSE
"chr10",69316187,69316541,18.06,47.63,0.379172790258241,TRUE
"chr10",69319409,69319659,175.99,274.4,0.641362973760933,TRUE
"chr10",69439356,69439692,81,35.13,0.433703703703704,TRUE
"chr10",70867104,70867302,30.29,0,0,FALSE
"chr10",70868185,70868410,9.91,0,0,FALSE
"chr10",71309024,71309504,0,5.37,0,FALSE
"chr10",71512912,71513445,43.69,1.79,0.0409704737926299,FALSE
"chr10",72244591,72244781,12.24,7.14,0.583333333333333,TRUE
"chr10",72272605,72272944,27.39,95.24,0.287589248215036,FALSE
"chr10",72331653,72331863,53.02,154.16,0.343928386092372,TRUE
"chr10",73965765,73966095,15.16,51.18,0.29620945681907,TRUE
"chr10",74743358,74743689,18.07,10.12,0.560044272274488,TRUE
"chr10",74821643,74822502,86.84,48.82,0.56218332565638,TRUE
"chr10",74899842,74900223,7.58,0,0,FALSE
"chr10",74901365,74901755,37.29,6.55,0.175650308393671,FALSE
"chr10",75207020,75207401,15.15,5.36,0.353795379537954,TRUE
"chr10",75235801,75236002,28.55,43.45,0.657077100115075,TRUE
"chr10",75245406,75245699,59.44,47.63,0.801312247644684,TRUE
"chr10",76115352,76115565,15.73,17.86,0.880739081746921,TRUE
"chr10",76642059,76642720,0.58,0.6,0.966666666666667,TRUE
"chr10",77410025,77410474,69.36,29.76,0.429065743944637,TRUE
"chr10",77415290,77415568,27.38,26.2,0.956902848794741,TRUE
"chr10",77416810,77417086,16.31,81.55,0.2,FALSE
"chr10",77417413,77417706,25.64,25.6,0.998439937597504,TRUE
"chr10",77431242,77431430,7.58,36.91,0.205364399891628,FALSE
"chr10",77480022,77480549,35.56,16.68,0.469066366704162,TRUE
"chr10",77507230,77507790,22.15,108.35,0.204430087678819,FALSE
"chr10",77555033,77555418,22.16,28.57,0.775638781939097,TRUE
"chr10",77606954,77607158,46.04,44.04,0.956559513466551,TRUE
"chr10",77869975,77870311,6.99,121.45,0.0575545491972005,FALSE
"chr10",77872270,77872601,47.2,66.07,0.714393824731346,TRUE
"chr10",77887581,77887844,20.4,81.55,0.250153280196199,FALSE
"chr10",77889382,77889750,51.28,212.5,0.241317647058824,FALSE
"chr10",77972233,77972542,13.99,22.03,0.635043123014072,TRUE
"chr10",78301925,78302379,33.8,95.81,0.352781546811398,TRUE
"chr10",79105143,79105347,0,14.28,0,FALSE
"chr10",79128491,79129215,115.38,36.92,0.319986132778645,TRUE
"chr10",79157381,79157640,5.25,88.68,0.0592016238159675,FALSE
"chr10",79158482,79158865,115.96,160.72,0.721503235440518,TRUE
"chr10",79162750,79163228,15.16,25.61,0.591956267083171,TRUE
"chr10",79238563,79238786,50.11,176.19,0.284408876780748,FALSE
"chr10",79239540,79239888,30.29,166.09,0.182371003672708,FALSE
"chr10",79240149,79240403,117.13,117.86,0.993806210758527,TRUE
"chr10",80013277,80013831,30.88,45.24,0.682581786030062,TRUE
"chr10",80014647,80015033,54.78,156.55,0.349920153305653,TRUE
"chr10",80205802,80206205,82.18,80.96,0.98515453881723,TRUE
"chr10",80291031,80291332,31.47,22.62,0.718779790276454,TRUE
"chr10",80436479,80436776,25.64,4.77,0.18603744149766,FALSE
"chr10",80947353,80947584,0,0,0,FALSE
"chr10",80964286,80964531,6.41,1.79,0.279251170046802,FALSE
"chr10",80966509,80966959,21.57,29.76,0.724798387096774,TRUE
"chr10",86668710,86668905,2.92,0.6,0.205479452054795,FALSE
"chr10",86943392,86943676,4.08,24.41,0.167144612863581,FALSE
"chr10",86968381,86968737,209.78,11.91,0.0567737629897988,FALSE
"chr10",87008434,87008709,26.23,2.98,0.113610369805566,FALSE
"chr10",87705486,87705773,0.58,1.79,0.324022346368715,TRUE
"chr10",88385575,88385958,34.38,8.34,0.242582897033159,FALSE
"chr10",88387536,88387803,19.81,3.58,0.180716809692075,FALSE
"chr10",88951494,88951694,0.58,24.41,0.0237607537894306,FALSE
"chr10",89373444,89373656,4.67,5.37,0.869646182495344,TRUE
"chr10",90917735,90918075,8.17,56.54,0.144499469402193,FALSE
"chr10",91298721,91298904,8.16,5.36,0.656862745098039,TRUE
"chr10",91350637,91350857,0.58,4.76,0.121848739495798,FALSE
"chr10",91360876,91361321,2.91,1.79,0.615120274914089,TRUE
"chr10",91556795,91557057,1.75,39.3,0.044529262086514,FALSE
"chr10",91671508,91671845,19.81,41.66,0.475516082573212,TRUE
"chr10",92123112,92123356,36.71,60.72,0.604578392621871,TRUE
"chr10",93071693,93072026,34.38,42.26,0.813535257927118,TRUE
"chr10",93404059,93404328,4.08,10.12,0.403162055335968,TRUE
"chr10",93435046,93435577,41.98,269.64,0.15568906690402,FALSE
"chr10",93440614,93440977,53.6,27.99,0.522201492537313,TRUE
"chr10",96479181,96479516,1.17,0,0,FALSE
"chr10",97337405,97337617,21.57,11.91,0.552155771905424,TRUE
"chr10",97566398,97566661,23.89,11.32,0.473838426119715,TRUE
"chr10",97571557,97571991,196.98,179.77,0.912630723931364,TRUE
"chr10",97580275,97580623,13.42,3.58,0.266766020864382,FALSE
"chr10",98314444,98314904,1.16,1.79,0.64804469273743,TRUE
"chr10",98363130,98363421,78.08,58.93,0.754738729508197,TRUE
"chr10",98363806,98364118,35.53,14.89,0.419082465522094,TRUE
"chr10",98366245,98366453,40.2,42.86,0.937937470835278,TRUE
"chr10",100301059,100301384,1.17,2.98,0.39261744966443,TRUE
"chr10",100710052,100710454,18.65,16.67,0.893833780160858,TRUE
"chr10",100883249,100883754,145.68,39.89,0.27381933003844,FALSE
"chr10",102207136,102207581,2.91,8.34,0.348920863309353,TRUE
"chr10",102208688,102208954,13.4,10.72,0.8,TRUE
"chr10",102710574,102711074,414.93,164.87,0.397344130335237,TRUE
"chr10",103168448,103168743,2.91,11.91,0.244332493702771,FALSE
"chr10",103543176,103543414,11.07,0.6,0.0542005420054201,FALSE
"chr10",103544080,103544317,2.33,1.79,0.768240343347639,TRUE
"chr10",103575675,103576009,2.34,0.6,0.256410256410256,FALSE
"chr10",103890118,103890479,27.97,246.43,0.113500791299761,FALSE
"chr10",103931262,103931982,41.39,253.57,0.163229088614584,FALSE
"chr10",104254445,104254723,5.83,13.7,0.425547445255474,TRUE
"chr10",104480846,104481205,62.36,14.88,0.238614496472098,FALSE
"chr10",110002673,110002958,2.33,0.6,0.257510729613734,FALSE
"chr10",110010456,110010702,33.81,42.26,0.800047326076668,TRUE
"chr10",110789157,110789351,16.89,69.05,0.244605358435916,FALSE
"chr10",110789840,110790213,121.22,54.76,0.451740636858604,TRUE
"chr10",110790766,110791022,131.12,10.72,0.0817571690054912,FALSE
"chr10",110791168,110791468,39.62,48.22,0.821650767316466,TRUE
"chr10",110805446,110805716,7,11.31,0.618921308576481,TRUE
"chr10",110819515,110819781,93.83,4.17,0.0444420760950655,FALSE
"chr10",110822662,110822927,15.74,115.48,0.136300658122619,FALSE
"chr10",110844144,110844367,15.73,21.43,0.73401773215119,TRUE
"chr10",111107849,111108184,1.17,23.22,0.0503875968992248,FALSE
"chr10",112295994,112296561,20.4,23.81,0.856782864342713,TRUE
"chr10",113678523,113679163,47.21,144.05,0.327733425893787,TRUE
"chr10",113921892,113922391,19.83,16.08,0.81089258698941,TRUE
"chr10",113926121,113926449,15.15,67.85,0.223286661753869,FALSE
"chr10",113927286,113927916,85.67,65.49,0.764444963231003,TRUE
"chr10",113958567,113958931,9.32,21.44,0.434701492537313,TRUE
"chr10",113966932,113967501,97.31,20.25,0.208097831671976,FALSE
"chr10",113979893,113980156,1.75,4.17,0.419664268585132,TRUE
"chr10",113982690,113983050,67.6,82.74,0.817017162194827,TRUE
"chr10",113983482,113983737,129.37,13.7,0.105897812475844,FALSE
"chr10",114057054,114057440,21.57,16.68,0.773296244784423,TRUE
"chr10",114178885,114179194,3.5,28.58,0.122463261021693,FALSE
"chr10",114182032,114182260,36.14,42.27,0.854979891175775,TRUE
"chr10",114239019,114239702,74.59,20.25,0.271484113151897,FALSE
"chr10",114337060,114337338,3.5,3.58,0.977653631284916,TRUE
"chr10",114349510,114350084,75.17,28.57,0.380071837169083,TRUE
"chr10",114507420,114507690,5.83,51.8,0.112548262548263,FALSE
"chr10",114508051,114508368,11.07,16.67,0.664067186562687,TRUE
"chr10",115664558,115665123,45.45,1.2,0.0264026402640264,FALSE
"chr10",115670679,115670937,0,0,0,FALSE
"chr10",116143356,116143659,9.91,19.06,0.5199370409234,TRUE
"chr10",116143761,116144004,6.99,39.29,0.177907864596589,FALSE
"chr10",117005786,117005990,110.72,14.29,0.129064306358382,FALSE
"chr10",118116873,118117148,0,5.36,0,FALSE
"chr10",118356726,118356956,1.17,0.6,0.512820512820513,TRUE
"chr10",118381691,118381985,0,1.79,0,FALSE
"chr10",118625572,118625832,0.58,8.34,0.0695443645083933,FALSE
"chr10",119000803,119000986,3.49,2.38,0.681948424068768,TRUE
"chr10",119317519,119317803,70.51,4.77,0.0676499787264218,FALSE
"chr10",119542743,119543100,172.49,29.17,0.169111252826251,FALSE
"chr10",119664150,119664469,51.29,25,0.487424449210372,TRUE
"chr10",119668008,119668282,59.43,30.36,0.510853104492681,TRUE
"chr10",119688131,119688405,8.75,14.88,0.588037634408602,TRUE
"chr10",119689095,119689417,0.58,179.76,0.00322652425456164,FALSE
"chr10",120949583,120949808,15.73,79.77,0.19719192678952,FALSE
"chr10",120996734,120996961,27.38,4.77,0.174214755295836,FALSE
"chr10",121500632,121501087,16.89,40.48,0.417243083003953,TRUE
"chr10",121501638,121501952,65.28,35.11,0.537837009803922,TRUE
"chr10",121509659,121509913,16.91,110.71,0.152741396441153,FALSE
"chr10",121510167,121510574,68.76,159.53,0.431016109822604,TRUE
"chr10",121523666,121523950,2.33,8.33,0.279711884753902,FALSE
"chr10",121553803,121554097,3.49,16.08,0.217039800995025,FALSE
"chr10",121554953,121555261,44.86,19.05,0.424654480606331,TRUE
"chr10",121579910,121580148,3.49,13.69,0.254930606281958,FALSE
"chr10",121590150,121590424,4.67,5.96,0.783557046979866,TRUE
"chr10",123721846,123722296,37.88,85.72,0.441903873075128,TRUE
"chr10",123722883,123723182,62.35,7.75,0.1242983159583,FALSE
"chr10",123743936,123744465,312.94,86.33,0.275867578449543,FALSE
"chr10",123751179,123751785,91.48,44.66,0.488194140795802,TRUE
"chr10",124893295,124893715,34.96,4.17,0.119279176201373,FALSE
"chr10",125123824,125124145,25.64,10.13,0.395085803432137,TRUE
"chr10",125129357,125129712,12.82,27.98,0.458184417441029,TRUE
"chr10",125543655,125544149,11.07,3.58,0.323396567299006,TRUE
"chr10",125624746,125625222,79.84,105.37,0.757710923412736,TRUE
"chr10",125625873,125626242,61.76,33.93,0.549384715025907,TRUE
"chr10",125634216,125634553,38.46,3.58,0.093083723348934,FALSE
"chr10",125690718,125691049,8.16,20.84,0.391554702495202,TRUE
"chr10",125695023,125695488,69.94,1.79,0.0255933657420646,FALSE
"chr10",126059460,126060110,37.89,26.2,0.691475323304302,TRUE
"chr10",126060284,126060627,5.82,10.13,0.574531095755183,TRUE
"chr10",126062384,126062717,12.24,11.32,0.92483660130719,TRUE
"chr10",126175867,126176273,41.95,10.72,0.25554231227652,FALSE
"chr10",126240609,126241090,11.66,67.26,0.173357121617603,FALSE
"chr10",126543712,126544094,12.83,1.2,0.0935307872174591,FALSE
"chr10",126903658,126903889,2.92,97.62,0.0299119032985044,FALSE
"chr10",126918278,126918885,81.59,13.7,0.167912734403726,FALSE
"chr10",126935594,126935949,4.66,2.39,0.512875536480687,TRUE
"chr10",128540885,128541590,15.73,36.93,0.425940969401571,TRUE
"chr10",129036922,129037269,29.14,8.93,0.306451612903226,TRUE
"chr10",131654858,131655438,21.57,11.32,0.524802967083913,TRUE
"chr10",132163120,132163470,34.37,97.03,0.354220344223436,TRUE
"chr10",132164604,132165009,115.96,113.1,0.975336322869955,TRUE
"chr10",132265660,132266065,2.33,20.85,0.111750599520384,FALSE
"chr10",132452260,132452522,8.74,19.06,0.458551941238195,TRUE
"chr10",132539364,132539712,26.81,126.78,0.211468685912605,FALSE
"chr10",132556863,132557438,51.27,23.8,0.464209089135947,TRUE
"chr10",132572165,132572438,23.31,8.34,0.357786357786358,TRUE
"chr11",470003,470372,30.88,1.79,0.0579663212435233,FALSE
"chr11",539961,540192,0.58,0,0,FALSE
"chr11",1796345,1796988,34.96,323.81,0.10796454711096,FALSE
"chr11",1828550,1828903,155.61,44.65,0.286935286935287,FALSE
"chr11",1829181,1829453,109.57,19.65,0.179337409874966,FALSE
"chr11",1830859,1831203,60.6,48.22,0.795709570957096,TRUE
"chr11",2165266,2165574,23.31,71.44,0.326287793952968,TRUE
"chr11",2169022,2169794,26.23,16.69,0.63629431948151,TRUE
"chr11",2190862,2191169,59.45,77.97,0.762472745927921,TRUE
"chr11",2193243,2193722,79.82,58.34,0.73089451265347,TRUE
"chr11",2210963,2211229,0,1.19,0,FALSE
"chr11",2483443,2483939,31.45,86.91,0.36186859970084,TRUE
"chr11",8229982,8230255,4.07,0,0,FALSE
"chr11",9089213,9089413,0.58,18.45,0.0314363143631436,FALSE
"chr11",9089666,9089931,10.48,0.6,0.0572519083969466,FALSE
"chr11",9896820,9897326,3.5,1.79,0.511428571428571,TRUE
"chr11",10742755,10743159,15.73,20.84,0.754798464491363,TRUE
"chr11",10743320,10743602,18.06,5.36,0.296788482834994,TRUE
"chr11",12245601,12245921,9.33,12.51,0.745803357314149,TRUE
"chr11",12248514,12248847,135.79,14.29,0.105236026216953,FALSE
"chr11",12249856,12250051,83.34,0,0,FALSE
"chr11",15613262,15613560,5.25,13.1,0.400763358778626,TRUE
"chr11",15614642,15614835,4.08,29.76,0.137096774193548,FALSE
"chr11",15615429,15615824,25.64,10.13,0.395085803432137,TRUE
"chr11",15901901,15902121,8.74,17.86,0.48936170212766,TRUE
"chr11",16956688,16957085,23.31,97.03,0.240234978872514,FALSE
"chr11",16986511,16986822,12.82,119.64,0.107154797726513,FALSE
"chr11",16987240,16987448,67.59,17.27,0.255511170291463,FALSE
"chr11",16989372,16989799,56.53,72.03,0.784811883937248,TRUE
"chr11",17405682,17406112,40.21,45.85,0.876990185387132,TRUE
"chr11",17770028,17770407,5.25,4.76,0.906666666666667,TRUE
"chr11",17923815,17924026,19.23,39.28,0.489562118126273,TRUE
"chr11",17924790,17925091,39.62,27.97,0.705956587582029,TRUE
"chr11",17927700,17927989,13.41,31.54,0.425174381737476,TRUE
"chr11",20031753,20032297,29.72,0.6,0.0201884253028264,FALSE
"chr11",27416296,27416534,2.33,4.17,0.558752997601919,TRUE
"chr11",30521539,30522046,1.75,17.87,0.097929490766648,FALSE
"chr11",30527550,30527903,31.47,4.17,0.132507149666349,FALSE
"chr11",34633649,34633976,81.58,11.91,0.145991664623682,FALSE
"chr11",34668289,34668583,0,0,0,FALSE
"chr11",34823217,34823544,2.91,2.38,0.81786941580756,TRUE
"chr11",35295910,35296180,30.3,7.15,0.235973597359736,FALSE
"chr11",35365931,35366205,6.41,8.93,0.717805151175812,TRUE
"chr11",35389896,35390234,80.42,16.08,0.199950261129072,FALSE
"chr11",35391015,35391209,31.47,54.75,0.574794520547945,TRUE
"chr11",35553880,35554339,41.37,38.7,0.935460478607687,TRUE
"chr11",44096284,44096642,8.16,0,0,FALSE
"chr11",44143986,44144279,0,9.52,0,FALSE
"chr11",44300815,44301385,46.02,8.34,0.18122555410691,FALSE
"chr11",44950718,44950901,4.66,212.5,0.0219294117647059,FALSE
"chr11",45161349,45161696,14.58,7.74,0.530864197530864,TRUE
"chr11",45408477,45408708,1.17,20.84,0.0561420345489443,FALSE
"chr11",45408987,45409327,36.13,20.24,0.560199280376418,TRUE
"chr11",46234123,46234580,3.5,1.79,0.511428571428571,TRUE
"chr11",46338620,46338863,8.16,10.72,0.761194029850746,TRUE
"chr11",46339445,46339674,32.64,0.6,0.0183823529411765,FALSE
"chr11",46342205,46342442,0,1.19,0,FALSE
"chr11",46363598,46364000,44.29,6.56,0.148114698577557,FALSE
"chr11",46616609,46616797,40.22,35.71,0.887866732968672,TRUE
"chr11",60757183,60757555,46.62,53.58,0.87010078387458,TRUE
"chr11",60757667,60757858,29.14,27.38,0.939601921757035,TRUE
"chr11",62046806,62046996,23.31,38.7,0.602325581395349,TRUE
"chr11",63620022,63620338,6.41,7.15,0.896503496503496,TRUE
"chr11",63622478,63622832,104.31,38.69,0.370913622854952,TRUE
"chr11",63869693,63869910,232.52,12.5,0.0537588164458971,FALSE
"chr11",63872241,63872538,818.78,83.34,0.101785583429004,FALSE
"chr11",63872903,63873294,305.96,148.8,0.486338083409596,TRUE
"chr11",63874565,63874937,47.78,10.12,0.211804102134784,FALSE
"chr11",64268468,64268656,6.99,10.12,0.690711462450593,TRUE
"chr11",64359278,64359588,68.19,14.89,0.218360463411057,FALSE
"chr11",64506798,64507086,0,2.98,0,FALSE
"chr11",64876852,64877091,65.27,94.04,0.694066354742663,TRUE
"chr11",65379941,65380240,25.64,24.41,0.952028081123245,TRUE
"chr11",65417068,65417355,215.04,27.98,0.130115327380952,FALSE
"chr11",65418404,65418976,307.71,427.38,0.7199915765829,TRUE
"chr11",66012745,66013088,1.17,1.2,0.975,TRUE
"chr11",66124644,66124951,39.61,13.09,0.330472103004292,TRUE
"chr11",67022516,67022846,101.4,391.06,0.259295248810924,FALSE
"chr11",67027682,67028234,310.03,160.13,0.516498403380318,TRUE
"chr11",67028882,67029207,247.69,30.97,0.125035326416085,FALSE
"chr11",67062275,67062478,6.99,8.34,0.838129496402878,TRUE
"chr11",67248670,67248959,28.56,11.91,0.417016806722689,TRUE
"chr11",67683421,67683870,92.07,41.67,0.452590420332356,TRUE
"chr11",68018430,68018694,0.58,0.6,0.966666666666667,TRUE
"chr11",68038283,68038527,2.92,1.79,0.613013698630137,TRUE
"chr11",68216549,68216864,75.76,62.51,0.825105596620908,TRUE
"chr11",68341399,68341602,7.57,14.3,0.529370629370629,TRUE
"chr11",68344100,68344313,9.92,7.14,0.719758064516129,TRUE
"chr11",68817636,68817935,1.17,9.54,0.122641509433962,FALSE
"chr11",68818238,68818550,103.15,84.52,0.81938923897237,TRUE
"chr11",68819457,68819947,110.14,123.21,0.893920947975002,TRUE
"chr11",68973290,68973646,155.61,91.66,0.589036694299852,TRUE
"chr11",69122793,69123049,43.12,60.12,0.717232202262142,TRUE
"chr11",69301794,69302059,11.07,23.81,0.464930701385972,TRUE
"chr11",69515271,69515869,220.87,106.57,0.482501018698782,TRUE
"chr11",69517731,69517958,68.77,27.97,0.406718045659445,TRUE
"chr11",69533991,69534451,38.48,92.87,0.414342629482072,TRUE
"chr11",69541708,69542029,13.4,98.82,0.135600080955272,FALSE
"chr11",69653985,69654210,32.63,35.12,0.929100227790433,TRUE
"chr11",69654433,69654743,283.8,51.8,0.182522903453136,FALSE
"chr11",69654994,69655184,247.09,52.98,0.214415799910964,FALSE
"chr11",69697209,69697586,110.72,86.3,0.779443641618497,TRUE
"chr11",69888559,69888790,3.5,7.74,0.452196382428941,TRUE
"chr11",69891389,69892301,347.91,504.17,0.690064859075312,TRUE
"chr11",69893086,69893411,209.81,232.74,0.901478044169459,TRUE
"chr11",69894432,69894823,537.9,165.48,0.307640825432236,TRUE
"chr11",69914684,69915022,19.23,78.57,0.244749904543719,FALSE
"chr11",70106123,70106779,34.96,61.32,0.570123939986954,TRUE
"chr11",70116630,70116970,9.32,47.03,0.198171379970232,FALSE
"chr11",70203499,70203738,64.1,33.33,0.51996879875195,TRUE
"chr11",70497119,70497320,3.5,12.51,0.279776179056755,FALSE
"chr11",70760268,70760629,27.39,21.43,0.782402336619204,TRUE
"chr11",70762636,70762877,1.17,0,0,FALSE
"chr11",70805822,70806202,3.5,25,0.14,FALSE
"chr11",71207626,71207854,8.74,13.1,0.667175572519084,TRUE
"chr11",71251799,71252205,275.07,104.17,0.378703602719308,TRUE
"chr11",71282742,71282969,3.5,4.18,0.837320574162679,TRUE
"chr11",71448928,71449322,149.77,62.52,0.417440074781331,TRUE
"chr11",71477600,71477823,14,0.6,0.0428571428571429,FALSE
"chr11",71481359,71481841,146.28,104.17,0.712127426852611,TRUE
"chr11",72041620,72041862,59.45,61.31,0.969662371554396,TRUE
"chr11",72782741,72782999,132.27,539.87,0.245003426750884,FALSE
"chr11",72786363,72786829,1775.08,427.98,0.241104626270365,FALSE
"chr11",72823781,72824036,39.05,9.53,0.24404609475032,FALSE
"chr11",73192319,73192737,172.5,297.62,0.579598145285935,TRUE
"chr11",73193813,73194238,276.82,1128.58,0.245281681404951,FALSE
"chr11",73194552,73194988,465.62,1712.51,0.27189330281283,FALSE
"chr11",73200253,73200614,75.76,20.24,0.267159450897571,FALSE
"chr11",73227721,73228501,266.9,276.8,0.964234104046243,TRUE
"chr11",74069187,74069374,5.25,42.86,0.122491833877741,FALSE
"chr11",74417384,74417760,13.41,0,0,FALSE
"chr11",75036016,75036367,13.99,1.2,0.0857755539671194,FALSE
"chr11",75333741,75334165,45.45,25.61,0.563476347634763,TRUE
"chr11",75343044,75343227,8.74,10.71,0.816059757236228,TRUE
"chr11",75349482,75349691,0.58,8.94,0.0648769574944072,FALSE
"chr11",75351092,75351510,139.28,46.42,0.333285468121769,TRUE
"chr11",75791986,75792418,15.72,16.66,0.943577430972389,TRUE
"chr11",76769780,76769987,80.41,48.21,0.599552294490735,TRUE
"chr11",76772508,76773063,69.35,61.31,0.884066330209084,TRUE
"chr11",76773834,76774138,63.52,119.05,0.533557328853423,TRUE
"chr11",76921475,76921944,2.33,0.6,0.257510729613734,FALSE
"chr11",77020247,77020577,4.08,0,0,FALSE
"chr11",77038402,77039031,13.99,1.8,0.128663330950679,FALSE
"chr11",77192086,77192271,1.17,5.96,0.196308724832215,FALSE
"chr11",77407739,77408023,12.24,13.7,0.893430656934307,TRUE
"chr11",78145735,78146029,51.87,41.07,0.791787160208213,TRUE
"chr11",78150698,78151082,19.81,30.37,0.652288442541982,TRUE
"chr11",78156015,78156729,107.82,39.3,0.364496382860323,TRUE
"chr11",78259783,78260536,65.27,442.27,0.14757953286454,FALSE
"chr11",78268205,78268590,53.61,420.84,0.127388080980895,FALSE
"chr11",78311876,78312297,24.47,26.79,0.913400522583053,TRUE
"chr11",78386617,78386841,1.75,25,0.07,FALSE
"chr11",78396534,78396950,15.14,48.22,0.3139776026545,TRUE
"chr11",78420988,78421249,25.64,64.28,0.398879900435594,TRUE
"chr11",79053124,79053402,4.09,3.58,0.875305623471883,TRUE
"chr11",79055765,79056014,3.5,4.77,0.733752620545073,TRUE
"chr11",79059719,79060614,167.26,494.07,0.338535025401259,TRUE
"chr11",79353663,79354191,4.07,4.76,0.855042016806723,TRUE
"chr11",82640067,82640397,0,1.79,0,FALSE
"chr11",82747383,82747621,0,0,0,FALSE
"chr11",82994322,82994601,0,16.68,0,FALSE
"chr11",83004095,83004722,11.66,42.86,0.272048530097993,FALSE
"chr11",83013354,83013650,16.32,5.36,0.32843137254902,TRUE
"chr11",83018733,83019063,0,12.52,0,FALSE
"chr11",83034958,83035176,1.17,4.17,0.280575539568345,FALSE
"chr11",83362053,83362369,39.04,1.19,0.0304815573770492,FALSE
"chr11",83404599,83404989,6.4,0,0,FALSE
"chr11",83410701,83411109,11.66,10.14,0.869639794168096,TRUE
"chr11",84687494,84687809,0.58,7.15,0.0811188811188811,FALSE
"chr11",84688517,84688791,2.33,2.98,0.781879194630873,TRUE
"chr11",85137190,85137603,0,4.17,0,FALSE
"chr11",85137709,85137920,0.58,1.19,0.487394957983193,TRUE
"chr11",86497054,86497425,40.21,13.11,0.326038298930614,TRUE
"chr11",86499714,86500221,67.59,60.12,0.88948069241012,TRUE
"chr11",86670285,86670490,2.33,60.71,0.0383791797068028,FALSE
"chr11",86671257,86672011,174.26,61.33,0.351945368988867,TRUE
"chr11",86674051,86674369,10.48,4.17,0.397900763358779,TRUE
"chr11",86680224,86680476,12.24,0.6,0.0490196078431373,FALSE
"chr11",86706126,86706596,2.92,10.73,0.272134203168686,FALSE
"chr11",86776226,86776626,27.98,1.79,0.0639742673338099,FALSE
"chr11",86790310,86790701,31.47,39.89,0.788919528703936,TRUE
"chr11",86791579,86791840,99.65,6.55,0.0657300551931761,FALSE
"chr11",86795481,86796206,39.04,14.31,0.366547131147541,TRUE
"chr11",87000494,87000720,1.75,0,0,FALSE
"chr11",87924117,87924479,0,2.39,0,FALSE
"chr11",94196398,94196734,1.75,0,0,FALSE
"chr11",94544147,94544425,171.33,61.91,0.361349442596159,TRUE
"chr11",94830876,94831201,34.96,4.76,0.136155606407323,FALSE
"chr11",94831589,94831817,26.81,0,0,FALSE
"chr11",94832695,94832981,52.44,27.4,0.522501906941266,TRUE
"chr11",94845605,94845891,54.2,1.19,0.0219557195571956,FALSE
"chr11",100632956,100633230,18.66,4.77,0.255627009646302,FALSE
"chr11",100980992,100981198,2.33,0,0,FALSE
"chr11",100999802,101000091,9.33,0,0,FALSE
"chr11",101034045,101034527,43.12,72.02,0.598722577061927,TRUE
"chr11",101078524,101078884,0,0.6,0,FALSE
"chr11",101178478,101178920,19.81,1.79,0.0903584048460374,FALSE
"chr11",101254109,101254335,9.9,4.18,0.422222222222222,TRUE
"chr11",101299182,101299998,54.79,50.01,0.912757802518708,TRUE
"chr11",101300451,101300851,10.5,1.79,0.17047619047619,FALSE
"chr11",101336064,101336582,6.99,73.22,0.0954657197487025,FALSE
"chr11",101336854,101337239,37.28,52.98,0.703661759154398,TRUE
"chr11",101351887,101352177,3.5,1.19,0.34,TRUE
"chr11",101436487,101436932,5.82,9.53,0.610703043022036,TRUE
"chr11",101438099,101438532,5.24,12.51,0.418864908073541,TRUE
"chr11",101440146,101440331,29.72,16.67,0.560901749663526,TRUE
"chr11",101441695,101442130,102.57,63.69,0.620941795846739,TRUE
"chr11",101443714,101444070,22.73,60.13,0.378014302344919,TRUE
"chr11",101686739,101687051,8.15,1.79,0.219631901840491,FALSE
"chr11",101775218,101775488,6.99,0.6,0.0858369098712446,FALSE
"chr11",102467134,102467346,0,0,0,FALSE
"chr11",103552582,103552787,0,0,0,FALSE
"chr11",106461137,106461484,2.92,0,0,FALSE
"chr11",106461926,106462521,5.82,0,0,FALSE
"chr11",111327963,111328217,9.33,63.1,0.147860538827258,FALSE
"chr11",111334624,111335000,26.81,32.75,0.818625954198473,TRUE
"chr11",111336086,111336426,22.15,16.08,0.725959367945824,TRUE
"chr11",112293021,112293423,47.79,1.79,0.0374555346306759,FALSE
"chr11",113781787,113782131,44.29,7.74,0.174757281553398,FALSE
"chr11",114315969,114316356,3.5,0,0,FALSE
"chr11",115471499,115471734,1.75,0,0,FALSE
"chr11",116740896,116741227,3.5,7.75,0.451612903225806,TRUE
"chr11",116808354,116808629,15.15,7.74,0.510891089108911,TRUE
"chr11",116836180,116836536,10.49,2.98,0.284080076263108,FALSE
"chr11",117183793,117184226,115.39,120.25,0.9595841995842,TRUE
"chr11",117185184,117185501,174.82,13.1,0.0749342180528544,FALSE
"chr11",117303080,117303448,68.18,23.21,0.3404224112643,TRUE
"chr11",117929305,117929502,15.73,230.35,0.0682873887562405,FALSE
"chr11",118057305,118057508,46.03,150.59,0.305664386745468,TRUE
"chr11",118057815,118058305,113.06,417.86,0.270569090125879,FALSE
"chr11",118545608,118545912,30.31,14.29,0.471461563840317,TRUE
"chr11",118620737,118621022,22.72,32.14,0.706907280647169,TRUE
"chr11",119681398,119681637,4.67,11.32,0.412544169611307,TRUE
"chr11",119909849,119910374,32.64,77.99,0.418515194255674,TRUE
"chr11",120235596,120235847,1.17,3.58,0.326815642458101,TRUE
"chr11",120301920,120302188,4.08,200.6,0.0203389830508475,FALSE
"chr11",120637176,120637463,40.21,7.75,0.192738124844566,FALSE
"chr11",120812731,120813383,5.25,8.94,0.587248322147651,TRUE
"chr11",120952519,120952837,8.16,2.39,0.292892156862745,TRUE
"chr11",120985904,120986147,4.08,4.17,0.97841726618705,TRUE
"chr11",121326170,121326460,13.4,2.38,0.177611940298507,FALSE
"chr11",121953103,121953456,2.33,0,0,FALSE
"chr11",123072358,123072541,4.08,2.38,0.583333333333333,TRUE
"chr11",123096377,123096779,4.66,67.86,0.0686707928087238,FALSE
"chr11",123097766,123098046,12.82,10.13,0.790171606864275,TRUE
"chr11",126083124,126083451,64.11,15.49,0.241615972547185,FALSE
"chr11",129319317,129319502,37.3,10.12,0.271313672922252,FALSE
"chr11",129324590,129324937,75.75,74.41,0.982310231023102,TRUE
"chr11",129641647,129641859,2.33,0.6,0.257510729613734,FALSE
"chr11",129642264,129642575,1.16,2.99,0.387959866220736,TRUE
"chr11",129643186,129643448,3.49,4.17,0.836930455635492,TRUE
"chr11",129694367,129694906,102.56,53.58,0.522425897035881,TRUE
"chr11",129695920,129696295,17.48,70.84,0.246753246753247,FALSE
"chr11",129704389,129704682,9.32,2.98,0.319742489270386,TRUE
"chr11",131692131,131692628,25.07,64.89,0.386346124210202,TRUE
"chr11",131696542,131697236,213.88,136.92,0.64017205909856,TRUE
"chr11",131700332,131700743,0,19.65,0,FALSE
"chr11",131709866,131710192,5.83,7.74,0.753229974160207,TRUE
"chr11",131897278,131897666,424.84,135.73,0.319484982581678,TRUE
"chr11",131897952,131898242,74.6,54.76,0.734048257372654,TRUE
"chr11",131900301,131900585,29.13,6.55,0.224854102300034,FALSE
"chr11",132969945,132970200,0,0.6,0,FALSE
"chr11",133215548,133215862,18.65,1.79,0.0959785522788204,FALSE
"chr11",134258625,134258994,43.12,52.39,0.823057835464783,TRUE
"chr11",134398749,134399024,15.73,6.56,0.417037507946599,TRUE
"chr11",134399685,134399952,4.08,0,0,FALSE
"chr11",134542497,134542791,122.38,13.1,0.107043634580814,FALSE
"chr11",134638428,134638616,104.31,327.99,0.318027988658191,TRUE
"chr11",134639333,134639665,51.28,526.18,0.0974571439431373,FALSE
"chr11",134640029,134640436,251.19,26.8,0.106692145387953,FALSE
"chr12",105459,105799,110.14,11.31,0.102687488650808,FALSE
"chr12",495197,495502,24.48,4.77,0.194852941176471,FALSE
"chr12",524125,524661,9.91,52.39,0.189158236304638,FALSE
"chr12",571757,572181,6.41,0,0,FALSE
"chr12",725204,725388,1.75,1.19,0.68,TRUE
"chr12",1629092,1629369,27.97,16.68,0.596353235609582,TRUE
"chr12",1767867,1768323,91.49,3.57,0.0390206579954093,FALSE
"chr12",1830416,1830772,2.33,41.67,0.0559155267578594,FALSE
"chr12",1830937,1831163,20.98,71.43,0.293714125717486,TRUE
"chr12",1836759,1837150,50.71,105.94,0.478667170096281,TRUE
"chr12",1841540,1841887,779.74,29.77,0.0381793931310437,FALSE
"chr12",1932223,1932569,154.44,66.66,0.431623931623932,TRUE
"chr12",1933722,1934159,181.82,88.7,0.487845121548785,TRUE
"chr12",1934869,1935146,142.19,38.7,0.272171038750967,FALSE
"chr12",2625339,2625574,7.57,25.59,0.295818679171551,TRUE
"chr12",2795902,2796218,196.98,29.16,0.1480353335364,FALSE
"chr12",3315330,3315567,5.25,14.29,0.367389783065081,TRUE
"chr12",3349835,3350219,53.61,125,0.42888,TRUE
"chr12",3514041,3514728,12.24,65.48,0.186927306047648,FALSE
"chr12",3747752,3748007,204.54,9.53,0.0465923535738731,FALSE
"chr12",5634989,5635518,40.21,7.75,0.192738124844566,FALSE
"chr12",6065255,6065686,115.39,23.82,0.206430366582893,FALSE
"chr12",6088850,6089210,41.37,804.17,0.0514443463446784,FALSE
"chr12",6235502,6235706,29.14,61.31,0.475289512314467,TRUE
"chr12",6237534,6237938,125.31,17.86,0.142526534195196,FALSE
"chr12",6263244,6263532,132.28,36.32,0.274569095857272,FALSE
"chr12",6264753,6265136,150.93,103.57,0.68621215132843,TRUE
"chr12",6275645,6275932,6.41,17.26,0.371378910776361,TRUE
"chr12",6278512,6278882,78.67,141.65,0.555382986233675,TRUE
"chr12",6363890,6364272,300.7,369.06,0.814772665691216,TRUE
"chr12",6533661,6533869,140.45,39.28,0.279672481310075,FALSE
"chr12",11661998,11662332,27.4,8.33,0.304014598540146,TRUE
"chr12",11753349,11753616,38.46,6.55,0.170306812272491,FALSE
"chr12",11754331,11754637,8.75,14.88,0.588037634408602,TRUE
"chr12",11861189,11861939,8.16,0,0,FALSE
"chr12",12267055,12267245,5.24,9.53,0.5498426023085,TRUE
"chr12",12356837,12357041,0,29.77,0,FALSE
"chr12",12433414,12433603,2.91,12.51,0.232613908872902,FALSE
"chr12",12499093,12499505,0.58,4.17,0.139088729016787,FALSE
"chr12",12586993,12587344,21.56,62.5,0.34496,TRUE
"chr12",12872262,12872699,2.92,15.5,0.188387096774194,FALSE
"chr12",13041235,13041579,17.48,32.74,0.53390348197923,TRUE
"chr12",13045535,13045733,36.14,120.24,0.300565535595476,TRUE
"chr12",13047079,13047464,64.11,7.74,0.120729995320543,FALSE
"chr12",13050079,13050610,169.01,180.36,0.937070303836771,TRUE
"chr12",13051534,13051742,25.64,37.5,0.683733333333333,TRUE
"chr12",14820078,14820388,0,9.53,0,FALSE
"chr12",14886398,14886621,60.03,11.31,0.188405797101449,FALSE
"chr12",14935556,14935908,4.66,0,0,FALSE
"chr12",15216382,15216891,4.66,8.93,0.521836506159015,TRUE
"chr12",15222168,15222516,11.65,9.53,0.818025751072961,TRUE
"chr12",15243131,15243497,2.91,13.1,0.222137404580153,FALSE
"chr12",15243604,15243904,31.46,26.78,0.851239669421488,TRUE
"chr12",15273957,15274296,0,9.53,0,FALSE
"chr12",15274592,15274852,6.41,4.77,0.74414976599064,TRUE
"chr12",18343769,18344090,4.67,11.91,0.392107472712007,TRUE
"chr12",18567880,18568127,0,0.6,0,FALSE
"chr12",22304471,22304658,4.08,1.79,0.438725490196078,TRUE
"chr12",23225783,23226371,68.77,32.15,0.467500363530609,TRUE
"chr12",23235105,23235760,18.65,89.3,0.208846584546473,FALSE
"chr12",24544092,24544719,0,2.98,0,FALSE
"chr12",26101416,26101822,156.76,161.91,0.968192205546291,TRUE
"chr12",26102036,26102558,153.86,29.77,0.193487586117249,FALSE
"chr12",27623521,27624251,26.21,5.95,0.227012590614269,FALSE
"chr12",31311215,31311505,0.58,23.81,0.0243595128097438,FALSE
"chr12",31431397,31431707,10.49,2.98,0.284080076263108,FALSE
"chr12",31459941,31460376,15.16,11.91,0.785620052770449,TRUE
"chr12",31749258,31749644,118.88,8.93,0.0751177658142665,FALSE
"chr12",31760050,31760478,19.81,20.83,0.951032165146423,TRUE
"chr12",31773434,31773810,11.07,72.63,0.152416356877323,FALSE
"chr12",39443162,39443538,18.06,43.46,0.41555453290382,TRUE
"chr12",39741769,39742051,0.58,0.6,0.966666666666667,TRUE
"chr12",42012384,42012575,2.33,7.15,0.325874125874126,TRUE
"chr12",42716038,42716342,0,0.6,0,FALSE
"chr12",45596212,45596645,1.75,0,0,FALSE
"chr12",45987677,45987976,4.66,130.96,0.0355833842394624,FALSE
"chr12",46201400,46201937,19.23,95.24,0.201910961780764,FALSE
"chr12",46209225,46209611,67.02,51.79,0.772754401671143,TRUE
"chr12",46219400,46219684,1.75,94.05,0.0186071238702818,FALSE
"chr12",46456295,46456662,134.61,4.18,0.0310526706782557,FALSE
"chr12",46493730,46494122,3.49,8.33,0.418967587034814,TRUE
"chr12",46509218,46509480,7.58,4.76,0.627968337730871,TRUE
"chr12",47188826,47189136,0.58,37.5,0.0154666666666667,FALSE
"chr12",47946597,47946932,6.99,26.19,0.266895761741123,FALSE
"chr12",48013300,48013523,21.56,0.6,0.0278293135435993,FALSE
"chr12",48021903,48022306,69.35,72.03,0.962793280577537,TRUE
"chr12",48023607,48023833,125.29,302.97,0.41353929431957,TRUE
"chr12",48024026,48024335,358.39,14.3,0.0399006668712855,FALSE
"chr12",48025972,48026178,28.56,1.79,0.0626750700280112,FALSE
"chr12",49187902,49188271,160.26,160.13,0.999188818170473,TRUE
"chr12",49277520,49277785,23.31,2.98,0.127842127842128,FALSE
"chr12",49804027,49804341,0,45.23,0,FALSE
"chr12",50402623,50402832,94.99,1.19,0.0125276344878408,FALSE
"chr12",50765557,50765816,138.11,69.04,0.499891390920281,TRUE
"chr12",51025788,51026184,62.36,286.91,0.21735038862361,FALSE
"chr12",51257519,51257745,0.58,5.96,0.0973154362416107,FALSE
"chr12",52086589,52086848,11.66,4.18,0.358490566037736,TRUE
"chr12",52116235,52116514,6.99,101.78,0.0686775397917076,FALSE
"chr12",52119441,52119634,0,12.5,0,FALSE
"chr12",52126581,52126874,8.16,4.17,0.511029411764706,TRUE
"chr12",52147439,52147693,138.12,204.17,0.676495077631386,TRUE
"chr12",52148684,52149437,321.1,75,0.233572095920274,FALSE
"chr12",52203320,52203941,82.74,25.6,0.309402948996858,TRUE
"chr12",52277784,52278047,28.55,11.91,0.417162872154116,TRUE
"chr12",52344783,52345173,323.46,109.52,0.338589006368639,TRUE
"chr12",52380416,52380664,1.75,0,0,FALSE
"chr12",52617366,52617728,23.89,2.98,0.124738384261197,FALSE
"chr12",52895168,52895554,18.08,2647.03,0.00683029659656294,FALSE
"chr12",52906642,52906896,247.1,306.55,0.806067525689121,TRUE
"chr12",52966415,52966681,1.17,19.64,0.0595723014256619,FALSE
"chr12",52969855,52970289,212.13,801.77,0.264577123115108,FALSE
"chr12",52971386,52971600,78.08,1448.8,0.0538928768636113,FALSE
"chr12",52971871,52972378,344.98,187.51,0.543538755869905,TRUE
"chr12",52972488,52972855,271.57,60.12,0.221379386530176,FALSE
"chr12",53004236,53004530,143.36,157.74,0.908837327247369,TRUE
"chr12",53157921,53158387,0.58,1.8,0.322222222222222,TRUE
"chr12",53825316,53825666,6.41,28.57,0.224361218060903,FALSE
"chr12",53827271,53827675,3.49,11.32,0.308303886925795,TRUE
"chr12",53949644,53949847,8.74,1.79,0.204805491990847,FALSE
"chr12",53977079,53977277,123.54,58.33,0.472154767686579,TRUE
"chr12",53977903,53978335,264.57,367.87,0.719194280588251,TRUE
"chr12",53983271,53983704,311.77,305.96,0.981364467395837,TRUE
"chr12",53990287,53990650,716.22,1054.17,0.679416033467088,TRUE
"chr12",54038198,54038436,52.45,10.72,0.204385128693994,FALSE
"chr12",54387677,54387925,20.39,15.48,0.759195684158901,TRUE
"chr12",54933522,54933737,7,2.98,0.425714285714286,TRUE
"chr12",57088604,57088951,84.5,160.73,0.525726373421265,TRUE
"chr12",57522182,57522522,71.08,182.16,0.390206411945542,TRUE
"chr12",57917730,57917956,0,113.1,0,FALSE
"chr12",57918114,57918436,0.58,13.11,0.0442410373760488,FALSE
"chr12",60907577,60907763,0,0,0,FALSE
"chr12",60910596,60910871,0,0,0,FALSE
"chr12",63084476,63084706,1.16,2.38,0.487394957983193,TRUE
"chr12",63086571,63086959,6.41,0.6,0.093603744149766,FALSE
"chr12",63985310,63985578,1.75,0,0,FALSE
"chr12",64018008,64018277,13.99,20.83,0.671627460393663,TRUE
"chr12",64018964,64019572,86.82,169.07,0.513515112083752,TRUE
"chr12",64080336,64080521,15.15,73.81,0.205256740279095,FALSE
"chr12",64081249,64081592,11.08,27.38,0.404674945215486,TRUE
"chr12",64600304,64600534,10.49,4.17,0.397521448999047,TRUE
"chr12",64600788,64601083,29.14,3.57,0.122512010981469,FALSE
"chr12",64608302,64608501,5.25,38.69,0.135693977772034,FALSE
"chr12",64611045,64611378,363.06,78.58,0.216438054316091,FALSE
"chr12",64625410,64625655,189.98,28.58,0.150436888093484,FALSE
"chr12",67275734,67275987,61.19,6.55,0.107043634580814,FALSE
"chr12",67483753,67484251,32.64,26.79,0.820772058823529,TRUE
"chr12",67522025,67522230,0.58,1.19,0.487394957983193,TRUE
"chr12",67987965,67988149,1.17,0,0,FALSE
"chr12",68792834,68793026,1.75,54.76,0.0319576333089847,FALSE
"chr12",68793150,68793565,46.04,16.08,0.349261511728931,TRUE
"chr12",68794375,68794664,48.95,1.79,0.0365679264555669,FALSE
"chr12",68804314,68804602,11.08,55.36,0.20014450867052,FALSE
"chr12",68965153,68965436,0.58,1.79,0.324022346368715,TRUE
"chr12",69417886,69418099,0,0,0,FALSE
"chr12",69439743,69440513,187.65,358.91,0.522833022206124,TRUE
"chr12",70810916,70811122,1.75,0,0,FALSE
"chr12",73916710,73917210,0,0,0,FALSE
"chr12",74871135,74871526,0.58,0,0,FALSE
"chr12",74871702,74872295,6.41,24.41,0.262597296190086,FALSE
"chr12",74873187,74873487,0.58,5.36,0.108208955223881,FALSE
"chr12",75706127,75706753,49.53,59.54,0.831877729257642,TRUE
"chr12",75708814,75709067,0,31.54,0,FALSE
"chr12",75711252,75711477,48.96,16.08,0.32843137254902,TRUE
"chr12",75712330,75712582,10.49,14.89,0.704499664204164,TRUE
"chr12",75890809,75891002,13.4,0.6,0.0447761194029851,FALSE
"chr12",76879632,76879952,87.4,10.72,0.122654462242563,FALSE
"chr12",78101232,78101530,1.17,11.91,0.0982367758186398,FALSE
"chr12",78386779,78387253,1.17,0,0,FALSE
"chr12",79022824,79023461,45.46,14.29,0.314342278926529,TRUE
"chr12",80477649,80477832,36.13,29.17,0.807362302795461,TRUE
"chr12",85580574,85580874,4.08,0,0,FALSE
"chr12",87440154,87440487,1.17,2.38,0.491596638655462,TRUE
"chr12",88684289,88685119,4.67,73.82,0.0632619886209699,FALSE
"chr12",89117627,89117810,8.16,8.94,0.912751677852349,TRUE
"chr12",89424904,89425376,26.81,7.75,0.289071242073853,FALSE
"chr12",89463440,89463643,2.33,30.96,0.0752583979328165,FALSE
"chr12",89464423,89464675,9.32,16.67,0.559088182363527,TRUE
"chr12",89464828,89465328,92.08,73.82,0.801694178974804,TRUE
"chr12",89708074,89708299,0,45.24,0,FALSE
"chr12",91613488,91613791,0,0,0,FALSE
"chr12",91667844,91668178,0,0,0,FALSE
"chr12",93697817,93698291,36.73,36.92,0.994853737811484,TRUE
"chr12",97500469,97500968,86.24,99.43,0.867343860002011,TRUE
"chr12",97556410,97556620,18.06,54.18,0.333333333333333,TRUE
"chr12",97567750,97568307,122.95,236.32,0.520269126607989,TRUE
"chr12",97568677,97569116,329.84,38.7,0.117329614358477,FALSE
"chr12",97572338,97572669,12.23,2.99,0.244480784955029,FALSE
"chr12",97701928,97702220,36.71,27.98,0.762190138926723,TRUE
"chr12",98358388,98358901,3.5,5.97,0.586264656616415,TRUE
"chr12",100952393,100953032,4.08,13.11,0.311212814645309,TRUE
"chr12",101608451,101608672,0.58,2.98,0.194630872483221,FALSE
"chr12",101696837,101697073,9.33,178.57,0.0522484179873439,FALSE
"chr12",101697193,101697877,303.04,382.75,0.791743958197257,TRUE
"chr12",101698518,101698890,222.02,1379.18,0.160979712582839,FALSE
"chr12",101714017,101714241,11.08,6.55,0.59115523465704,TRUE
"chr12",102548566,102549020,4.07,1.19,0.292383292383292,TRUE
"chr12",102563994,102564293,18.66,74.41,0.25077274559871,FALSE
"chr12",102949062,102949398,3.5,15.48,0.22609819121447,FALSE
"chr12",103175605,103176013,0.58,2.38,0.243697478991597,FALSE
"chr12",103241327,103241685,6.41,0.6,0.093603744149766,FALSE
"chr12",103524393,103524944,33.22,12.5,0.376279349789284,TRUE
"chr12",104656316,104656666,43.13,12.51,0.290053327150475,FALSE
"chr12",106277021,106277366,38.46,8.93,0.232189287571503,FALSE
"chr12",106277581,106277811,11.07,0,0,FALSE
"chr12",106279205,106279726,13.98,34.55,0.404630969609262,TRUE
"chr12",106281147,106281380,5.83,1.19,0.204116638078902,FALSE
"chr12",106987848,106988166,34.96,22.62,0.647025171624714,TRUE
"chr12",109875491,109875731,4.66,39.88,0.116850551654965,FALSE
"chr12",110247456,110247753,10.49,5.37,0.511916110581506,TRUE
"chr12",111403027,111403250,16.32,2.39,0.146446078431373,FALSE
"chr12",112926427,112926825,2.92,2.98,0.979865771812081,TRUE
"chr12",113221885,113222102,98.48,13.7,0.139114541023558,FALSE
"chr12",115649325,115649508,0.58,20.84,0.027831094049904,FALSE
"chr12",115650062,115650413,14.56,8.33,0.572115384615385,TRUE
"chr12",115869034,115869428,55.94,49.42,0.883446549874866,TRUE
"chr12",115870089,115870597,8.75,41.66,0.21003360537686,FALSE
"chr12",115872125,115872559,170.16,75,0.440761636107193,TRUE
"chr12",115956765,115957052,2.33,21.43,0.108726084927671,FALSE
"chr12",116385840,116386257,105.47,29.77,0.282260358395752,FALSE
"chr12",116390326,116390951,277.99,136.92,0.492535702723119,TRUE
"chr12",116494208,116494564,5.83,79.17,0.0736390046734874,FALSE
"chr12",116495292,116495637,23.3,67.88,0.34325279905716,TRUE
"chr12",116916298,116916534,74.01,12.51,0.169031211998379,FALSE
"chr12",118370970,118371208,19.81,3.58,0.180716809692075,FALSE
"chr12",119171151,119171602,16.31,70.83,0.230269659748694,FALSE
"chr12",119172540,119172787,241.85,123.81,0.511928881538144,TRUE
"chr12",119173147,119173505,89.16,88.68,0.994616419919246,TRUE
"chr12",119178509,119178728,18.65,86.3,0.216106604866744,FALSE
"chr12",119179741,119179972,713.89,61.91,0.0867220440123829,FALSE
"chr12",119479384,119479677,59.44,38.1,0.640982503364738,TRUE
"chr12",119480165,119480489,46.03,2.99,0.0649576363241364,FALSE
"chr12",121171307,121171658,7,26.8,0.261194029850746,FALSE
"chr12",121202897,121203296,4.66,90.48,0.0515030946065429,FALSE
"chr12",121581469,121581714,14.57,39.88,0.365346038114343,TRUE
"chr12",121748731,121749222,0.58,41.68,0.013915547024952,FALSE
"chr12",122004831,122005176,9.91,13.11,0.755911517925248,TRUE
"chr12",122098079,122098616,45.46,39.88,0.877254729432468,TRUE
"chr12",122864535,122864772,56.52,54.16,0.958244869072894,TRUE
"chr12",123062872,123063264,46.04,15.48,0.336229365768897,TRUE
"chr12",123069690,123070262,83.34,148.2,0.562348178137652,TRUE
"chr12",123073608,123073857,1.17,7.15,0.163636363636364,FALSE
"chr12",123445768,123446068,1.16,7.15,0.162237762237762,FALSE
"chr12",124360379,124360562,13.99,33.34,0.419616076784643,TRUE
"chr12",124361449,124361663,1.75,11.31,0.15473032714412,FALSE
"chr12",124393001,124393367,81.59,17.87,0.219021938963108,FALSE
"chr12",124394205,124394488,7.57,16.67,0.454109178164367,TRUE
"chr12",124518923,124519195,9.32,7.74,0.830472103004292,TRUE
"chr12",124608603,124608839,3.5,1.79,0.511428571428571,TRUE
"chr12",124730616,124731163,36.71,29.76,0.81067828929447,TRUE
"chr12",124742087,124742396,79.84,15.48,0.193887775551102,FALSE
"chr12",124745786,124746185,103.17,54.17,0.525055733255791,TRUE
"chr12",124838294,124838522,8.16,26.2,0.311450381679389,TRUE
"chr12",124993891,124994226,131.12,18.46,0.14078706528371,FALSE
"chr12",125049390,125049662,2.91,4.17,0.697841726618705,TRUE
"chr12",130128782,130129058,0,0.6,0,FALSE
"chr12",131860740,131861204,85.68,32.14,0.375116713352007,TRUE
"chr12",132466340,132467052,0,0,0,FALSE
"chr12",132622327,132622673,4.66,25,0.1864,FALSE
"chr13",20021498,20021752,19.23,0,0,FALSE
"chr13",20505627,20505977,1.75,59.52,0.0294018817204301,FALSE
"chr13",21529562,21529838,0.58,4.77,0.121593291404612,FALSE
"chr13",22979070,22979388,30.3,6.55,0.216171617161716,FALSE
"chr13",23488487,23488924,52.45,8.34,0.159008579599619,FALSE
"chr13",24148862,24149161,18.07,41.09,0.439766366512533,TRUE
"chr13",24149648,24149928,38.46,16.08,0.418096723868955,TRUE
"chr13",25652843,25653151,13.99,98.22,0.142435349216046,FALSE
"chr13",25655799,25656017,13.4,0,0,FALSE
"chr13",25659091,25659623,180.08,61.91,0.343791648156375,TRUE
"chr13",26978311,26978746,8.16,0.6,0.0735294117647059,FALSE
"chr13",26983109,26983324,10.48,50.01,0.209558088382324,FALSE
"chr13",27425286,27425570,90.92,37.5,0.412450505939287,TRUE
"chr13",27500636,27501056,0,2.99,0,FALSE
"chr13",28035136,28035414,2.92,3.58,0.815642458100559,TRUE
"chr13",28442988,28443268,11.08,11.31,0.979664014146773,TRUE
"chr13",28564240,28564519,75.17,22.03,0.293069043501397,TRUE
"chr13",28568474,28568707,5.24,6.56,0.798780487804878,TRUE
"chr13",28595004,28595679,4.66,0.6,0.128755364806867,FALSE
"chr13",29480219,29480476,56.54,1.19,0.0210470463388751,FALSE
"chr13",29483124,29483491,2.33,45.24,0.0515030946065429,FALSE
"chr13",29840387,29840573,0.58,9.53,0.0608604407135362,FALSE
"chr13",29908877,29909299,11.08,14.88,0.744623655913978,TRUE
"chr13",29918777,29919086,113.07,133.93,0.844246994698723,TRUE
"chr13",29920119,29920473,13.4,8.34,0.622388059701492,TRUE
"chr13",30108605,30108885,6.41,22.04,0.290834845735027,FALSE
"chr13",30616866,30617090,28.56,864.87,0.0330223039300704,FALSE
"chr13",30742981,30743281,9.33,9.53,0.979013641133264,TRUE
"chr13",30743553,30743927,3.5,5.96,0.587248322147651,TRUE
"chr13",30832972,30833420,111.89,66.66,0.595763696487622,TRUE
"chr13",31115886,31116195,15.15,10.13,0.668646864686469,TRUE
"chr13",32068254,32068588,28.56,6.55,0.229341736694678,FALSE
"chr13",33090787,33091023,36.71,41.68,0.880758157389635,TRUE
"chr13",33092340,33092528,16.9,1.79,0.105917159763314,FALSE
"chr13",33116528,33116746,0.58,11.91,0.0486985726280437,FALSE
"chr13",33119948,33120279,71.1,33.93,0.477215189873418,TRUE
"chr13",33345594,33346075,16.91,35.72,0.473404255319149,TRUE
"chr13",33642697,33643097,43.7,80.36,0.543802887008462,TRUE
"chr13",33648744,33649214,2.91,11.32,0.257067137809187,FALSE
"chr13",33649535,33649816,1.75,8.94,0.195749440715884,FALSE
"chr13",34749144,34749357,19.81,19.64,0.991418475517416,TRUE
"chr13",35714508,35714749,3.5,0,0,FALSE
"chr13",36130804,36131101,15.73,14.89,0.946598855689765,TRUE
"chr13",36629642,36629962,33.21,0,0,FALSE
"chr13",38566154,38566408,0.58,0,0,FALSE
"chr13",38636351,38636594,2.33,13.11,0.177726926010679,FALSE
"chr13",38650042,38650332,0.58,5.36,0.108208955223881,FALSE
"chr13",38682198,38682405,4.66,8.35,0.558083832335329,TRUE
"chr13",38684434,38685212,41.38,285.12,0.145131874298541,FALSE
"chr13",38686039,38686309,117.72,1293.46,0.0910117050391972,FALSE
"chr13",40665371,40665743,39.62,131.56,0.301155366372758,TRUE
"chr13",40895670,40896110,19.23,29.78,0.645735392881128,TRUE
"chr13",40975192,40975387,0.58,58.34,0.00994172094617758,FALSE
"chr13",40993791,40994205,135.2,500,0.2704,FALSE
"chr13",41016361,41016740,128.18,274.39,0.467145304129159,TRUE
"chr13",41017090,41017532,3279.81,216.67,0.0660617535771889,FALSE
"chr13",41025499,41025686,4.08,260.72,0.0156489720773243,FALSE
"chr13",41101863,41102243,0,13.1,0,FALSE
"chr13",43149927,43150194,0,2.98,0,FALSE
"chr13",44268949,44269293,70.52,47.02,0.666761202495746,TRUE
"chr13",44311072,44311455,43.12,2.39,0.0554267161410019,FALSE
"chr13",45368477,45368811,58.87,17.28,0.293528112790895,TRUE
"chr13",46120182,46120753,70.51,104.17,0.676874340021119,TRUE
"chr13",46121835,46122141,174.83,58.93,0.337070296859807,TRUE
"chr13",46135218,46135493,353.15,110.13,0.311850488460994,TRUE
"chr13",46143221,46143514,30.3,27.39,0.903960396039604,TRUE
"chr13",48001355,48001621,1.17,12.51,0.0935251798561151,FALSE
"chr13",49225660,49226045,5.25,1.79,0.340952380952381,TRUE
"chr13",49775360,49775717,0.58,7.74,0.0749354005167959,FALSE
"chr13",50149017,50149434,5.24,23.82,0.219983207388749,FALSE
"chr13",51636354,51636787,24.48,0.6,0.0245098039215686,FALSE
"chr13",51907190,51907470,21.57,7.14,0.331015299026426,TRUE
"chr13",51919593,51919908,3.5,51.2,0.068359375,FALSE
"chr13",82292453,82292664,9.32,4.77,0.511802575107296,TRUE
"chr13",82305614,82306068,6.99,1.19,0.170243204577969,FALSE
"chr13",85589388,85589839,0.58,2.98,0.194630872483221,FALSE
"chr13",93224558,93224964,5.24,20.24,0.258893280632411,FALSE
"chr13",98293132,98293908,98.49,28.58,0.290181744339527,FALSE
"chr13",98295427,98295670,9.33,0,0,FALSE
"chr13",98297817,98298243,15.74,27.39,0.574662285505659,TRUE
"chr13",98300923,98301285,39.05,149.41,0.261361354661669,FALSE
"chr13",98416436,98416712,127.05,13.69,0.107752853207399,FALSE
"chr13",98419945,98420314,26.81,32.75,0.818625954198473,TRUE
"chr13",98484902,98485085,12.82,17.27,0.742327735958309,TRUE
"chr13",103730392,103730780,4.08,5.36,0.761194029850746,TRUE
"chr13",103731720,103731903,0,0.6,0,FALSE
"chr13",106736993,106737381,1.75,8.93,0.195968645016797,FALSE
"chr13",106749800,106750154,4.08,2.98,0.730392156862745,TRUE
"chr13",106753301,106753626,26.8,9.54,0.355970149253731,TRUE
"chr13",106860841,106861542,26.23,82.15,0.319293974437005,TRUE
"chr13",106861875,106862174,90.91,16.67,0.183368166318337,FALSE
"chr13",108919214,108919736,11.08,8.93,0.805956678700361,TRUE
"chr13",109509608,109509843,19.23,7.74,0.402496099843994,TRUE
"chr13",109576233,109576667,0.58,4.76,0.121848739495798,FALSE
"chr13",112968717,112969176,2.91,26.2,0.111068702290076,FALSE
"chr13",112985627,112985931,31.47,11.31,0.359389895138227,TRUE
"chr13",113013489,113013713,30.9,9.52,0.308090614886731,TRUE
"chr13",113325645,113325973,44.29,9.53,0.21517272522014,FALSE
"chr13",113427269,113427497,0,17.86,0,FALSE
"chr13",113427935,113428210,2.92,5.36,0.544776119402985,TRUE
"chr13",113863804,113864103,4.66,32.73,0.142377024136878,FALSE
"chr13",113928592,113929019,21.56,27.4,0.786861313868613,TRUE
"chr13",114032285,114032637,6.41,2.98,0.464898595943838,TRUE
"chr14",22164697,22164886,2.33,5.95,0.391596638655462,TRUE
"chr14",22167697,22167917,1.75,0,0,FALSE
"chr14",22273314,22273897,5.25,0.6,0.114285714285714,FALSE
"chr14",22766709,22767094,1170.79,1.2,0.00102494896608273,FALSE
"chr14",22886753,22887061,37.87,57.14,0.662758137906895,TRUE
"chr14",23072135,23072479,31.47,25.61,0.813790911979663,TRUE
"chr14",23640538,23641172,239.51,96.43,0.402613669575383,TRUE
"chr14",23664665,23664890,6.41,22.02,0.291099000908265,FALSE
"chr14",23665379,23665768,13.99,25,0.5596,TRUE
"chr14",29111665,29111922,0.58,0.6,0.966666666666667,TRUE
"chr14",31090340,31090657,8.16,70.25,0.116156583629893,FALSE
"chr14",31262855,31263089,3.5,1.19,0.34,TRUE
"chr14",32509699,32510000,13.4,76.79,0.174501888266701,FALSE
"chr14",33780946,33781967,71.68,8.35,0.116489955357143,FALSE
"chr14",35334236,35334516,4.66,9.53,0.488982161594963,TRUE
"chr14",35340836,35341134,4.08,96.43,0.0423104842891216,FALSE
"chr14",35403876,35404109,51.29,107.14,0.4787194325182,TRUE
"chr14",36656227,36656576,142.21,66.09,0.464735250685606,TRUE
"chr14",36701016,36701463,44.87,21.44,0.477824827278805,TRUE
"chr14",36856103,36856526,1068.79,164.88,0.154267910440779,FALSE
"chr14",37012732,37013040,5.25,77.38,0.0678469888860171,FALSE
"chr14",37213786,37214068,4.66,0,0,FALSE
"chr14",37590433,37590632,4.08,199.4,0.0204613841524574,FALSE
"chr14",37650495,37651038,11.07,28.59,0.387198321091291,TRUE
"chr14",41419760,41419969,4.67,19.65,0.23765903307888,FALSE
"chr14",41420812,41421075,0.58,4.77,0.121593291404612,FALSE
"chr14",42720106,42720399,0,0,0,FALSE
"chr14",43168422,43168705,0,0,0,FALSE
"chr14",43790710,43790923,1.75,4.77,0.366876310272537,TRUE
"chr14",43898230,43898504,11.07,1.2,0.10840108401084,FALSE
"chr14",43901961,43902213,1.75,14.29,0.122463261021693,FALSE
"chr14",44449673,44450023,40.21,7.74,0.192489430489928,FALSE
"chr14",44450456,44450737,12.23,0,0,FALSE
"chr14",45891435,45891730,25.64,47.62,0.538429231415372,TRUE
"chr14",45892534,45892923,152.68,19.05,0.124770762378832,FALSE
"chr14",49999498,49999725,201.06,69.06,0.343479558340794,TRUE
"chr14",50003768,50004083,297.2,113.7,0.38257065948856,TRUE
"chr14",50004659,50004905,240.1,44.04,0.183423573511037,FALSE
"chr14",50018354,50018731,11.07,32.15,0.344323483670296,TRUE
"chr14",50040121,50040322,9.9,26.79,0.369540873460246,TRUE
"chr14",50876453,50876803,8.16,1.19,0.145833333333333,FALSE
"chr14",50964505,50964856,1.75,14.89,0.117528542646071,FALSE
"chr14",53103855,53104279,4.66,9.53,0.488982161594963,TRUE
"chr14",53152158,53152382,29.72,51.19,0.580582144950186,TRUE
"chr14",53231241,53231629,7,75.59,0.0926048419103056,FALSE
"chr14",53943496,53943879,9.33,28.58,0.326452064380686,TRUE
"chr14",55103318,55103706,346.75,23.82,0.0686950252343187,FALSE
"chr14",55271818,55272095,58.27,82.15,0.709312233718807,TRUE
"chr14",55740379,55741165,41.96,33.35,0.794804575786463,TRUE
"chr14",56929152,56929482,0.58,0,0,FALSE
"chr14",58246949,58247176,72.85,15.47,0.212354152367879,FALSE
"chr14",58299489,58299735,14.57,9.53,0.654083733699382,TRUE
"chr14",59185010,59185300,6.99,6.56,0.938483547925608,TRUE
"chr14",59361197,59361679,20.98,177.98,0.117878413304866,FALSE
"chr14",59619163,59619553,9.91,0.6,0.0605449041372351,FALSE
"chr14",61485140,61485496,14.56,23.81,0.611507769844603,TRUE
"chr14",61514127,61514492,60.01,101.79,0.589547106788486,TRUE
"chr14",61515377,61515654,48.37,17.87,0.369443870167459,TRUE
"chr14",61553748,61554112,34.38,0.6,0.0174520069808028,FALSE
"chr14",61559234,61559635,18.07,573.82,0.0314907113729044,FALSE
"chr14",61714045,61714393,29.73,2.39,0.0803901782711066,FALSE
"chr14",63547784,63548340,74.59,29.18,0.391205255396166,TRUE
"chr14",63659862,63660071,25.06,1.79,0.0714285714285714,FALSE
"chr14",63677899,63678191,1.17,25.6,0.045703125,FALSE
"chr14",64216004,64216256,109.57,55.36,0.505247786802957,TRUE
"chr14",64234938,64235353,147.44,60.71,0.411760716223549,TRUE
"chr14",64539240,64539442,49.54,46.43,0.937222446507872,TRUE
"chr14",64961159,64961443,22.15,3.58,0.161625282167043,FALSE
"chr14",65118079,65118831,67,368.46,0.181837919991315,FALSE
"chr14",65256168,65256494,88.59,8.94,0.100914324415848,FALSE
"chr14",65432471,65432762,10.49,14.29,0.73407977606718,TRUE
"chr14",65506982,65507238,5.24,0.6,0.114503816793893,FALSE
"chr14",66536728,66537341,26.23,0,0,FALSE
"chr14",67446199,67446539,80.99,25.6,0.316088405976046,TRUE
"chr14",67453003,67453380,1.16,0.6,0.517241379310345,TRUE
"chr14",67461820,67462112,13.4,26.79,0.500186636804778,TRUE
"chr14",67480064,67480434,298.96,127.98,0.428084024618678,TRUE
"chr14",67533706,67534094,325.19,259.53,0.798087272056336,TRUE
"chr14",68177701,68178179,12.24,19.05,0.64251968503937,TRUE
"chr14",68255886,68256163,66.43,14.3,0.215264187866928,FALSE
"chr14",68306673,68307344,125.31,399.4,0.313745618427641,TRUE
"chr14",68309436,68309771,30.88,20.25,0.655764248704663,TRUE
"chr14",68311291,68311582,8.16,44.64,0.182795698924731,FALSE
"chr14",68393441,68393922,222.03,18.47,0.0831869567175607,FALSE
"chr14",68458171,68458535,5.25,787.49,0.00666675132382633,FALSE
"chr14",68458939,68459430,111.89,386.31,0.28963785560819,FALSE
"chr14",68569972,68570508,36.71,72.04,0.509578012215436,TRUE
"chr14",68924547,68924829,40.21,16.09,0.400149216612783,TRUE
"chr14",68944741,68945043,5.83,116.66,0.049974284244814,FALSE
"chr14",68945842,68946280,57.11,96.43,0.592243077880328,TRUE
"chr14",68977352,68977658,46.62,413.7,0.112690355329949,FALSE
"chr14",69335337,69335520,0.58,0.6,0.966666666666667,TRUE
"chr14",69357604,69357889,109.56,51.2,0.467323840817817,TRUE
"chr14",70662781,70662973,4.08,4.77,0.855345911949686,TRUE
"chr14",71449003,71449254,12.24,0.6,0.0490196078431373,FALSE
"chr14",71471759,71472011,229.02,2.39,0.010435769801764,FALSE
"chr14",71475936,71476229,23.3,1.79,0.076824034334764,FALSE
"chr14",71500631,71501083,28.55,17.27,0.604903677758319,TRUE
"chr14",73602132,73602469,164.33,31.55,0.19199172397006,FALSE
"chr14",73633798,73634127,18.64,22.62,0.824049513704686,TRUE
"chr14",73756606,73756952,42.54,133.93,0.317628611961472,TRUE
"chr14",73775622,73776002,21.56,213.69,0.100893818147784,FALSE
"chr14",73782559,73782911,60.6,49.42,0.815511551155116,TRUE
"chr14",73784741,73785090,157.94,989.28,0.159651463690765,FALSE
"chr14",74018988,74019208,12.24,173.8,0.0704257767548907,FALSE
"chr14",74147029,74147377,2.92,0,0,FALSE
"chr14",74302823,74303051,44.29,932.75,0.0474832484588582,FALSE
"chr14",74308752,74309110,10.49,105.37,0.099553952737971,FALSE
"chr14",74922333,74922734,8.16,256.55,0.0318066653673748,FALSE
"chr14",75069386,75070022,145.12,95.25,0.656353362734289,TRUE
"chr14",75183074,75183384,2.33,1.79,0.768240343347639,TRUE
"chr14",75252357,75252665,5.83,2.38,0.408233276157804,TRUE
"chr14",75255015,75255353,155.59,57.74,0.371103541358699,TRUE
"chr14",75256145,75256356,11.66,5.36,0.459691252144082,TRUE
"chr14",75258598,75258920,87.42,239.89,0.364417024469549,TRUE
"chr14",75259978,75260936,466.8,78.58,0.168337617823479,FALSE
"chr14",75275262,75275571,19.81,41.07,0.482347212076942,TRUE
"chr14",75283180,75283534,127.05,2.98,0.0234553325462416,FALSE
"chr14",75289863,75290258,1.75,15.48,0.113049095607235,FALSE
"chr14",75392736,75393107,39.05,19.65,0.503201024327785,TRUE
"chr14",75521284,75521774,230.18,679.17,0.338913674043318,TRUE
"chr14",75535734,75536373,199.89,73.82,0.369303116714193,TRUE
"chr14",75562046,75562471,53.6,144.66,0.37052398728052,TRUE
"chr14",75566386,75566658,43.13,27.38,0.634824947832135,TRUE
"chr14",76651703,76651978,7,1.79,0.255714285714286,FALSE
"chr14",76774727,76774922,3.5,56.55,0.0618921308576481,FALSE
"chr14",76900492,76900795,32.64,43.44,0.751381215469613,TRUE
"chr14",76905049,76905410,29.14,14.3,0.490734385724091,TRUE
"chr14",76919288,76919614,129.96,64.29,0.494690674053555,TRUE
"chr14",76957573,76957825,159.1,19.06,0.119798868636078,FALSE
"chr14",76976453,76976701,16.9,16.08,0.951479289940828,TRUE
"chr14",77004719,77005019,82.16,110.12,0.746095168906647,TRUE
"chr14",77007430,77007720,157.34,151.8,0.964789627558154,TRUE
"chr14",77070391,77070715,6.41,5.96,0.929797191887676,TRUE
"chr14",77099667,77100060,135.2,20.25,0.149778106508876,FALSE
"chr14",77111194,77111609,29.15,118.45,0.24609539890249,FALSE
"chr14",77144413,77144620,0,0.6,0,FALSE
"chr14",77400162,77400689,33.8,114.89,0.294194446862216,TRUE
"chr14",79325098,79325393,6.99,0,0,FALSE
"chr14",79413397,79413998,29.72,4.18,0.14064602960969,FALSE
"chr14",81286878,81287117,0.58,6.55,0.0885496183206107,FALSE
"chr14",84108998,84109279,0.58,1.79,0.324022346368715,TRUE
"chr14",85587290,85587677,4.67,0.6,0.12847965738758,FALSE
"chr14",85631144,85631376,1.75,0,0,FALSE
"chr14",88010747,88010982,0,0.6,0,FALSE
"chr14",89436224,89436487,4.08,0,0,FALSE
"chr14",90503432,90504254,23.89,71.45,0.334359692092372,TRUE
"chr14",90512205,90512713,199.89,319.64,0.625359779752221,TRUE
"chr14",90513350,90513656,150.36,447.02,0.336360789226433,TRUE
"chr14",90555834,90556146,55.35,41.07,0.742005420054201,TRUE
"chr14",91088584,91088800,12.25,2.39,0.195102040816327,FALSE
"chr14",91109340,91109523,1.75,13.69,0.127830533235939,FALSE
"chr14",91126400,91126648,15.74,8.93,0.567344345616264,TRUE
"chr14",91127541,91127832,5.24,59.53,0.0880228456240551,FALSE
"chr14",91173327,91173671,8.74,0,0,FALSE
"chr14",91276376,91276795,121.22,91.67,0.756228345157565,TRUE
"chr14",91280195,91280410,13.98,30.36,0.460474308300395,TRUE
"chr14",91325928,91326739,283.22,198.2,0.699809335498905,TRUE
"chr14",91382493,91382895,50.69,576.2,0.0879729260673377,FALSE
"chr14",91393021,91393428,101.99,111.33,0.916105272612952,TRUE
"chr14",91394216,91394660,111.9,289.87,0.386035119191362,TRUE
"chr14",91418074,91418588,396.86,186.91,0.470972131230157,TRUE
"chr14",92963650,92964186,81.58,70.25,0.861117921059083,TRUE
"chr14",92973911,92974446,181.24,302.38,0.599378265758317,TRUE
"chr14",92985003,92985269,5.83,40.48,0.144021739130435,FALSE
"chr14",92988109,92988389,19.23,8.94,0.464898595943838,TRUE
"chr14",93011624,93012101,72.26,104.78,0.689635426608131,TRUE
"chr14",93017332,93017799,39.63,341.67,0.115989112301343,FALSE
"chr14",93032554,93032833,13.4,52.39,0.255774002672266,FALSE
"chr14",93033088,93033363,27.97,8.94,0.319628173042546,TRUE
"chr14",93045071,93045515,22.15,83.93,0.26391040152508,FALSE
"chr14",93046007,93046267,9.91,1.79,0.180625630676085,FALSE
"chr14",93959230,93959833,15.15,56.56,0.267857142857143,FALSE
"chr14",94321316,94321726,20.39,0,0,FALSE
"chr14",94330933,94331174,0,0,0,FALSE
"chr14",94334882,94335198,1.75,0,0,FALSE
"chr14",94390672,94391079,44.86,7.15,0.159384752563531,FALSE
"chr14",94598521,94598723,2.33,12.5,0.1864,FALSE
"chr14",94636705,94637126,2.91,4.18,0.696172248803828,TRUE
"chr14",95047000,95047225,3.5,0,0,FALSE
"chr14",95056381,95057107,156.18,135.73,0.869061339480087,TRUE
"chr14",95197688,95197937,55.36,86.31,0.641408874985517,TRUE
"chr14",95264577,95264879,6.41,33.34,0.192261547690462,FALSE
"chr14",95273705,95274046,35.54,23.82,0.6702307259426,TRUE
"chr14",95516104,95516387,60.6,86.31,0.70212026416406,TRUE
"chr14",96038893,96039141,15.15,81.55,0.185775597792765,FALSE
"chr14",96039912,96040154,93.22,111.9,0.833065236818588,TRUE
"chr14",96102289,96102574,1.75,0.6,0.342857142857143,TRUE
"chr14",96106062,96106361,1.75,7.75,0.225806451612903,FALSE
"chr14",96106606,96106835,42.54,0,0,FALSE
"chr14",96117440,96117739,57.69,19.05,0.330213208528341,TRUE
"chr14",96145898,96146103,0,4.17,0,FALSE
"chr14",96148622,96148940,5.25,20.24,0.259387351778656,FALSE
"chr14",96263832,96264211,6.41,60.72,0.105566534914361,FALSE
"chr14",96574344,96575593,326.36,170.84,0.523471013604608,TRUE
"chr14",96634498,96634814,7.58,1.19,0.156992084432718,FALSE
"chr14",98129805,98130128,5.25,6.55,0.801526717557252,TRUE
"chr14",98130862,98131115,1.75,8.93,0.195968645016797,FALSE
"chr14",98806492,98806930,86.84,26.21,0.301819438046983,TRUE
"chr14",98822978,98823303,6.42,6.55,0.980152671755725,TRUE
"chr14",98887046,98887264,9.33,12.51,0.745803357314149,TRUE
"chr14",98891204,98891568,39.05,22.63,0.579513444302177,TRUE
"chr14",98899464,98899860,33.8,61.32,0.551206784083496,TRUE
"chr14",98903473,98904161,208.04,153.58,0.738223418573351,TRUE
"chr14",98958103,98958326,23.31,20.23,0.867867867867868,TRUE
"chr14",99004272,99004463,2.91,13.1,0.222137404580153,FALSE
"chr14",99207508,99207832,19.23,4.77,0.24804992199688,FALSE
"chr14",99578792,99579004,26.8,66.66,0.402040204020402,TRUE
"chr14",99590636,99590907,34.97,21.43,0.612810980840721,TRUE
"chr14",99964851,99965462,52.45,28.59,0.545090562440419,TRUE
"chr14",100011723,100011982,15.15,27.99,0.541264737406217,TRUE
"chr14",100012266,100012768,34.95,25.01,0.715593705293276,TRUE
"chr14",100025314,100025567,16.9,13.1,0.775147928994083,TRUE
"chr14",100091547,100091907,30.3,14.31,0.472277227722772,TRUE
"chr14",100093026,100093232,14.57,2.98,0.204529855868222,FALSE
"chr14",100096418,100096945,31.48,11.92,0.378653113087675,TRUE
"chr14",100137231,100137603,26.24,24.41,0.930259146341463,TRUE
"chr14",100192727,100192914,1.17,303.57,0.0038541357841684,FALSE
"chr14",100817394,100817814,2.91,4.17,0.697841726618705,TRUE
"chr14",101408480,101408759,15.74,63.1,0.249445324881141,FALSE
"chr14",102868390,102868648,9.9,3.57,0.360606060606061,TRUE
"chr14",102870984,102871385,4.67,4.77,0.979035639412998,TRUE
"chr14",102873566,102873845,6.41,14.29,0.448565430370889,TRUE
"chr14",103693370,103693943,29.14,124.42,0.234206719176981,FALSE
"chr14",103737107,103737335,13.99,11.32,0.809149392423159,TRUE
"chr14",103880013,103880292,96.75,1285.12,0.0752847983067729,FALSE
"chr14",104345436,104345701,15.16,8.34,0.550131926121372,TRUE
"chr14",104346196,104346523,11.66,41.67,0.279817614590833,FALSE
"chr14",105032179,105032715,54.79,167.28,0.327534672405548,TRUE
"chr14",105035673,105035859,96.75,3.57,0.0368992248062016,FALSE
"chr14",105050379,105050653,25.64,8.33,0.324882995319813,TRUE
"chr14",105328682,105329020,12.82,1.79,0.139625585023401,FALSE
"chr14",105559378,105559760,37.28,34.53,0.926233905579399,TRUE
"chr15",24944911,24945316,1.17,1.19,0.983193277310924,TRUE
"chr15",26026235,26026476,3.5,1.2,0.342857142857143,TRUE
"chr15",27410895,27411235,4.08,3.58,0.877450980392157,TRUE
"chr15",27414678,27414941,3.5,1.19,0.34,TRUE
"chr15",29822997,29823335,57.12,148.22,0.385373094049386,TRUE
"chr15",31440985,31441337,51.86,29.16,0.562283069803317,TRUE
"chr15",33067841,33068360,558.31,580.36,0.96200634089186,TRUE
"chr15",38593392,38593932,1.17,70.84,0.0165160926030491,FALSE
"chr15",39596384,39596640,75.17,0.6,0.00798190767593455,FALSE
"chr15",39629616,39629890,20.39,25.01,0.815273890443822,TRUE
"chr15",39668461,39668840,34.39,26.19,0.761558592614132,TRUE
"chr15",40334782,40335353,30.88,29.18,0.944948186528497,TRUE
"chr15",42270618,42270832,0,11.32,0,FALSE
"chr15",44194532,44194920,16.32,10.13,0.620710784313726,TRUE
"chr15",49213130,49213326,1.17,0,0,FALSE
"chr15",50181398,50181940,133.44,259.52,0.514180024660913,TRUE
"chr15",50764958,50765376,225.53,293.46,0.768520411640428,TRUE
"chr15",50854714,50854980,110.14,8.94,0.0811694207372435,FALSE
"chr15",51037311,51037494,8.74,27.98,0.312365975696926,TRUE
"chr15",52185275,52185565,7.58,41.08,0.184518013631938,FALSE
"chr15",52486167,52486476,1.75,0.6,0.342857142857143,TRUE
"chr15",53739686,53739964,4.66,23.23,0.200602668962548,FALSE
"chr15",56968639,56968871,2.33,1.79,0.768240343347639,TRUE
"chr15",57070443,57070893,18.06,0,0,FALSE
"chr15",57461024,57461254,6.99,5.96,0.852646638054363,TRUE
"chr15",57461614,57461839,10.49,5.96,0.568160152526215,TRUE
"chr15",57591545,57592196,157.35,117.87,0.749094375595806,TRUE
"chr15",59738715,59739226,0,2.39,0,FALSE
"chr15",59896879,59897202,1.75,1.19,0.68,TRUE
"chr15",59905722,59906080,4.08,1.19,0.291666666666667,TRUE
"chr15",60393062,60393289,4.08,173.22,0.0235538621406304,FALSE
"chr15",61171197,61171445,8.75,22.03,0.39718565592374,TRUE
"chr15",61750437,61750809,2.92,1.79,0.613013698630137,TRUE
"chr15",62112970,62113167,12.24,16.08,0.761194029850746,TRUE
"chr15",62785898,62786190,3.5,0.6,0.171428571428571,FALSE
"chr15",62832254,62832828,157.92,75.61,0.47878672745694,TRUE
"chr15",62899060,62899307,12.23,1.79,0.14636140637776,FALSE
"chr15",63018827,63019151,20.4,35.13,0.580700256191289,TRUE
"chr15",63019645,63019972,60.6,45.25,0.746699669966997,TRUE
"chr15",63379895,63380195,141.61,381.55,0.371144017822042,TRUE
"chr15",63380517,63380867,258.74,582.15,0.444455896246672,TRUE
"chr15",63387784,63388135,76.92,104.17,0.73840837093213,TRUE
"chr15",63391592,63391814,146.86,1.79,0.0121884788233692,FALSE
"chr15",63395717,63396070,111.31,10.12,0.0909172581079867,FALSE
"chr15",63896673,63897170,25.64,7.75,0.302262090483619,TRUE
"chr15",63945758,63946085,130.54,33.33,0.255324038608856,FALSE
"chr15",64046017,64046253,43.12,20.25,0.469619666048238,TRUE
"chr15",64703608,64704255,198.14,73.82,0.372564853134148,TRUE
"chr15",64813145,64813394,22.15,22.62,0.979221927497789,TRUE
"chr15",65286214,65286460,53.03,76.19,0.696023100144376,TRUE
"chr15",66763143,66763371,4.09,10.12,0.404150197628458,TRUE
"chr15",67114925,67115205,9.33,13.7,0.681021897810219,TRUE
"chr15",67125651,67125863,35.54,1.79,0.050365785030951,FALSE
"chr15",69481272,69481658,6.99,39.28,0.177953156822811,FALSE
"chr15",69482641,69483086,67.01,237.49,0.282159248810476,FALSE
"chr15",69576938,69577209,39.05,1.79,0.0458386683738796,FALSE
"chr15",69604052,69604279,5.24,0,0,FALSE
"chr15",69987811,69988124,15.74,54.17,0.290566734354809,FALSE
"chr15",69997004,69997190,4.67,4.18,0.895074946466809,TRUE
"chr15",70016093,70016615,120.61,35.12,0.291186468783683,FALSE
"chr15",70024799,70025092,53.6,10.72,0.2,FALSE
"chr15",70029279,70029776,8.16,3.58,0.438725490196078,TRUE
"chr15",70091975,70092188,28.55,44.06,0.647980027235588,TRUE
"chr15",70093304,70093681,19.23,319.05,0.060272684532205,FALSE
"chr15",70308233,70308595,8.16,31.55,0.258637083993661,FALSE
"chr15",70318950,70319345,95.57,7.15,0.0748142722611698,FALSE
"chr15",70321022,70321631,111.9,150,0.746,TRUE
"chr15",70322965,70323246,14.56,88.09,0.165285503462368,FALSE
"chr15",70324087,70324484,46.63,23.82,0.510829937808278,TRUE
"chr15",70341574,70341839,0,4.77,0,FALSE
"chr15",70362300,70362720,7,11.31,0.618921308576481,TRUE
"chr15",70375080,70375361,47.2,279.16,0.169078664565124,FALSE
"chr15",70378034,70378474,114.82,967.85,0.118634085860412,FALSE
"chr15",70379499,70379720,55.94,7.15,0.127815516624955,FALSE
"chr15",70385003,70385341,5.24,5.36,0.977611940298507,TRUE
"chr15",70462940,70463516,60.61,45.26,0.746741461804983,TRUE
"chr15",70528338,70528826,8.74,10.12,0.863636363636364,TRUE
"chr15",71079116,71079419,33.22,142.26,0.233516097286658,FALSE
"chr15",71083865,71084193,39.05,16.07,0.411523687580026,TRUE
"chr15",71096585,71097145,423.1,128.58,0.30389978728433,TRUE
"chr15",71104691,71105100,74.01,52.39,0.707877313876503,TRUE
"chr15",71111176,71111428,17.47,72.03,0.242537831459114,FALSE
"chr15",71252054,71252430,16.31,1.79,0.109748620478234,FALSE
"chr15",71679537,71679790,39.63,14.29,0.360585415089579,TRUE
"chr15",71968922,71969354,9.32,25.6,0.3640625,TRUE
"chr15",71969459,71969661,7.57,2.39,0.315719947159841,TRUE
"chr15",71975354,71975790,19.24,52.38,0.367315769377625,TRUE
"chr15",71976711,71976907,75.18,1.2,0.0159616919393456,FALSE
"chr15",72169506,72169826,23.32,22.03,0.944682675814751,TRUE
"chr15",73695946,73696179,11.66,0,0,FALSE
"chr15",73710082,73710503,15.75,2.98,0.189206349206349,FALSE
"chr15",73743058,73743297,0.58,4.76,0.121848739495798,FALSE
"chr15",74569463,74569647,5.83,0,0,FALSE
"chr15",74642376,74642610,27.39,70.83,0.386700550614147,TRUE
"chr15",74643300,74643491,66.44,12.5,0.188139674894642,FALSE
"chr15",74725891,74726151,52.44,53.58,0.978723404255319,TRUE
"chr15",74770963,74771262,12.24,70.24,0.174259681093394,FALSE
"chr15",74789067,74789477,59.43,136.9,0.434112490869248,TRUE
"chr15",74816817,74817003,11.65,111.9,0.104110813226095,FALSE
"chr15",74817181,74817766,46.03,205.95,0.223500849720806,FALSE
"chr15",74937535,74937887,72.26,40.49,0.560337669526709,TRUE
"chr15",75036062,75036612,67.6,27.39,0.405177514792899,TRUE
"chr15",75675138,75675324,11.07,12.51,0.884892086330935,TRUE
"chr15",75682354,75682726,242.43,52.39,0.216103617539083,FALSE
"chr15",76107993,76108412,37.29,42.27,0.882185947480483,TRUE
"chr15",76108951,76109345,70.51,20.84,0.295560913345625,TRUE
"chr15",77596711,77597035,9.91,7.74,0.781029263370333,TRUE
"chr15",78131785,78131989,12.24,29.77,0.411152166610682,TRUE
"chr15",78135246,78135771,8.75,60.72,0.144104084321476,FALSE
"chr15",80664139,80664358,7,16.67,0.419916016796641,TRUE
"chr15",80668040,80668340,79.85,45.83,0.573951158422041,TRUE
"chr15",80668774,80669169,69.36,45.84,0.660899653979239,TRUE
"chr15",80674819,80675058,21.56,14.29,0.662801484230056,TRUE
"chr15",80679435,80679789,148.62,273.81,0.54278514298236,TRUE
"chr15",80696828,80697083,229.61,23.22,0.101127999651583,FALSE
"chr15",80743334,80743569,23.31,7.74,0.332046332046332,TRUE
"chr15",81091945,81092433,42.54,143.44,0.296569994422755,TRUE
"chr15",81092856,81093090,135.79,2.39,0.017600706974004,FALSE
"chr15",81279847,81280052,4.66,1.2,0.257510729613734,FALSE
"chr15",81303744,81304039,2.33,7.75,0.300645161290323,TRUE
"chr15",81388272,81388652,0.58,4.77,0.121593291404612,FALSE
"chr15",81398568,81398840,0.58,16.68,0.0347721822541966,FALSE
"chr15",81399090,81399486,12.83,8.35,0.650818394388153,TRUE
"chr15",82919216,82919817,78.09,44.06,0.564220770905366,TRUE
"chr15",82942664,82943009,124.13,117.26,0.944654797389833,TRUE
"chr15",82952094,82952495,34.97,188.7,0.185320614732379,FALSE
"chr15",83210640,83210921,11.66,10.13,0.868782161234992,TRUE
"chr15",83753934,83754353,5.25,6.55,0.801526717557252,TRUE
"chr15",84625259,84625665,6.4,9.53,0.671563483735572,TRUE
"chr15",85165087,85165310,0.58,14.29,0.0405878236529041,FALSE
"chr15",85878964,85879220,10.49,11.91,0.880772460117548,TRUE
"chr15",86864026,86864317,0,0,0,FALSE
"chr15",86864457,86864727,0,0,0,FALSE
"chr15",87191614,87191935,2.34,2.39,0.97907949790795,TRUE
"chr15",87878063,87878545,25.06,1.19,0.0474860335195531,FALSE
"chr15",88648424,88648674,13.98,5.36,0.383404864091559,TRUE
"chr15",88648845,88649066,79.26,0,0,FALSE
"chr15",89106091,89106355,19.23,0,0,FALSE
"chr15",89108872,89109184,17.47,9.53,0.545506582713223,TRUE
"chr15",89115514,89115942,121.22,42.26,0.348622339547929,TRUE
"chr15",89119910,89120385,81.6,55.96,0.68578431372549,TRUE
"chr15",89121397,89121714,54.19,51.8,0.955895921756782,TRUE
"chr15",89125569,89125764,26.22,16.07,0.612890922959573,TRUE
"chr15",89129753,89130109,43.13,0,0,FALSE
"chr15",89693609,89693952,26.81,13.1,0.488623647892577,TRUE
"chr15",89782252,89782589,10.49,29.76,0.352486559139785,TRUE
"chr15",89827924,89828292,9.9,26.21,0.377718428080885,TRUE
"chr15",89828456,89828752,23.9,11.32,0.473640167364017,TRUE
"chr15",89837331,89837542,19.23,5.37,0.279251170046802,FALSE
"chr15",89906051,89906316,26.81,9.53,0.355464378963073,TRUE
"chr15",89998309,89998593,3.5,119.05,0.0293994120117598,FALSE
"chr15",90099886,90100087,13.99,61.91,0.225973186884187,FALSE
"chr15",90158213,90158421,58.28,68.46,0.85130002921414,TRUE
"chr15",90477598,90477872,39.05,0,0,FALSE
"chr15",90991691,90992139,16.32,58.94,0.276891754326434,FALSE
"chr15",91572129,91572388,1.17,29.76,0.0393145161290323,FALSE
"chr15",92188171,92188480,42.54,17.86,0.419840150446638,TRUE
"chr15",92639181,92639497,416.1,267.85,0.643715453016102,TRUE
"chr15",92644710,92645245,657.94,1016.08,0.64752775372018,TRUE
"chr15",92645518,92645972,135.21,220.85,0.612225492415667,TRUE
"chr15",92648177,92648481,17.49,97.62,0.179164105716042,FALSE
"chr15",92745894,92746317,148.61,52.4,0.352600767108539,TRUE
"chr15",92747950,92748207,16.33,2.99,0.183098591549296,FALSE
"chr15",93180089,93180732,20.97,4.17,0.198855507868383,FALSE
"chr15",94078138,94078529,14.58,5.37,0.368312757201646,TRUE
"chr15",94792413,94792763,20.4,20.26,0.993137254901961,TRUE
"chr15",95894343,95894776,4.66,50.01,0.0931813637272546,FALSE
"chr15",95895536,95895924,15.15,7.16,0.472607260726073,TRUE
"chr15",95911553,95912013,26.23,184.54,0.142137206025794,FALSE
"chr15",96103221,96103637,2.34,14.89,0.157152451309604,FALSE
"chr15",96336896,96337354,161.42,64.29,0.398277784661133,TRUE
"chr15",96339368,96339692,158.51,5.36,0.0338149012680588,FALSE
"chr15",98443041,98443274,0.58,4.17,0.139088729016787,FALSE
"chr15",98749186,98749536,6.41,29.77,0.215317433658045,FALSE
"chr15",98751977,98752219,35.54,376.2,0.0944710260499734,FALSE
"chr15",98758291,98758549,81.58,37.5,0.459671488109831,TRUE
"chr15",98760208,98760689,25.06,16.08,0.641660015961692,TRUE
"chr15",98763526,98764009,107.82,51.2,0.474865516601744,TRUE
"chr15",99015710,99015946,159.09,80.36,0.505122886416494,TRUE
"chr15",99250787,99251000,19.24,523.22,0.0367722946370552,FALSE
"chr15",99306636,99306954,13.4,1.79,0.133582089552239,FALSE
"chr15",99452388,99452819,9.32,4.77,0.511802575107296,TRUE
"chr15",99564997,99565351,43.11,43.46,0.991946617579383,TRUE
"chr15",100516762,100517597,86.22,39.31,0.455926699141731,TRUE
"chr15",101167264,101167542,4.08,16.07,0.253889234598631,FALSE
"chr15",101167797,101168116,36.7,28.58,0.778746594005449,TRUE
"chr15",101248269,101248629,1.17,107.14,0.0109202912077655,FALSE
"chr15",101611747,101612146,52.45,33.93,0.646901811248808,TRUE
"chr15",101614096,101614327,20.98,43.46,0.482742751955821,TRUE
"chr16",316791,317086,25.65,32.73,0.783684692942255,TRUE
"chr16",327114,327478,22.73,20.85,0.917289925208975,TRUE
"chr16",379607,379866,38.46,25.59,0.665366614664587,TRUE
"chr16",450522,450972,144.52,123.21,0.852546360365347,TRUE
"chr16",451608,451980,72.85,10.73,0.147288949897049,FALSE
"chr16",585345,585530,12.24,39.88,0.306920762286861,TRUE
"chr16",588113,588445,176.56,338.68,0.52131805834416,TRUE
"chr16",641586,641799,2.33,191.67,0.0121563103250378,FALSE
"chr16",753515,753841,49.54,8.34,0.168348809043197,FALSE
"chr16",1048914,1049100,9.9,0,0,FALSE
"chr16",1190717,1191118,1.16,0.6,0.517241379310345,TRUE
"chr16",1191757,1192021,4.08,0,0,FALSE
"chr16",1287646,1288414,779.73,210.73,0.270260218280687,FALSE
"chr16",1296947,1297281,318.76,116.08,0.364161124356883,TRUE
"chr16",1308670,1308964,15.74,571.42,0.0275454131811977,FALSE
"chr16",1378843,1379268,153.84,413.69,0.371872658270686,TRUE
"chr16",1414858,1415169,13.4,60.72,0.22068511198946,FALSE
"chr16",1827565,1827940,179.49,97.02,0.540531505933478,TRUE
"chr16",2329583,2329998,3.5,126.78,0.0276068780564758,FALSE
"chr16",2339734,2339997,150.94,172.03,0.877405103760972,TRUE
"chr16",2719168,2719641,55.94,91.67,0.610232355187084,TRUE
"chr16",2858087,2858297,57.11,427.98,0.133440814991355,FALSE
"chr16",2912406,2912720,103.15,82.75,0.802229762481823,TRUE
"chr16",3163553,3163888,31.46,1.2,0.0381436745073109,FALSE
"chr16",3166464,3167050,170.16,56.56,0.332393041842971,TRUE
"chr16",3167221,3167454,279.73,11.32,0.0404675937511171,FALSE
"chr16",3182497,3182686,20.4,733.93,0.0277955663346641,FALSE
"chr16",4113415,4113752,30.31,158.95,0.190688895879207,FALSE
"chr16",4142492,4142890,65.84,39.3,0.596901579586877,TRUE
"chr16",4144078,4144433,2.91,1.79,0.615120274914089,TRUE
"chr16",4152152,4152706,199.88,299.4,0.667601870407482,TRUE
"chr16",4153337,4153605,83.92,13.7,0.163250714966635,FALSE
"chr16",4176795,4177097,47.78,51.18,0.933567799921844,TRUE
"chr16",4260425,4260741,7,47.62,0.146997060058799,FALSE
"chr16",4368962,4369497,51.29,78.57,0.652793687157948,TRUE
"chr16",4371475,4371826,636.37,139.29,0.218882096893317,FALSE
"chr16",4616465,4616799,677.17,26.79,0.0395617053324867,FALSE
"chr16",8673863,8674084,11.08,39.88,0.277833500501505,FALSE
"chr16",8679247,8679558,134.61,86.9,0.645568679890053,TRUE
"chr16",8786371,8786698,55.37,10.13,0.182951056528806,FALSE
"chr16",9047655,9048032,7.57,18.45,0.41029810298103,TRUE
"chr16",10577037,10577324,5.83,202.97,0.0287234566684732,FALSE
"chr16",10590417,10590758,24.49,24.4,0.996325030624745,TRUE
"chr16",10594412,10594899,35.55,139.88,0.254146411209608,FALSE
"chr16",10628003,10628266,5.83,38.69,0.150684931506849,FALSE
"chr16",11127866,11128433,47.22,51.8,0.911583011583012,TRUE
"chr16",11130472,11130832,9.32,4.17,0.447424892703863,TRUE
"chr16",11131459,11131740,7.57,1.19,0.157199471598415,FALSE
"chr16",11363222,11363563,9.91,6.55,0.660948536831483,TRUE
"chr16",11612384,11612629,13.4,9.53,0.711194029850746,TRUE
"chr16",12037018,12037251,1.17,30.96,0.0377906976744186,FALSE
"chr16",14020038,14020672,8.16,0.6,0.0735294117647059,FALSE
"chr16",14025381,14025741,0,1.19,0,FALSE
"chr16",14364631,14364857,20.97,2.98,0.142107773009061,FALSE
"chr16",14370236,14370561,107.82,167.27,0.644586596520595,TRUE
"chr16",15487866,15488111,49.53,0.6,0.0121138703815869,FALSE
"chr16",15489449,15489720,3.5,41.68,0.0839731285988484,FALSE
"chr16",16917217,16917508,13.41,8.94,0.666666666666667,TRUE
"chr16",16973768,16974716,172.5,70.26,0.407304347826087,TRUE
"chr16",17170584,17170792,0,20.83,0,FALSE
"chr16",17171084,17171620,8.16,8.94,0.912751677852349,TRUE
"chr16",17295387,17295907,4.08,14.29,0.285514345696291,FALSE
"chr16",17296443,17296813,30.88,16.08,0.520725388601036,TRUE
"chr16",17315681,17316292,12.81,35.74,0.358421936205932,TRUE
"chr16",17344445,17344752,0.58,1.79,0.324022346368715,TRUE
"chr16",17359931,17360521,9.32,10.72,0.869402985074627,TRUE
"chr16",17458517,17458786,5.24,26.78,0.195668409260642,FALSE
"chr16",17459555,17459913,8.74,26.79,0.326241134751773,TRUE
"chr16",19899300,19899545,3.5,10.12,0.345849802371542,TRUE
"chr16",19987708,19988415,24.48,111.92,0.218727662616154,FALSE
"chr16",19990406,19990675,9.91,9.53,0.961654894046418,TRUE
"chr16",20011281,20011602,8.74,0,0,FALSE
"chr16",20014086,20014443,18.65,20.84,0.894913627639155,TRUE
"chr16",20300367,20300652,2.34,2.98,0.785234899328859,TRUE
"chr16",20881198,20881513,0,10.73,0,FALSE
"chr16",21511420,21511823,29.14,265.49,0.109759312968473,FALSE
"chr16",21512545,21512880,12.24,170.83,0.0716501785400691,FALSE
"chr16",23079227,23080262,173.08,424.41,0.407813199500483,TRUE
"chr16",23137813,23138284,11.06,139.88,0.0790677723763226,FALSE
"chr16",23148551,23148921,73.42,266.67,0.275321558480519,FALSE
"chr16",23150175,23150438,427.17,6.56,0.0153568836762881,FALSE
"chr16",25040336,25040997,32.05,17.87,0.557566302652106,TRUE
"chr16",25119584,25119873,67.02,49.4,0.737093404953745,TRUE
"chr16",25120189,25120372,24.48,2.38,0.0972222222222222,FALSE
"chr16",27363971,27364227,20.4,66.67,0.305984700764962,TRUE
"chr16",27896523,27896738,0.58,0,0,FALSE
"chr16",27897630,27898330,42.54,61.32,0.693737769080235,TRUE
"chr16",28609725,28610049,15.73,114.88,0.136925487465181,FALSE
"chr16",29290870,29291180,20.99,180.96,0.115992484526967,FALSE
"chr16",29307831,29308289,11.66,23.82,0.489504617968094,TRUE
"chr16",29310688,29311296,131.7,540.48,0.243672291296625,FALSE
"chr16",29784042,29784277,0,0.6,0,FALSE
"chr16",30090189,30090555,67,5.96,0.088955223880597,FALSE
"chr16",35524006,35524356,6.99,14.28,0.489495798319328,TRUE
"chr16",48235699,48236098,4.67,2.98,0.638115631691649,TRUE
"chr16",49010347,49010611,72.84,16.08,0.220757825370675,FALSE
"chr16",50706258,50706540,11.65,3.58,0.307296137339056,TRUE
"chr16",52564987,52565343,2.33,5.37,0.43389199255121,TRUE
"chr16",53045417,53045865,12.82,135.11,0.0948856487306639,FALSE
"chr16",53054707,53054907,6.4,30.95,0.206785137318255,FALSE
"chr16",53099366,53099938,44.3,55.96,0.791636883488206,TRUE
"chr16",53433676,53433916,19.23,50.6,0.3800395256917,TRUE
"chr16",53511821,53512004,1.75,8.34,0.209832134292566,FALSE
"chr16",53732462,53732835,4.08,1.79,0.438725490196078,TRUE
"chr16",53775567,53776020,33.22,22.03,0.663154726068633,TRUE
"chr16",53945225,53945468,5.83,4.17,0.715265866209262,TRUE
"chr16",54082993,54083176,1.75,0,0,FALSE
"chr16",54085469,54085764,14.57,4.17,0.286204529855868,FALSE
"chr16",54094717,54095020,47.79,10.12,0.211759782381251,FALSE
"chr16",54096013,54096497,3.49,20.26,0.172260612043435,FALSE
"chr16",54161103,54161293,0.58,0,0,FALSE
"chr16",54424092,54424457,30.89,16.68,0.539980576238265,TRUE
"chr16",54424905,54425258,40.79,14.3,0.350576121598431,TRUE
"chr16",54425648,54426016,2.33,38.11,0.0611388087116242,FALSE
"chr16",54431403,54431653,30.3,55.96,0.541458184417441,TRUE
"chr16",54432300,54432612,16.33,5.95,0.364360073484385,TRUE
"chr16",54509424,54509667,1.75,1.79,0.977653631284916,TRUE
"chr16",56370782,56371279,21.56,170.83,0.126207340631037,FALSE
"chr16",56373108,56373394,325.17,62.51,0.192237906325922,FALSE
"chr16",56629398,56630074,18.06,23.83,0.757868233319345,TRUE
"chr16",56639625,56639948,29.73,15.49,0.521022536158762,TRUE
"chr16",57622411,57623087,181.23,292.27,0.620077325760427,TRUE
"chr16",57635709,57635930,12.23,0,0,FALSE
"chr16",65755855,65756190,11.65,40.48,0.287796442687747,FALSE
"chr16",65888677,65888918,5.83,1.19,0.204116638078902,FALSE
"chr16",66278062,66278412,226.11,115.49,0.510769094688426,TRUE
"chr16",66310990,66311235,5.24,14.29,0.366689993002099,TRUE
"chr16",67429382,67429633,0.58,29.76,0.019489247311828,FALSE
"chr16",67893580,67893806,74.01,82.15,0.900912964090079,TRUE
"chr16",67948185,67948388,34.38,77.38,0.444300852933575,TRUE
"chr16",68234470,68234663,175.41,151.78,0.865287041787811,TRUE
"chr16",68237816,68238098,514.58,18.46,0.0358739165921723,FALSE
"chr16",68328082,68328385,40.22,26.19,0.651168572849329,TRUE
"chr16",68416613,68416913,143.37,51.2,0.357117946571807,TRUE
"chr16",68707818,68708203,23.9,1.79,0.0748953974895398,FALSE
"chr16",68745639,68745990,77.52,33.33,0.429953560371517,TRUE
"chr16",69324514,69324807,10.49,23.82,0.440386230058774,TRUE
"chr16",70136591,70136977,22.72,9.53,0.419454225352113,TRUE
"chr16",70390776,70391086,32.64,14.89,0.456188725490196,TRUE
"chr16",72849088,72849304,18.65,21.44,0.869869402985075,TRUE
"chr16",72913260,72913862,15.73,44.04,0.357175295186194,TRUE
"chr16",72914351,72914675,118.3,28.58,0.241589180050718,FALSE
"chr16",72927770,72927974,8.15,29.16,0.279492455418381,FALSE
"chr16",72929397,72929780,29.72,42.27,0.70309912467471,TRUE
"chr16",72935997,72936593,58.86,88.71,0.663510314507947,TRUE
"chr16",72944865,72945214,19.24,26.19,0.73463153875525,TRUE
"chr16",72952901,72953259,43.14,23.82,0.552155771905424,TRUE
"chr16",73015623,73016082,41.38,142.86,0.289654206915862,FALSE
"chr16",73043879,73044107,31.47,32.14,0.979153702551338,TRUE
"chr16",73055384,73055683,112.48,229.16,0.490836097050096,TRUE
"chr16",75029867,75030161,16.31,1.2,0.0735744941753525,FALSE
"chr16",75310017,75310229,1.75,5.95,0.294117647058824,TRUE
"chr16",79037479,79037971,36.73,50.59,0.726032812808855,TRUE
"chr16",79171712,79172177,122.38,11.32,0.0924987743095277,FALSE
"chr16",79380921,79381417,2.91,20.84,0.139635316698656,FALSE
"chr16",80024055,80024280,4.66,4.77,0.976939203354298,TRUE
"chr16",80527802,80528036,0.58,0.6,0.966666666666667,TRUE
"chr16",80609354,80609551,2.33,64.88,0.0359124537607892,FALSE
"chr16",80613903,80614197,5.82,25.59,0.227432590855803,FALSE
"chr16",80615726,80616110,29.72,103.58,0.286927978374204,FALSE
"chr16",80654185,80654387,1.75,91.07,0.0192159877017679,FALSE
"chr16",80676669,80676897,0,45.84,0,FALSE
"chr16",80837576,80837994,0,9.53,0,FALSE
"chr16",82136480,82136800,0,23.81,0,FALSE
"chr16",82137193,82137649,1.75,67.85,0.025792188651437,FALSE
"chr16",82137882,82138080,16.31,118.45,0.137695230054875,FALSE
"chr16",82138496,82138828,77.51,230.95,0.335613769214116,TRUE
"chr16",82152619,82152985,11.65,69.04,0.168742757821553,FALSE
"chr16",84724558,84724981,29.73,37.51,0.792588643028526,TRUE
"chr16",84725611,84725818,78.67,64.89,0.824837930596161,TRUE
"chr16",84786545,84786902,101.99,4.18,0.0409844102362977,FALSE
"chr16",85144381,85144690,55.37,7.14,0.128950695322377,FALSE
"chr16",85145131,85145533,67.61,4.18,0.0618251737908593,FALSE
"chr16",85147257,85147833,47.8,48.81,0.979307518951035,TRUE
"chr16",85148809,85149183,57.7,61.9,0.932148626817448,TRUE
"chr16",85282224,85282698,66.44,54.16,0.815171583383504,TRUE
"chr16",85288117,85288651,17.49,197.61,0.0885076666160619,FALSE
"chr16",85288899,85289311,83.32,218.47,0.381379594452327,TRUE
"chr16",85306052,85306483,1306.56,322.64,0.246938525593926,FALSE
"chr16",85311294,85311562,53.03,245.24,0.216237155439569,FALSE
"chr16",85311874,85312206,52.45,5.96,0.113632030505243,FALSE
"chr16",85350287,85350507,6.41,0.6,0.093603744149766,FALSE
"chr16",85446909,85447160,0,1.79,0,FALSE
"chr16",85459042,85459272,88,163.09,0.539579373352137,TRUE
"chr16",85462136,85462666,339.75,372.62,0.911786806934679,TRUE
"chr16",85464451,85464634,26.23,194.64,0.134761611179614,FALSE
"chr16",85465949,85466391,300.72,231.56,0.770018621973929,TRUE
"chr16",85472600,85472889,216.79,33.94,0.156557036763688,FALSE
"chr16",85474292,85474514,40.21,54.77,0.734161037064086,TRUE
"chr16",85475287,85475638,67.02,79.17,0.84653277756726,TRUE
"chr16",85491691,85492298,141.6,317.86,0.445479141760523,TRUE
"chr16",85520920,85521369,104.9,16.08,0.153288846520496,FALSE
"chr16",85570461,85570696,67.6,33.93,0.501923076923077,TRUE
"chr16",85602857,85603076,11.65,0.6,0.0515021459227468,FALSE
"chr16",85746310,85746719,42.55,204.75,0.207814407814408,FALSE
"chr16",85752955,85753227,100.82,403.57,0.249820353346384,FALSE
"chr16",85753350,85753813,96.73,169.05,0.572197574682047,TRUE
"chr16",85891510,85891758,2.91,2.39,0.821305841924399,TRUE
"chr16",86193615,86194317,21.56,26.2,0.822900763358779,TRUE
"chr16",87789986,87790304,52.46,34.53,0.65821578345406,TRUE
"chr16",87806943,87807290,20.4,54.18,0.376522702104097,TRUE
"chr16",87860615,87860855,1.75,14.29,0.122463261021693,FALSE
"chr16",88760738,88761061,30.88,43.46,0.710538426138978,TRUE
"chr16",88763351,88763896,26.82,201.2,0.133300198807157,FALSE
"chr16",88771039,88771235,85.66,10.13,0.118258230212468,FALSE
"chr16",88923794,88924233,16.31,51.21,0.318492481937122,TRUE
"chr16",88927041,88927679,123.56,235.13,0.525496533832348,TRUE
"chr16",88928243,88928821,85.66,97.04,0.882728771640561,TRUE
"chr16",88929095,88929384,49.53,114.29,0.433371248578178,TRUE
"chr16",88936246,88936541,3.5,10.72,0.326492537313433,TRUE
"chr16",89153955,89154580,65.85,144.05,0.457132939951406,TRUE
"chr16",89345790,89346022,2.33,7.15,0.325874125874126,TRUE
"chr16",89827821,89828017,40.79,19.05,0.467026231919588,TRUE
"chr17",1087766,1087994,12.82,16.67,0.769046190761848,TRUE
"chr17",1946021,1946311,6.41,0,0,FALSE
"chr17",2401356,2401544,97.32,38.69,0.397554459515002,TRUE
"chr17",3976713,3977006,5.83,16.08,0.362562189054726,TRUE
"chr17",4247822,4248315,7.57,22.05,0.343310657596372,TRUE
"chr17",4533685,4534046,34.96,69.65,0.501938262742283,TRUE
"chr17",4534262,4534698,24.47,20.24,0.827135267674704,TRUE
"chr17",4575839,4576178,16.32,30.35,0.537726523887974,TRUE
"chr17",4593629,4594012,5.25,18.46,0.284398699891658,FALSE
"chr17",5313839,5314188,15.16,0.6,0.0395778364116095,FALSE
"chr17",5883860,5884165,2.92,22.03,0.132546527462551,FALSE
"chr17",6550639,6550883,0,0,0,FALSE
"chr17",6675992,6676421,12.24,101.2,0.120948616600791,FALSE
"chr17",6686172,6686625,6.41,0,0,FALSE
"chr17",7141750,7142012,0.58,41.67,0.0139188864890809,FALSE
"chr17",7296325,7296528,1.75,10.12,0.172924901185771,FALSE
"chr17",7351853,7352094,33.8,238.09,0.14196312318871,FALSE
"chr17",7477811,7477999,12.81,10.12,0.790007806401249,TRUE
"chr17",7486304,7486575,58.86,14.28,0.242609582059123,FALSE
"chr17",7951720,7952111,8.16,36.91,0.221078298564075,FALSE
"chr17",7957669,7958064,16.9,0.6,0.0355029585798817,FALSE
"chr17",9054205,9054461,2.33,43.46,0.053612517257248,FALSE
"chr17",9175686,9176068,0.58,8.94,0.0648769574944072,FALSE
"chr17",9205935,9206175,36.13,144.65,0.249775319737297,FALSE
"chr17",9973648,9973987,0.58,12.52,0.0463258785942492,FALSE
"chr17",13181795,13182048,5.83,14.29,0.407977606717985,TRUE
"chr17",13182635,13183391,6.41,14.9,0.430201342281879,TRUE
"chr17",15177958,15178412,5.82,26.2,0.222137404580153,FALSE
"chr17",15659358,15660063,26.22,95.83,0.27360951685276,FALSE
"chr17",16922327,16922656,1.17,5.96,0.196308724832215,FALSE
"chr17",16922843,16923143,64.68,4.17,0.0644712430426716,FALSE
"chr17",16942271,16942625,4.66,5.96,0.781879194630873,TRUE
"chr17",17755315,17755878,0.58,0,0,FALSE
"chr17",19554421,19554691,44.87,8.94,0.199242255404502,FALSE
"chr17",19599235,19599653,12.82,5.37,0.418876755070203,TRUE
"chr17",27241700,27242304,506.43,73.82,0.145765456232846,FALSE
"chr17",27247415,27247718,0,26.78,0,FALSE
"chr17",27321625,27321924,58.86,13.7,0.232755691471288,FALSE
"chr17",27322265,27322549,70.52,1.79,0.0253828701077708,FALSE
"chr17",27332447,27332843,57.7,61.92,0.931847545219638,TRUE
"chr17",28497508,28497744,29.72,134.52,0.220933690157597,FALSE
"chr17",28498004,28498334,260.5,88.09,0.338157389635317,TRUE
"chr17",28499799,28500291,90.9,62.52,0.687788778877888,TRUE
"chr17",28525329,28525690,82.75,40.49,0.489305135951662,TRUE
"chr17",28532869,28533207,11.65,86.31,0.1349785656355,FALSE
"chr17",28536752,28537435,170.16,109.53,0.643688293370945,TRUE
"chr17",28540360,28540559,12.82,85.11,0.150628598284573,FALSE
"chr17",28634111,28634626,3.49,62.5,0.05584,FALSE
"chr17",29158132,29158376,0,49.4,0,FALSE
"chr17",29158782,29159190,26.81,6.55,0.244311823946289,FALSE
"chr17",29761132,29761315,9.33,27.97,0.333571683947086,TRUE
"chr17",31566481,31566952,117.71,22.03,0.187154872143403,FALSE
"chr17",31655006,31655398,14.58,40.48,0.360177865612648,TRUE
"chr17",36000756,36001104,7.58,20.25,0.374320987654321,TRUE
"chr17",36731140,36731399,0.58,13.1,0.0442748091603053,FALSE
"chr17",38702638,38702821,356.08,50.6,0.142102898225118,FALSE
"chr17",39812506,39812796,14.57,41.08,0.354673807205453,TRUE
"chr17",40023383,40023733,1.75,63.69,0.0274768409483435,FALSE
"chr17",40180752,40181065,15.73,5.96,0.378893833439288,TRUE
"chr17",40308279,40308499,148.02,39.88,0.269423050939062,FALSE
"chr17",40311267,40311633,89.15,66.66,0.747728547392036,TRUE
"chr17",40314551,40314841,49.55,36.91,0.744904137235116,TRUE
"chr17",40322229,40322666,491.85,54.16,0.110114872420453,FALSE
"chr17",40448650,40449040,385.21,27.98,0.0726357051997612,FALSE
"chr17",40534550,40534884,7.58,0.6,0.079155672823219,FALSE
"chr17",40549284,40549550,20.99,79.77,0.26313150307133,FALSE
"chr17",40552514,40552829,55.94,2.99,0.0534501251340722,FALSE
"chr17",40576054,40576605,83.91,63.09,0.751877011083304,TRUE
"chr17",40576810,40577034,409.68,1.2,0.00292911540714704,FALSE
"chr17",40582272,40582645,31.47,119.65,0.263017133305474,FALSE
"chr17",40684535,40684878,25.06,15.49,0.618116520351157,TRUE
"chr17",40686079,40686563,43.7,381.54,0.114535828484563,FALSE
"chr17",40687113,40687821,1335.68,274.99,0.205880150934356,FALSE
"chr17",40701046,40701422,93.25,110.12,0.846803487104976,TRUE
"chr17",40702228,40702460,39.05,23.22,0.594622279129321,TRUE
"chr17",41415969,41416286,65.26,23.81,0.364848299111247,TRUE
"chr17",41421628,41422043,69.36,78.57,0.882779686903398,TRUE
"chr17",41505878,41506315,8.75,183.93,0.0475724460392541,FALSE
"chr17",41506609,41507069,122.37,57.15,0.467026231919588,TRUE
"chr17",41507713,41507978,50.13,17.27,0.344504288848993,TRUE
"chr17",41525664,41525956,6.99,441.66,0.01582665398723,FALSE
"chr17",41535971,41536341,50.11,152.38,0.328848930305814,TRUE
"chr17",41793229,41793541,31.46,74.99,0.419522603013735,TRUE
"chr17",44218124,44218428,20.97,41.07,0.510591672753835,TRUE
"chr17",45043123,45043587,28.54,76.8,0.371614583333333,TRUE
"chr17",45124518,45125068,7.58,63.12,0.120088719898606,FALSE
"chr17",45899263,45900038,93.82,4.18,0.0445534001279045,FALSE
"chr17",45901082,45901477,78.67,60.12,0.764204906571755,TRUE
"chr17",47673995,47674368,213.29,22.62,0.10605279197337,FALSE
"chr17",47693135,47693509,75.75,229.17,0.330540646681503,TRUE
"chr17",47905890,47906096,13.39,2.98,0.222554144884242,FALSE
"chr17",48500042,48500409,5.83,29.17,0.199862872814535,FALSE
"chr17",48506004,48506203,58.86,1.79,0.0304111450900442,FALSE
"chr17",48589473,48589690,13.99,56.54,0.247435443933498,FALSE
"chr17",48590301,48590543,2.91,6.55,0.444274809160305,TRUE
"chr17",48790649,48790868,7,4.77,0.681428571428571,TRUE
"chr17",48800567,48801185,18.08,50,0.3616,TRUE
"chr17",49012827,49013177,52.45,72.63,0.722153380145945,TRUE
"chr17",49101478,49101721,29.71,5.95,0.200269269606193,FALSE
"chr17",49630229,49630470,0.58,0.6,0.966666666666667,TRUE
"chr17",49887269,49887945,216.23,54.77,0.25329510243722,FALSE
"chr17",50266804,50267128,15.73,0.6,0.0381436745073109,FALSE
"chr17",50307741,50307978,4.66,0,0,FALSE
"chr17",50317263,50317650,71.68,47.62,0.664341517857143,TRUE
"chr17",50652675,50653105,58.87,51.19,0.869543060981824,TRUE
"chr17",50655771,50656092,12.23,161.92,0.0755311264822135,FALSE
"chr17",50785174,50785517,18.06,12.5,0.692137320044297,TRUE
"chr17",50845732,50845981,22.73,0,0,FALSE
"chr17",50861790,50862018,24.47,1151.18,0.0212564499035772,FALSE
"chr17",50944312,50944922,112.48,507.75,0.221526341703594,FALSE
"chr17",50948177,50948768,494.18,280.97,0.56855801529807,TRUE
"chr17",50949971,50950335,185.32,504.75,0.367152055473006,TRUE
"chr17",54977791,54978140,0.58,1.19,0.487394957983193,TRUE
"chr17",55707479,55707862,11.07,0,0,FALSE
"chr17",55750958,55751144,243.59,2.98,0.0122336713329775,FALSE
"chr17",56173852,56174255,830.44,50.61,0.060943596165888,FALSE
"chr17",56835049,56835271,102.57,97.63,0.951837769328264,TRUE
"chr17",56890705,56891087,0,36.31,0,FALSE
"chr17",57085589,57085990,421.91,153.57,0.363987580289635,TRUE
"chr17",57166727,57167146,8.75,7.74,0.884571428571429,TRUE
"chr17",57215404,57215588,3.5,2.98,0.851428571428571,TRUE
"chr17",57286570,57286901,88.58,2.98,0.0336419056220366,FALSE
"chr17",57296360,57296593,37.29,0.6,0.0160901045856798,FALSE
"chr17",57340562,57341001,472.05,81.55,0.172757123186103,FALSE
"chr17",57342829,57343315,858.4,14.89,0.0173462255358807,FALSE
"chr17",57343612,57343826,115.98,12.51,0.107863424728401,FALSE
"chr17",57357371,57358276,244.78,405.34,0.603888093945823,TRUE
"chr17",57375745,57376270,123.53,70.84,0.57346393588602,TRUE
"chr17",57376739,57377002,5.83,7.75,0.752258064516129,TRUE
"chr17",57410286,57410562,46.05,19.05,0.413680781758958,TRUE
"chr17",57411939,57412247,6.99,0.6,0.0858369098712446,FALSE
"chr17",57458268,57458606,26.81,5.96,0.22230511003357,FALSE
"chr17",57459149,57459533,51.87,14.29,0.27549643339117,FALSE
"chr17",57807345,57807650,0,2.98,0,FALSE
"chr17",57834135,57834540,32.64,69.65,0.468628858578607,TRUE
"chr17",57835411,57835837,23.9,83.34,0.286777057835373,FALSE
"chr17",57890250,57890438,13.99,7.74,0.55325232308792,TRUE
"chr17",57890674,57890892,12.24,2.99,0.244281045751634,FALSE
"chr17",57899789,57900157,217.95,273.81,0.79598992001753,TRUE
"chr17",57955583,57955917,95.58,45.24,0.473320778405524,TRUE
"chr17",58639630,58640057,0.58,38.69,0.0149909537348152,FALSE
"chr17",58640304,58640576,56.53,0.6,0.0106138333628162,FALSE
"chr17",59332228,59332518,96.73,102.97,0.939399825191804,TRUE
"chr17",59366894,59367182,103.73,10.72,0.103345223175552,FALSE
"chr17",59854804,59854995,4.09,142.26,0.0287501757345705,FALSE
"chr17",60345065,60345505,84.5,86.91,0.972270164538028,TRUE
"chr17",60346809,60347397,54.2,167.25,0.32406576980568,TRUE
"chr17",60567927,60568319,4.66,5.96,0.781879194630873,TRUE
"chr17",60568616,60568848,4.08,1.79,0.438725490196078,TRUE
"chr17",61356784,61357029,111.89,36.91,0.329877558316203,TRUE
"chr17",61399262,61399705,673.68,929.16,0.725041973395325,TRUE
"chr17",61401875,61402437,638.72,488.1,0.764184619238477,TRUE
"chr17",61403336,61403688,586.27,539.3,0.919883330206219,TRUE
"chr17",61414835,61415177,146.84,4.18,0.0284663579406156,FALSE
"chr17",61450151,61450478,3.49,13.1,0.266412213740458,FALSE
"chr17",61723041,61723725,21.57,34.54,0.624493341053851,TRUE
"chr17",61724889,61725155,11.66,101.2,0.115217391304348,FALSE
"chr17",61725590,61725821,31.46,23.81,0.756834075015893,TRUE
"chr17",61862013,61862299,15.73,581.55,0.027048405124237,FALSE
"chr17",62804741,62805121,73.43,55.35,0.753779109355849,TRUE
"chr17",63258887,63259084,5.82,0,0,FALSE
"chr17",63435588,63435958,36.13,17.28,0.478272903404373,TRUE
"chr17",64131854,64132174,15.74,8.94,0.567979669631512,TRUE
"chr17",64147290,64147709,5510.62,235.72,0.0427755860502085,FALSE
"chr17",65001794,65002030,41.96,55.36,0.757947976878613,TRUE
"chr17",66933430,66933873,7,47.03,0.148841165213693,FALSE
"chr17",66934008,66934260,21.57,9.53,0.441817338896616,TRUE
"chr17",66952207,66952751,363.64,102.96,0.283137168628314,FALSE
"chr17",66954173,66954395,12.82,15.48,0.828165374677003,TRUE
"chr17",67390787,67391410,18.06,10.72,0.593576965669989,TRUE
"chr17",67411446,67411837,6.41,1.2,0.187207488299532,FALSE
"chr17",67467568,67467950,17.49,23.81,0.734565308693826,TRUE
"chr17",68292214,68292507,754.1,154.77,0.205238032091235,FALSE
"chr17",68328848,68329216,118.31,50,0.422618544501733,TRUE
"chr17",70747530,70747782,1.75,0,0,FALSE
"chr17",71936979,71937229,20.98,3.58,0.170638703527169,FALSE
"chr17",72177000,72177277,19.82,0.6,0.0302724520686176,FALSE
"chr17",72399521,72399749,0,3.57,0,FALSE
"chr17",72471411,72471738,0,72.63,0,FALSE
"chr17",72517773,72518122,46.62,68.46,0.680981595092025,TRUE
"chr17",72617354,72617558,16.9,250.01,0.0675972961081557,FALSE
"chr17",72617709,72618352,1230.23,133.34,0.108386236719963,FALSE
"chr17",72640434,72640835,8.74,2.99,0.342105263157895,TRUE
"chr17",72684121,72684372,17.48,1.79,0.102402745995423,FALSE
"chr17",72952747,72953065,1.75,2.39,0.732217573221757,TRUE
"chr17",73506545,73506768,31.47,7.74,0.245948522402288,FALSE
"chr17",73548488,73548767,0,4.18,0,FALSE
"chr17",73549876,73550309,0.58,1.79,0.324022346368715,TRUE
"chr17",73559072,73559345,20.39,1.79,0.0877881314369789,FALSE
"chr17",73564839,73565146,3.49,11.91,0.293031066330814,TRUE
"chr17",73610965,73611267,3.5,39.29,0.0890811911427844,FALSE
"chr17",73612098,73612509,30.89,42.86,0.720718618758749,TRUE
"chr17",73936512,73936726,0,0.6,0,FALSE
"chr17",74744822,74745091,33.22,27.97,0.841962673088501,TRUE
"chr17",74758217,74758624,198.14,310.11,0.638934571603624,TRUE
"chr17",74760634,74761029,1515.19,44.05,0.0290722615645563,FALSE
"chr17",74769732,74770247,150.94,141.68,0.938651119650192,TRUE
"chr17",74770646,74770856,321.67,62.51,0.194329592439457,FALSE
"chr17",74771137,74771342,51.29,12.5,0.243712224605186,FALSE
"chr17",74981163,74981352,1.17,6.55,0.178625954198473,FALSE
"chr17",74982668,74982939,47.79,64.88,0.736590628853268,TRUE
"chr17",75078641,75078868,50.11,15.48,0.308920375174616,TRUE
"chr17",75084129,75084401,29.13,2.39,0.0820460006865774,FALSE
"chr17",75085452,75085775,0.58,65.47,0.00885901939819765,FALSE
"chr17",75289641,75289828,289.05,36.91,0.127694170558727,FALSE
"chr17",75549417,75549667,464.47,21.43,0.0461386095980365,FALSE
"chr17",75873015,75873349,8.74,29.18,0.299520219328307,TRUE
"chr17",76541279,76541515,18.07,10.12,0.560044272274488,TRUE
"chr17",77089153,77089412,535.56,43.45,0.0811300321159161,FALSE
"chr17",77126477,77126821,112.48,158.34,0.710370089680434,TRUE
"chr17",77283311,77283620,324.59,2.99,0.00921162081394991,FALSE
"chr17",77286274,77286783,319.94,226.79,0.708851659686191,TRUE
"chr17",77286962,77287340,333.93,85.72,0.256700506094092,FALSE
"chr17",77287902,77288131,162.59,17.27,0.106218094593763,FALSE
"chr17",77288864,77289047,71.67,64.88,0.905260220454862,TRUE
"chr17",77779966,77780273,97.9,12.5,0.127681307456588,FALSE
"chr17",78374261,78374444,26.23,53.57,0.489639723725966,TRUE
"chr17",78421098,78421821,212.13,50,0.235704520812709,FALSE
"chr17",78782602,78782804,79.26,4.77,0.0601816805450416,FALSE
"chr17",79005906,79006163,77.5,58.93,0.760387096774194,TRUE
"chr17",79017560,79017925,11.66,18.46,0.631635969664139,TRUE
"chr17",79812951,79813328,74.59,654.76,0.113919604129757,FALSE
"chr17",79844525,79844825,30.3,26.78,0.883828382838284,TRUE
"chr17",79893129,79893402,427.16,4.77,0.0111667759153479,FALSE
"chr17",79897734,79897930,11.08,5.36,0.483754512635379,TRUE
"chr17",79903448,79903769,1.75,7.16,0.244413407821229,FALSE
"chr17",79942573,79942838,6.99,17.26,0.404982618771727,TRUE
"chr17",79979520,79979708,4.66,16.67,0.279544091181764,FALSE
"chr17",79992469,79992715,196.97,116.67,0.592323704117378,TRUE
"chr17",80030805,80031013,31.47,255.36,0.123237781954887,FALSE
"chr17",80047229,80047607,208.04,13.11,0.0630167275523938,FALSE
"chr17",80068397,80068936,12.24,35.13,0.348420153714774,TRUE
"chr17",80102965,80103260,243.59,14.88,0.0610862514881563,FALSE
"chr17",80394660,80394991,43.12,64.88,0.664611590628853,TRUE
"chr17",80405688,80405983,6.42,29.77,0.215653342290897,FALSE
"chr17",81343044,81343272,5.25,101.19,0.0518825970945746,FALSE
"chr17",82101007,82101393,67.6,28.58,0.422781065088757,TRUE
"chr17",82103696,82104257,98.5,103.6,0.950772200772201,TRUE
"chr17",82152640,82152868,7.58,20.24,0.374505928853755,TRUE
"chr17",82234880,82235147,258.75,33.93,0.131130434782609,FALSE
"chr17",82522014,82522340,36.14,36.9,0.97940379403794,TRUE
"chr17",82613978,82614539,12.82,19.05,0.672965879265092,TRUE
"chr17",82888889,82889420,55.94,291.06,0.192194049336906,FALSE
"chr17",82889589,82889860,354.91,125,0.352201966695782,TRUE
"chr17",82892976,82893307,26.23,13.7,0.522302706824247,TRUE
"chr17",83064825,83065069,33.22,44.64,0.744175627240143,TRUE
"chr17",83067563,83067956,53.03,7.16,0.135017914388082,FALSE
"chr17",83180925,83181367,86.83,11.32,0.130369687895889,FALSE
"chr17",83189758,83190061,85.08,25.59,0.300775740479549,TRUE
"chr18",110948,111212,6.41,64.87,0.0988130106366579,FALSE
"chr18",111398,111727,163.17,192.85,0.846098003629764,TRUE
"chr18",499365,499928,13.4,27.38,0.489408327246165,TRUE
"chr18",2385216,2385960,1.75,14.9,0.11744966442953,FALSE
"chr18",2893980,2894235,4.08,16.08,0.253731343283582,FALSE
"chr18",3045458,3045741,37.29,11.31,0.303298471440064,TRUE
"chr18",3384921,3385196,4.08,0,0,FALSE
"chr18",3395490,3395764,53.62,8.35,0.155725475568818,FALSE
"chr18",3646178,3646567,0,3.57,0,FALSE
"chr18",3689029,3689568,11.07,30.97,0.357442686470778,TRUE
"chr18",3710821,3711086,19.81,8.33,0.420494699646643,TRUE
"chr18",3722590,3722817,23.89,14.89,0.623273336123901,TRUE
"chr18",5410576,5410881,20.97,20.84,0.99380066762041,TRUE
"chr18",5787907,5788351,82.17,14.9,0.181331386150663,FALSE
"chr18",6510069,6510416,1.75,3.58,0.488826815642458,TRUE
"chr18",9494868,9495168,26.23,0,0,FALSE
"chr18",9495933,9496378,36.14,19.66,0.543995572772551,TRUE
"chr18",9705281,9705587,0.58,15.48,0.0374677002583979,FALSE
"chr18",9717708,9717919,18.07,0.6,0.0332042058660764,FALSE
"chr18",9736905,9737349,34.96,0.6,0.017162471395881,FALSE
"chr18",9757637,9758224,38.45,94.65,0.406233491811939,TRUE
"chr18",9802142,9802464,15.74,5.95,0.378017789072427,TRUE
"chr18",9804067,9804508,99.66,108.94,0.914815494767762,TRUE
"chr18",9808543,9808857,37.88,104.17,0.363636363636364,TRUE
"chr18",10023782,10024004,0,2.98,0,FALSE
"chr18",10121957,10122629,60.02,35.73,0.595301566144618,TRUE
"chr18",10131967,10132395,33.22,14.29,0.430162552679109,TRUE
"chr18",10893203,10893547,27.97,1.19,0.0425455845548802,FALSE
"chr18",10909396,10909752,2.33,0,0,FALSE
"chr18",11136354,11136579,0,4.17,0,FALSE
"chr18",11155634,11156016,4.66,0.6,0.128755364806867,FALSE
"chr18",11177541,11178191,3.5,13.7,0.255474452554745,FALSE
"chr18",11268963,11269393,35.55,14.3,0.40225035161744,TRUE
"chr18",11983630,11983988,139.28,4.76,0.0341757610568639,FALSE
"chr18",13223579,13223958,163.18,20.25,0.124096090207133,FALSE
"chr18",13394935,13395448,122.37,113.11,0.924327858135164,TRUE
"chr18",13425857,13426192,8.16,0,0,FALSE
"chr18",13539769,13540420,65.83,57.17,0.868449035394197,TRUE
"chr18",13808709,13809180,2.92,57.15,0.0510936132983377,FALSE
"chr18",14947567,14947770,8.74,0.6,0.068649885583524,FALSE
"chr18",21188104,21188313,3.49,5.96,0.585570469798658,TRUE
"chr18",21330014,21330523,2.33,8.94,0.260626398210291,FALSE
"chr18",22254296,22254699,1.75,8.94,0.195749440715884,FALSE
"chr18",22847237,22847534,1.75,2.38,0.735294117647059,TRUE
"chr18",22871756,22872042,4.66,0,0,FALSE
"chr18",22873270,22873563,1.75,21.44,0.0816231343283582,FALSE
"chr18",23257833,23258138,48.94,1.79,0.0365753984470781,FALSE
"chr18",23401617,23401853,1.17,1.2,0.975,TRUE
"chr18",23585665,23585890,50.69,27.97,0.55178536200434,TRUE
"chr18",23604132,23604413,0.58,3.58,0.162011173184358,FALSE
"chr18",23626669,23627760,102.57,72.62,0.708004289753339,TRUE
"chr18",23629402,23629901,40.21,36.33,0.903506590400398,TRUE
"chr18",23722661,23722978,58.27,16.67,0.286082031920371,FALSE
"chr18",25042704,25043141,0,1.2,0,FALSE
"chr18",25090171,25090403,0.58,2.98,0.194630872483221,FALSE
"chr18",25111662,25111933,2.91,2.98,0.976510067114094,TRUE
"chr18",25168620,25168959,11.66,0.6,0.0514579759862779,FALSE
"chr18",26575375,26575727,9.91,58.33,0.169895422595577,FALSE
"chr18",26745392,26745707,18.07,39.29,0.459913463985747,TRUE
"chr18",32769957,32770301,15.73,15.48,0.98410680228862,TRUE
"chr18",36097113,36097353,0,4.77,0,FALSE
"chr18",36099267,36099708,47.22,13.1,0.277424819991529,FALSE
"chr18",36580765,36581041,9.91,0,0,FALSE
"chr18",39523315,39523614,14.57,13.1,0.89910775566232,TRUE
"chr18",43876738,43877039,2.33,8.34,0.279376498800959,FALSE
"chr18",44066602,44066948,1.75,0.6,0.342857142857143,TRUE
"chr18",44729698,44730085,2.33,1.19,0.510729613733906,TRUE
"chr18",44825948,44826183,7.58,1.79,0.236147757255937,FALSE
"chr18",44831656,44832023,0.58,6.55,0.0885496183206107,FALSE
"chr18",44916414,44916667,11.66,4.76,0.408233276157804,TRUE
"chr18",44918067,44918394,11.66,6.55,0.561749571183533,TRUE
"chr18",45359454,45359959,21.57,9.53,0.441817338896616,TRUE
"chr18",45793298,45793838,37.88,289.29,0.130941270005876,FALSE
"chr18",45802630,45803040,54.79,43.45,0.793027924803796,TRUE
"chr18",46113780,46114360,19.81,5.96,0.300858152448258,TRUE
"chr18",47521567,47521791,0.58,5.36,0.108208955223881,FALSE
"chr18",47522675,47522988,33.22,0,0,FALSE
"chr18",48038065,48038318,9.9,2.39,0.241414141414141,FALSE
"chr18",48123917,48124304,71.09,39.3,0.552820368546912,TRUE
"chr18",48126717,48127033,68.19,8.34,0.122305323361197,FALSE
"chr18",48308122,48308514,32.05,7.14,0.222776911076443,FALSE
"chr18",48453455,48453801,189.98,247.61,0.767254957392674,TRUE
"chr18",48454115,48454375,125.29,87.5,0.698379758959215,TRUE
"chr18",48548235,48548569,144.52,11.91,0.0824107389980625,FALSE
"chr18",48974629,48974937,41.37,104.17,0.397139291542671,TRUE
"chr18",48982927,48983356,82.75,120.25,0.688149688149688,TRUE
"chr18",48984043,48984251,83.34,20.84,0.250059995200384,FALSE
"chr18",48990808,48991305,95.58,270.85,0.352889052981355,TRUE
"chr18",48994137,48994392,30.89,22.63,0.732599546778893,TRUE
"chr18",48996957,48997304,41.96,168.46,0.249079900273062,FALSE
"chr18",49021573,49021892,139.86,157.73,0.886705129017942,TRUE
"chr18",50374695,50374938,2.33,1231.55,0.00189192481019853,FALSE
"chr18",51491660,51491935,4.08,6.55,0.622900763358779,TRUE
"chr18",54260795,54261131,1.17,5.36,0.218283582089552,FALSE
"chr18",54958679,54959066,11.08,120.23,0.0921566996589869,FALSE
"chr18",57141519,57142023,0.58,4.77,0.121593291404612,FALSE
"chr18",57242337,57242690,13.4,10.72,0.8,TRUE
"chr18",57437523,57437752,43.71,12.51,0.286204529855868,FALSE
"chr18",57581476,57581738,10.49,99.41,0.105522583241123,FALSE
"chr18",57793658,57794057,12.82,45.24,0.283377541998232,FALSE
"chr18",57794351,57794639,19.82,77.37,0.25617164275559,FALSE
"chr18",58087863,58088062,24.48,10.12,0.413398692810457,TRUE
"chr18",59952723,59952957,5.24,9.53,0.5498426023085,TRUE
"chr18",59953344,59953564,16.32,8.93,0.54718137254902,TRUE
"chr18",59954275,59954582,44.29,4.77,0.107699254910815,FALSE
"chr18",59958064,59958290,1.17,67.27,0.0173925969971756,FALSE
"chr18",59983569,59984264,4.67,0,0,FALSE
"chr18",60053818,60054180,0.58,0,0,FALSE
"chr18",63132481,63132805,12.24,152.98,0.0800104588835142,FALSE
"chr18",63155627,63155990,26.22,31.55,0.831061806656101,TRUE
"chr18",63156208,63156498,63.53,36.9,0.58082795529671,TRUE
"chr18",63187038,63187422,1.17,5.95,0.196638655462185,FALSE
"chr18",63220875,63221229,6.41,10.73,0.597390493942218,TRUE
"chr18",63225704,63226093,90.91,52.99,0.582884171158288,TRUE
"chr18",63230918,63231113,0,0.6,0,FALSE
"chr18",63241357,63242006,57.69,54.78,0.949557982319293,TRUE
"chr18",63254660,63255218,67.59,64.3,0.951324160378754,TRUE
"chr18",63257306,63257676,57.11,80.96,0.705410079051383,TRUE
"chr18",63259477,63259832,8.74,383.34,0.0227996034851568,FALSE
"chr18",63260463,63260662,70.52,50.6,0.717526942711288,TRUE
"chr18",63261754,63261989,0,42.85,0,FALSE
"chr18",63265281,63265603,25.63,33.34,0.76874625074985,TRUE
"chr18",73946654,73946982,1.75,0,0,FALSE
"chr18",74242632,74243082,141.6,135.71,0.95840395480226,TRUE
"chr18",74282637,74282864,58.27,52.38,0.89891882615411,TRUE
"chr18",74283706,74284124,14.57,261.31,0.0557575293712449,FALSE
"chr18",74546801,74547209,54.79,36.32,0.662894688811827,TRUE
"chr18",74547717,74547913,45.46,0,0,FALSE
"chr18",74920358,74920656,14.57,2.38,0.163349347975292,FALSE
"chr18",74929201,74929451,4.08,12.5,0.3264,TRUE
"chr18",74961158,74961482,1.75,0.6,0.342857142857143,TRUE
"chr18",75802104,75802423,8.17,0,0,FALSE
"chr18",76857513,76857924,27.98,17.27,0.61722659042173,TRUE
"chr18",77043347,77043741,12.23,16.09,0.760099440646364,TRUE
"chr18",77054743,77055058,114.22,33.34,0.29189283838207,TRUE
"chr18",77055163,77055444,93.23,13.7,0.146948407165076,FALSE
"chr18",78892827,78893180,6.99,77.38,0.0903334194882399,FALSE
"chr18",78893540,78893904,41.39,33.93,0.81976322783281,TRUE
"chr18",78894099,78894391,53.02,14.88,0.280648811769144,FALSE
"chr18",79062834,79063175,46.04,155.36,0.296343975283213,TRUE
"chr18",79063366,79063597,42.54,5.36,0.12599905970851,FALSE
"chr18",79405237,79405782,23.89,26.79,0.891750653228817,TRUE
"chr19",1166824,1167158,11.65,27.38,0.425493060628196,TRUE
"chr19",1170217,1170632,1.16,13.7,0.0846715328467153,FALSE
"chr19",1181557,1182177,647.45,80.37,0.12413313769403,FALSE
"chr19",1184931,1185179,68.77,41.66,0.605787407299695,TRUE
"chr19",1185628,1185965,90.9,32.14,0.353575357535754,TRUE
"chr19",1208022,1208309,13.39,113.7,0.117766051011434,FALSE
"chr19",1340707,1340961,2.91,5.36,0.542910447761194,TRUE
"chr19",1513100,1513715,25.07,26.2,0.956870229007634,TRUE
"chr19",1871223,1871582,4.67,44.05,0.106015891032917,FALSE
"chr19",2168783,2169343,23.31,54.18,0.430232558139535,TRUE
"chr19",2489311,2489573,26.81,3.58,0.133532264080567,FALSE
"chr19",2520155,2520486,22.73,10.72,0.471623405191377,TRUE
"chr19",2524975,2525388,133.46,114.29,0.856361456616215,TRUE
"chr19",2529511,2529771,183.58,58.33,0.317736136834078,TRUE
"chr19",2535510,2535931,9.91,22.04,0.449637023593466,TRUE
"chr19",2576160,2576582,16.32,38.11,0.42823405930202,TRUE
"chr19",2579056,2579563,259.32,163.69,0.631227826623477,TRUE
"chr19",3336732,3337013,2.91,5.96,0.488255033557047,TRUE
"chr19",3384922,3385210,4.08,8.93,0.456886898096305,TRUE
"chr19",3387705,3388007,2.33,44.06,0.0528824330458466,FALSE
"chr19",3389988,3390316,79.84,29.17,0.365355711422846,TRUE
"chr19",3555897,3556100,0.58,2.98,0.194630872483221,FALSE
"chr19",3606283,3606645,31.46,18.45,0.586458995549905,TRUE
"chr19",3708685,3708917,181.25,36.31,0.200331034482759,FALSE
"chr19",3713072,3713505,198.73,41.07,0.206662305640819,FALSE
"chr19",4042810,4043030,1.75,7.75,0.225806451612903,FALSE
"chr19",4061895,4062132,48.95,85.12,0.575070488721805,TRUE
"chr19",4063149,4063453,45.46,48.81,0.931366523253432,TRUE
"chr19",4536726,4537097,27.97,57.73,0.484496795426988,TRUE
"chr19",4538000,4538192,1.75,5.95,0.294117647058824,TRUE
"chr19",4538381,4538716,13.4,28.57,0.469023451172559,TRUE
"chr19",4539895,4540180,1.75,464.89,0.00376433134720041,FALSE
"chr19",4792332,4792524,36.13,4.77,0.132023249377249,FALSE
"chr19",4914892,4915178,12.82,3.58,0.279251170046802,FALSE
"chr19",4970784,4971118,375.29,343.46,0.915185589810546,TRUE
"chr19",4971680,4971975,290.22,14.29,0.0492385087175246,FALSE
"chr19",4991610,4992333,116.56,28.59,0.245281400137268,FALSE
"chr19",6681654,6682024,11.65,6.55,0.562231759656652,TRUE
"chr19",7254665,7254955,52.45,30.37,0.579027645376549,TRUE
"chr19",7414800,7415069,15.74,1.79,0.113722998729352,FALSE
"chr19",7421920,7422223,6.41,19.65,0.326208651399491,TRUE
"chr19",7620063,7620376,7,6.56,0.937142857142857,TRUE
"chr19",7888637,7888862,94.99,1.19,0.0125276344878408,FALSE
"chr19",7904058,7904492,92.07,6.55,0.071141522754426,FALSE
"chr19",8310858,8311116,4.66,5.36,0.869402985074627,TRUE
"chr19",9846335,9847072,7.58,5.97,0.787598944591029,TRUE
"chr19",10501939,10502303,57.69,538.69,0.107093133341996,FALSE
"chr19",10502436,10502713,63.51,177.97,0.356857897398438,TRUE
"chr19",10863445,10863695,19.81,2.39,0.120646138313983,FALSE
"chr19",10939397,10939593,13.99,19.64,0.712321792260692,TRUE
"chr19",11477011,11477198,18.65,17.86,0.957640750670241,TRUE
"chr19",11696764,11697101,7.58,13.69,0.553688823959094,TRUE
"chr19",11729663,11729984,0,106.54,0,FALSE
"chr19",11737992,11738265,279.73,198.22,0.708611875737318,TRUE
"chr19",12293889,12294072,192.32,60.12,0.312603993344426,TRUE
"chr19",14119662,14119889,12.82,42.85,0.299183197199533,TRUE
"chr19",15073040,15073337,0.58,20.84,0.027831094049904,FALSE
"chr19",15479425,15479758,3.5,116.08,0.0301516195727085,FALSE
"chr19",15480126,15480440,11.66,26.78,0.435399551904406,TRUE
"chr19",15485755,15486082,22.73,1.79,0.0787505499340079,FALSE
"chr19",15488503,15489051,23.31,22.64,0.971256971256971,TRUE
"chr19",15562885,15563450,16.9,227.98,0.0741293095885604,FALSE
"chr19",15828499,15828902,10.49,11.91,0.880772460117548,TRUE
"chr19",15934948,15935386,74.02,0,0,FALSE
"chr19",15975777,15976200,21.56,12.51,0.580241187384045,TRUE
"chr19",16003596,16003909,6.41,7.16,0.895251396648045,TRUE
"chr19",16093676,16093869,7.57,2.39,0.315719947159841,TRUE
"chr19",16098087,16098311,71.68,0,0,FALSE
"chr19",16143430,16143632,1.17,55.36,0.0211343930635838,FALSE
"chr19",16462932,16463181,79.84,63.09,0.790205410821643,TRUE
"chr19",16463709,16464289,67.61,92.87,0.728006891353505,TRUE
"chr19",16824727,16824984,14.58,58.33,0.249957140408023,FALSE
"chr19",17244726,17244962,23.89,121.41,0.196771270900255,FALSE
"chr19",17248396,17248687,9.91,105.95,0.093534686172723,FALSE
"chr19",17791274,17791601,35.54,8.94,0.251547552054024,FALSE
"chr19",18380234,18380494,5.83,13.1,0.445038167938931,TRUE
"chr19",18484818,18485104,3.5,20.84,0.167946257197697,FALSE
"chr19",18486173,18486505,7.58,33.33,0.227422742274227,FALSE
"chr19",18488122,18488353,48.96,54.15,0.90415512465374,TRUE
"chr19",18489061,18489457,116.55,14.88,0.127670527670528,FALSE
"chr19",18832516,18833089,371.21,82.14,0.221276366477196,FALSE
"chr19",18999420,19000003,0.58,22.64,0.0256183745583039,FALSE
"chr19",19063233,19063640,70.51,154.77,0.455579246624023,TRUE
"chr19",19549817,19550114,18.65,4.17,0.223592493297587,FALSE
"chr19",22426651,22427167,19.81,106.53,0.185957007415751,FALSE
"chr19",23399685,23399902,0.58,5.37,0.108007448789572,FALSE
"chr19",23400258,23400881,36.13,7.15,0.197896484915583,FALSE
"chr19",23401968,23402921,57.1,67.89,0.84106643099131,TRUE
"chr19",23403626,23403843,0.58,20.84,0.027831094049904,FALSE
"chr19",23404798,23405193,13.98,5.36,0.383404864091559,TRUE
"chr19",23544547,23544839,0.58,0,0,FALSE
"chr19",23563409,23563790,1.16,0.6,0.517241379310345,TRUE
"chr19",23817700,23817936,37.29,0.6,0.0160901045856798,FALSE
"chr19",23822818,23823236,245.94,6.55,0.0266325119947955,FALSE
"chr19",29671347,29671707,100.81,5.96,0.0591211189366134,FALSE
"chr19",30318688,30319004,2.91,3.58,0.812849162011173,TRUE
"chr19",30687387,30687727,9.32,11.9,0.783193277310924,TRUE
"chr19",30698471,30699108,111.89,16.68,0.149074984359639,FALSE
"chr19",31280463,31280777,36.13,13.1,0.362579573761417,TRUE
"chr19",31451781,31452080,4.66,16.66,0.279711884753902,FALSE
"chr19",31600229,31600892,0,5.97,0,FALSE
"chr19",32222634,32223034,58.87,2.38,0.0404280618311534,FALSE
"chr19",33032546,33032739,0,4.17,0,FALSE
"chr19",33541660,33542311,74.01,44.06,0.595324956087015,TRUE
"chr19",33580328,33580696,10.49,72.02,0.145653985004166,FALSE
"chr19",33627490,33628179,230.78,1.2,0.00519975734465725,FALSE
"chr19",33629512,33629862,16.33,15.47,0.9473361910594,TRUE
"chr19",33630071,33630306,42.55,1.19,0.0279670975323149,FALSE
"chr19",33878679,33878991,3.5,21.43,0.163322445170322,FALSE
"chr19",33879783,33880193,7,17.26,0.405561993047509,TRUE
"chr19",35000308,35000628,78.09,16.08,0.205916250480215,FALSE
"chr19",35040966,35041294,3.5,10.73,0.32618825722274,TRUE
"chr19",35291658,35291843,4.66,0,0,FALSE
"chr19",35310415,35310659,60.61,2.98,0.0491668041577297,FALSE
"chr19",35315978,35316237,130.55,70.24,0.538031405591727,TRUE
"chr19",35317407,35317839,54.18,95.84,0.565317195325543,TRUE
"chr19",35319054,35319390,32.06,9.53,0.297255146600125,TRUE
"chr19",36246615,36246969,5.83,23.21,0.251184834123223,FALSE
"chr19",37730774,37731305,25.64,2.39,0.093213728549142,FALSE
"chr19",37932452,37932718,227.28,120.25,0.529083069341781,TRUE
"chr19",37941710,37942085,34.97,15.48,0.4426651415499,TRUE
"chr19",37966782,37967121,60.62,2.39,0.0394259320356318,FALSE
"chr19",38298901,38299636,607.81,299.4,0.492588144321416,TRUE
"chr19",38321592,38321955,107.23,326.78,0.328141257114879,TRUE
"chr19",38681463,38681719,16.31,7.15,0.438381361128142,TRUE
"chr19",38683593,38683942,101.4,96.44,0.951084812623274,TRUE
"chr19",38684200,38684395,187.65,15.48,0.0824940047961631,FALSE
"chr19",38714434,38714811,22.13,9.53,0.430637144148215,TRUE
"chr19",39130348,39130766,93.24,300,0.3108,TRUE
"chr19",39143986,39144177,14.57,8.93,0.612903225806452,TRUE
"chr19",39144384,39144652,25.05,7.15,0.285429141716567,FALSE
"chr19",39150945,39151340,41.96,35.12,0.836987607244995,TRUE
"chr19",39160354,39160540,64.1,5.95,0.0928237129485179,FALSE
"chr19",39409507,39409795,259.91,35.72,0.137432188065099,FALSE
"chr19",39874509,39874703,4.66,1.79,0.38412017167382,TRUE
"chr19",40226809,40227127,4.08,208.93,0.0195280716029292,FALSE
"chr19",40249784,40250026,4.66,0.6,0.128755364806867,FALSE
"chr19",40466038,40466493,111.31,6.56,0.0589345072320546,FALSE
"chr19",40480197,40480530,86.25,4.17,0.0483478260869565,FALSE
"chr19",40920899,40921842,63.52,42.85,0.674590680100756,TRUE
"chr19",41052256,41052781,5.25,24.4,0.21516393442623,FALSE
"chr19",42488823,42489181,4.08,13.1,0.311450381679389,TRUE
"chr19",43595206,43595428,65.27,46.42,0.711199632296614,TRUE
"chr19",44694709,44694908,0,4.77,0,FALSE
"chr19",44695789,44695986,21.55,0,0,FALSE
"chr19",44718384,44718918,86.84,89.28,0.972670250896057,TRUE
"chr19",44741969,44742339,223.2,113.7,0.509408602150538,TRUE
"chr19",44742823,44743097,269.22,33.34,0.123839239283857,FALSE
"chr19",44748436,44748660,268.65,0.6,0.00223338916806253,FALSE
"chr19",46193078,46193444,1.75,13.11,0.13348588863463,FALSE
"chr19",46784721,46784980,14.56,132.13,0.110194505411337,FALSE
"chr19",46925259,46925492,55.95,45.24,0.80857908847185,TRUE
"chr19",47081183,47081499,0.58,20.84,0.027831094049904,FALSE
"chr19",47096060,47096635,151.52,276.79,0.547418620614907,TRUE
"chr19",47152357,47152549,4.67,0.6,0.12847965738758,FALSE
"chr19",47336882,47337214,34.38,91.67,0.37504090760336,TRUE
"chr19",47610729,47611258,134.61,52.98,0.393581457544016,TRUE
"chr19",47648273,47648538,29.73,45.25,0.657016574585635,TRUE
"chr19",47723448,47723744,5.25,41.08,0.127799415774099,FALSE
"chr19",48062725,48063000,40.79,29.77,0.729835744054915,TRUE
"chr19",48553837,48554184,356.08,55.36,0.1554706807459,FALSE
"chr19",48554655,48554955,21.56,5.37,0.249072356215213,FALSE
"chr19",48568527,48568731,34.39,8.33,0.242221576039546,FALSE
"chr19",48569628,48569888,7.57,11.91,0.635600335852225,TRUE
"chr19",49570620,49570919,61.78,9.54,0.154418905794756,FALSE
"chr19",50721322,50721602,12.24,13.1,0.934351145038168,TRUE
"chr19",51044380,51044704,20.4,8.33,0.408333333333333,TRUE
"chr19",51807383,51807719,47.79,26.2,0.548231847666876,TRUE
"chr19",54096929,54097326,98.48,63.11,0.640840779853777,TRUE
"chr19",54156950,54157151,19.22,14.88,0.774193548387097,TRUE
"chr19",55167273,55167480,18.06,2.98,0.16500553709856,FALSE
"chr19",57798690,57798969,5.25,41.66,0.126020163226116,FALSE
"chr19",57814003,57814355,126.46,709.53,0.178230659732499,FALSE
"chr19",57851773,57852033,19.82,2.39,0.12058526740666,FALSE
"chr19",58518153,58518484,22.14,23.82,0.929471032745592,TRUE
"chr2",260767,261394,6.41,221.42,0.0289495077228796,FALSE
"chr2",566985,567368,16.9,9.53,0.563905325443787,TRUE
"chr2",902326,902829,8.75,0.6,0.0685714285714286,FALSE
"chr2",1087027,1087435,11.08,4.17,0.376353790613718,TRUE
"chr2",1617676,1617999,60.01,26.2,0.436593901016497,TRUE
"chr2",1618213,1618473,26.8,4.18,0.155970149253731,FALSE
"chr2",1693347,1693592,2.91,5.96,0.488255033557047,TRUE
"chr2",1913621,1913860,16.89,5.95,0.352279455298993,TRUE
"chr2",1939010,1939221,0,4.17,0,FALSE
"chr2",1940254,1940782,10.49,2.99,0.285033365109628,FALSE
"chr2",2083394,2083634,4.08,0.6,0.147058823529412,FALSE
"chr2",3222665,3223344,297.22,17.87,0.0601238140098244,FALSE
"chr2",5195661,5195887,1.75,2.98,0.587248322147651,TRUE
"chr2",5831119,5831560,5.82,5.36,0.920962199312715,TRUE
"chr2",6917738,6918137,36.14,14.89,0.412008854454898,TRUE
"chr2",7744618,7744955,0.58,1.2,0.483333333333333,TRUE
"chr2",7748997,7749293,0,50.6,0,FALSE
"chr2",7791381,7791703,1.75,4.78,0.366108786610879,TRUE
"chr2",7792326,7792526,27.97,4.77,0.17053986414015,FALSE
"chr2",7870076,7870432,0,7.74,0,FALSE
"chr2",8274910,8275382,0.58,0,0,FALSE
"chr2",8525462,8525743,4.08,23.8,0.171428571428571,FALSE
"chr2",8573839,8574052,10.49,32.14,0.326384567517113,TRUE
"chr2",9169523,9169817,8.16,7.16,0.877450980392157,TRUE
"chr2",9806254,9806595,4.09,49.42,0.0827600161877782,FALSE
"chr2",9807762,9808148,17.48,34.53,0.506226469736461,TRUE
"chr2",9809112,9809303,129.97,95.83,0.737323997845657,TRUE
"chr2",9812561,9812829,62.35,27.99,0.448917401764234,TRUE
"chr2",10021757,10022064,934.18,67.86,0.0726412468689118,FALSE
"chr2",10022441,10022637,216.79,2.39,0.0110244937497117,FALSE
"chr2",10032750,10033070,6.99,3.58,0.512160228898426,TRUE
"chr2",10733120,10733410,13.4,8.35,0.623134328358209,TRUE
"chr2",10752419,10752602,139.28,73.21,0.525631820792648,TRUE
"chr2",10757179,10758086,405.61,171.45,0.42269667907596,TRUE
"chr2",10759473,10759656,22.14,10.12,0.457091237579042,TRUE
"chr2",10828911,10829205,1.16,9.53,0.121720881427072,FALSE
"chr2",11122296,11122693,178.31,122.63,0.68773484381134,TRUE
"chr2",11125885,11126123,28.55,5.96,0.208756567425569,FALSE
"chr2",11480846,11481052,41.38,18.45,0.445867568873852,TRUE
"chr2",11494598,11494933,24.47,8.35,0.341234164282795,TRUE
"chr2",11497933,11498283,136.37,508.93,0.267954335566777,FALSE
"chr2",11498450,11498964,317,614.88,0.515547749154307,TRUE
"chr2",11501200,11501547,44.29,27.98,0.631745314969519,TRUE
"chr2",11502540,11502812,16.31,5.36,0.328632740649908,TRUE
"chr2",11503640,11503876,27.97,0,0,FALSE
"chr2",11512693,11513112,102.57,430.96,0.238003527009467,FALSE
"chr2",11515514,11515804,5.82,13.1,0.444274809160305,TRUE
"chr2",11524382,11524793,34.39,65.49,0.525118338677661,TRUE
"chr2",11530959,11531332,162.59,79.18,0.486991819915124,TRUE
"chr2",11532308,11532770,390.45,108.34,0.277474708669484,FALSE
"chr2",11539459,11540098,525.64,587.49,0.894721612282762,TRUE
"chr2",11550959,11551249,58.27,4.17,0.0715634117041359,FALSE
"chr2",11558657,11558952,89.17,86.31,0.967926432656723,TRUE
"chr2",13055113,13055494,0,0.6,0,FALSE
"chr2",14178772,14179197,12.82,23.81,0.538429231415372,TRUE
"chr2",14543392,14543727,4.66,14.88,0.313172043010753,TRUE
"chr2",15142703,15143256,48.37,13.1,0.270829026255944,FALSE
"chr2",15642236,15642829,36.13,8.93,0.247163022419042,FALSE
"chr2",16019291,16019624,69.35,13.1,0.188896899783706,FALSE
"chr2",16506278,16506635,7.58,29.18,0.259766963673749,FALSE
"chr2",19003664,19003894,15.15,1.19,0.0785478547854785,FALSE
"chr2",19130812,19131005,0,1.19,0,FALSE
"chr2",19138406,19138700,1.75,3.57,0.490196078431373,TRUE
"chr2",20071605,20072176,48.95,132.15,0.370412410139992,TRUE
"chr2",20113931,20114342,75.75,197.04,0.384439707673569,TRUE
"chr2",20351550,20351840,146.26,157.74,0.927222010904019,TRUE
"chr2",20374913,20375243,35.54,12.51,0.351997749015194,TRUE
"chr2",20378709,20378966,77.51,38.1,0.491549477486776,TRUE
"chr2",20381318,20381730,8.16,204.18,0.0399647369967676,FALSE
"chr2",20468902,20469433,128.21,144.03,0.890161771853086,TRUE
"chr2",20471669,20472058,8.73,83.93,0.104015250804242,FALSE
"chr2",20472366,20472578,47.2,67.86,0.695549661066903,TRUE
"chr2",20474191,20474649,14.57,649.4,0.0224360948567909,FALSE
"chr2",20474786,20475340,507.6,115.47,0.227482269503546,FALSE
"chr2",24084178,24084476,59.45,92.86,0.640211070428602,TRUE
"chr2",25078971,25079423,41.38,14.29,0.345335911068149,TRUE
"chr2",25673918,25674164,48.96,4.17,0.085171568627451,FALSE
"chr2",26012606,26012800,17.48,1.19,0.0680778032036613,FALSE
"chr2",26360046,26360291,68.76,1.2,0.0174520069808028,FALSE
"chr2",26367992,26368278,18.06,22.03,0.8197911938266,TRUE
"chr2",26757983,26758297,67.6,52.98,0.783727810650888,TRUE
"chr2",26758465,26758728,903.28,43.45,0.0481024709945975,FALSE
"chr2",26772561,26773088,248.26,5.37,0.021630548618384,FALSE
"chr2",28342361,28342705,2.33,12.5,0.1864,FALSE
"chr2",28377182,28377515,8.74,25.6,0.34140625,TRUE
"chr2",29583611,29583837,0,0,0,FALSE
"chr2",33192089,33192485,0.58,4.77,0.121593291404612,FALSE
"chr2",35297408,35297796,11.07,12.5,0.8856,TRUE
"chr2",35298627,35298836,5.83,44.05,0.132349602724177,FALSE
"chr2",35461843,35462043,0,0,0,FALSE
"chr2",38076077,38076599,389.88,621.42,0.627401757265618,TRUE
"chr2",38096246,38096558,322.86,45.24,0.140122653781825,FALSE
"chr2",38514662,38515221,2.33,38.69,0.0602222796588266,FALSE
"chr2",38690708,38691036,3.5,4.17,0.839328537170264,TRUE
"chr2",38905897,38906223,0.58,11.91,0.0486985726280437,FALSE
"chr2",39180243,39180689,23.31,22.04,0.945516945516946,TRUE
"chr2",39448214,39448425,1.75,0.6,0.342857142857143,TRUE
"chr2",41774205,41774805,17.5,1.19,0.068,FALSE
"chr2",41775739,41776097,6.42,4.77,0.742990654205607,TRUE
"chr2",42010761,42011120,0.58,10.12,0.0573122529644269,FALSE
"chr2",42025410,42025630,42.54,4.77,0.11212976022567,FALSE
"chr2",42035889,42036233,4.08,5.36,0.761194029850746,TRUE
"chr2",42342499,42342868,40.79,152.98,0.26663616158975,FALSE
"chr2",42782697,42783153,16.33,14.9,0.912431108389467,TRUE
"chr2",42784559,42784984,171.91,42.86,0.249316502821244,FALSE
"chr2",42787483,42787697,55.36,26.19,0.473085260115607,TRUE
"chr2",42788796,42789290,30.88,42.87,0.720317238161885,TRUE
"chr2",43273616,43273929,8.16,47.03,0.173506272591963,FALSE
"chr2",43276610,43276883,63.52,45.25,0.712374055415617,TRUE
"chr2",45752535,45752948,177.74,60.13,0.338303139417126,TRUE
"chr2",45753431,45753729,32.64,13.1,0.401348039215686,TRUE
"chr2",45820682,45820997,22.73,35.72,0.636338185890258,TRUE
"chr2",45822465,45822710,37.31,3.58,0.0959528276601447,FALSE
"chr2",47751857,47752108,2.92,16.67,0.175164967006599,FALSE
"chr2",53988701,53988973,0,0.6,0,FALSE
"chr2",53989319,53989831,5.25,1.2,0.228571428571429,FALSE
"chr2",55163801,55164150,36.71,59.52,0.61676747311828,TRUE
"chr2",62858282,62858862,4.08,1.79,0.438725490196078,TRUE
"chr2",64273532,64273922,1.17,14.9,0.0785234899328859,FALSE
"chr2",64906807,64907366,20.98,73.23,0.286494606035778,FALSE
"chr2",64975310,64975751,27.39,26.79,0.978094194961665,TRUE
"chr2",65300206,65300527,53.03,145.84,0.36361766319254,TRUE
"chr2",65388265,65388451,22.73,20.25,0.890893092828861,TRUE
"chr2",65576642,65576851,5.83,33.34,0.174865026994601,FALSE
"chr2",65604266,65604657,20.4,7.15,0.350490196078431,TRUE
"chr2",66554178,66554530,37.88,29.17,0.770063357972545,TRUE
"chr2",70258552,70258852,82.75,90.48,0.914566755083996,TRUE
"chr2",70381875,70382375,29.71,105.37,0.281958811806017,FALSE
"chr2",70616242,70616585,39.04,8.94,0.228995901639344,FALSE
"chr2",72572567,72572849,0,13.1,0,FALSE
"chr2",72574873,72575347,2.33,2.98,0.781879194630873,TRUE
"chr2",73268480,73268690,9.32,41.07,0.226929632335038,FALSE
"chr2",73431869,73432281,19.8,4.17,0.210606060606061,FALSE
"chr2",74441876,74442264,199.3,72.04,0.361465127947817,TRUE
"chr2",74772172,74772649,15.14,34.53,0.43845931074428,TRUE
"chr2",74845238,74845594,68.17,157.15,0.433789373210309,TRUE
"chr2",74845859,74846407,284.39,14.3,0.0502830619923345,FALSE
"chr2",74897830,74898235,102.56,97.04,0.946177847113885,TRUE
"chr2",75153408,75153666,283.8,81.56,0.28738548273432,FALSE
"chr2",75321687,75322184,2.92,6.55,0.445801526717557,TRUE
"chr2",75516487,75516737,2.33,0,0,FALSE
"chr2",85397942,85398175,23.9,7.15,0.299163179916318,TRUE
"chr2",85515295,85515616,11.65,3.58,0.307296137339056,TRUE
"chr2",85517086,85517405,15.74,0,0,FALSE
"chr2",85524724,85524978,41.39,20.24,0.489007006523315,TRUE
"chr2",85924461,85924739,2.33,0.6,0.257510729613734,FALSE
"chr2",85954520,85955409,237.17,194.64,0.820677151410381,TRUE
"chr2",86264159,86264523,5.83,4.76,0.816466552315609,TRUE
"chr2",86265294,86265543,0.58,0,0,FALSE
"chr2",88191357,88191683,1.75,0,0,FALSE
"chr2",95526489,95526800,114.81,539.28,0.212894971072541,FALSE
"chr2",96147096,96147280,54.78,38.09,0.695326761591822,TRUE
"chr2",96964642,96965425,94.41,41.68,0.441478656921936,TRUE
"chr2",98058483,98058695,6.99,49.41,0.14146933819065,FALSE
"chr2",98233837,98234309,143.36,14.89,0.103864397321429,FALSE
"chr2",98729856,98730056,4.66,30.36,0.153491436100132,FALSE
"chr2",99574066,99574482,4.09,1.79,0.437652811735941,TRUE
"chr2",99609753,99610262,18.07,12.51,0.692307692307692,TRUE
"chr2",99617877,99618274,33.79,21.43,0.634211305119858,TRUE
"chr2",99618958,99619209,39.63,40.48,0.979001976284585,TRUE
"chr2",99636613,99637060,50.7,17.86,0.352268244575937,TRUE
"chr2",100056540,100056735,0,1.19,0,FALSE
"chr2",100061995,100062281,1.17,1.79,0.653631284916201,TRUE
"chr2",100066922,100067183,10.49,39.29,0.266989055739374,FALSE
"chr2",100292074,100292304,17.48,88.69,0.19709099109257,FALSE
"chr2",100322306,100322565,36.71,57.14,0.642457122856143,TRUE
"chr2",101234646,101235009,0.58,47.62,0.0121797564048719,FALSE
"chr2",105399100,105399307,41.96,0.6,0.0142993326978074,FALSE
"chr2",105404051,105404348,14.57,8.34,0.572409059711736,TRUE
"chr2",105522650,105523158,15.73,1.79,0.113795295613477,FALSE
"chr2",106274523,106274828,2.91,24.41,0.119213437115936,FALSE
"chr2",107808644,107808848,0,1.19,0,FALSE
"chr2",108295627,108296005,3.49,20.25,0.172345679012346,FALSE
"chr2",108594992,108595279,1.16,11.31,0.102564102564103,FALSE
"chr2",108786451,108786685,105.49,24.41,0.231396340885392,FALSE
"chr2",108905212,108905496,20.98,18.46,0.879885605338418,TRUE
"chr2",109350114,109350607,15.74,67.28,0.233947681331748,FALSE
"chr2",109351193,109351509,29.13,28.59,0.981462409886715,TRUE
"chr2",109407764,109408036,58.28,48.81,0.837508579272478,TRUE
"chr2",109472594,109473063,133.46,35.13,0.263224936310505,FALSE
"chr2",109480473,109480974,38.47,99.99,0.384738473847385,TRUE
"chr2",109482434,109482642,93.24,11.91,0.127734877734878,FALSE
"chr2",109690836,109691104,70.52,57.16,0.810550198525241,TRUE
"chr2",111048754,111049525,12.24,70.25,0.17423487544484,FALSE
"chr2",111535374,111535765,141.61,49.4,0.34884542052115,TRUE
"chr2",111932732,111933258,7.58,0.6,0.079155672823219,FALSE
"chr2",112591401,112591743,75.76,11.91,0.15720696937698,FALSE
"chr2",113236549,113236767,74.01,14.89,0.201189028509661,FALSE
"chr2",118085805,118086110,7.58,21.43,0.353709752683154,TRUE
"chr2",120228593,120228872,7,17.86,0.391937290033595,TRUE
"chr2",120229333,120229668,16.32,5.37,0.329044117647059,TRUE
"chr2",120404106,120404480,34.96,96.43,0.362542777144042,TRUE
"chr2",120405826,120406119,220.29,174.99,0.794361977393436,TRUE
"chr2",120406736,120407198,136.95,45.24,0.330339539978094,TRUE
"chr2",120564353,120564595,9.91,35.72,0.277435610302352,FALSE
"chr2",120565841,120566200,1.17,7.75,0.150967741935484,FALSE
"chr2",123051696,123051994,0,0,0,FALSE
"chr2",128448911,128449311,6.99,5.96,0.852646638054363,TRUE
"chr2",129914263,129915382,2.91,0,0,FALSE
"chr2",130239588,130239916,135.78,17.27,0.127191044336427,FALSE
"chr2",131434392,131434693,32.63,134.52,0.242566161165626,FALSE
"chr2",131563968,131564329,1.75,10.72,0.163246268656716,FALSE
"chr2",131672402,131672612,5.83,20.84,0.279750479846449,FALSE
"chr2",133331428,133332022,5.83,29.77,0.195834732952637,FALSE
"chr2",133421618,133421852,0.58,8.34,0.0695443645083933,FALSE
"chr2",133439521,133439704,0,1.19,0,FALSE
"chr2",133443093,133443369,1.75,0,0,FALSE
"chr2",133492929,133493316,67.61,2.98,0.0440763200709954,FALSE
"chr2",133504867,133505465,56.53,17.87,0.316115336989209,TRUE
"chr2",133572828,133573064,13.98,7.75,0.554363376251788,TRUE
"chr2",133582846,133583149,0,0,0,FALSE
"chr2",134815583,134816147,7.57,2.39,0.315719947159841,TRUE
"chr2",134823345,134823737,0.58,2.98,0.194630872483221,FALSE
"chr2",136215153,136215479,0,0,0,FALSE
"chr2",137366852,137367134,0,0,0,FALSE
"chr2",137508813,137509150,9.9,5.96,0.602020202020202,TRUE
"chr2",137527537,137527840,0.58,1.19,0.487394957983193,TRUE
"chr2",137528709,137528963,7,26.2,0.267175572519084,FALSE
"chr2",137675963,137676270,3.49,30.37,0.114916035561409,FALSE
"chr2",137873917,137874587,0,1.19,0,FALSE
"chr2",138421437,138421667,0.58,12.51,0.0463629096722622,FALSE
"chr2",138435738,138436091,34.96,0.6,0.017162471395881,FALSE
"chr2",138720265,138720624,1.75,1.19,0.68,TRUE
"chr2",139199202,139199604,0.58,0,0,FALSE
"chr2",139245178,139245720,1.16,4.77,0.243186582809224,FALSE
"chr2",139773287,139774015,4.66,9.53,0.488982161594963,TRUE
"chr2",142873453,142873636,0.58,4.76,0.121848739495798,FALSE
"chr2",142980217,142980503,20.4,6.56,0.32156862745098,TRUE
"chr2",142981423,142981650,2.91,0,0,FALSE
"chr2",149422903,149423344,4.66,2.39,0.512875536480687,TRUE
"chr2",156182077,156182395,1.75,25,0.07,FALSE
"chr2",156399434,156399754,76.92,54.16,0.704108164326573,TRUE
"chr2",157125250,157125853,6.41,24.42,0.262489762489762,FALSE
"chr2",157628590,157628791,3.5,39.28,0.0891038696537678,FALSE
"chr2",158507299,158507598,60.02,10.13,0.168777074308564,FALSE
"chr2",158723471,158724300,73.44,277.98,0.264191668465357,FALSE
"chr2",158727271,158727707,45.45,24.41,0.537073707370737,TRUE
"chr2",158742713,158743038,5.24,14.29,0.366689993002099,TRUE
"chr2",159030861,159031357,16.91,0.6,0.0354819633353046,FALSE
"chr2",159043663,159044090,75.17,34.54,0.459491818544632,TRUE
"chr2",159063677,159064003,5.83,4.77,0.818181818181818,TRUE
"chr2",159064481,159065145,14,55.96,0.250178699070765,FALSE
"chr2",159099548,159099873,17.48,30.96,0.564599483204134,TRUE
"chr2",159111310,159111911,81.59,52.39,0.642113004044613,TRUE
"chr2",159119294,159119901,58.27,18.47,0.316972713231508,TRUE
"chr2",160221781,160222355,88.59,14.9,0.16819054069308,FALSE
"chr2",160993564,160994031,57.11,15.49,0.271230957800735,FALSE
"chr2",161867400,161867607,0,0,0,FALSE
"chr2",161872118,161872480,1.75,0,0,FALSE
"chr2",162489321,162489743,0,1.2,0,FALSE
"chr2",163839140,163839328,0,0,0,FALSE
"chr2",163840339,163840857,4.08,0,0,FALSE
"chr2",163841276,163841508,0,1.79,0,FALSE
"chr2",164955524,164955795,26.81,1.79,0.0667661320402835,FALSE
"chr2",165413155,165413477,0,0,0,FALSE
"chr2",166074249,166074659,0,8.34,0,FALSE
"chr2",168137491,168137775,0,3.57,0,FALSE
"chr2",168455936,168456225,2.91,96.44,0.0301742015761095,FALSE
"chr2",168466861,168467044,13.41,0.6,0.0447427293064877,FALSE
"chr2",168853242,168853852,6.4,9.53,0.671563483735572,TRUE
"chr2",170237783,170238086,1.17,3.58,0.326815642458101,TRUE
"chr2",170238724,170239166,13.99,1.19,0.08506075768406,FALSE
"chr2",172274149,172274423,12.83,1.19,0.0927513639906469,FALSE
"chr2",172274704,172275006,9.92,0,0,FALSE
"chr2",172380452,172381022,4.08,10.72,0.380597014925373,TRUE
"chr2",173759323,173759666,1.17,27.98,0.0418155825589707,FALSE
"chr2",173766924,173767255,6.99,0.6,0.0858369098712446,FALSE
"chr2",173883336,173883656,0,2.98,0,FALSE
"chr2",173972394,173972879,36.7,39.3,0.933842239185751,TRUE
"chr2",173985599,173985987,82.16,27.38,0.333252190847128,TRUE
"chr2",173997881,173998181,8.16,2.99,0.366421568627451,TRUE
"chr2",176637996,176638182,26.21,20.83,0.794734834032812,TRUE
"chr2",176845657,176846057,113.05,3.58,0.0316674038036267,FALSE
"chr2",177519970,177520335,3.49,5.37,0.649906890130354,TRUE
"chr2",177521062,177521362,16.89,48.22,0.350269597677312,TRUE
"chr2",179446746,179447089,0,25.6,0,FALSE
"chr2",179574216,179574601,23.31,5.36,0.22994422994423,FALSE
"chr2",179578667,179579541,3.5,13.69,0.255661066471877,FALSE
"chr2",179580696,179581085,15.74,55.95,0.281322609472744,FALSE
"chr2",179646631,179647212,7.58,22.03,0.344076259645937,TRUE
"chr2",179690868,179691062,2.33,1.79,0.768240343347639,TRUE
"chr2",180360172,180360417,6.99,0,0,FALSE
"chr2",181097310,181097569,0,0.6,0,FALSE
"chr2",185187290,185187753,4.66,10.12,0.460474308300395,TRUE
"chr2",185229583,185229922,0.58,3.58,0.162011173184358,FALSE
"chr2",189541284,189542048,13.41,25.02,0.535971223021583,TRUE
"chr2",190416902,190417597,33.8,2.38,0.070414201183432,FALSE
"chr2",190785544,190785758,1.75,173.81,0.0100684655658478,FALSE
"chr2",190786328,190787190,17.47,93.47,0.186904889269284,FALSE
"chr2",197842812,197843208,0,101.19,0,FALSE
"chr2",200185078,200185342,2.91,5.36,0.542910447761194,TRUE
"chr2",200259636,200259921,10.5,0,0,FALSE
"chr2",200288606,200288975,54.78,5.96,0.108798831690398,FALSE
"chr2",200300640,200301161,14.57,3.58,0.245710363761153,FALSE
"chr2",200310680,200311132,68.77,16.08,0.23382288788716,FALSE
"chr2",200665772,200666181,1.17,4.17,0.280575539568345,FALSE
"chr2",200746961,200747291,2.91,53.58,0.0543113101903695,FALSE
"chr2",200747910,200748385,67.6,82.75,0.816918429003021,TRUE
"chr2",200786248,200786886,30.89,15.49,0.501456782130139,TRUE
"chr2",201949302,201949627,11.66,5.96,0.51114922813036,TRUE
"chr2",201985725,201986085,148.01,109.53,0.74001756638065,TRUE
"chr2",201986292,201986624,55.35,33.93,0.613008130081301,TRUE
"chr2",202039565,202039778,649.78,0,0,FALSE
"chr2",204109615,204109992,146.86,55.36,0.37695764673839,TRUE
"chr2",204114886,204115262,1.75,2.39,0.732217573221757,TRUE
"chr2",211423037,211423433,6.41,8.34,0.768585131894484,TRUE
"chr2",212640437,212640764,0,0,0,FALSE
"chr2",214376484,214376906,6.99,7.16,0.976256983240223,TRUE
"chr2",214378310,214379198,30.29,67.28,0.450208085612366,TRUE
"chr2",214381817,214382277,8.16,7.16,0.877450980392157,TRUE
"chr2",214388880,214389103,1.17,19.64,0.0595723014256619,FALSE
"chr2",215216817,215217238,0.58,13.11,0.0442410373760488,FALSE
"chr2",215217603,215217810,13.4,1.79,0.133582089552239,FALSE
"chr2",215943420,215943703,2.91,21.44,0.135727611940299,FALSE
"chr2",215966298,215966666,19.81,57.74,0.34308971250433,TRUE
"chr2",215979084,215979308,17.48,68.45,0.255368882395909,FALSE
"chr2",215979657,215979975,6.99,271.44,0.0257515473032714,FALSE
"chr2",215980177,215980471,77.51,205.96,0.376335210720528,TRUE
"chr2",215982473,215982957,245.35,332.16,0.738650048169557,TRUE
"chr2",216551144,216551438,4.08,6.56,0.621951219512195,TRUE
"chr2",216553061,216553287,5.25,1.19,0.226666666666667,FALSE
"chr2",217092577,217092978,64.68,4.17,0.0644712430426716,FALSE
"chr2",217247466,217247822,18.65,22.63,0.824127264692886,TRUE
"chr2",217331622,217332295,47.2,32.15,0.68114406779661,TRUE
"chr2",217366910,217367244,10.5,81.55,0.128755364806867,FALSE
"chr2",217387465,217387854,1.75,89.3,0.0195968645016797,FALSE
"chr2",217387977,217388470,89.73,16.68,0.185891006352391,FALSE
"chr2",217681717,217682021,7.58,0.6,0.079155672823219,FALSE
"chr2",217943564,217943892,19.82,71.43,0.27747445051099,FALSE
"chr2",217944168,217944353,16.32,2.39,0.146446078431373,FALSE
"chr2",218010127,218010380,3.5,31.55,0.110935023771791,FALSE
"chr2",218322384,218322767,0,108.33,0,FALSE
"chr2",219398881,219399290,119.46,243.45,0.490696241528034,TRUE
"chr2",219399914,219400531,234.25,247.62,0.946005976900089,TRUE
"chr2",219478481,219478898,55.35,20.85,0.376693766937669,TRUE
"chr2",221767364,221767861,8.15,13.7,0.594890510948905,TRUE
"chr2",223021347,223021686,8.16,6.56,0.803921568627451,TRUE
"chr2",224331662,224332228,29.14,17.27,0.592656142759094,TRUE
"chr2",225465046,225465386,0,0,0,FALSE
"chr2",225614868,225615284,10.49,8.94,0.852240228789323,TRUE
"chr2",225615525,225615881,22.74,87.52,0.259826325411335,FALSE
"chr2",225616392,225616717,149.18,28.58,0.191580640836573,FALSE
"chr2",225646675,225647136,0,2.98,0,FALSE
"chr2",225841282,225841599,0,0,0,FALSE
"chr2",225842934,225843883,0.58,0,0,FALSE
"chr2",226119191,226119406,4.66,0,0,FALSE
"chr2",226151158,226151473,3.49,7.14,0.488795518207283,TRUE
"chr2",227703768,227704131,84.5,13.11,0.155147928994083,FALSE
"chr2",229815390,229815857,0,61.32,0,FALSE
"chr2",229848019,229848287,0.58,6.55,0.0885496183206107,FALSE
"chr2",229848525,229848802,5.83,20.85,0.279616306954436,FALSE
"chr2",231222921,231223413,47.2,13.11,0.277754237288136,FALSE
"chr2",231519458,231519758,23.89,211.3,0.113061997160435,FALSE
"chr2",231706184,231706551,265.74,251.81,0.947580341687364,TRUE
"chr2",231707717,231708078,45.45,475.59,0.0955655081057213,FALSE
"chr2",232511491,232511933,4.08,2.98,0.730392156862745,TRUE
"chr2",232646814,232647088,4.66,6.56,0.710365853658537,TRUE
"chr2",233271938,233272176,18.06,0,0,FALSE
"chr2",234976439,234976992,62.94,22.63,0.359548776612647,TRUE
"chr2",236592715,236593403,18.06,55.96,0.322730521801287,TRUE
"chr2",236611519,236611966,58.27,13.69,0.23494079286082,FALSE
"chr2",236691945,236692216,15.74,26.8,0.587313432835821,TRUE
"chr2",236692832,236693363,33.8,34.54,0.978575564562826,TRUE
"chr2",236818521,236818902,21.55,52.39,0.411338041610994,TRUE
"chr2",236824888,236825439,60.03,52.4,0.872896884890888,TRUE
"chr2",236874915,236875172,38.47,98.81,0.389333063455116,TRUE
"chr2",236967150,236967511,3.5,1.79,0.511428571428571,TRUE
"chr2",237025299,237025554,48.38,8.94,0.184787102108309,FALSE
"chr2",237025771,237026122,272.16,57.15,0.209986772486772,FALSE
"chr2",237038950,237039201,1.17,2.98,0.39261744966443,TRUE
"chr2",237041265,237041674,203.97,100,0.490268176692651,TRUE
"chr2",237043999,237044724,7.57,64.29,0.117747705708508,FALSE
"chr2",237075986,237076342,18.07,98.22,0.183974750559967,FALSE
"chr2",237235366,237235923,22.15,24.41,0.907414993854977,TRUE
"chr2",237487156,237487440,500,52.39,0.10478,FALSE
"chr2",237496417,237496754,68.77,10.72,0.155881925258107,FALSE
"chr2",237502510,237502830,233.7,315.48,0.740775960441232,TRUE
"chr2",237510073,237510449,51.86,36.9,0.711531045121481,TRUE
"chr2",237558961,237559369,101.39,92.84,0.915672157017457,TRUE
"chr2",237691134,237691350,44.29,28.57,0.64506660645744,TRUE
"chr2",237928304,237928537,1.75,0,0,FALSE
"chr2",237940879,237941137,2.91,7.15,0.406993006993007,TRUE
"chr2",239268209,239268794,122.39,46.43,0.379361058910042,TRUE
"chr2",239768871,239769164,1.17,13.69,0.085463842220599,FALSE
"chr2",240069861,240070374,23.9,47.62,0.501889962200756,TRUE
"chr2",240251022,240251288,4.66,28.58,0.163051084674598,FALSE
"chr2",240251554,240252118,83.91,60.11,0.716362769634132,TRUE
"chr2",240368685,240369082,12.24,15.49,0.790187217559716,TRUE
"chr2",240369333,240369752,32.62,12.5,0.383200490496628,TRUE
"chr2",240565972,240566220,9.9,164.88,0.0600436681222707,FALSE
"chr2",240894032,240894374,23.31,12.51,0.536679536679537,TRUE
"chr2",240898314,240898533,27.97,86.31,0.32406441895493,TRUE
"chr2",240959675,240959947,7,4.77,0.681428571428571,TRUE
"chr2",240960439,240960785,3.5,6.55,0.534351145038168,TRUE
"chr2",240986346,240986620,0,4.77,0,FALSE
"chr20",753983,754198,20.98,2.39,0.113918017159199,FALSE
"chr20",754309,754544,26.8,10.72,0.4,TRUE
"chr20",774146,774336,0.58,7.14,0.0812324929971989,FALSE
"chr20",2207736,2208061,37.3,22.62,0.606434316353887,TRUE
"chr20",2244543,2245127,32.05,1.2,0.0374414976599064,FALSE
"chr20",4109689,4110073,17.48,1.19,0.0680778032036613,FALSE
"chr20",4134624,4134825,27.97,16.08,0.574901680371827,TRUE
"chr20",4135383,4135701,22.74,87.51,0.259856016455262,FALSE
"chr20",4136506,4136920,16.32,15.49,0.949142156862745,TRUE
"chr20",4137995,4138266,1.16,14.89,0.0779046339825386,FALSE
"chr20",4161385,4161639,7.57,14.3,0.529370629370629,TRUE
"chr20",4161976,4162253,22.14,12.51,0.565040650406504,TRUE
"chr20",9531630,9531965,0,0,0,FALSE
"chr20",10076721,10076904,2.91,1.79,0.615120274914089,TRUE
"chr20",10559291,10559637,6.41,1.79,0.279251170046802,FALSE
"chr20",10662406,10662679,1.17,2.39,0.489539748953975,TRUE
"chr20",12286515,12286804,4.08,1.79,0.438725490196078,TRUE
"chr20",15039148,15039546,6.41,13.1,0.489312977099237,TRUE
"chr20",16541281,16541485,0,4.18,0,FALSE
"chr20",16542554,16542798,0,16.67,0,FALSE
"chr20",17515115,17515390,4.66,1.19,0.255364806866953,FALSE
"chr20",17567519,17567816,12.24,73.8,0.165853658536585,FALSE
"chr20",18058774,18059126,11.65,37.51,0.310583844308185,TRUE
"chr20",19130114,19130535,0.58,44.05,0.01316685584563,FALSE
"chr20",19133217,19133798,12.24,0,0,FALSE
"chr20",19283499,19283874,9.9,2.98,0.301010101010101,TRUE
"chr20",19767170,19767418,72.83,19.04,0.261430729095153,FALSE
"chr20",19784060,19784395,11.08,27.39,0.404527199707923,TRUE
"chr20",20077282,20077699,3.5,0.6,0.171428571428571,FALSE
"chr20",20079504,20079774,4.08,3.57,0.875,TRUE
"chr20",20441283,20441593,4.66,3.58,0.768240343347639,TRUE
"chr20",20456975,20457268,7.58,7.15,0.943271767810026,TRUE
"chr20",22296138,22296590,9.32,33.34,0.279544091181764,FALSE
"chr20",22680214,22680633,14.57,5.36,0.367879203843514,TRUE
"chr20",23116447,23116687,0,12.5,0,FALSE
"chr20",23337749,23338151,4.08,2.98,0.730392156862745,TRUE
"chr20",23357786,23358078,67.02,316.07,0.212041636346379,FALSE
"chr20",23361111,23361343,116.55,411.9,0.282957028404953,FALSE
"chr20",24649887,24650376,43.12,14.29,0.331400742115028,TRUE
"chr20",24812394,24812647,1.75,2.38,0.735294117647059,TRUE
"chr20",25018502,25018735,11.65,46.44,0.250861326442722,FALSE
"chr20",25056101,25056477,13.98,141.07,0.099099737718863,FALSE
"chr20",31559838,31560159,104.32,0.6,0.00575153374233129,FALSE
"chr20",31672508,31672878,7,61.32,0.114155251141553,FALSE
"chr20",31680454,31680704,26.22,30.95,0.847172859450727,TRUE
"chr20",31822530,31822790,0,31.56,0,FALSE
"chr20",32040729,32041105,189.98,38.69,0.203653016106959,FALSE
"chr20",32540208,32540391,2.33,6.55,0.355725190839695,TRUE
"chr20",32676282,32676555,0,0,0,FALSE
"chr20",32741559,32741771,6.99,10.72,0.65205223880597,TRUE
"chr20",32741954,32742213,5.83,53.56,0.108849887976102,FALSE
"chr20",33674502,33674776,41.96,123.8,0.338933764135703,TRUE
"chr20",34334714,34335006,8.16,0.6,0.0735294117647059,FALSE
"chr20",34350185,34350497,10.49,39.28,0.267057026476578,FALSE
"chr20",35093146,35093343,18.06,3.58,0.198228128460687,FALSE
"chr20",35277191,35277376,25.64,36.91,0.694662693037117,TRUE
"chr20",36027212,36027605,6.99,14.29,0.489153254023793,TRUE
"chr20",36062717,36063131,80.42,296.42,0.271304230483773,FALSE
"chr20",36064817,36065052,560.04,27.37,0.0488715091779159,FALSE
"chr20",36082396,36082722,8.16,20.25,0.402962962962963,TRUE
"chr20",36083267,36083627,33.8,2.38,0.070414201183432,FALSE
"chr20",36587243,36587639,83.9,51.8,0.617401668653158,TRUE
"chr20",36774264,36774554,56.52,136.32,0.414612676056338,TRUE
"chr20",37269823,37270177,4.08,2.39,0.58578431372549,TRUE
"chr20",37279507,37279959,270.99,9.53,0.0351673493486844,FALSE
"chr20",38108480,38109007,75.75,61.91,0.817293729372937,TRUE
"chr20",38109241,38110530,230.78,145.85,0.631987173931883,TRUE
"chr20",38110907,38111138,55.95,5.96,0.106523681858802,FALSE
"chr20",38139413,38139720,18.64,24.41,0.763621466612044,TRUE
"chr20",38145005,38145357,33.8,4.77,0.14112426035503,FALSE
"chr20",39463562,39464132,5.24,0.6,0.114503816793893,FALSE
"chr20",39645341,39645909,19.24,16.67,0.866424116424117,TRUE
"chr20",39849571,39850013,33.8,16.67,0.493195266272189,TRUE
"chr20",39876734,39877064,10.49,4.18,0.398474737845567,TRUE
"chr20",40286772,40287445,22.72,29.79,0.762672037596509,TRUE
"chr20",40648430,40648744,8.74,20.84,0.419385796545106,TRUE
"chr20",40649076,40649425,31.46,16.08,0.511125238397966,TRUE
"chr20",43670450,43670958,39.64,2.98,0.0751765893037336,FALSE
"chr20",44182011,44182482,8.16,7.75,0.949754901960784,TRUE
"chr20",44287322,44287652,79.85,63.7,0.797745773324984,TRUE
"chr20",44294890,44295094,31.47,11.32,0.359707658087067,TRUE
"chr20",44302257,44302717,54.79,104.17,0.52596716905059,TRUE
"chr20",44712677,44712872,1.17,2.38,0.491596638655462,TRUE
"chr20",44714665,44714982,65.85,17.86,0.271222475322703,FALSE
"chr20",44765132,44765945,6.41,131.56,0.0487230161143205,FALSE
"chr20",45340415,45340787,67.01,258.93,0.258795813540339,FALSE
"chr20",45341590,45341792,16.31,287.49,0.0567324080837594,FALSE
"chr20",45342149,45342485,57.11,158.34,0.360679550334723,TRUE
"chr20",45373176,45373516,50.11,10.14,0.202354819397326,FALSE
"chr20",45995618,45995857,14.57,14.3,0.981468771448181,TRUE
"chr20",46737106,46737336,5.24,2.98,0.568702290076336,TRUE
"chr20",47318820,47319317,1978.51,1571.43,0.794249207737136,TRUE
"chr20",47340826,47341327,2.34,297.61,0.00786263902422634,FALSE
"chr20",47343346,47343705,101.41,116.07,0.873696907038856,TRUE
"chr20",47345106,47345635,63.51,697.02,0.091116467246277,FALSE
"chr20",47352559,47353027,1031.49,935.72,0.907153729071537,TRUE
"chr20",47382627,47383035,255.83,40.48,0.158230074658953,FALSE
"chr20",47383822,47384046,50.7,105.36,0.48120728929385,TRUE
"chr20",47493212,47493424,16.9,1.8,0.106508875739645,FALSE
"chr20",47911950,47912417,19.82,5.96,0.300706357214934,TRUE
"chr20",48075770,48076615,346.76,95.24,0.274656823162995,FALSE
"chr20",48078458,48078829,60.01,15.48,0.257957007165472,FALSE
"chr20",48079071,48079433,0.58,5.36,0.108208955223881,FALSE
"chr20",48157989,48158408,16.9,57.74,0.292691375129893,TRUE
"chr20",48246397,48246971,4.66,93.46,0.0498609030601327,FALSE
"chr20",48572172,48572569,196.39,23.82,0.121289271347828,FALSE
"chr20",48597280,48597933,23.32,13.69,0.58704974271012,TRUE
"chr20",48616718,48616948,0.58,77.38,0.0074954768674076,FALSE
"chr20",48663714,48664157,11.07,82.74,0.133792603335751,FALSE
"chr20",48686169,48686380,27.97,74.41,0.375890337320253,TRUE
"chr20",48686525,48686903,82.18,51.8,0.630323679727428,TRUE
"chr20",48697789,48698538,395.12,205.95,0.521234055476817,TRUE
"chr20",48705311,48705696,8.16,107.14,0.076162030987493,FALSE
"chr20",48864293,48865148,193.47,238.69,0.81054924797855,TRUE
"chr20",48870458,48870788,2.33,46.43,0.0501830712901142,FALSE
"chr20",48875376,48875641,5.25,4.76,0.906666666666667,TRUE
"chr20",48945941,48946244,39.05,16.67,0.426888604353393,TRUE
"chr20",49812482,49812665,27.39,312.5,0.087648,FALSE
"chr20",49889255,49889649,7.57,12.51,0.605115907274181,TRUE
"chr20",49982023,49982307,30.89,91.08,0.33915239350022,TRUE
"chr20",50142844,50143052,9.91,4.76,0.480322906155399,TRUE
"chr20",50281601,50281812,1.75,2.39,0.732217573221757,TRUE
"chr20",50283539,50283794,4.66,42.85,0.108751458576429,FALSE
"chr20",50284709,50285154,181.24,130.95,0.722522621937762,TRUE
"chr20",50377010,50377298,27.39,29.17,0.938978402468289,TRUE
"chr20",50414804,50415194,5.24,105.95,0.0494572911750826,FALSE
"chr20",50727309,50727997,252.92,1063.69,0.237776043772152,FALSE
"chr20",50762417,50762631,117.13,145.23,0.80651380568753,TRUE
"chr20",50764000,50764582,244.17,401.79,0.60770551780781,TRUE
"chr20",50798707,50799035,188.82,47.02,0.249020230907743,FALSE
"chr20",53346159,53346749,118.87,75.6,0.635988895431984,TRUE
"chr20",53515672,53515917,2.91,16.08,0.180970149253731,FALSE
"chr20",53601147,53601333,23.9,3.58,0.14979079497908,FALSE
"chr20",53654789,53655106,1243.03,909.52,0.731695936542159,TRUE
"chr20",53661047,53661527,120.64,507.76,0.237592563415787,FALSE
"chr20",53661751,53662164,94.98,1090.47,0.0871000577732537,FALSE
"chr20",53711293,53711546,0,4.17,0,FALSE
"chr20",53725176,53725451,15.73,5.37,0.341385886840432,TRUE
"chr20",53786122,53786437,96.74,32.14,0.332230721521604,TRUE
"chr20",53852226,53852430,5.25,77.38,0.0678469888860171,FALSE
"chr20",53864402,53864600,94.41,35.72,0.37834975108569,TRUE
"chr20",54070652,54070934,121.22,96.42,0.795413298135621,TRUE
"chr20",54086318,54086513,2.33,13.11,0.177726926010679,FALSE
"chr20",54087039,54087395,5.25,26.78,0.196041822255414,FALSE
"chr20",54123540,54124082,342.08,1056.55,0.323770763333491,TRUE
"chr20",54126894,54127499,94.99,97.62,0.973058799426347,TRUE
"chr20",54148995,54149494,243.01,81.55,0.335582897823135,TRUE
"chr20",54151920,54152133,3.5,8.34,0.419664268585132,TRUE
"chr20",54194948,54195672,39.06,84.52,0.462139138665405,TRUE
"chr20",54197227,54197455,2.91,2.98,0.976510067114094,TRUE
"chr20",56606660,56606892,4.08,13.1,0.311450381679389,TRUE
"chr20",56629232,56629579,1510.52,122.02,0.0807801286974022,FALSE
"chr20",56734047,56734272,6.99,20.84,0.335412667946257,TRUE
"chr20",56735209,56735681,319.94,130.97,0.409358004625867,TRUE
"chr20",56758705,56759201,25.66,40.49,0.633736725117313,TRUE
"chr20",56890003,56890491,22.15,11.32,0.511060948081264,TRUE
"chr20",56936621,56936988,0.58,8.34,0.0695443645083933,FALSE
"chr20",56988166,56988411,22.14,16.08,0.726287262872629,TRUE
"chr20",57071242,57071548,0,6.57,0,FALSE
"chr20",57108960,57109245,11.07,13.69,0.808619430241052,TRUE
"chr20",57157483,57157844,18.06,13.1,0.725359911406423,TRUE
"chr20",57263016,57263381,15.15,70.84,0.21386222473179,FALSE
"chr20",57692807,57693097,16.32,120.25,0.135717255717256,FALSE
"chr20",57693679,57694283,63.52,227.36,0.279380717804363,FALSE
"chr20",58054805,58055181,9.92,17.86,0.555431131019037,TRUE
"chr20",58142482,58142685,8.16,16.08,0.507462686567164,TRUE
"chr20",59753665,59754190,1.75,6.56,0.266768292682927,FALSE
"chr20",60062872,60063426,11.66,15.48,0.753229974160207,TRUE
"chr20",61307426,61307959,5.25,6.55,0.801526717557252,TRUE
"chr20",62367703,62367918,1.16,1.79,0.64804469273743,TRUE
"chr20",62405591,62405855,1.17,52.39,0.0223325062034739,FALSE
"chr20",62406530,62406918,2.91,145.84,0.0199533735600658,FALSE
"chr20",62407733,62407987,46.05,40.48,0.879044516829533,TRUE
"chr20",62470150,62470461,47.2,29.77,0.630720338983051,TRUE
"chr20",63091242,63091637,1.16,5.37,0.216014897579143,FALSE
"chr20",63102352,63102574,5.24,39.89,0.131361243419403,FALSE
"chr20",63846163,63846416,13.4,4.17,0.311194029850746,TRUE
"chr20",63863070,63863369,2.33,39.88,0.0584252758274824,FALSE
"chr20",63864119,63864408,138.7,194.66,0.7125244015206,TRUE
"chr20",63912792,63913031,5.25,0.6,0.114285714285714,FALSE
"chr21",14306177,14306598,10.49,0.6,0.0571973307912297,FALSE
"chr21",14863353,14863696,6.99,14.89,0.469442578912022,TRUE
"chr21",14870945,14871165,16.32,10.71,0.65625,TRUE
"chr21",15003345,15003808,7.57,90.46,0.0836833959761221,FALSE
"chr21",15005311,15005772,4.08,149.4,0.0273092369477912,FALSE
"chr21",15065491,15065772,82.16,685.72,0.119815668202765,FALSE
"chr21",15121890,15122173,9.91,7.74,0.781029263370333,TRUE
"chr21",15122407,15122621,1.17,13.1,0.0893129770992366,FALSE
"chr21",15132767,15133156,53.03,26.79,0.505185743918537,TRUE
"chr21",15173037,15173571,18.05,1.19,0.0659279778393352,FALSE
"chr21",15190931,15191183,90.32,8.34,0.0923383525243578,FALSE
"chr21",15199546,15199757,31.47,109.53,0.287318542864968,FALSE
"chr21",15199932,15200350,129.97,97.63,0.751173347695622,TRUE
"chr21",15200664,15200868,55.95,11.9,0.212689901697945,FALSE
"chr21",15203625,15204090,18.08,129.16,0.139981418395788,FALSE
"chr21",15204196,15204638,64.11,88.68,0.722936400541272,TRUE
"chr21",15204898,15205241,147.44,23.23,0.157555615843733,FALSE
"chr21",15208020,15208298,12.23,96.43,0.12682775069999,FALSE
"chr21",15210088,15210703,82.75,51.8,0.625981873111782,TRUE
"chr21",15211689,15211894,61.77,9.53,0.154282013922616,FALSE
"chr21",15342465,15343288,2.91,10.72,0.271455223880597,FALSE
"chr21",15370985,15371294,1.17,1.19,0.983193277310924,TRUE
"chr21",15374228,15374519,0.58,0,0,FALSE
"chr21",15482522,15482705,0,2.39,0,FALSE
"chr21",15494053,15494251,13.4,44.64,0.300179211469534,TRUE
"chr21",15547492,15548227,1.16,5.37,0.216014897579143,FALSE
"chr21",15586850,15587400,34.38,48.23,0.712834335475845,TRUE
"chr21",17120431,17120707,0,0,0,FALSE
"chr21",17128343,17128668,2.91,22.04,0.132032667876588,FALSE
"chr21",17746081,17746404,61.78,5.95,0.096309485270314,FALSE
"chr21",19566612,19567388,0,2.98,0,FALSE
"chr21",19620820,19621134,4.66,2.98,0.639484978540772,TRUE
"chr21",19622021,19622405,0,10.12,0,FALSE
"chr21",20643086,20643316,0,0,0,FALSE
"chr21",20996957,20997328,65.85,27.98,0.424905087319666,TRUE
"chr21",21028315,21028587,6.99,0.6,0.0858369098712446,FALSE
"chr21",21029061,21029478,9.32,1.79,0.19206008583691,FALSE
"chr21",21030292,21030664,9.91,0.6,0.0605449041372351,FALSE
"chr21",21238916,21239237,2.33,2.98,0.781879194630873,TRUE
"chr21",21317447,21317762,2.92,0,0,FALSE
"chr21",21888973,21889236,0,0,0,FALSE
"chr21",21897617,21897913,1.17,2.98,0.39261744966443,TRUE
"chr21",21921487,21921756,0,0.6,0,FALSE
"chr21",21922119,21922498,1.75,2.39,0.732217573221757,TRUE
"chr21",27761509,27761826,0,20.24,0,FALSE
"chr21",28857789,28858204,1.75,4.77,0.366876310272537,TRUE
"chr21",29378710,29378966,11.08,13.7,0.808759124087591,TRUE
"chr21",29386178,29386508,8.74,23.81,0.367072658546829,TRUE
"chr21",29509173,29509826,0,16.09,0,FALSE
"chr21",31529378,31529759,33.21,130.95,0.25360824742268,FALSE
"chr21",31986713,31986964,0.58,2.98,0.194630872483221,FALSE
"chr21",31987367,31987563,2.33,1.19,0.510729613733906,TRUE
"chr21",32393437,32393708,372.97,250,0.670295198005201,TRUE
"chr21",33657175,33657577,15.15,0.6,0.0396039603960396,FALSE
"chr21",33854668,33854976,34.96,1.79,0.0512013729977117,FALSE
"chr21",34522366,34522614,2.33,19.06,0.122245540398741,FALSE
"chr21",34534616,34534881,1.75,4.17,0.419664268585132,TRUE
"chr21",34538597,34538981,4.66,10.13,0.460019743336624,TRUE
"chr21",34728291,34728872,27.98,18.46,0.65975696926376,TRUE
"chr21",34734712,34735034,5.25,18.46,0.284398699891658,FALSE
"chr21",35217556,35217927,2.91,5.96,0.488255033557047,TRUE
"chr21",35261799,35262917,70.51,4.77,0.0676499787264218,FALSE
"chr21",35329935,35330145,0.58,0.6,0.966666666666667,TRUE
"chr21",35952203,35952455,55.94,13.1,0.234179478012156,FALSE
"chr21",35953644,35953992,19.23,64.88,0.296393341553638,TRUE
"chr21",35958506,35958826,8.15,7.15,0.877300613496933,TRUE
"chr21",36188113,36188626,235.43,59.53,0.252856475385465,FALSE
"chr21",36193333,36193567,196.39,142.27,0.724425887265136,TRUE
"chr21",36234168,36234395,7.58,14.89,0.509066487575554,TRUE
"chr21",36235117,36235491,101.4,18.45,0.181952662721893,FALSE
"chr21",36402139,36402342,6.42,2.38,0.370716510903427,TRUE
"chr21",36613019,36613347,13.99,188.1,0.0743753322700691,FALSE
"chr21",37267847,37268233,526.81,210.12,0.398853476585486,TRUE
"chr21",37564728,37565066,358.99,342.27,0.953424886487089,TRUE
"chr21",38661242,38661623,388.7,1054.77,0.368516359016658,TRUE
"chr21",38914661,38915008,4.66,15.48,0.301033591731266,TRUE
"chr21",39314680,39314946,256.42,62.51,0.243779736370018,FALSE
"chr21",39322034,39322231,40.79,5.96,0.146114243687178,FALSE
"chr21",39445325,39445593,47.2,192.26,0.245500884219286,FALSE
"chr21",39523636,39524292,187.66,327.99,0.5721515899875,TRUE
"chr21",39527683,39528168,194.65,244.64,0.795658927403532,TRUE
"chr21",39530690,39530895,13.41,8.93,0.665920954511559,TRUE
"chr21",39593546,39593782,10.49,32.14,0.326384567517113,TRUE
"chr21",39594637,39594977,10.49,8.93,0.851286939942803,TRUE
"chr21",39666841,39667403,9.34,16.08,0.580845771144279,TRUE
"chr21",39669378,39669575,1.75,16.67,0.10497900419916,FALSE
"chr21",39669898,39670193,16.89,11.92,0.705743043220841,TRUE
"chr21",40014699,40015050,10.49,2.98,0.284080076263108,FALSE
"chr21",40314297,40314681,0.58,2.38,0.243697478991597,FALSE
"chr21",40318531,40319076,11.66,11.92,0.978187919463087,TRUE
"chr21",40320851,40321325,13.99,4.77,0.340957827019299,TRUE
"chr21",40324451,40325129,5.24,11.33,0.462488967343336,TRUE
"chr21",40339180,40339385,26.82,12.5,0.46607009694258,TRUE
"chr21",40382947,40383130,28.56,23.82,0.834033613445378,TRUE
"chr21",41143087,41143352,57.7,1.79,0.0310225303292894,FALSE
"chr21",41148759,41149664,30.31,14.3,0.47179148795777,TRUE
"chr21",41322149,41322421,30.88,52.97,0.582971493298093,TRUE
"chr21",41322567,41322804,79.25,27.98,0.353059936908517,TRUE
"chr21",41530333,41530648,6.99,0.6,0.0858369098712446,FALSE
"chr21",41583289,41583638,34.97,26.19,0.748927652273377,TRUE
"chr21",41605444,41605929,185.31,203.56,0.910345843977206,TRUE
"chr21",41681222,41681449,12.24,80.35,0.152333540759179,FALSE
"chr21",41959373,41959627,0.58,0,0,FALSE
"chr21",42056374,42056951,86.84,145.23,0.597948082352131,TRUE
"chr21",42057057,42057379,52.45,47.63,0.908102955195424,TRUE
"chr21",42059985,42060371,57.1,11.31,0.198073555166375,FALSE
"chr21",42085860,42086545,12.25,112.5,0.108888888888889,FALSE
"chr21",42120149,42120352,6.41,7.15,0.896503496503496,TRUE
"chr21",42319552,42319848,10.49,12.51,0.838529176658673,TRUE
"chr21",42363564,42363755,55.94,27.98,0.500178762960315,TRUE
"chr21",42364598,42364857,162.59,186.9,0.869930444087747,TRUE
"chr21",42366325,42367048,111.3,176.2,0.6316685584563,TRUE
"chr21",42375449,42375834,68.76,522.62,0.131567869580192,FALSE
"chr21",42376247,42376719,181.24,77.39,0.427002869123814,TRUE
"chr21",42390758,42391110,33.23,52.38,0.634402443680794,TRUE
"chr21",42392699,42393038,0,30.36,0,FALSE
"chr21",42516278,42516555,130.53,17.27,0.132306749406267,FALSE
"chr21",42919809,42920140,32.05,16.68,0.520436817472699,TRUE
"chr21",43006635,43007233,12.24,18.46,0.66305525460455,TRUE
"chr21",43288329,43288580,0.58,4.18,0.138755980861244,FALSE
"chr21",43343069,43343623,173.07,60.12,0.347373894955798,TRUE
"chr21",43344492,43344860,128.21,3.58,0.0279229389283207,FALSE
"chr21",43609824,43610063,43.12,25.61,0.593923933209648,TRUE
"chr21",44704328,44704570,23.9,9.52,0.398326359832636,TRUE
"chr21",44709822,44710028,30.89,48.22,0.640605557859809,TRUE
"chr21",44747924,44748206,8.74,10.12,0.863636363636364,TRUE
"chr21",44764750,44765103,34.39,55.96,0.614546104360257,TRUE
"chr21",44872397,44872593,52.45,50.6,0.964728312678742,TRUE
"chr21",45073271,45073719,44.29,367.27,0.120592479647126,FALSE
"chr21",45320249,45320566,17.49,15.48,0.88507718696398,TRUE
"chr21",45327242,45327527,22.72,83.94,0.270669525851799,FALSE
"chr21",45330162,45330650,325.17,119.65,0.367961374050497,TRUE
"chr21",45352842,45353163,12.24,18.46,0.66305525460455,TRUE
"chr21",45356664,45356885,14.57,14.89,0.978509066487576,TRUE
"chr21",45378771,45379051,9.91,0,0,FALSE
"chr21",45386673,45387122,80.99,243.45,0.332676114191826,TRUE
"chr21",45403325,45403568,37.88,31.55,0.832893347412883,TRUE
"chr21",45421744,45421996,36.12,92.27,0.391459846103826,TRUE
"chr21",45542857,45543153,56.54,14.88,0.26317651220375,FALSE
"chr21",45868195,45868915,103.73,92.86,0.895208714932999,TRUE
"chr21",45915132,45915405,8.74,26.79,0.326241134751773,TRUE
"chr21",46200943,46201242,0,3.58,0,FALSE
"chr21",46294556,46294834,36.7,13.7,0.373297002724796,TRUE
"chr22",18119593,18120070,4.09,40.49,0.101012595702643,FALSE
"chr22",19173121,19173367,162.59,14.3,0.087951288517129,FALSE
"chr22",19554938,19555297,8.75,0.6,0.0685714285714286,FALSE
"chr22",19749396,19749721,10.49,36.91,0.284204822541317,FALSE
"chr22",20884924,20885294,5.25,45.83,0.114553785729871,FALSE
"chr22",20885776,20886029,136.96,24.41,0.178227219626168,FALSE
"chr22",20887489,20887924,72.84,36.31,0.498489840746842,TRUE
"chr22",20916716,20917143,18.07,67.86,0.266283524904215,FALSE
"chr22",21070456,21070874,1.17,8.33,0.140456182472989,FALSE
"chr22",21807213,21807396,0,2.39,0,FALSE
"chr22",23179418,23179701,21.57,36.31,0.594051225557698,TRUE
"chr22",23192158,23192649,192.31,24.41,0.126930476834278,FALSE
"chr22",23269568,23270089,62.93,24.41,0.38789130780232,TRUE
"chr22",24138752,24138973,34.38,9.53,0.277196044211751,FALSE
"chr22",24139531,24139716,15.74,0,0,FALSE
"chr22",24195750,24196101,322.85,33.94,0.105126219606628,FALSE
"chr22",24196647,24196874,40.79,121.43,0.335913695132998,TRUE
"chr22",24206880,24207292,2.91,45.83,0.0634955269474144,FALSE
"chr22",24303444,24303627,20.4,47.03,0.433765681479906,TRUE
"chr22",24352060,24352702,29.71,33.34,0.891121775644871,TRUE
"chr22",24402694,24403079,59.44,14.29,0.240410497981157,FALSE
"chr22",24525395,24525593,1.17,13.11,0.0892448512585812,FALSE
"chr22",24526115,24526528,244.75,48.23,0.1970582226762,FALSE
"chr22",24531981,24532590,77.51,16.09,0.207586117920268,FALSE
"chr22",25400858,25401121,26.81,151.19,0.177326542760765,FALSE
"chr22",25729050,25729311,16.9,7.15,0.423076923076923,TRUE
"chr22",25930815,25931236,2.91,14.89,0.19543317662861,FALSE
"chr22",25942948,25943360,6.99,57.73,0.12108089381604,FALSE
"chr22",26684697,26685033,65.28,27.39,0.419577205882353,TRUE
"chr22",26685325,26685567,4.09,1.79,0.437652811735941,TRUE
"chr22",26777506,26777767,28.56,11.91,0.417016806722689,TRUE
"chr22",26782828,26783093,9.32,32.14,0.289981331673927,FALSE
"chr22",27247834,27248147,4.66,2.38,0.510729613733906,TRUE
"chr22",27345370,27345717,1.16,11.92,0.0973154362416107,FALSE
"chr22",27799607,27799976,86.24,66.67,0.773075139146568,TRUE
"chr22",28790703,28791027,92.67,169.05,0.548181011535049,TRUE
"chr22",28813592,28814317,2074.05,742.88,0.358178443142644,TRUE
"chr22",28818600,28818923,1480.82,1316.67,0.889149255142421,TRUE
"chr22",28819359,28820119,3827.05,836.92,0.218685410433624,FALSE
"chr22",28822478,28822664,52.45,455.35,0.115186120566597,FALSE
"chr22",28822910,28823282,189.99,717.26,0.264883027075259,FALSE
"chr22",28823779,28824131,617.74,51.21,0.0828989542525982,FALSE
"chr22",29378071,29378454,61.2,158.33,0.386534453356913,TRUE
"chr22",29385537,29385906,102.57,154.16,0.66534769071095,TRUE
"chr22",29386121,29386554,99.65,208.32,0.478350614439324,TRUE
"chr22",29398842,29399091,0,13.1,0,FALSE
"chr22",29481715,29482135,27.97,25,0.893814801573114,TRUE
"chr22",29482485,29482740,20.39,2.98,0.146150073565473,FALSE
"chr22",29517088,29517915,215.05,116.08,0.539781446175308,TRUE
"chr22",29798777,29799174,47.21,48.22,0.97905433430112,TRUE
"chr22",30291080,30291423,191.16,58.94,0.308328102113413,TRUE
"chr22",30298353,30298627,106.65,94.64,0.887388654477262,TRUE
"chr22",31579922,31580105,23.31,16.07,0.689403689403689,TRUE
"chr22",33032847,33033111,8.15,0,0,FALSE
"chr22",33539396,33539662,0,7.15,0,FALSE
"chr22",33540281,33540684,40.79,21.43,0.525373866143663,TRUE
"chr22",33860332,33860635,8.74,29.77,0.293584145112529,TRUE
"chr22",33865239,33865547,13.4,104.17,0.128635883651723,FALSE
"chr22",34282241,34282469,29.14,1.19,0.0408373369938229,FALSE
"chr22",34283177,34283469,5.25,0,0,FALSE
"chr22",35265309,35265611,39.04,21.43,0.548924180327869,TRUE
"chr22",35299288,35299505,93.83,25.01,0.266545880848343,FALSE
"chr22",35623225,35623459,106.06,48.81,0.460211201206864,TRUE
"chr22",36436565,36436914,4.66,4.17,0.894849785407725,TRUE
"chr22",36465711,36465996,62.36,19.06,0.305644644002566,TRUE
"chr22",37021162,37021405,50.7,16.07,0.316962524654832,TRUE
"chr22",37178384,37178614,7,16.67,0.419916016796641,TRUE
"chr22",37189119,37189565,188.82,110.72,0.586378561593052,TRUE
"chr22",37196629,37197208,47.21,251.18,0.187952862489052,FALSE
"chr22",37197718,37198146,121.22,357.15,0.339409211815764,TRUE
"chr22",37512179,37512497,5.25,2.98,0.567619047619048,TRUE
"chr22",37570138,37570671,222.61,95.24,0.427833430663492,TRUE
"chr22",37607356,37607627,107.8,33.33,0.309183673469388,TRUE
"chr22",37781461,37781856,11.08,0,0,FALSE
"chr22",37887755,37888068,118.88,0,0,FALSE
"chr22",38178072,38178302,36.13,51.79,0.697625024135934,TRUE
"chr22",38180912,38181260,56.51,92.26,0.612508129200087,TRUE
"chr22",38222838,38223116,9.32,8.94,0.959227467811159,TRUE
"chr22",39283731,39283956,5.83,5.36,0.919382504288165,TRUE
"chr22",39290717,39291003,5.24,10.72,0.488805970149254,TRUE
"chr22",39292849,39293232,270.41,53.57,0.198106578898709,FALSE
"chr22",39293737,39294076,124.14,91.67,0.738440470436604,TRUE
"chr22",39299855,39300699,242.42,149.41,0.616327035723125,TRUE
"chr22",39301156,39301417,208.62,17.86,0.0856102003642987,FALSE
"chr22",39482785,39483159,49.54,20.83,0.420468308437626,TRUE
"chr22",39653523,39653877,3.5,0,0,FALSE
"chr22",40711496,40711733,3.5,7.15,0.489510489510489,TRUE
"chr22",40721214,40721537,67.6,79.76,0.847542627883651,TRUE
"chr22",40728924,40729280,46.03,29.77,0.646752118183793,TRUE
"chr22",40732690,40733098,141.04,227.39,0.620255947930868,TRUE
"chr22",41257960,41258153,4.66,12.51,0.372501998401279,TRUE
"chr22",41381001,41381302,198.72,135.12,0.679951690821256,TRUE
"chr22",42734444,42734779,28.56,92.27,0.30952638994256,TRUE
"chr22",42800780,42801197,70.51,69.05,0.979293717203233,TRUE
"chr22",42803551,42804046,86.25,12.51,0.14504347826087,FALSE
"chr22",42804699,42804958,0.58,52.38,0.0110729285987018,FALSE
"chr22",42805078,42805321,20.98,28.58,0.73407977606718,TRUE
"chr22",43391228,43391696,0,7.74,0,FALSE
"chr22",43399924,43400300,0,0,0,FALSE
"chr22",44455372,44456095,6.41,10.13,0.632773938795656,TRUE
"chr22",44710757,44711088,6.99,8.34,0.838129496402878,TRUE
"chr22",44759605,44760096,140.44,72.03,0.51288806607804,TRUE
"chr22",45010553,45010824,48.95,30.96,0.632482124616956,TRUE
"chr22",45198265,45198484,1.16,5.96,0.194630872483221,FALSE
"chr22",45273594,45273777,23.32,32.15,0.725349922239502,TRUE
"chr22",45279556,45279991,49.54,145.23,0.341114094883977,TRUE
"chr22",45280660,45280931,233.11,92.26,0.395778816867573,TRUE
"chr22",45597797,45598007,4.08,4.17,0.97841726618705,TRUE
"chr22",46377608,46377879,13.99,3.58,0.255897069335239,FALSE
"chr22",46465766,46466426,120.64,49.4,0.40948275862069,TRUE
"chr22",46484924,46485116,0.58,7.15,0.0811188811188811,FALSE
"chr22",46488912,46489301,1.16,1.2,0.966666666666667,TRUE
"chr22",46491925,46492324,171.33,102.39,0.59761863071266,TRUE
"chr22",48089741,48090411,12.82,23.82,0.538203190596138,TRUE
"chr22",48254371,48254804,37.89,58.33,0.649579975998628,TRUE
"chr22",48477368,48477703,34.97,56.55,0.618390804597701,TRUE
"chr22",48586034,48586341,0,0,0,FALSE
"chr22",49621639,49621935,7.58,0.6,0.079155672823219,FALSE
"chr22",49855788,49856025,136.96,23.23,0.169611565420561,FALSE
"chr22",49857333,49857984,150.94,67.85,0.449516364118193,TRUE
"chr22",49971299,49971579,141.02,16.07,0.113955467309601,FALSE
"chr22",50397073,50397364,6.41,5.96,0.929797191887676,TRUE
"chr3",4113660,4114089,0.58,2.98,0.194630872483221,FALSE
"chr3",4353818,4354011,0,8.34,0,FALSE
"chr3",4355377,4356039,48.94,61.31,0.798238460283804,TRUE
"chr3",4581636,4582104,39.63,55.36,0.715859826589595,TRUE
"chr3",4687299,4687482,21.56,21.43,0.993970315398887,TRUE
"chr3",4714034,4714306,13.99,4.77,0.340957827019299,TRUE
"chr3",4750188,4750570,50.11,27.99,0.558571143484334,TRUE
"chr3",4977419,4977865,81.59,303.58,0.268759470320838,FALSE
"chr3",4978258,4978658,50.71,232.73,0.217891977828385,FALSE
"chr3",5026179,5026503,29.14,30.95,0.941518578352181,TRUE
"chr3",5254697,5254956,1.75,5.36,0.326492537313433,TRUE
"chr3",8318049,8318447,2.33,4.78,0.48744769874477,TRUE
"chr3",8329815,8330248,1.17,4.77,0.245283018867925,FALSE
"chr3",8456434,8456679,14.57,20.25,0.719506172839506,TRUE
"chr3",8456869,8457140,10.49,23.22,0.45176571920758,TRUE
"chr3",11767960,11768337,0,17.27,0,FALSE
"chr3",11768718,11768968,13.98,6.56,0.469241773962804,TRUE
"chr3",13112158,13112345,0,62.51,0,FALSE
"chr3",13476181,13476481,163.18,61.31,0.375720063733301,TRUE
"chr3",14400825,14401142,4.66,17.27,0.269832078749276,FALSE
"chr3",14412913,14413261,16.33,31.54,0.517755231452124,TRUE
"chr3",15292822,15293211,136.95,41.07,0.299890470974808,TRUE
"chr3",15636100,15636373,13.99,61.31,0.228184635459142,FALSE
"chr3",15637564,15637826,13.39,91.07,0.147029757329527,FALSE
"chr3",16897535,16897944,1.75,4.77,0.366876310272537,TRUE
"chr3",18119490,18119697,1.75,0,0,FALSE
"chr3",22864039,22864416,2.33,0.6,0.257510729613734,FALSE
"chr3",22864706,22864920,9.33,0,0,FALSE
"chr3",23062926,23063289,0,0,0,FALSE
"chr3",25568560,25568858,7,7.74,0.904392764857881,TRUE
"chr3",25571918,25572210,5.25,5.95,0.882352941176471,TRUE
"chr3",29440466,29440680,5.83,2.98,0.51114922813036,TRUE
"chr3",29939769,29940077,0,19.05,0,FALSE
"chr3",29940880,29941109,0,0,0,FALSE
"chr3",30259158,30259360,4.67,0,0,FALSE
"chr3",30354485,30354868,57.11,39.3,0.688145683768167,TRUE
"chr3",30355129,30355696,26.82,41.08,0.652872444011685,TRUE
"chr3",32110285,32110633,96.15,27.38,0.284763390535621,FALSE
"chr3",32111650,32111833,22.15,3.58,0.161625282167043,FALSE
"chr3",33718273,33718577,39.04,18.46,0.472848360655738,TRUE
"chr3",33798065,33798472,108.39,246.42,0.439858777696616,TRUE
"chr3",36912074,36912315,4.08,8.94,0.456375838926175,TRUE
"chr3",37179131,37179512,27.38,0,0,FALSE
"chr3",39150357,39150595,2.92,29.17,0.100102845389098,FALSE
"chr3",39982806,39983287,1.75,0,0,FALSE
"chr3",40892978,40893226,0,2.98,0,FALSE
"chr3",40894063,40894348,0.58,0,0,FALSE
"chr3",42544450,42544974,6.99,25.01,0.279488204718113,FALSE
"chr3",42819920,42820260,6.99,54.16,0.129062038404727,FALSE
"chr3",43185227,43186067,4.66,1.19,0.255364806866953,FALSE
"chr3",43214575,43214918,8.16,0,0,FALSE
"chr3",43769859,43770464,39.64,10.13,0.255549949545913,FALSE
"chr3",45987795,45988186,14.58,18.47,0.78938819707634,TRUE
"chr3",46082853,46083129,0,5.96,0,FALSE
"chr3",46163046,46163299,16.89,20.24,0.834486166007905,TRUE
"chr3",46443147,46443485,18.65,1.2,0.064343163538874,FALSE
"chr3",46609080,46609725,4.09,1.2,0.293398533007335,TRUE
"chr3",46660831,46661183,50.7,79.17,0.640394088669951,TRUE
"chr3",46663058,46663268,20.4,42.27,0.482611781405252,TRUE
"chr3",46664801,46665082,23.32,105.96,0.220083050207626,FALSE
"chr3",46665457,46666137,67.02,257.72,0.260049666304516,FALSE
"chr3",46666578,46667023,82.75,35.13,0.424531722054381,TRUE
"chr3",46693266,46693490,32.05,45.23,0.70860048640283,TRUE
"chr3",46878845,46879127,0.58,1.79,0.324022346368715,TRUE
"chr3",46947232,46947489,12.82,58.32,0.219821673525377,FALSE
"chr3",46947953,46948290,82.75,77.97,0.942235649546828,TRUE
"chr3",46963066,46963378,24.47,45.85,0.533696837513631,TRUE
"chr3",47164148,47164544,149.19,167.27,0.891911281162193,TRUE
"chr3",48451433,48451643,8.74,0.6,0.068649885583524,FALSE
"chr3",50126970,50127749,41.39,85.72,0.482851143257116,TRUE
"chr3",50150765,50150996,27.98,216.07,0.129495071041792,FALSE
"chr3",50265164,50265479,39.04,2.98,0.0763319672131147,FALSE
"chr3",50424662,50424887,1.17,0,0,FALSE
"chr3",50605028,50605418,25.05,529.16,0.0473391790762718,FALSE
"chr3",52237693,52238010,20.39,27.38,0.744704163623083,TRUE
"chr3",52240707,52241033,48.96,20.24,0.413398692810457,TRUE
"chr3",52246136,52246541,191.74,36.91,0.192500260769792,FALSE
"chr3",52432796,52433230,24.48,4.77,0.194852941176471,FALSE
"chr3",53022982,53023372,64.1,2.39,0.0372854914196568,FALSE
"chr3",53145260,53145642,10.48,47.62,0.22007559848803,FALSE
"chr3",53150160,53150489,13.4,25.6,0.5234375,TRUE
"chr3",53551171,53551621,1.75,24.41,0.071691929537075,FALSE
"chr3",53753931,53754203,10.49,11.91,0.880772460117548,TRUE
"chr3",53843003,53843212,1.75,44.05,0.039727582292849,FALSE
"chr3",56998214,56998504,8.74,5.36,0.613272311212815,TRUE
"chr3",57029609,57030244,63.52,47.62,0.749685138539043,TRUE
"chr3",57039346,57040016,6.99,67.28,0.103894173602854,FALSE
"chr3",57041506,57042126,23.31,16.07,0.689403689403689,TRUE
"chr3",57951574,57951824,1.75,122.61,0.0142728978060517,FALSE
"chr3",58040113,58040396,37.29,48.81,0.763982790411801,TRUE
"chr3",58041618,58041802,55.95,39.89,0.71295799821269,TRUE
"chr3",58051757,58052071,76.33,25.6,0.335385824708503,TRUE
"chr3",58052513,58052850,73.42,14.88,0.202669572323618,FALSE
"chr3",58059620,58059861,98.48,6.55,0.0665109666937449,FALSE
"chr3",58065661,58065939,13.99,5.37,0.383845604002859,TRUE
"chr3",58096852,58097193,102.56,35.72,0.348283931357254,TRUE
"chr3",58102019,58102258,15.74,17.86,0.881298992161254,TRUE
"chr3",58102997,58103347,18.06,48.81,0.3700061462815,TRUE
"chr3",58388657,58388974,4.08,0,0,FALSE
"chr3",58467164,58467570,74.01,26.18,0.353735981624105,TRUE
"chr3",58471316,58471601,8.17,38.69,0.211165675885242,FALSE
"chr3",59105595,59105872,4.08,0.6,0.147058823529412,FALSE
"chr3",59663876,59664193,0.58,2.39,0.242677824267782,FALSE
"chr3",60002652,60002962,1.75,1.19,0.68,TRUE
"chr3",61627784,61628153,53.03,32.15,0.60626060720347,TRUE
"chr3",61688657,61689032,20.98,6.55,0.312202097235462,TRUE
"chr3",61706245,61706558,1.17,97.62,0.0119852489244007,FALSE
"chr3",61707560,61707833,6.41,12.5,0.5128,TRUE
"chr3",61708045,61708577,5.25,29.78,0.176292813969107,FALSE
"chr3",61709034,61709346,26.22,20.83,0.79443173150267,TRUE
"chr3",61805459,61805838,8.16,3.57,0.4375,TRUE
"chr3",61807216,61808195,174.23,498.21,0.349711968848478,TRUE
"chr3",61841363,61841705,34.97,46.44,0.753014642549526,TRUE
"chr3",62176542,62176741,0.58,20.83,0.0278444551128181,FALSE
"chr3",62177095,62177703,18.06,23.81,0.758504829903402,TRUE
"chr3",62873724,62873978,16.9,72.02,0.234657039711191,FALSE
"chr3",63562000,63562685,16.9,7.75,0.458579881656805,TRUE
"chr3",63576897,63577154,10.49,16.08,0.652363184079602,TRUE
"chr3",63913574,63913855,279.72,65.49,0.234126984126984,FALSE
"chr3",63920346,63920678,233.69,0,0,FALSE
"chr3",63932746,63933287,403.86,36.31,0.0899073936512653,FALSE
"chr3",63936671,63936864,79.25,0.6,0.00757097791798107,FALSE
"chr3",64158391,64158621,19.81,10.72,0.541140837960626,TRUE
"chr3",64208141,64208385,3.49,10.72,0.325559701492537,TRUE
"chr3",64255883,64256154,10.49,18.46,0.568255687973998,TRUE
"chr3",64491340,64491750,10.49,15.49,0.677211103938025,TRUE
"chr3",64501468,64501767,4.08,20.84,0.195777351247601,FALSE
"chr3",64612830,64613681,102.57,189.89,0.540154826478488,TRUE
"chr3",65689406,65689714,8.16,22.03,0.370403994552882,TRUE
"chr3",65925253,65925613,1.75,5.37,0.325884543761639,TRUE
"chr3",65953366,65953697,66.43,43.45,0.654071955441818,TRUE
"chr3",66415986,66416479,13.99,71.44,0.195828667413214,FALSE
"chr3",66417409,66417648,7.59,11.31,0.671087533156499,TRUE
"chr3",66475507,66475936,114.81,127.97,0.897163397671329,TRUE
"chr3",66477159,66477505,12.82,36.32,0.352973568281938,TRUE
"chr3",66483317,66483730,20.39,55.35,0.368383017163505,TRUE
"chr3",69739678,69739924,2.91,6.55,0.444274809160305,TRUE
"chr3",71065130,71065389,11.08,16.08,0.689054726368159,TRUE
"chr3",71110630,71111275,0,84.53,0,FALSE
"chr3",71384411,71384736,21.56,5.95,0.275974025974026,FALSE
"chr3",84143605,84144151,5.24,1.2,0.229007633587786,FALSE
"chr3",85270510,85270751,5.82,1.19,0.20446735395189,FALSE
"chr3",85270949,85271317,0.58,0,0,FALSE
"chr3",85780352,85780557,0,0,0,FALSE
"chr3",87263137,87263536,0,0,0,FALSE
"chr3",87333449,87333770,26.8,1.19,0.0444029850746269,FALSE
"chr3",87367738,87368098,0,34.53,0,FALSE
"chr3",94793882,94794074,0,0,0,FALSE
"chr3",96192917,96193283,30.89,5.36,0.173518938167692,FALSE
"chr3",99944474,99944742,4.66,18.46,0.252437703141928,FALSE
"chr3",100104110,100104497,1.16,5.95,0.194957983193277,FALSE
"chr3",100559579,100559904,0.58,0,0,FALSE
"chr3",100864991,100865353,5.83,22.63,0.257622624834291,FALSE
"chr3",100874858,100875060,1.75,0,0,FALSE
"chr3",102324463,102324766,0,0,0,FALSE
"chr3",104611368,104611577,4.67,1.19,0.254817987152034,FALSE
"chr3",107824005,107824325,1.17,13.1,0.0893129770992366,FALSE
"chr3",107824463,107825046,29.72,50.61,0.587235724165185,TRUE
"chr3",107825616,107826177,53.03,90.48,0.586096374889478,TRUE
"chr3",107826458,107826910,6.42,7.15,0.897902097902098,TRUE
"chr3",107940756,107941117,195.81,80.95,0.413410959603697,TRUE
"chr3",107941530,107941722,37.88,24.41,0.644403379091869,TRUE
"chr3",107975016,107975356,0,25.01,0,FALSE
"chr3",107986596,107986995,74.59,124.41,0.599549875411944,TRUE
"chr3",107999301,107999952,220.28,74.42,0.337842745596514,TRUE
"chr3",108000912,108001234,6.42,208.93,0.0307279950222563,FALSE
"chr3",108006131,108006522,37.3,226.2,0.164898320070734,FALSE
"chr3",108451233,108451797,1.16,2.38,0.487394957983193,TRUE
"chr3",112731488,112731702,2.33,0.6,0.257510729613734,FALSE
"chr3",120098805,120098988,26.22,0,0,FALSE
"chr3",120349448,120349767,312.35,110.72,0.354474147590844,TRUE
"chr3",120661117,120661605,1.16,4.18,0.277511961722488,FALSE
"chr3",120661750,120662039,0,5.96,0,FALSE
"chr3",122568420,122568686,9.33,37.5,0.2488,FALSE
"chr3",122569148,122569371,136.95,1.19,0.00868930266520628,FALSE
"chr3",123605879,123606246,63.52,60.13,0.946630982367758,TRUE
"chr3",123621923,123622288,106.65,86.92,0.815002344116268,TRUE
"chr3",123626953,123627278,9.91,58.34,0.169866300994172,FALSE
"chr3",123627714,123628013,35.55,158.92,0.223697457840423,FALSE
"chr3",123637164,123637488,323.45,39.29,0.121471633946514,FALSE
"chr3",123663195,123663437,0.58,4.17,0.139088729016787,FALSE
"chr3",124298731,124298965,57.69,81.55,0.707418761496015,TRUE
"chr3",124513319,124513543,6.99,11.91,0.586901763224181,TRUE
"chr3",124833797,124834084,6.99,5.36,0.766809728183119,TRUE
"chr3",125062713,125063486,68.76,56.55,0.822425828970331,TRUE
"chr3",125395185,125395470,13.4,2.39,0.178358208955224,FALSE
"chr3",125520643,125520826,29.72,2.39,0.0804172274562584,FALSE
"chr3",125916996,125917179,180.66,60.13,0.332835159969003,TRUE
"chr3",125924729,125925054,52.44,13.1,0.249809305873379,FALSE
"chr3",126061043,126061297,0,3.58,0,FALSE
"chr3",126130140,126130490,12.23,19.05,0.641994750656168,TRUE
"chr3",126211733,126212110,6.41,103.58,0.0618845336937633,FALSE
"chr3",126212556,126212817,2.33,1.79,0.768240343347639,TRUE
"chr3",126389184,126389383,0,60.12,0,FALSE
"chr3",127632162,127632666,257,32.75,0.127431906614786,FALSE
"chr3",128084351,128084901,28.55,38.12,0.748950682056663,TRUE
"chr3",128335480,128335723,4.66,54.18,0.0860095976375046,FALSE
"chr3",128359901,128360152,2.91,2.99,0.973244147157191,TRUE
"chr3",128435584,128435822,129.96,3.58,0.0275469375192367,FALSE
"chr3",129369074,129369439,40.79,4.77,0.116940426575141,FALSE
"chr3",129485889,129486110,38.46,59.54,0.645952300974135,TRUE
"chr3",129694339,129694696,7.58,157.73,0.0480568059341913,FALSE
"chr3",129878484,129878809,29.14,45.84,0.635689354275742,TRUE
"chr3",129881335,129881674,0,49.41,0,FALSE
"chr3",129971482,129971771,0.58,5.95,0.0974789915966386,FALSE
"chr3",132009489,132009744,0,8.94,0,FALSE
"chr3",132029093,132029436,2.33,50.6,0.0460474308300395,FALSE
"chr3",133019155,133019538,3.5,0,0,FALSE
"chr3",133428625,133428962,24.48,19.05,0.778186274509804,TRUE
"chr3",133448657,133449092,102.56,54.76,0.53393135725429,TRUE
"chr3",133452924,133453337,56.52,75.6,0.747619047619048,TRUE
"chr3",133456032,133457316,138.72,238.72,0.581099195710456,TRUE
"chr3",133461236,133461905,164.94,89.88,0.544925427428156,TRUE
"chr3",134029717,134029928,4.67,73.21,0.0637890998497473,FALSE
"chr3",134039569,134039854,2.33,1.19,0.510729613733906,TRUE
"chr3",134040011,134040341,6.4,0,0,FALSE
"chr3",134327619,134327923,5.25,27.38,0.191745799853908,FALSE
"chr3",134375045,134375274,72.26,23.23,0.321477996125104,TRUE
"chr3",134487478,134487698,92.08,5.96,0.0647263249348393,FALSE
"chr3",140941414,140941738,0.58,221.43,0.00261933793975523,FALSE
"chr3",141426880,141427226,39.62,14.88,0.375567895002524,TRUE
"chr3",146115666,146115970,1.16,12.5,0.0928,FALSE
"chr3",146160447,146160771,73.43,56.55,0.770121203867629,TRUE
"chr3",148734364,148734646,0,0,0,FALSE
"chr3",149506640,149507274,10.49,64.29,0.163166899984445,FALSE
"chr3",149507609,149508012,26.23,73.22,0.358235454793772,TRUE
"chr3",150237541,150237910,85.07,254.76,0.333922122782226,TRUE
"chr3",150238238,150238830,1354.93,697.62,0.514875307211443,TRUE
"chr3",150240687,150241145,252.33,79.76,0.316094003883803,TRUE
"chr3",150275246,150275475,6.99,7.75,0.901935483870968,TRUE
"chr3",150278816,150279138,161.42,63.1,0.390905711807707,TRUE
"chr3",150722785,150723107,6.99,7.15,0.977622377622378,TRUE
"chr3",150737179,150737697,4.09,242.85,0.0168416718138769,FALSE
"chr3",150756503,150756983,65.86,369.04,0.178463039236939,FALSE
"chr3",150757899,150758119,36.13,157.74,0.229047800177507,FALSE
"chr3",150769551,150769791,25.06,2.38,0.0949720670391061,FALSE
"chr3",150844485,150844996,13.42,10.73,0.799552906110283,TRUE
"chr3",151085247,151085490,8.16,5.36,0.656862745098039,TRUE
"chr3",153218953,153219214,1.17,0.6,0.512820512820513,TRUE
"chr3",154090047,154090331,6.99,14.89,0.469442578912022,TRUE
"chr3",154218737,154219136,3.5,5.36,0.652985074626866,TRUE
"chr3",154224449,154224737,13.41,5.36,0.399701715137957,TRUE
"chr3",156542323,156542663,0.58,52.39,0.0110708150410384,FALSE
"chr3",156542767,156543031,0,43.46,0,FALSE
"chr3",156674133,156674338,19.82,104.16,0.190284178187404,FALSE
"chr3",156812375,156812936,63.52,64.9,0.978736517719568,TRUE
"chr3",157500214,157500551,50.71,67.26,0.753939934582218,TRUE
"chr3",161031111,161031430,1.16,1.79,0.64804469273743,TRUE
"chr3",161272605,161272944,0.58,0,0,FALSE
"chr3",161339455,161340173,18.67,11.92,0.638457418318157,TRUE
"chr3",161412208,161412415,15.16,5.95,0.392480211081794,TRUE
"chr3",161808465,161808826,1.17,5.36,0.218283582089552,FALSE
"chr3",161809002,161809210,0,0,0,FALSE
"chr3",164302040,164302416,4.66,7.75,0.601290322580645,TRUE
"chr3",164380210,164380606,24.47,130.96,0.186850946854001,FALSE
"chr3",164634799,164635335,0,4.77,0,FALSE
"chr3",165331581,165331918,0,1.19,0,FALSE
"chr3",165333287,165333520,0,5.36,0,FALSE
"chr3",168671154,168671503,20.99,1.79,0.0852787041448309,FALSE
"chr3",168870792,168871135,12.82,30.37,0.422127099110965,TRUE
"chr3",168871844,168872027,2.34,4.18,0.559808612440191,TRUE
"chr3",168888518,168888731,8.16,1.19,0.145833333333333,FALSE
"chr3",169612962,169613170,4.08,28.58,0.142757172848146,FALSE
"chr3",169613383,169613777,84.5,57.74,0.683313609467456,TRUE
"chr3",169622608,169622994,2.33,29.16,0.0799039780521262,FALSE
"chr3",169623914,169624323,8.16,82.15,0.0993304930006086,FALSE
"chr3",169699668,169699904,1.75,1.79,0.977653631284916,TRUE
"chr3",169861938,169862169,15.73,20.83,0.755160825732117,TRUE
"chr3",169948955,169949352,8.16,235.72,0.0346173426098761,FALSE
"chr3",170049423,170049694,11.07,16.68,0.663669064748201,TRUE
"chr3",170343917,170344216,44.29,45.23,0.979217333628123,TRUE
"chr3",171262005,171262306,0,1.79,0,FALSE
"chr3",172156674,172156987,12.23,0,0,FALSE
"chr3",172516962,172517162,57.69,0.6,0.0104004160166407,FALSE
"chr3",172523119,172523371,23.32,16.07,0.689108061749571,TRUE
"chr3",172638019,172638216,0.58,10.13,0.0572556762092794,FALSE
"chr3",172804424,172804850,1.16,2.39,0.485355648535565,TRUE
"chr3",174414951,174415250,0.58,0,0,FALSE
"chr3",175127087,175127623,1.17,4.18,0.279904306220096,FALSE
"chr3",175135570,175135798,1.17,0,0,FALSE
"chr3",175136630,175136953,1.75,0,0,FALSE
"chr3",175682790,175683060,0.58,0,0,FALSE
"chr3",175685788,175686170,8.74,0.6,0.068649885583524,FALSE
"chr3",176953665,176954338,56.53,7.15,0.126481514240226,FALSE
"chr3",178712292,178712496,1.17,20.24,0.0578063241106719,FALSE
"chr3",180912186,180912414,25.64,36.32,0.705947136563877,TRUE
"chr3",182284976,182285180,9.33,9.52,0.980042016806723,TRUE
"chr3",182524743,182525330,0.58,5.37,0.108007448789572,FALSE
"chr3",182699818,182700240,12.25,0.6,0.0489795918367347,FALSE
"chr3",182702346,182703010,5.25,21.43,0.244983667755483,FALSE
"chr3",182708902,182709146,15.15,5.96,0.393399339933993,TRUE
"chr3",182723997,182724184,17.48,0.6,0.034324942791762,FALSE
"chr3",183845694,183846064,46.04,51.79,0.88897470554161,TRUE
"chr3",184011268,184011803,15.15,26.2,0.57824427480916,TRUE
"chr3",184018157,184018425,96.74,125,0.77392,TRUE
"chr3",184597882,184598313,11.66,10.13,0.868782161234992,TRUE
"chr3",185205980,185206345,1.17,70.84,0.0165160926030491,FALSE
"chr3",185211508,185211918,23.31,7.15,0.306735306735307,TRUE
"chr3",186566942,186567141,16.89,84.52,0.199834358731661,FALSE
"chr3",186772690,186773057,104.32,57.73,0.553393404907976,TRUE
"chr3",187167498,187167739,0,0.6,0,FALSE
"chr3",187173697,187173906,13.99,1.2,0.0857755539671194,FALSE
"chr3",187739415,187739626,9.9,60.12,0.164670658682635,FALSE
"chr3",187747103,187747355,64.11,2.39,0.0372796755576353,FALSE
"chr3",187809008,187809218,13.99,20.24,0.691205533596838,TRUE
"chr3",187917141,187917541,7.58,43.45,0.174453394706559,FALSE
"chr3",187928396,187929041,0,2.98,0,FALSE
"chr3",188175842,188176237,65.27,8.35,0.127930136356672,FALSE
"chr3",188176397,188176586,30.89,47.02,0.656954487452148,TRUE
"chr3",188280692,188280974,3.5,1.79,0.511428571428571,TRUE
"chr3",188282920,188283614,42.55,74.41,0.57183174304529,TRUE
"chr3",188491377,188491896,11.65,1.79,0.153648068669528,FALSE
"chr3",189099066,189099415,38.47,21.44,0.557317390174162,TRUE
"chr3",189173691,189174046,4.08,8.93,0.456886898096305,TRUE
"chr3",189304576,189304768,23.89,9.53,0.39891167852658,TRUE
"chr3",189311470,189311840,6.99,8.93,0.782754759238522,TRUE
"chr3",189322621,189322903,28.55,2.39,0.0837127845884413,FALSE
"chr3",189323976,189324163,4.66,35.71,0.130495659479137,FALSE
"chr3",189324604,189324814,2.92,15.48,0.188630490956072,FALSE
"chr3",189330148,189330414,6.99,7.16,0.976256983240223,TRUE
"chr3",189458466,189458885,79.83,17.26,0.216209445070775,FALSE
"chr3",189626363,189626583,1.17,0,0,FALSE
"chr3",189641744,189642144,2.91,0.6,0.206185567010309,FALSE
"chr3",189772937,189773291,24.48,179.77,0.136174000111253,FALSE
"chr3",189773635,189773867,11.07,0.6,0.0542005420054201,FALSE
"chr3",189842616,189843329,403.85,147.63,0.365556518509348,TRUE
"chr3",189944290,189944691,77.51,36.91,0.476196619790995,TRUE
"chr3",189944840,189945268,85.09,9.53,0.111999059819015,FALSE
"chr3",189945923,189946186,9.33,0.6,0.0643086816720257,FALSE
"chr3",189947591,189947825,1.75,2.98,0.587248322147651,TRUE
"chr3",190586609,190586828,39.04,1.79,0.0458504098360656,FALSE
"chr3",192818903,192819259,5.83,9.54,0.611111111111111,TRUE
"chr3",193207873,193208298,13.99,26.79,0.52220977976857,TRUE
"chr3",193837114,193837402,30.9,47.03,0.657027429300446,TRUE
"chr3",193870384,193870796,11.07,558.93,0.0198057001771242,FALSE
"chr3",193870944,193871319,592.09,148.81,0.251330034285328,FALSE
"chr3",193872306,193872632,170.17,127.98,0.752071457953811,TRUE
"chr3",193876127,193876379,20.39,30.95,0.658804523424879,TRUE
"chr3",193878501,193878851,38.46,119.05,0.323057538849223,TRUE
"chr3",193879521,193880276,304.18,102.99,0.338582418304951,TRUE
"chr3",193910373,193910564,44.29,17.27,0.389930006773538,TRUE
"chr3",193921394,193921893,108.38,116.06,0.933827330691022,TRUE
"chr3",193922375,193922585,32.05,6.55,0.204368174726989,FALSE
"chr3",194158933,194159385,597.33,311.31,0.521169202953141,TRUE
"chr3",194160177,194160415,33.23,80.35,0.413565650280025,TRUE
"chr3",194168317,194168755,33.8,13.69,0.405029585798817,TRUE
"chr3",194270541,194270941,385.78,191.66,0.496811654310747,TRUE
"chr3",194323887,194324367,159.68,304.15,0.525004109814237,TRUE
"chr3",194333161,194333423,7,18.45,0.37940379403794,TRUE
"chr3",194494343,194494597,3.49,68.45,0.0509861212563915,FALSE
"chr3",194495002,194495354,33.8,72.02,0.469314079422383,TRUE
"chr3",194853164,194853354,32.05,61.91,0.51768696494912,TRUE
"chr3",194875795,194876124,12.25,22.03,0.556059918293236,TRUE
"chr3",195031725,195032032,7.58,1.19,0.156992084432718,FALSE
"chr3",195105090,195105480,1.16,13.11,0.0884820747520976,FALSE
"chr3",195897210,195897615,3.49,30.37,0.114916035561409,FALSE
"chr3",195911494,195911708,42.55,4.17,0.0980023501762632,FALSE
"chr3",196147046,196147617,649.21,116.08,0.178801928497713,FALSE
"chr3",196150071,196150552,64.1,17.87,0.278783151326053,FALSE
"chr3",196287280,196287946,1097.34,907.75,0.827227659613247,TRUE
"chr3",196754957,196755284,35.55,5.36,0.150773558368495,FALSE
"chr3",197352261,197352682,7,13.7,0.510948905109489,TRUE
"chr3",197353093,197353553,14,20.84,0.671785028790787,TRUE
"chr4",617729,618052,61.18,25.01,0.408793723439032,TRUE
"chr4",721453,721651,3.5,17.26,0.202780996523754,FALSE
"chr4",789008,789245,19.81,5.36,0.270570418980313,FALSE
"chr4",993809,994032,60.02,14.89,0.24808397200933,FALSE
"chr4",997777,998167,192.3,115.48,0.600520020800832,TRUE
"chr4",1245418,1245829,2.91,12.51,0.232613908872902,FALSE
"chr4",1813261,1813523,0.58,8.33,0.0696278511404562,FALSE
"chr4",1825953,1826259,31.46,9.54,0.303242212333121,TRUE
"chr4",2363032,2363334,9.32,24.41,0.381810733306022,TRUE
"chr4",2363435,2363655,6.99,7.14,0.978991596638656,TRUE
"chr4",2363949,2364245,3.5,0.6,0.171428571428571,FALSE
"chr4",2419332,2420145,393.37,68.48,0.174085466609045,FALSE
"chr4",2422560,2422927,8.74,2.98,0.340961098398169,TRUE
"chr4",2937139,2937440,67.02,70.83,0.946209233375688,TRUE
"chr4",3111509,3111821,8.75,22.63,0.386654882898807,TRUE
"chr4",3460987,3461952,368.89,405.95,0.908707968961695,TRUE
"chr4",3463157,3463698,107.8,9.53,0.088404452690167,FALSE
"chr4",3467003,3467263,12.81,2.39,0.186572989851678,FALSE
"chr4",3484875,3485262,29.14,7.15,0.245367192862045,FALSE
"chr4",3827051,3827265,5.25,45.83,0.114553785729871,FALSE
"chr4",3827523,3827983,29.14,39.89,0.730508899473552,TRUE
"chr4",3954762,3955384,511.09,807.15,0.633203245988973,TRUE
"chr4",3955501,3955826,106.07,13.71,0.129254266050721,FALSE
"chr4",5979941,5980183,0,0,0,FALSE
"chr4",6110389,6110751,5.24,5.36,0.977611940298507,TRUE
"chr4",6280258,6280713,50.12,41.67,0.831404628890662,TRUE
"chr4",6313168,6313485,30.3,19.65,0.648514851485148,TRUE
"chr4",6415267,6415784,61.78,41.68,0.674651990935578,TRUE
"chr4",6633163,6633617,158.51,67.85,0.428048703551826,TRUE
"chr4",6750899,6751361,56.51,188.1,0.300425305688464,TRUE
"chr4",6917765,6918047,90.33,0.6,0.00664231152441049,FALSE
"chr4",7533337,7533882,12.24,88.68,0.138024357239513,FALSE
"chr4",7772652,7773185,186.48,108.94,0.584191334191334,TRUE
"chr4",7773639,7773907,30.89,55.35,0.558084914182475,TRUE
"chr4",7832984,7833227,3.49,14.29,0.244226731980406,FALSE
"chr4",8010077,8010460,16.9,33.33,0.507050705070507,TRUE
"chr4",8194474,8194721,15.15,11.32,0.747194719471947,TRUE
"chr4",8200824,8201162,32.05,1.2,0.0374414976599064,FALSE
"chr4",10656102,10656737,26.82,7.16,0.26696495152871,FALSE
"chr4",10657077,10657309,1.75,1.79,0.977653631284916,TRUE
"chr4",12734611,12735279,13.41,55.96,0.23963545389564,FALSE
"chr4",12784806,12785087,1.75,7.74,0.22609819121447,FALSE
"chr4",15962922,15963303,8.74,24.41,0.358049979516592,TRUE
"chr4",16002478,16002883,12.24,0.6,0.0490196078431373,FALSE
"chr4",17700883,17701294,15.15,1.2,0.0792079207920792,FALSE
"chr4",24428791,24429077,3.5,2.98,0.851428571428571,TRUE
"chr4",24482324,24482665,22.73,0.6,0.0263968323801144,FALSE
"chr4",27168578,27168919,0,2.98,0,FALSE
"chr4",27170213,27170396,0,0,0,FALSE
"chr4",27415001,27415331,2.33,0.6,0.257510729613734,FALSE
"chr4",28314018,28314697,0,1.79,0,FALSE
"chr4",31991979,31992349,12.24,16.68,0.733812949640288,TRUE
"chr4",37454502,37454767,43.7,1.79,0.0409610983981693,FALSE
"chr4",37480666,37481040,41.96,5.96,0.142040038131554,FALSE
"chr4",37891590,37891893,176,85.72,0.487045454545455,TRUE
"chr4",37965513,37965809,28.54,8.93,0.312894183601962,TRUE
"chr4",38605744,38606014,4.08,6.56,0.621951219512195,TRUE
"chr4",38621395,38621650,60.6,0.6,0.0099009900990099,FALSE
"chr4",38621961,38622144,20.4,0,0,FALSE
"chr4",39514984,39515219,0,13.1,0,FALSE
"chr4",39539380,39539763,96.15,19.65,0.204368174726989,FALSE
"chr4",39540368,39540567,44.28,9.53,0.215221318879855,FALSE
"chr4",39544109,39544413,12.24,20.25,0.604444444444444,TRUE
"chr4",40200696,40201171,65.28,48.81,0.747702205882353,TRUE
"chr4",40264892,40265212,0,4.77,0,FALSE
"chr4",40322647,40323246,35.55,41.67,0.853131749460043,TRUE
"chr4",40363384,40364111,106.64,257.14,0.414715719063545,TRUE
"chr4",40457425,40457608,0,7.75,0,FALSE
"chr4",40548338,40548732,3.5,7.15,0.489510489510489,TRUE
"chr4",40550995,40551331,36.14,8.94,0.247371333702269,FALSE
"chr4",41136015,41136287,4.66,27.99,0.1664880314398,FALSE
"chr4",41156880,41157178,6.41,21.43,0.299113392440504,TRUE
"chr4",41319452,41319799,2.91,1.19,0.40893470790378,TRUE
"chr4",41475498,41475767,10.48,2.98,0.284351145038168,FALSE
"chr4",41505162,41505526,2.33,1.79,0.768240343347639,TRUE
"chr4",42339388,42339683,0,0,0,FALSE
"chr4",48047775,48048402,27.96,11.91,0.425965665236052,TRUE
"chr4",48853040,48853453,4.66,1.19,0.255364806866953,FALSE
"chr4",48954701,48955102,13.4,13.11,0.978358208955224,TRUE
"chr4",48961730,48962103,12.82,1.19,0.0928237129485179,FALSE
"chr4",49175586,49175794,9.32,1.79,0.19206008583691,FALSE
"chr4",52058292,52058694,1.75,0,0,FALSE
"chr4",52792039,52792333,18.07,21.44,0.842817164179104,TRUE
"chr4",52840900,52841238,26.23,22.03,0.839878002287457,TRUE
"chr4",54511405,54511669,0.58,0,0,FALSE
"chr4",54588715,54589018,2.91,4.77,0.610062893081761,TRUE
"chr4",54593582,54594135,4.08,1.2,0.294117647058824,TRUE
"chr4",54658896,54659129,59.44,8.34,0.140309555854643,FALSE
"chr4",54841428,54841718,265.16,102.38,0.386106501734802,TRUE
"chr4",54842262,54842813,28.56,45.25,0.631160220994475,TRUE
"chr4",54843453,54843838,63.52,7.75,0.122008816120907,FALSE
"chr4",55346436,55346650,14.57,14.89,0.978509066487576,TRUE
"chr4",55347004,55347226,19.81,5.95,0.300353356890459,TRUE
"chr4",55947118,55947424,0,14.9,0,FALSE
"chr4",67922769,67923021,0,0.6,0,FALSE
"chr4",67928632,67929031,1.17,11.92,0.0981543624161074,FALSE
"chr4",67929874,67930359,0,17.86,0,FALSE
"chr4",68368974,68369167,2.34,1.79,0.764957264957265,TRUE
"chr4",68670708,68671020,0,0,0,FALSE
"chr4",69558523,69558913,0,0,0,FALSE
"chr4",70687782,70687999,10.49,99.4,0.105533199195171,FALSE
"chr4",74374931,74375130,7.58,4.77,0.629287598944591,TRUE
"chr4",74473502,74473756,5.24,2.98,0.568702290076336,TRUE
"chr4",74475001,74475344,2.92,0.6,0.205479452054795,FALSE
"chr4",74478493,74478762,13.4,2.39,0.178358208955224,FALSE
"chr4",74579946,74580222,0.58,23.22,0.024978466838932,FALSE
"chr4",74661757,74662006,0.58,0,0,FALSE
"chr4",76513503,76513910,18.64,69.06,0.269910222994498,FALSE
"chr4",76562240,76562565,43.12,192.86,0.223581872861143,FALSE
"chr4",76563477,76563848,136.94,42.26,0.308602307579962,TRUE
"chr4",76569174,76569594,59.43,129.76,0.457999383477189,TRUE
"chr4",76570067,76570636,252.34,317.27,0.795347811012702,TRUE
"chr4",76572152,76572545,107.23,5.96,0.0555814604121981,FALSE
"chr4",76577056,76577286,0,20.84,0,FALSE
"chr4",76611473,76611933,95.58,204.77,0.466767592909118,TRUE
"chr4",76702710,76702966,6.41,11.91,0.538203190596138,TRUE
"chr4",76768047,76768361,13.4,13.1,0.977611940298507,TRUE
"chr4",78310127,78310478,3.5,7.75,0.451612903225806,TRUE
"chr4",78310702,78311084,29.14,13.11,0.449897048730268,TRUE
"chr4",78551808,78552088,298.37,97.03,0.325200254717297,TRUE
"chr4",81572497,81572751,0,0,0,FALSE
"chr4",83584116,83584696,12.23,1.19,0.0973017170891251,FALSE
"chr4",83651503,83651822,1.17,4.18,0.279904306220096,FALSE
"chr4",84582437,84582627,46.62,257.15,0.181294964028777,FALSE
"chr4",85489310,85489668,43.13,24.41,0.565963366566195,TRUE
"chr4",85490001,85490356,15.16,1.19,0.0784960422163588,FALSE
"chr4",86934535,86934936,14.57,307.73,0.0473467000292464,FALSE
"chr4",87089314,87089640,48.37,1.79,0.0370064089311557,FALSE
"chr4",87120883,87121467,146.28,223.22,0.655317623868829,TRUE
"chr4",88084415,88084794,9.9,113.7,0.0870712401055409,FALSE
"chr4",88085706,88085924,11.08,8.34,0.752707581227437,TRUE
"chr4",88158934,88159271,23.9,163.1,0.14653586756591,FALSE
"chr4",88177903,88178180,17.48,27.97,0.624955309259921,TRUE
"chr4",88178860,88179100,28.55,51.78,0.551371185786018,TRUE
"chr4",88241765,88241948,0,5.96,0,FALSE
"chr4",88242095,88243008,11.66,16.68,0.699040767386091,TRUE
"chr4",88334938,88335320,14.57,7.75,0.531914893617021,TRUE
"chr4",89701193,89701570,0.58,0.6,0.966666666666667,TRUE
"chr4",92142246,92142611,0,0,0,FALSE
"chr4",92483395,92483764,16.3,4.17,0.255828220858896,FALSE
"chr4",94690968,94691300,0.58,1.2,0.483333333333333,TRUE
"chr4",98505735,98506225,1.17,35.13,0.0333048676345004,FALSE
"chr4",98617931,98618173,4.66,10.72,0.434701492537313,TRUE
"chr4",100778518,100778823,7,43.46,0.161067648412333,FALSE
"chr4",100779635,100780538,2.33,2.98,0.781879194630873,TRUE
"chr4",101397084,101397556,7.58,83.35,0.0909418116376725,FALSE
"chr4",104896712,104897035,15.15,0,0,FALSE
"chr4",104908060,104908300,0,0,0,FALSE
"chr4",104971486,104971752,5.83,0.6,0.102915951972556,FALSE
"chr4",105633269,105633546,5.83,3.57,0.612349914236707,TRUE
"chr4",106062402,106062903,0.58,1.79,0.324022346368715,TRUE
"chr4",107253728,107254035,0,0,0,FALSE
"chr4",108714921,108715196,0,7.74,0,FALSE
"chr4",114318307,114318565,0,1.19,0,FALSE
"chr4",114326357,114326749,0,0,0,FALSE
"chr4",124977683,124977998,3.49,0,0,FALSE
"chr4",128254716,128255132,29.72,5.96,0.200538358008075,FALSE
"chr4",128255458,128256166,64.1,16.67,0.2600624024961,FALSE
"chr4",128804755,128805107,22.15,1.19,0.05372460496614,FALSE
"chr4",129232941,129233201,0,0,0,FALSE
"chr4",130258545,130258876,0,0.6,0,FALSE
"chr4",132540389,132540978,4.67,11.33,0.412180052956752,TRUE
"chr4",139676974,139677555,15.73,77.39,0.20325623465564,FALSE
"chr4",139841917,139842404,15.16,20.24,0.74901185770751,TRUE
"chr4",139845738,139845924,0.58,10.72,0.0541044776119403,FALSE
"chr4",139849304,139849644,68.19,55.95,0.820501539815222,TRUE
"chr4",139850253,139850497,4.08,41.06,0.0993667803214808,FALSE
"chr4",139851130,139851418,25.65,97.62,0.262753534111862,FALSE
"chr4",139875419,139875754,23.9,7.75,0.324267782426778,TRUE
"chr4",140250093,140250571,205.14,20.24,0.0986643268012089,FALSE
"chr4",140252585,140253285,93.82,200,0.4691,TRUE
"chr4",140635756,140636010,8.16,84.52,0.0965451964032182,FALSE
"chr4",140654139,140654326,0,36.31,0,FALSE
"chr4",140660132,140660339,0,27.39,0,FALSE
"chr4",140691402,140691613,2.33,86.91,0.0268093429985042,FALSE
"chr4",140692628,140692856,3.5,4.17,0.839328537170264,TRUE
"chr4",140720726,140721016,12.24,21.43,0.571161922538497,TRUE
"chr4",140726796,140727122,9.32,32.74,0.284667073915699,FALSE
"chr4",142615242,142615653,54.78,23.81,0.434647681635633,TRUE
"chr4",145003756,145004004,0,22.03,0,FALSE
"chr4",145736273,145736722,33.21,8.94,0.269196025293586,FALSE
"chr4",148067467,148067865,13.99,1.79,0.12794853466762,FALSE
"chr4",152707957,152708145,1.75,0,0,FALSE
"chr4",153222780,153223037,22.73,6.56,0.288605367355917,FALSE
"chr4",155530226,155530567,0,17.86,0,FALSE
"chr4",157146261,157146513,0.58,2.98,0.194630872483221,FALSE
"chr4",159484807,159485085,11.07,1.19,0.107497741644083,FALSE
"chr4",159504708,159504951,7.58,1.2,0.158311345646438,FALSE
"chr4",159541940,159542234,1.17,5.95,0.196638655462185,FALSE
"chr4",161200975,161201457,1.17,2.38,0.491596638655462,TRUE
"chr4",162650805,162651204,0,1.19,0,FALSE
"chr4",163385590,163385964,1.16,21.43,0.054129724685021,FALSE
"chr4",163447454,163447756,0.58,4.17,0.139088729016787,FALSE
"chr4",163448473,163448817,16.9,13.11,0.775739644970414,TRUE
"chr4",168501152,168501663,1.17,8.94,0.130872483221477,FALSE
"chr4",168675183,168675418,13.4,8.34,0.622388059701492,TRUE
"chr4",168677187,168677453,43.13,23.22,0.538372362624623,TRUE
"chr4",168679753,168680019,7,15.48,0.452196382428941,TRUE
"chr4",168680930,168681174,9.32,2.98,0.319742489270386,TRUE
"chr4",168691644,168692349,46.04,30.36,0.659426585577758,TRUE
"chr4",168694007,168694198,5.83,33.94,0.171773718326458,FALSE
"chr4",168816655,168816951,1.16,14.28,0.0812324929971989,FALSE
"chr4",169981401,169981681,0,0,0,FALSE
"chr4",172963008,172963271,2.91,0.6,0.206185567010309,FALSE
"chr4",173170016,173170229,0.58,6.55,0.0885496183206107,FALSE
"chr4",173209959,173210197,1.75,0,0,FALSE
"chr4",183797770,183798120,13.41,16.08,0.833955223880597,TRUE
"chr4",185513796,185514174,6.41,22.03,0.290966863368134,FALSE
"chr4",185637642,185637940,0.58,13.1,0.0442748091603053,FALSE
"chr5",301623,302950,65.86,76.81,0.857440437443041,TRUE
"chr5",429781,430037,3.5,19.65,0.178117048346056,FALSE
"chr5",505895,506118,14.57,18.46,0.789274106175515,TRUE
"chr5",1129675,1129982,19.82,54.16,0.365952732644018,TRUE
"chr5",1516228,1516482,26.81,44.05,0.608626560726447,TRUE
"chr5",1864923,1865313,29.73,37.51,0.792588643028526,TRUE
"chr5",4028838,4029141,0,1.19,0,FALSE
"chr5",5633460,5633922,2.91,0.6,0.206185567010309,FALSE
"chr5",6491546,6491929,296.04,17.87,0.0603634643967031,FALSE
"chr5",6493334,6493578,108.97,2.98,0.0273469762319905,FALSE
"chr5",6495804,6496297,558.28,79.76,0.142867378376442,FALSE
"chr5",6497467,6497686,108.39,41.07,0.37890949349571,TRUE
"chr5",6498757,6498991,21.56,188.69,0.114261487095236,FALSE
"chr5",6499529,6499829,280.31,80.36,0.286682601405587,FALSE
"chr5",6507828,6508104,0,4.17,0,FALSE
"chr5",6509688,6510026,1.16,8.35,0.138922155688623,FALSE
"chr5",6518306,6518567,1.17,2.39,0.489539748953975,TRUE
"chr5",6518930,6519270,25.64,13.7,0.534321372854914,TRUE
"chr5",6519479,6519862,5.83,13.7,0.425547445255474,TRUE
"chr5",13521889,13522286,31.47,7.74,0.245948522402288,FALSE
"chr5",16569407,16569624,8.74,12.51,0.698641087130296,TRUE
"chr5",16588360,16589172,53.02,80.95,0.654972205064855,TRUE
"chr5",16590090,16590456,8.74,29.77,0.293584145112529,TRUE
"chr5",16626510,16627035,25.06,48.82,0.513314215485457,TRUE
"chr5",17212373,17212634,5.24,1.79,0.341603053435114,TRUE
"chr5",17305967,17306233,5.25,0.6,0.114285714285714,FALSE
"chr5",18048521,18048705,0,1.79,0,FALSE
"chr5",19488846,19489226,0,8.34,0,FALSE
"chr5",19734722,19735377,11.66,3.58,0.307032590051458,TRUE
"chr5",31323476,31323803,2.33,0,0,FALSE
"chr5",31330539,31330856,0.58,1.79,0.324022346368715,TRUE
"chr5",32249565,32249896,0.58,0.6,0.966666666666667,TRUE
"chr5",32329725,32329999,2.33,43.45,0.0536248561565017,FALSE
"chr5",32331338,32331552,14.57,7.74,0.531228551818806,TRUE
"chr5",32563621,32563890,0,1.19,0,FALSE
"chr5",33550029,33550429,26.81,101.21,0.264894773243751,FALSE
"chr5",33614134,33614597,0.58,33.95,0.0170839469808542,FALSE
"chr5",33615920,33616234,11.65,3.58,0.307296137339056,TRUE
"chr5",35188193,35188376,17.48,54.17,0.322687834594794,TRUE
"chr5",35205649,35206001,12.23,51.2,0.2388671875,FALSE
"chr5",35304704,35304946,0,18.46,0,FALSE
"chr5",35306753,35307180,13.98,20.85,0.670503597122302,TRUE
"chr5",35476929,35477185,0,4.76,0,FALSE
"chr5",36040782,36041184,6.41,2.39,0.372854914196568,TRUE
"chr5",36731841,36732594,53.63,76.2,0.703805774278215,TRUE
"chr5",38831134,38831482,20.98,51.77,0.405254008112807,TRUE
"chr5",42099803,42100096,1.16,0,0,FALSE
"chr5",42600638,42600861,0.58,2.38,0.243697478991597,FALSE
"chr5",44002587,44002956,3.5,0,0,FALSE
"chr5",44539592,44539869,8.75,1.2,0.137142857142857,FALSE
"chr5",50968495,50968692,8.16,0,0,FALSE
"chr5",51034393,51034867,4.08,1.19,0.291666666666667,TRUE
"chr5",51378831,51379137,44.28,188.7,0.234658187599364,FALSE
"chr5",53089327,53089924,41.95,69.65,0.60229720028715,TRUE
"chr5",53090330,53090582,29.72,40.47,0.734371139115394,TRUE
"chr5",53476866,53477452,17.48,8.34,0.477116704805492,TRUE
"chr5",53479898,53480163,73.42,44.06,0.600108962135658,TRUE
"chr5",53482382,53482743,26.23,61.9,0.423747980613893,TRUE
"chr5",54822046,54822380,29.72,50,0.5944,TRUE
"chr5",56029891,56030232,4.08,6.55,0.622900763358779,TRUE
"chr5",56357564,56357787,0,6.55,0,FALSE
"chr5",56406197,56406496,6.42,6.55,0.980152671755725,TRUE
"chr5",56421906,56422270,15.15,519.65,0.0291542384297123,FALSE
"chr5",56429007,56429557,13.4,47.04,0.284863945578231,FALSE
"chr5",56454089,56454409,48.95,26.19,0.535035750766088,TRUE
"chr5",56459826,56460038,1.17,49.41,0.0236794171220401,FALSE
"chr5",56460582,56460871,125.29,31.56,0.251895602202889,FALSE
"chr5",56476432,56476820,11.66,23.81,0.489710205795884,TRUE
"chr5",56480195,56480491,43.7,45.84,0.953315881326352,TRUE
"chr5",56534012,56534245,0.58,4.77,0.121593291404612,FALSE
"chr5",56534687,56535017,15.16,2.39,0.157651715039578,FALSE
"chr5",56668853,56669775,57.1,178.59,0.319726748418165,TRUE
"chr5",58095333,58095662,0,0.6,0,FALSE
"chr5",58126944,58127379,1.75,12.5,0.14,FALSE
"chr5",59303243,59303695,0,2.98,0,FALSE
"chr5",59380340,59381400,58.27,8.35,0.143298438304445,FALSE
"chr5",60355069,60355477,11.07,0.6,0.0542005420054201,FALSE
"chr5",61178861,61179157,11.07,11.32,0.97791519434629,TRUE
"chr5",61304595,61304909,2.34,50.61,0.0462359217545939,FALSE
"chr5",61333697,61334070,181.83,238.1,0.763670726585468,TRUE
"chr5",61620980,61621392,5.83,0,0,FALSE
"chr5",64632301,64632702,10.48,4.17,0.397900763358779,TRUE
"chr5",66680457,66681064,1.75,4.18,0.41866028708134,TRUE
"chr5",66741445,66741791,8.16,69.05,0.118175235336713,FALSE
"chr5",67031636,67032273,29.72,2.98,0.100269179004038,FALSE
"chr5",67212279,67212522,47.78,2.38,0.0498116366680619,FALSE
"chr5",67215095,67215421,213.88,953.59,0.224289264778364,FALSE
"chr5",67215680,67216433,1469.75,683.94,0.465344446334411,TRUE
"chr5",67234753,67235101,229.03,313.1,0.731491536250399,TRUE
"chr5",67235690,67236165,232.51,133.34,0.573480710507075,TRUE
"chr5",67236827,67237138,181.82,19.64,0.108018919810802,FALSE
"chr5",67248828,67249071,8.74,16.07,0.543870566272558,TRUE
"chr5",67619724,67619993,0.58,10.72,0.0541044776119403,FALSE
"chr5",68027104,68027409,4.09,16.67,0.245350929814037,FALSE
"chr5",68028242,68028469,8.73,7.74,0.88659793814433,TRUE
"chr5",68029033,68029236,12.24,0,0,FALSE
"chr5",68545617,68545948,8.17,7.74,0.947368421052632,TRUE
"chr5",68647773,68647962,0.58,0,0,FALSE
"chr5",69329904,69330339,13.4,242.25,0.0553147574819401,FALSE
"chr5",69332798,69333033,148.03,78.57,0.53077078970479,TRUE
"chr5",71631334,71631635,15.73,16.67,0.943611277744451,TRUE
"chr5",72835818,72836103,20.4,1.19,0.0583333333333333,FALSE
"chr5",73513683,73514011,23.31,46.44,0.501937984496124,TRUE
"chr5",73630239,73630782,29.72,16.67,0.560901749663526,TRUE
"chr5",75037288,75037611,5.83,0,0,FALSE
"chr5",77167078,77167587,8.15,4.77,0.585276073619632,TRUE
"chr5",77168043,77168476,29.14,44.05,0.661520998864926,TRUE
"chr5",77172420,77172636,1.17,11.91,0.0982367758186398,FALSE
"chr5",77775247,77775628,252.34,332.13,0.75976274350405,TRUE
"chr5",77861608,77861977,71.1,28.58,0.40196905766526,TRUE
"chr5",78204325,78204647,0,6.56,0,FALSE
"chr5",81883495,81883964,15.73,11.91,0.757151938970121,TRUE
"chr5",83473048,83473336,47.2,105.96,0.445451113627784,TRUE
"chr5",83563757,83563980,0,0,0,FALSE
"chr5",87950885,87951933,24.48,22.03,0.899918300653595,TRUE
"chr5",93193794,93194317,8.16,1.19,0.145833333333333,FALSE
"chr5",93887033,93887280,0,1.79,0,FALSE
"chr5",95672500,95672833,3.5,0.6,0.171428571428571,FALSE
"chr5",95727731,95728134,13.4,89.89,0.149071086883969,FALSE
"chr5",95728632,95729003,122.37,85.12,0.695595325651712,TRUE
"chr5",95760612,95760856,60.04,0,0,FALSE
"chr5",95938161,95938363,1.17,4.17,0.280575539568345,FALSE
"chr5",99601940,99602379,0,1.19,0,FALSE
"chr5",100647561,100647932,22.15,47.62,0.465140697186056,TRUE
"chr5",100754917,100755194,1.17,0.6,0.512820512820513,TRUE
"chr5",100755404,100755740,2.92,2.98,0.979865771812081,TRUE
"chr5",103006974,103007316,0,0,0,FALSE
"chr5",103370622,103370892,11.66,9.54,0.818181818181818,TRUE
"chr5",103409195,103409570,13.41,1.19,0.0887397464578673,FALSE
"chr5",103444452,103444719,33.21,23.22,0.699186991869919,TRUE
"chr5",105616616,105617067,0,0.6,0,FALSE
"chr5",106190560,106190839,0,0,0,FALSE
"chr5",106241454,106241986,46.62,4.18,0.0896610896610897,FALSE
"chr5",107557404,107557727,31.47,5.96,0.189386717508738,FALSE
"chr5",107561931,107562169,6.41,4.17,0.650546021840874,TRUE
"chr5",107571113,107571384,40.21,107.14,0.375303341422438,TRUE
"chr5",107571710,107572031,74.59,211.3,0.353005205868433,TRUE
"chr5",107668213,107668546,3.5,64.29,0.054440815056774,FALSE
"chr5",111680660,111680869,0,2.99,0,FALSE
"chr5",111995800,111996515,1.17,0,0,FALSE
"chr5",116858655,116859307,1.75,12.51,0.139888089528377,FALSE
"chr5",116862958,116863191,0,0,0,FALSE
"chr5",117487007,117487425,8.16,0,0,FALSE
"chr5",118009743,118010290,5.82,26.19,0.222222222222222,FALSE
"chr5",118139544,118139818,4.08,0,0,FALSE
"chr5",118247752,118248060,3.5,1.19,0.34,TRUE
"chr5",118775840,118776196,5.24,13.1,0.4,TRUE
"chr5",118967132,118967598,8.16,2.39,0.292892156862745,TRUE
"chr5",119564109,119564597,5.83,29.17,0.199862872814535,FALSE
"chr5",119564757,119565079,1.75,2.98,0.587248322147651,TRUE
"chr5",119570315,119570762,6.41,30.95,0.207108239095315,FALSE
"chr5",120531303,120531566,1.16,0,0,FALSE
"chr5",120534060,120534304,6.41,0,0,FALSE
"chr5",122849205,122849585,138.69,20.25,0.146009085009734,FALSE
"chr5",122852662,122853044,27.98,4.76,0.17012151536812,FALSE
"chr5",122869146,122869673,6.99,21.42,0.326330532212885,TRUE
"chr5",123155440,123155696,1.75,29.17,0.0599931436407268,FALSE
"chr5",124905422,124905608,1.17,0.6,0.512820512820513,TRUE
"chr5",125059628,125059937,1.17,1.19,0.983193277310924,TRUE
"chr5",125408523,125408895,18.06,43.46,0.41555453290382,TRUE
"chr5",125409915,125410421,85.08,163.09,0.521675148690907,TRUE
"chr5",127228244,127228512,1.75,26.2,0.066793893129771,FALSE
"chr5",127517146,127517330,6.41,4.17,0.650546021840874,TRUE
"chr5",129241729,129242078,126.47,14.28,0.112912153079782,FALSE
"chr5",132277426,132277635,1.16,9.53,0.121720881427072,FALSE
"chr5",132277876,132278152,19.82,38.69,0.512277074179375,TRUE
"chr5",132371197,132371455,127.62,72.01,0.564253251841404,TRUE
"chr5",132378594,132379010,227.27,135.72,0.597175166101993,TRUE
"chr5",132380936,132381233,139.86,56.55,0.404332904332904,TRUE
"chr5",132427457,132427683,37.3,2.98,0.0798927613941019,FALSE
"chr5",133049671,133050117,37.29,71.45,0.521903428971309,TRUE
"chr5",133249276,133250047,57.11,105.37,0.54199487520167,TRUE
"chr5",134020447,134020653,12.81,1.79,0.139734582357533,FALSE
"chr5",134037269,134037578,4.08,111.92,0.0364546104360257,FALSE
"chr5",134279814,134280038,0.58,0,0,FALSE
"chr5",134304390,134304636,0.58,1.79,0.324022346368715,TRUE
"chr5",134466396,134466750,421.36,58.33,0.138432694133283,FALSE
"chr5",134905289,134905512,185.32,203.58,0.910305530995186,TRUE
"chr5",135046735,135047071,1.16,248.83,0.00466181730498734,FALSE
"chr5",135047499,135047833,13.4,8.93,0.666417910447761,TRUE
"chr5",135410383,135410690,1.17,0,0,FALSE
"chr5",135695831,135696142,5.24,0,0,FALSE
"chr5",135721776,135721993,1.75,3.57,0.490196078431373,TRUE
"chr5",135722657,135722964,7,4.17,0.595714285714286,TRUE
"chr5",136772908,136773362,5.24,7.75,0.676129032258065,TRUE
"chr5",137815216,137815892,13.99,103.57,0.135077725210003,FALSE
"chr5",137888703,137889042,11.07,16.08,0.688432835820896,TRUE
"chr5",139637070,139637576,35.55,463.11,0.0767636198743279,FALSE
"chr5",139638115,139638635,132.88,811.9,0.163665476043848,FALSE
"chr5",139643402,139643773,183,58.33,0.318743169398907,TRUE
"chr5",139644182,139644511,242.44,54.17,0.22343672661277,FALSE
"chr5",139658245,139658582,46.62,30.35,0.651008151008151,TRUE
"chr5",139660813,139661088,45.46,2.39,0.0525736911570612,FALSE
"chr5",139708797,139709589,175.99,433.93,0.405572327333902,TRUE
"chr5",142239633,142239928,8.16,9.53,0.856243441762854,TRUE
"chr5",142281045,142281832,138.7,15.49,0.111679884643115,FALSE
"chr5",143594949,143595133,0,5.37,0,FALSE
"chr5",145936938,145937142,15.74,13.69,0.869758576874206,TRUE
"chr5",145945827,145946375,12.24,7.76,0.633986928104575,TRUE
"chr5",145981977,145982290,16.9,70.83,0.238599463504165,FALSE
"chr5",146027724,146028222,7,11.32,0.618374558303887,TRUE
"chr5",147930447,147930745,5.25,3.57,0.68,TRUE
"chr5",148305916,148306228,1.17,4.17,0.280575539568345,FALSE
"chr5",149680205,149680531,34.38,0.6,0.0174520069808028,FALSE
"chr5",149810294,149810781,15.74,26.8,0.587313432835821,TRUE
"chr5",149878078,149878748,30.3,10.73,0.354125412541254,TRUE
"chr5",151078772,151079092,12.24,38.69,0.316360816748514,TRUE
"chr5",152288536,152289151,4.08,5.37,0.759776536312849,TRUE
"chr5",154701191,154701431,6.41,1.79,0.279251170046802,FALSE
"chr5",154829926,154830134,11.07,5.96,0.538392050587173,TRUE
"chr5",155068657,155069082,68.18,33.34,0.488999706658844,TRUE
"chr5",155069395,155069627,104.9,0,0,FALSE
"chr5",155276444,155276717,5.83,0,0,FALSE
"chr5",155290743,155291224,8.74,10.13,0.862783810463968,TRUE
"chr5",157912932,157913274,19.81,30.35,0.652718286655684,TRUE
"chr5",159175608,159176051,0.58,19.65,0.0295165394402036,FALSE
"chr5",160169902,160170259,14.57,9.53,0.654083733699382,TRUE
"chr5",160286883,160287259,2.91,55.95,0.0520107238605898,FALSE
"chr5",160287563,160287955,37.87,84.52,0.448059630856602,TRUE
"chr5",168307182,168307383,61.77,0.6,0.00971345313258863,FALSE
"chr5",168316151,168316733,169.58,383.33,0.442386455534396,TRUE
"chr5",168317676,168317952,227.28,51.19,0.225228792678634,FALSE
"chr5",168347724,168348128,210.96,28.59,0.135523321956769,FALSE
"chr5",168353193,168353458,13.99,29.76,0.470094086021505,TRUE
"chr5",169098605,169099101,26.23,7.75,0.295463210064811,TRUE
"chr5",169222915,169223149,0.58,1.19,0.487394957983193,TRUE
"chr5",170746858,170747093,114.81,54.76,0.476961937113492,TRUE
"chr5",170749822,170750174,36.71,108.92,0.337036356959236,TRUE
"chr5",170751498,170751806,64.1,111.9,0.572832886505809,TRUE
"chr5",172235606,172235910,2.33,11.32,0.205830388692579,FALSE
"chr5",172688841,172689161,33.81,89.29,0.378653824616418,TRUE
"chr5",173329767,173330045,37.3,13.11,0.351474530831099,TRUE
"chr5",173453231,173453573,34.96,64.29,0.543785969824234,TRUE
"chr5",173454432,173454620,5.25,69.65,0.0753768844221105,FALSE
"chr5",173472602,173473164,24.46,41.08,0.595423563777994,TRUE
"chr5",173535507,173535831,8.74,24.41,0.358049979516592,TRUE
"chr5",173590867,173591638,89.74,184.52,0.486342943854325,TRUE
"chr5",173673330,173673790,8.75,4.77,0.545142857142857,TRUE
"chr5",173766501,173766725,12.81,5.36,0.418423106947697,TRUE
"chr5",173767968,173768177,5.83,5.96,0.978187919463087,TRUE
"chr5",173824047,173824413,2.34,105.36,0.0222095671981777,FALSE
"chr5",173829703,173830015,4.66,5.96,0.781879194630873,TRUE
"chr5",173841269,173841572,1.17,2.39,0.489539748953975,TRUE
"chr5",173869210,173869449,15.15,1.79,0.118151815181518,FALSE
"chr5",174461288,174461652,61.19,146.43,0.417878849962439,TRUE
"chr5",174461820,174462057,47.21,29.17,0.617877568311798,TRUE
"chr5",174480822,174481020,3.49,1.79,0.512893982808023,TRUE
"chr5",174482397,174482798,104.9,128.58,0.815834499922227,TRUE
"chr5",174483391,174483809,72.85,88.69,0.821400383357763,TRUE
"chr5",174491570,174491818,2.34,2.99,0.782608695652174,TRUE
"chr5",174503539,174503873,30.88,30.96,0.997416020671835,TRUE
"chr5",174777136,174777371,4.08,13.69,0.298027757487217,TRUE
"chr5",176352249,176352798,23.9,35.13,0.680330202106462,TRUE
"chr5",176613751,176614113,16.9,4.76,0.281656804733728,FALSE
"chr5",177023426,177023938,133.47,162.51,0.821303304412036,TRUE
"chr5",177311546,177311771,32.63,29.17,0.893962611094085,TRUE
"chr5",178642616,178642812,3.49,1.79,0.512893982808023,TRUE
"chr5",178839360,178839547,9.32,62.51,0.149096144616861,FALSE
"chr5",180595527,180595891,11.07,10.13,0.915085817524842,TRUE
"chr5",180596926,180597225,1.16,27.99,0.0414433726330832,FALSE
"chr5",181192043,181192257,44.87,4.17,0.0929351459772677,FALSE
"chr6",608207,608458,15.73,23.21,0.677725118483412,TRUE
"chr6",611396,611733,2.33,20.84,0.111804222648752,FALSE
"chr6",617561,617869,1.16,22.62,0.0512820512820513,FALSE
"chr6",672795,673174,18.07,94.65,0.190913893291072,FALSE
"chr6",681055,681403,7.57,50.59,0.149634315082032,FALSE
"chr6",699624,699837,2.33,2.38,0.978991596638656,TRUE
"chr6",1640233,1640472,54.78,11.92,0.217597663380796,FALSE
"chr6",1641227,1641677,522.16,70.85,0.135686379653746,FALSE
"chr6",2875143,2875349,5.82,7.15,0.813986013986014,TRUE
"chr6",2903306,2903526,17.48,98.81,0.176905171541342,FALSE
"chr6",3226639,3226968,37.87,25.61,0.676260892527066,TRUE
"chr6",3664709,3665048,30.3,22.03,0.727062706270627,TRUE
"chr6",3718166,3718543,11.07,16.68,0.663669064748201,TRUE
"chr6",3748267,3748672,10.49,29.18,0.359492803289925,TRUE
"chr6",3913574,3913793,1.16,0.6,0.517241379310345,TRUE
"chr6",4475862,4476144,0.58,1.19,0.487394957983193,TRUE
"chr6",4489573,4489824,6.99,13.69,0.510591672753835,TRUE
"chr6",4780735,4780931,7.58,2.39,0.315303430079156,TRUE
"chr6",6703709,6704175,9.91,21.44,0.462220149253731,TRUE
"chr6",6725076,6725270,22.14,1.79,0.0808491418247516,FALSE
"chr6",6748576,6748816,48.37,35.13,0.726276617738268,TRUE
"chr6",6758876,6759180,23.31,50.01,0.466106778644271,TRUE
"chr6",6860477,6861324,9.34,30.37,0.307540335857754,TRUE
"chr6",7062421,7062763,14.57,17.27,0.843659525188188,TRUE
"chr6",7198031,7198498,129.37,11.32,0.0875009662209167,FALSE
"chr6",7419085,7419341,57.11,2.38,0.0416739625284539,FALSE
"chr6",9248155,9248676,2.92,2.39,0.818493150684932,TRUE
"chr6",10248459,10248989,0,11.92,0,FALSE
"chr6",10420553,10420740,18.07,8.34,0.461538461538462,TRUE
"chr6",10423233,10423469,0.58,19.65,0.0295165394402036,FALSE
"chr6",11045647,11045830,49.54,277.38,0.178599754848944,FALSE
"chr6",11046422,11046639,44.29,44.05,0.994581169564236,TRUE
"chr6",11046783,11047210,83.91,36.9,0.439756882373972,TRUE
"chr6",11053415,11053911,114.8,11.91,0.103745644599303,FALSE
"chr6",11055581,11055975,24.48,2.99,0.122140522875817,FALSE
"chr6",11067304,11067844,72.85,151.79,0.479939389946637,TRUE
"chr6",11389972,11390268,47.2,22.63,0.479449152542373,TRUE
"chr6",12288237,12288564,74.02,22.03,0.297622264252905,TRUE
"chr6",12343778,12344125,19.82,30.95,0.640387722132472,TRUE
"chr6",12844323,12844659,0.58,62.51,0.00927851543752999,FALSE
"chr6",13747484,13747951,8.16,43.46,0.187758858720663,FALSE
"chr6",13749490,13749677,0.58,1.79,0.324022346368715,TRUE
"chr6",15036645,15037238,284.38,55.96,0.196778957732611,FALSE
"chr6",15089743,15089932,16.31,126.79,0.128637905197571,FALSE
"chr6",15090081,15090381,145.11,14.3,0.0985459306732823,FALSE
"chr6",15221698,15222279,129.37,58.33,0.450877328592409,TRUE
"chr6",15251416,15251711,52.45,74.99,0.699426590212028,TRUE
"chr6",15503902,15504152,4.67,5.36,0.871268656716418,TRUE
"chr6",15504570,15504908,12.82,34.52,0.371378910776361,TRUE
"chr6",15505311,15505551,21.57,9.53,0.441817338896616,TRUE
"chr6",15674884,15675278,11.08,27.38,0.404674945215486,TRUE
"chr6",15817087,15817487,0.58,0,0,FALSE
"chr6",15951008,15951233,7,0.6,0.0857142857142857,FALSE
"chr6",15952498,15952923,5.82,45.25,0.128618784530387,FALSE
"chr6",16130655,16130864,184.74,0.6,0.0032478077297824,FALSE
"chr6",16991659,16992276,7.58,4.77,0.629287598944591,TRUE
"chr6",17102516,17102736,69.35,6.56,0.094592645998558,FALSE
"chr6",17104595,17104951,18.64,5.96,0.319742489270386,TRUE
"chr6",17106100,17106578,17.49,9.54,0.545454545454545,TRUE
"chr6",17389282,17389714,40.8,87.5,0.466285714285714,TRUE
"chr6",17393761,17394200,61.2,84.52,0.724088973024136,TRUE
"chr6",17472936,17473717,37.3,34.54,0.926005361930295,TRUE
"chr6",18055771,18056094,4.08,1.79,0.438725490196078,TRUE
"chr6",18457011,18457415,30.89,8.34,0.269990288119132,FALSE
"chr6",19026196,19026573,23.31,4.17,0.178893178893179,FALSE
"chr6",19477488,19477762,1.75,5.36,0.326492537313433,TRUE
"chr6",20200750,20201101,79.25,56.54,0.713438485804416,TRUE
"chr6",20202781,20203015,0.58,64.29,0.00902162078083683,FALSE
"chr6",20210146,20210677,35.55,526.2,0.0675598631698974,FALSE
"chr6",21735584,21735853,2.91,0.6,0.206185567010309,FALSE
"chr6",21738513,21739187,83.34,102.98,0.809283355991455,TRUE
"chr6",23073812,23074091,0.58,0,0,FALSE
"chr6",23074358,23074702,0,1.19,0,FALSE
"chr6",25991970,25992158,89.74,162.51,0.552212171558673,TRUE
"chr6",26257281,26257501,12.24,2.38,0.194444444444444,FALSE
"chr6",26295930,26296669,50.11,24.43,0.487527439632808,TRUE
"chr6",30749384,30749693,25.65,17.86,0.696296296296296,TRUE
"chr6",30751465,30751918,46.62,181.56,0.256774619960344,FALSE
"chr6",31810372,31810860,16.32,11.91,0.729779411764706,TRUE
"chr6",33280236,33280430,1.17,0.6,0.512820512820513,TRUE
"chr6",33717207,33717633,3.5,50.01,0.0699860027994401,FALSE
"chr6",33732335,33732599,11.07,11.91,0.929471032745592,TRUE
"chr6",33762091,33762431,0,28.57,0,FALSE
"chr6",33816862,33817195,5.83,29.17,0.199862872814535,FALSE
"chr6",33896899,33897278,8.15,53.59,0.152080612054488,FALSE
"chr6",34546853,34547036,6.41,12.51,0.512390087929656,TRUE
"chr6",34550915,34551187,12.82,275.59,0.0465183787510432,FALSE
"chr6",35485077,35485337,0.58,20.84,0.027831094049904,FALSE
"chr6",36118424,36118753,30.3,70.24,0.431378132118451,TRUE
"chr6",36122034,36122808,205.17,58.94,0.287273967929034,FALSE
"chr6",37059453,37059813,31.47,22.61,0.718462027327614,TRUE
"chr6",37102157,37102678,15.15,80.94,0.187175685693106,FALSE
"chr6",37103284,37103562,26.22,64.88,0.404130702836005,TRUE
"chr6",37569947,37570202,5.25,4.17,0.794285714285714,TRUE
"chr6",38248853,38249156,18.06,9.53,0.527685492801772,TRUE
"chr6",38261648,38262032,19.82,31.55,0.628209191759112,TRUE
"chr6",38262139,38262342,40.22,44.64,0.900985663082437,TRUE
"chr6",38437031,38437369,20.39,1.19,0.0583619421284944,FALSE
"chr6",38755445,38755675,25.05,5.96,0.237924151696607,FALSE
"chr6",38792356,38792667,0.58,11.31,0.0512820512820513,FALSE
"chr6",39093344,39093679,10.49,5.97,0.569113441372736,TRUE
"chr6",39095545,39096004,5.82,28.59,0.203567681007345,FALSE
"chr6",39266804,39267175,333.93,193.44,0.579283083280927,TRUE
"chr6",39269945,39270291,48.38,379.18,0.127591117674983,FALSE
"chr6",39273835,39274071,37.89,48.81,0.776275353411186,TRUE
"chr6",39274756,39275158,41.38,48.22,0.85815014516798,TRUE
"chr6",39275509,39275750,43.12,19.65,0.455705009276438,TRUE
"chr6",39823418,39823636,6.41,9.53,0.672612801678909,TRUE
"chr6",39923556,39923818,14.56,1.79,0.12293956043956,FALSE
"chr6",39934206,39934437,4.08,51.8,0.0787644787644788,FALSE
"chr6",40708068,40708302,0.58,13.7,0.0423357664233577,FALSE
"chr6",40708584,40708868,20.98,3.58,0.170638703527169,FALSE
"chr6",40717956,40718173,1.17,13.7,0.0854014598540146,FALSE
"chr6",41457028,41457223,5.82,2.38,0.40893470790378,TRUE
"chr6",42075312,42075736,12.83,15.48,0.828811369509044,TRUE
"chr6",42118392,42118575,8.16,44.05,0.185244040862656,FALSE
"chr6",42122747,42123049,85.08,81.54,0.958392101551481,TRUE
"chr6",42226863,42227147,28.56,51.19,0.557921469036921,TRUE
"chr6",43335135,43335699,19.23,74.42,0.258398280032249,FALSE
"chr6",43714291,43714695,1.16,44.05,0.0263337116912599,FALSE
"chr6",43723606,43723868,1.17,14.29,0.0818754373687894,FALSE
"chr6",43804662,43804988,3.5,4.17,0.839328537170264,TRUE
"chr6",43910804,43911022,20.4,0.6,0.0294117647058824,FALSE
"chr6",43912586,43912792,0,0,0,FALSE
"chr6",43951658,43951996,0,2.98,0,FALSE
"chr6",44223723,44224047,55.36,78.57,0.704594628993254,TRUE
"chr6",44237214,44237511,32.63,102.97,0.316888414101195,TRUE
"chr6",44238046,44238448,85.09,17.86,0.209895404865437,FALSE
"chr6",44447127,44447342,4.08,0,0,FALSE
"chr6",44661324,44662029,164.34,348.23,0.471929471900755,TRUE
"chr6",44858536,44858813,0.58,0.6,0.966666666666667,TRUE
"chr6",45507332,45507620,11.66,11.31,0.969982847341338,TRUE
"chr6",45554700,45555047,81,10.72,0.132345679012346,FALSE
"chr6",46798884,46799218,3.5,0,0,FALSE
"chr6",49542072,49542440,15.15,227.38,0.0666285513237752,FALSE
"chr6",49936621,49936949,0,0,0,FALSE
"chr6",53326859,53327129,3.5,40.47,0.0864838151717321,FALSE
"chr6",53464845,53465327,52.44,62.51,0.838905775075988,TRUE
"chr6",53465741,53466057,254.08,215.48,0.848079345088161,TRUE
"chr6",53469098,53469479,11.08,0.6,0.0541516245487365,FALSE
"chr6",53869614,53869797,1.75,2.98,0.587248322147651,TRUE
"chr6",54847460,54847870,33.22,94.64,0.351014370245139,TRUE
"chr6",56242357,56242659,0.58,0.6,0.966666666666667,TRUE
"chr6",56728581,56728888,0,27.39,0,FALSE
"chr6",71122193,71122385,0,10.12,0,FALSE
"chr6",73027778,73027995,0,2.39,0,FALSE
"chr6",73028379,73028726,7,7.15,0.979020979020979,TRUE
"chr6",73520205,73521305,179.51,5597,0.0320725388601036,FALSE
"chr6",74969302,74970321,104.32,216.08,0.482784154017031,TRUE
"chr6",74970537,74971083,134.03,55.37,0.413116466462732,TRUE
"chr6",74971595,74971988,68.19,4.17,0.0611526616805983,FALSE
"chr6",77619918,77620204,0,0,0,FALSE
"chr6",81590004,81590265,1.17,0,0,FALSE
"chr6",81816395,81816776,2.91,10.12,0.287549407114625,FALSE
"chr6",82261594,82262014,5.83,0.6,0.102915951972556,FALSE
"chr6",82430862,82431393,2.33,0,0,FALSE
"chr6",82567672,82568119,40.8,56.54,0.721613017332862,TRUE
"chr6",82570016,82570501,94.42,85.13,0.901609828426181,TRUE
"chr6",82570607,82570974,97.33,85.73,0.880817836227268,TRUE
"chr6",82579835,82580090,7,0,0,FALSE
"chr6",83090151,83090530,4.08,1.79,0.438725490196078,TRUE
"chr6",86723838,86724065,10.49,35.73,0.293590820039183,TRUE
"chr6",86777389,86778510,15.73,30.37,0.517945340796839,TRUE
"chr6",87407948,87408252,74.01,29.16,0.394000810701257,TRUE
"chr6",87574235,87574459,0,1.79,0,FALSE
"chr6",90669824,90670183,0.58,0,0,FALSE
"chr6",96450604,96450834,4.08,0.6,0.147058823529412,FALSE
"chr6",98835527,98835769,68.17,7.74,0.113539680211237,FALSE
"chr6",105628501,105628822,3.5,1.2,0.342857142857143,TRUE
"chr6",106134909,106135469,11.07,8.94,0.807588075880759,TRUE
"chr6",106913159,106913431,20.98,2.98,0.142040038131554,FALSE
"chr6",107564246,107564557,5.83,7.75,0.752258064516129,TRUE
"chr6",108684888,108685223,16.32,9.53,0.583946078431372,TRUE
"chr6",108707558,108707882,6.99,1.19,0.170243204577969,FALSE
"chr6",108708671,108708900,0,0,0,FALSE
"chr6",108946006,108946207,3.49,9.52,0.366596638655462,TRUE
"chr6",109925096,109925521,2.33,14.9,0.156375838926174,FALSE
"chr6",110554914,110555328,32.63,1.79,0.0548574931045051,FALSE
"chr6",111592710,111593055,69.93,154.76,0.451860945980874,TRUE
"chr6",111600612,111600874,2.91,14.29,0.203638908327502,FALSE
"chr6",112038963,112039250,7.58,22.03,0.344076259645937,TRUE
"chr6",119683053,119683359,1.75,7.15,0.244755244755245,FALSE
"chr6",119967893,119968357,6.99,5.36,0.766809728183119,TRUE
"chr6",120141672,120141936,0,0.6,0,FALSE
"chr6",121187745,121188152,7.57,1.79,0.236459709379128,FALSE
"chr6",121946237,121946508,0.58,0,0,FALSE
"chr6",122033466,122033787,0,0,0,FALSE
"chr6",122609794,122610009,10.49,75.6,0.138756613756614,FALSE
"chr6",122611191,122611411,150.36,129.17,0.859071561585528,TRUE
"chr6",122620854,122621235,10.49,55.36,0.189486994219653,FALSE
"chr6",122622676,122623088,228.43,14.3,0.0626012345138554,FALSE
"chr6",122645370,122645612,18.65,0,0,FALSE
"chr6",122645831,122646078,19.81,4.17,0.210499747602221,FALSE
"chr6",122694614,122694939,5.83,0,0,FALSE
"chr6",122696863,122697220,16.9,43.46,0.38886332259549,TRUE
"chr6",125154807,125155266,539.06,339.89,0.630523503877119,TRUE
"chr6",125197825,125198257,258.16,352.38,0.732618196265395,TRUE
"chr6",125202166,125202586,136.37,98.83,0.724719513089389,TRUE
"chr6",125205101,125205457,272.73,33.33,0.122208777912221,FALSE
"chr6",125584612,125585113,11.07,21.44,0.516324626865672,TRUE
"chr6",125585394,125585798,9.91,1.79,0.180625630676085,FALSE
"chr6",125717470,125717714,4.08,23.82,0.171284634760705,FALSE
"chr6",131478800,131479087,4.08,0.6,0.147058823529412,FALSE
"chr6",133891156,133892024,8.76,39.3,0.222900763358779,FALSE
"chr6",134115662,134115888,1.75,5.96,0.293624161073825,TRUE
"chr6",134117311,134117611,53.04,1.79,0.0337481146304676,FALSE
"chr6",134521238,134521624,7,4.17,0.595714285714286,TRUE
"chr6",134529891,134530287,18.65,5.95,0.319034852546917,TRUE
"chr6",135146639,135146932,0.58,8.94,0.0648769574944072,FALSE
"chr6",135173722,135174065,53.61,0,0,FALSE
"chr6",135182469,135182764,154.44,44.64,0.289044289044289,FALSE
"chr6",135211191,135211655,54.19,58.35,0.928706083976007,TRUE
"chr6",135258074,135258308,7.58,7.75,0.978064516129032,TRUE
"chr6",135259072,135259311,5.24,11.31,0.463306808134394,TRUE
"chr6",137403622,137403946,0.58,2.99,0.193979933110368,FALSE
"chr6",138107433,138107683,58.86,380.96,0.154504409911802,FALSE
"chr6",138308317,138308544,6.99,29.76,0.234879032258065,FALSE
"chr6",138572263,138572464,12.82,249.41,0.0514013070847199,FALSE
"chr6",138582370,138582906,11.07,83.33,0.132845313812553,FALSE
"chr6",139436823,139437121,19.23,9.52,0.495059802392096,TRUE
"chr6",139510032,139510269,4.67,7.74,0.603359173126615,TRUE
"chr6",139512535,139512847,0,7.74,0,FALSE
"chr6",139531101,139531541,26.81,46.43,0.577428386818867,TRUE
"chr6",139549706,139549995,23.89,61.31,0.38965910944381,TRUE
"chr6",139569243,139569571,2.92,10.13,0.288252714708786,FALSE
"chr6",139588034,139588754,68.74,39.29,0.571574047134129,TRUE
"chr6",139879996,139880388,1.75,15.48,0.113049095607235,FALSE
"chr6",139920093,139920354,47.79,9.53,0.199414103368906,FALSE
"chr6",145187436,145187790,0,10.72,0,FALSE
"chr6",148258825,148259017,0.58,0.6,0.966666666666667,TRUE
"chr6",148633672,148634194,26.81,10.13,0.377844088026856,TRUE
"chr6",148770735,148771195,39.05,2.98,0.0763124199743918,FALSE
"chr6",149032983,149033257,9.9,0,0,FALSE
"chr6",149080197,149080558,167.82,29.18,0.17387677273269,FALSE
"chr6",149717554,149717812,78.08,75.6,0.968237704918033,TRUE
"chr6",149719308,149719591,76.93,21.44,0.278694917457429,FALSE
"chr6",150659214,150659638,42.54,48.81,0.871542716656423,TRUE
"chr6",151616106,151616520,48.96,20.85,0.425857843137255,TRUE
"chr6",151632706,151632935,39.05,0,0,FALSE
"chr6",151658077,151658444,35.55,79.76,0.445712136409228,TRUE
"chr6",151664481,151664677,11.08,10.72,0.967509025270758,TRUE
"chr6",151807142,151807345,76.93,20.84,0.270895619394254,FALSE
"chr6",154167542,154167883,7.57,2.39,0.315719947159841,TRUE
"chr6",154293086,154293497,28.55,0,0,FALSE
"chr6",154450171,154450767,1.17,5.96,0.196308724832215,FALSE
"chr6",156822927,156823126,22.15,5.36,0.241986455981941,FALSE
"chr6",156827048,156827740,61.77,135.73,0.455094673248361,TRUE
"chr6",157428349,157428645,0,0.6,0,FALSE
"chr6",157989891,157990116,33.79,27.38,0.81029890500148,TRUE
"chr6",158039541,158039988,44.88,103.58,0.433288279590655,TRUE
"chr6",158040420,158040744,50.7,4.77,0.0940828402366864,FALSE
"chr6",158049209,158049834,40.2,50.6,0.794466403162055,TRUE
"chr6",158704651,158704878,17.48,0,0,FALSE
"chr6",158705357,158705881,5.25,7.15,0.734265734265734,TRUE
"chr6",158838480,158838666,49.54,35.72,0.72103350827614,TRUE
"chr6",166512554,166512808,1.75,6.55,0.267175572519084,FALSE
"chr6",166627991,166628248,138.12,18.45,0.133579496090356,FALSE
"chr6",166628450,166628639,59.43,25.59,0.430590610802625,TRUE
"chr6",167522026,167522328,79.26,4.18,0.0527378248801413,FALSE
"chr6",167522946,167523440,6.41,0,0,FALSE
"chr6",167751031,167751308,96.16,29.17,0.303348585690516,TRUE
"chr6",168390749,168391102,39.64,3.58,0.0903128153380424,FALSE
"chr6",169932372,169932648,5.25,11.91,0.44080604534005,TRUE
"chr7",341834,342062,2.91,1.2,0.412371134020619,TRUE
"chr7",524559,524918,82.16,0,0,FALSE
"chr7",1251661,1251943,5.83,4.17,0.715265866209262,TRUE
"chr7",1936768,1937095,0,1.2,0,FALSE
"chr7",2440692,2441220,84.5,91.68,0.921684118673647,TRUE
"chr7",2539392,2539861,23.31,16.09,0.69026169026169,TRUE
"chr7",2680853,2681075,1.17,17.86,0.0655095184770437,FALSE
"chr7",2687488,2687819,30.29,79.76,0.379764292878636,TRUE
"chr7",2688059,2688323,147.43,26.19,0.17764362748423,FALSE
"chr7",2689142,2689469,136.38,280.37,0.486428647858187,TRUE
"chr7",2811079,2811457,76.93,18.46,0.239958403743663,FALSE
"chr7",4683205,4684128,120.63,395.23,0.305214685120057,TRUE
"chr7",6385670,6385943,23.3,10.71,0.459656652360515,TRUE
"chr7",10662965,10663163,0.58,0,0,FALSE
"chr7",10663370,10663650,0,2.39,0,FALSE
"chr7",11261450,11261784,2.91,7.15,0.406993006993007,TRUE
"chr7",12595215,12595574,15.74,14.3,0.90851334180432,TRUE
"chr7",12634631,12634972,3.49,0,0,FALSE
"chr7",16421506,16421775,43.12,110.72,0.389450867052023,TRUE
"chr7",16794590,16794843,2.92,6.55,0.445801526717557,TRUE
"chr7",16880560,16880902,81,16.68,0.205925925925926,FALSE
"chr7",16884418,16884701,0,1.19,0,FALSE
"chr7",16905189,16905490,1.75,5.96,0.293624161073825,TRUE
"chr7",17618487,17619071,16.9,38.69,0.436805376066167,TRUE
"chr7",17619255,17619735,20.4,0,0,FALSE
"chr7",20220874,20221256,44.87,5.37,0.119679072877201,FALSE
"chr7",20228688,20228871,3.5,0,0,FALSE
"chr7",20737871,20738171,0,0,0,FALSE
"chr7",22389699,22389899,0,3.58,0,FALSE
"chr7",23273237,23273437,0,1.19,0,FALSE
"chr7",24713208,24713809,142.77,4.17,0.0292078167682286,FALSE
"chr7",26363830,26364207,2.33,3.57,0.65266106442577,TRUE
"chr7",26491454,26491770,1.75,0.6,0.342857142857143,TRUE
"chr7",26652990,26653448,13.4,15.49,0.865074241446094,TRUE
"chr7",27160574,27160806,19.22,19.05,0.991155046826223,TRUE
"chr7",27737604,27737965,17.48,72.61,0.24073819033191,FALSE
"chr7",27738184,27738369,4.08,16.67,0.244751049790042,FALSE
"chr7",29100455,29101050,5.25,0.6,0.114285714285714,FALSE
"chr7",29450224,29450454,15.73,1.2,0.0762873490146217,FALSE
"chr7",29456032,29456386,14.57,2.39,0.164035689773507,FALSE
"chr7",29562632,29562852,3.5,111.32,0.0314408911246856,FALSE
"chr7",29947123,29947573,1.16,32.15,0.0360808709175739,FALSE
"chr7",30159895,30160303,22.15,11.91,0.537697516930023,TRUE
"chr7",32680578,32680942,12.82,125.02,0.102543593025116,FALSE
"chr7",33832465,33832674,30.88,119.05,0.259386812263755,FALSE
"chr7",33832851,33833252,9.32,5.95,0.638412017167382,TRUE
"chr7",33842161,33842422,10.49,8.93,0.851286939942803,TRUE
"chr7",33846067,33846627,15.16,20.26,0.74827245804541,TRUE
"chr7",33848315,33848694,43.13,8.34,0.193368884766984,FALSE
"chr7",34036986,34037350,30.88,7.75,0.250971502590674,FALSE
"chr7",34064646,34064968,29.14,2.98,0.102264927934111,FALSE
"chr7",34069647,34069937,3.49,14.89,0.234385493619879,FALSE
"chr7",34088061,34088254,0.58,1.19,0.487394957983193,TRUE
"chr7",34175245,34175457,16.9,79.16,0.213491662455786,FALSE
"chr7",34622604,34622813,4.66,0.6,0.128755364806867,FALSE
"chr7",34748242,34748605,453.39,35.72,0.0787842696133571,FALSE
"chr7",35025227,35026078,22.73,83.94,0.270788658565642,FALSE
"chr7",35026473,35026691,32.05,8.34,0.260218408736349,FALSE
"chr7",35289336,35290014,8.75,11.32,0.772968197879859,TRUE
"chr7",36084865,36085382,117.72,45.25,0.38438668025824,TRUE
"chr7",36272765,36273321,7,38.1,0.183727034120735,FALSE
"chr7",37977729,37977976,4.66,3.58,0.768240343347639,TRUE
"chr7",37978385,37978754,0.58,29.77,0.0194827007054081,FALSE
"chr7",39623977,39624264,48.96,30.94,0.631944444444444,TRUE
"chr7",41573077,41573457,18.66,5.37,0.287781350482315,FALSE
"chr7",42372545,42372758,1.17,5.36,0.218283582089552,FALSE
"chr7",42400430,42400747,1.17,7.15,0.163636363636364,FALSE
"chr7",42832700,42832978,41.38,1.2,0.0289995166747221,FALSE
"chr7",42931007,42931324,19.23,22.03,0.872900590104403,TRUE
"chr7",43302430,43302639,3.5,0,0,FALSE
"chr7",43808502,43808858,15.15,7.75,0.511551155115512,TRUE
"chr7",44150486,44150799,10.49,32.14,0.326384567517113,TRUE
"chr7",44153449,44153885,8.74,6.55,0.749427917620137,TRUE
"chr7",44225095,44225390,8.74,7.15,0.818077803203661,TRUE
"chr7",45242970,45243238,0,6.55,0,FALSE
"chr7",45244090,45244315,0,0,0,FALSE
"chr7",45347914,45348418,6.99,0,0,FALSE
"chr7",45414275,45414532,0.58,2.39,0.242677824267782,FALSE
"chr7",45543468,45543864,0,11.31,0,FALSE
"chr7",45544373,45544653,1.16,11.31,0.102564102564103,FALSE
"chr7",45575705,45575950,34.38,27.38,0.796393251890634,TRUE
"chr7",47380039,47380292,5.25,32.74,0.160354306658522,FALSE
"chr7",47405993,47406333,50.7,50.59,0.997830374753452,TRUE
"chr7",47470640,47470949,21.56,67.27,0.320499479708637,TRUE
"chr7",47471127,47471310,44.3,7.75,0.174943566591422,FALSE
"chr7",47473164,47473401,8.16,238.1,0.0342713145737085,FALSE
"chr7",47475500,47476089,129.96,547.03,0.237573807652231,FALSE
"chr7",47477381,47477850,61.19,31.54,0.515443699950972,TRUE
"chr7",47512890,47513119,0,12.5,0,FALSE
"chr7",47532442,47532742,8.16,23.22,0.351421188630491,TRUE
"chr7",47576005,47576780,74.01,259.51,0.285191322107048,FALSE
"chr7",47589476,47589688,1.16,1.79,0.64804469273743,TRUE
"chr7",47744051,47744518,48.37,64.3,0.752255054432348,TRUE
"chr7",47747179,47747406,9.33,95.24,0.0979630407391852,FALSE
"chr7",47783393,47783736,21.56,0.6,0.0278293135435993,FALSE
"chr7",50771359,50771581,8.16,1.2,0.147058823529412,FALSE
"chr7",51265342,51265631,0,10.72,0,FALSE
"chr7",51350546,51350878,8.16,3.58,0.438725490196078,TRUE
"chr7",55177568,55178066,11.08,28.58,0.387683694891533,TRUE
"chr7",55178414,55179093,119.48,29.18,0.244224974891195,FALSE
"chr7",55234778,55235106,0,2.39,0,FALSE
"chr7",55964752,55965172,96.16,186.31,0.516129032258065,TRUE
"chr7",64599170,64600504,4.66,5.38,0.866171003717472,TRUE
"chr7",64638429,64638715,19.23,1.79,0.093083723348934,FALSE
"chr7",64639356,64639959,1.75,4.18,0.41866028708134,TRUE
"chr7",64667395,64667624,156.18,8.94,0.057241644256627,FALSE
"chr7",66013872,66014230,7.57,14.28,0.530112044817927,TRUE
"chr7",69105171,69105462,7,136.91,0.0511284785625593,FALSE
"chr7",70727876,70728499,21.57,6.56,0.304126101066296,TRUE
"chr7",70752629,70752944,0.58,0,0,FALSE
"chr7",73706792,73707396,2.33,19.08,0.122117400419287,FALSE
"chr7",73741657,73741866,37.3,272.62,0.136820482723204,FALSE
"chr7",73822429,73822791,30.3,86.92,0.348596410492407,TRUE
"chr7",73891244,73891842,9.33,14.89,0.626595030221625,TRUE
"chr7",74994014,74994295,75.76,5.36,0.0707497360084477,FALSE
"chr7",76307043,76307354,484.87,83.34,0.171881122775177,FALSE
"chr7",76310144,76310489,46.62,139.88,0.333285673434372,TRUE
"chr7",80940533,80940779,9.9,27.38,0.361577794010226,TRUE
"chr7",80942860,80943235,69.93,16.07,0.22980122980123,FALSE
"chr7",81159383,81159674,2.92,10.71,0.272642390289449,FALSE
"chr7",81168256,81168574,0,0,0,FALSE
"chr7",84536137,84536703,11.65,1.19,0.102145922746781,FALSE
"chr7",87091593,87091803,19.82,2.98,0.150353178607467,FALSE
"chr7",87344505,87344796,11.07,77.39,0.143041736658483,FALSE
"chr7",87414140,87414384,9.32,1.2,0.128755364806867,FALSE
"chr7",87414971,87415272,15.72,4.77,0.303435114503817,TRUE
"chr7",88274871,88275136,0,0,0,FALSE
"chr7",92134769,92135074,440.01,82.73,0.188018454126043,FALSE
"chr7",92608617,92608912,64.68,86.31,0.749391727493917,TRUE
"chr7",93551842,93552225,0,0,0,FALSE
"chr7",93811249,93811511,7,0,0,FALSE
"chr7",98797132,98797414,134.04,18.46,0.137720083557147,FALSE
"chr7",98826714,98827006,4.08,14.89,0.274009402283412,FALSE
"chr7",100003874,100004686,71.1,19.06,0.268073136427567,FALSE
"chr7",101944586,101945307,44.32,46.44,0.954349698535745,TRUE
"chr7",101971064,101971528,20.39,2.39,0.117214320745463,FALSE
"chr7",101972767,101973468,80.41,18.47,0.229697798781246,FALSE
"chr7",102004170,102004545,19.23,6.55,0.340613624544982,TRUE
"chr7",102317209,102317626,1.75,25.6,0.068359375,FALSE
"chr7",102993028,102993421,0,4.77,0,FALSE
"chr7",105284008,105284399,0.58,1.19,0.487394957983193,TRUE
"chr7",105316516,105316854,2.33,27.39,0.0850675428988682,FALSE
"chr7",105581489,105581754,19.82,20.24,0.979249011857708,TRUE
"chr7",105639824,105640430,370.06,116.08,0.313678862887099,TRUE
"chr7",105642403,105642601,68.18,10.13,0.148577295394544,FALSE
"chr7",105759349,105759604,21.56,2.39,0.110853432282004,FALSE
"chr7",105887767,105888241,19.23,5.36,0.27873114924597,FALSE
"chr7",106009296,106009627,11.07,7.15,0.645889792231256,TRUE
"chr7",106064875,106065500,111.31,229.76,0.48446204735376,TRUE
"chr7",106069179,106069452,80.41,77.37,0.962193756995399,TRUE
"chr7",106070187,106070574,352.57,336.92,0.955611651586919,TRUE
"chr7",106072503,106072735,100.23,19.05,0.190062855432505,FALSE
"chr7",107951805,107952128,8.74,15.48,0.564599483204134,TRUE
"chr7",109445220,109445432,2.91,1.79,0.615120274914089,TRUE
"chr7",110760674,110761012,5.83,0.6,0.102915951972556,FALSE
"chr7",113281179,113281913,2.33,3.58,0.650837988826816,TRUE
"chr7",116426459,116426781,6.41,7.14,0.897759103641457,TRUE
"chr7",116442157,116442365,60.02,9.53,0.158780406531156,FALSE
"chr7",116810363,116810796,2.33,2.98,0.781879194630873,TRUE
"chr7",117123645,117123844,0.58,2.98,0.194630872483221,FALSE
"chr7",117124411,117124950,16.89,0.6,0.0355239786856128,FALSE
"chr7",117171238,117171522,0.58,7.74,0.0749354005167959,FALSE
"chr7",117982435,117982874,7.58,13.7,0.553284671532847,TRUE
"chr7",118621558,118622123,1.16,0,0,FALSE
"chr7",118627999,118628284,1.17,0,0,FALSE
"chr7",120674124,120674453,7.58,7.75,0.978064516129032,TRUE
"chr7",120717104,120717538,0,0,0,FALSE
"chr7",121396570,121396829,19.24,2.98,0.154885654885655,FALSE
"chr7",122679344,122679683,1.16,7.15,0.162237762237762,FALSE
"chr7",128109099,128109475,9.91,23.22,0.426787252368648,TRUE
"chr7",128259844,128260312,219.71,13.7,0.0623549223977061,FALSE
"chr7",128268272,128268455,3.5,1.19,0.34,TRUE
"chr7",128443954,128444295,5.24,40.47,0.129478626142822,FALSE
"chr7",128863854,128864056,125.88,7.14,0.0567206863679695,FALSE
"chr7",130899989,130900215,13.98,1.79,0.128040057224607,FALSE
"chr7",131606220,131606458,5.83,4.17,0.715265866209262,TRUE
"chr7",131625758,131626110,40.19,80.36,0.50012444001991,TRUE
"chr7",131626682,131627041,78.67,30.96,0.39354264649803,TRUE
"chr7",131627769,131628025,25.64,26.19,0.978999618174876,TRUE
"chr7",131643633,131643839,4.66,1.19,0.255364806866953,FALSE
"chr7",132214481,132214839,141.03,11.92,0.084521023895625,FALSE
"chr7",132249042,132249250,0,47.03,0,FALSE
"chr7",132255790,132256166,1.17,2.38,0.491596638655462,TRUE
"chr7",132387682,132387923,8.74,0,0,FALSE
"chr7",132829798,132830082,3.49,1.79,0.512893982808023,TRUE
"chr7",133647761,133648144,3.5,2.38,0.68,TRUE
"chr7",135773488,135773747,18.65,8.35,0.447721179624665,TRUE
"chr7",138193908,138194295,0.58,1.19,0.487394957983193,TRUE
"chr7",138245333,138245875,1.17,1.79,0.653631284916201,TRUE
"chr7",139075991,139076182,4.08,6.56,0.621951219512195,TRUE
"chr7",139741741,139742303,14.56,52.99,0.274768824306473,FALSE
"chr7",139771083,139771387,12.25,69.65,0.175879396984925,FALSE
"chr7",139771932,139772287,45.46,51.77,0.878114738265405,TRUE
"chr7",139773058,139773341,2.91,61.91,0.0470037150702633,FALSE
"chr7",140017650,140017930,1.75,9.53,0.183630640083945,FALSE
"chr7",140308472,140308737,23.89,26.19,0.912180221458572,TRUE
"chr7",140309278,140309544,12.82,23.8,0.538655462184874,TRUE
"chr7",140310328,140310674,155.02,4.77,0.0307702231970068,FALSE
"chr7",140975551,140975785,0,1.79,0,FALSE
"chr7",140992545,140992906,4.08,17.27,0.236247828604517,FALSE
"chr7",142008264,142008505,6.41,0,0,FALSE
"chr7",142332380,142332618,17.49,16.07,0.918810748999428,TRUE
"chr7",142352655,142353269,108.4,10.13,0.093450184501845,FALSE
"chr7",142356055,142356594,28.56,31.56,0.904942965779468,TRUE
"chr7",142384185,142384825,82.76,55.37,0.669043015949734,TRUE
"chr7",149498038,149498227,3.5,8.34,0.419664268585132,TRUE
"chr7",151688202,151688415,19.82,0.6,0.0302724520686176,FALSE
"chr7",151694752,151695374,18.65,64.3,0.2900466562986,FALSE
"chr7",151736058,151736264,5.84,7.15,0.816783216783217,TRUE
"chr7",151851085,151851272,37.3,95.25,0.391601049868766,TRUE
"chr7",151856560,151856932,102.57,62.5,0.60933996295213,TRUE
"chr7",152459745,152459954,14.57,58.34,0.249742886527254,FALSE
"chr7",152574942,152575732,39.05,95.26,0.409930715935335,TRUE
"chr7",152699142,152699806,115.39,6.57,0.0569373429239969,FALSE
"chr7",155369796,155370162,26.79,194.05,0.138057201752126,FALSE
"chr7",155380227,155380524,10.49,2.38,0.226882745471878,FALSE
"chr7",156516220,156516557,42.55,43.46,0.979061205706397,TRUE
"chr7",157255295,157255743,42.54,6.55,0.15397273154678,FALSE
"chr7",157272795,157273178,77.5,0.6,0.00774193548387097,FALSE
"chr7",157277461,157277647,73.43,8.93,0.121612419991829,FALSE
"chr7",157875033,157875464,2.92,0,0,FALSE
"chr7",159013069,159013593,7.57,0,0,FALSE
"chr8",693485,693752,0.58,30.95,0.0187399030694669,FALSE
"chr8",694150,694629,39.62,54.77,0.723388716450612,TRUE
"chr8",907614,907905,0,17.86,0,FALSE
"chr8",1260941,1261561,0,10.13,0,FALSE
"chr8",1764506,1764747,20.98,12.5,0.59580552907531,TRUE
"chr8",3767041,3767510,9.32,41.67,0.223662107031437,FALSE
"chr8",8236927,8237216,62.93,12.5,0.198633402192913,FALSE
"chr8",8288291,8288771,30.89,108.33,0.285147235299548,FALSE
"chr8",8289069,8289719,76.34,73.83,0.967120775478124,TRUE
"chr8",8290275,8290679,45.45,5.36,0.117931793179318,FALSE
"chr8",8314805,8315157,2.33,72.02,0.0323521244098861,FALSE
"chr8",8461427,8461793,104.31,19.05,0.182628702904803,FALSE
"chr8",8462453,8462658,189.4,1.19,0.00628299894403379,FALSE
"chr8",8478909,8479149,14.57,34.53,0.42195192586157,TRUE
"chr8",8506893,8507262,18.64,1.19,0.0638412017167382,FALSE
"chr8",8508019,8508355,46.04,22.04,0.47871416159861,TRUE
"chr8",8512488,8512720,10.48,0,0,FALSE
"chr8",8935520,8935754,5.83,0,0,FALSE
"chr8",9100343,9100630,5.24,34.53,0.151752099623516,FALSE
"chr8",9102729,9103000,56.53,2.98,0.0527153723686538,FALSE
"chr8",9104418,9104695,50.7,86.9,0.583429228998849,TRUE
"chr8",11711151,11711378,2.91,0,0,FALSE
"chr8",11713226,11713446,0.58,25,0.0232,FALSE
"chr8",11730649,11731040,15.74,13.69,0.869758576874206,TRUE
"chr8",11789695,11789974,18.65,2.98,0.159785522788204,FALSE
"chr8",13116172,13116445,5.25,93.44,0.0561857876712329,FALSE
"chr8",13156895,13157313,208.62,72.62,0.348097018502541,TRUE
"chr8",13159305,13159491,114.81,30.95,0.269575820921522,FALSE
"chr8",13210247,13210547,4.08,1.79,0.438725490196078,TRUE
"chr8",13275810,13276166,37.29,60.73,0.614029310060925,TRUE
"chr8",13276612,13276925,16.33,20.25,0.80641975308642,TRUE
"chr8",17329590,17330050,19.23,22.03,0.872900590104403,TRUE
"chr8",17527806,17528209,51.28,0,0,FALSE
"chr8",17537360,17537873,21.57,16.69,0.773759851645804,TRUE
"chr8",17538818,17539054,23.91,13.7,0.572982015892932,TRUE
"chr8",17618908,17619243,3.5,20.24,0.172924901185771,FALSE
"chr8",17749689,17750134,8.16,55.36,0.147398843930636,FALSE
"chr8",17750598,17750825,3.5,36.31,0.0963921784632333,FALSE
"chr8",17752007,17752253,79.83,39.29,0.492170863084054,TRUE
"chr8",17755194,17755446,2.92,25,0.1168,FALSE
"chr8",17802803,17803035,229.03,20.84,0.0909924464044012,FALSE
"chr8",17803345,17803685,131.12,16.07,0.122559487492373,FALSE
"chr8",17838455,17838759,32.63,4.76,0.145878026356114,FALSE
"chr8",17863246,17863633,3.5,4.76,0.735294117647059,TRUE
"chr8",17923102,17923454,113.04,297.03,0.380567619432381,TRUE
"chr8",19421662,19421938,50.7,0,0,FALSE
"chr8",19422600,19422885,4.08,7.75,0.526451612903226,TRUE
"chr8",21409621,21409938,6.41,5.96,0.929797191887676,TRUE
"chr8",21418131,21418449,0,1.79,0,FALSE
"chr8",21491987,21492248,0.58,0,0,FALSE
"chr8",21492467,21493062,13.99,7.16,0.511794138670479,TRUE
"chr8",22112702,22113014,102.57,60.72,0.591985960807254,TRUE
"chr8",22129884,22130072,0,18.46,0,FALSE
"chr8",22734837,22735283,13.98,28.59,0.488982161594963,TRUE
"chr8",22739081,22739522,100.23,100.6,0.996322067594434,TRUE
"chr8",22741543,22741727,32.63,20.83,0.638369598528961,TRUE
"chr8",22743760,22744160,130.54,79.16,0.606404167305041,TRUE
"chr8",23794062,23794361,4.66,4.77,0.976939203354298,TRUE
"chr8",26202053,26202661,21.55,31.54,0.683259353202283,TRUE
"chr8",26204331,26204687,1.17,0,0,FALSE
"chr8",26323414,26323665,12.25,2.98,0.243265306122449,FALSE
"chr8",28147750,28148043,1.75,0,0,FALSE
"chr8",28369392,28369604,2.33,3.58,0.650837988826816,TRUE
"chr8",29282942,29283321,90.34,72.04,0.797431923843259,TRUE
"chr8",29286759,29287157,125.88,94.65,0.751906577693041,TRUE
"chr8",29555574,29555881,34.97,0,0,FALSE
"chr8",29561057,29561385,4.08,7.14,0.571428571428572,TRUE
"chr8",29579823,29580145,2.92,18.45,0.158265582655827,FALSE
"chr8",29719193,29719574,0,2.98,0,FALSE
"chr8",29809658,29809961,6.41,7.14,0.897759103641457,TRUE
"chr8",30338868,30339211,16.89,14.3,0.846654825340438,TRUE
"chr8",30339654,30339963,40.2,3.57,0.0888059701492537,FALSE
"chr8",30531369,30531976,54.79,70.25,0.779928825622776,TRUE
"chr8",30532962,30533185,41.96,17.86,0.425643469971401,TRUE
"chr8",30552875,30553225,33.22,10.72,0.32269717037929,TRUE
"chr8",33245046,33245397,5.24,13.1,0.4,TRUE
"chr8",37062226,37062609,1.17,8.34,0.140287769784173,FALSE
"chr8",37063325,37063637,0,2.98,0,FALSE
"chr8",37144836,37145153,33.8,13.1,0.387573964497041,TRUE
"chr8",37546879,37547120,59.44,57.16,0.96164199192463,TRUE
"chr8",37556319,37556590,9.9,2.98,0.301010101010101,TRUE
"chr8",37562597,37562891,48.37,14.89,0.307835435187099,TRUE
"chr8",37566945,37567553,37.88,30.36,0.801478352692714,TRUE
"chr8",37590566,37591005,117.72,191.06,0.616141526222129,TRUE
"chr8",37593450,37593863,55.35,133.33,0.41513537838446,TRUE
"chr8",37598545,37598939,111.31,119.63,0.930452227702081,TRUE
"chr8",37599927,37600110,128.21,88.09,0.687075891116138,TRUE
"chr8",37601628,37601887,6.99,1.19,0.170243204577969,FALSE
"chr8",37691526,37691724,65.86,16.66,0.252960825994534,FALSE
"chr8",37694280,37694547,125.87,642.85,0.195799953332815,FALSE
"chr8",38588708,38588892,18.07,0,0,FALSE
"chr8",40174975,40175349,7,4.17,0.595714285714286,TRUE
"chr8",40214565,40214820,15.15,3.58,0.236303630363036,FALSE
"chr8",40215714,40215959,4.08,0.6,0.147058823529412,FALSE
"chr8",40360346,40360709,4.08,19.06,0.214060860440714,FALSE
"chr8",40360946,40361176,4.09,0,0,FALSE
"chr8",40373305,40373540,0.58,5.95,0.0974789915966386,FALSE
"chr8",41559443,41559993,0.58,28.58,0.0202939118264521,FALSE
"chr8",41589656,41589855,19.22,0,0,FALSE
"chr8",42893765,42893987,27.97,35.71,0.783253990478857,TRUE
"chr8",42894228,42894527,34.38,154.76,0.222150426466787,FALSE
"chr8",47218576,47218809,0,0,0,FALSE
"chr8",53429639,53429959,0,0.6,0,FALSE
"chr8",54106407,54106631,31.47,20.25,0.643469971401335,TRUE
"chr8",56759974,56760323,5.83,0.6,0.102915951972556,FALSE
"chr8",57853899,57854285,1.75,1.79,0.977653631284916,TRUE
"chr8",57855194,57855578,72.26,45.84,0.634375864932189,TRUE
"chr8",58119853,58120145,59.44,0.6,0.0100942126514132,FALSE
"chr8",58136808,58137169,0.58,1.79,0.324022346368715,TRUE
"chr8",58235139,58235326,20.98,31.55,0.664976228209192,TRUE
"chr8",58658365,58658598,4.08,16.08,0.253731343283582,FALSE
"chr8",60949993,60950391,5.24,24.42,0.214578214578215,FALSE
"chr8",66022318,66022597,142.77,52.39,0.366953841843525,TRUE
"chr8",66124040,66124354,10.49,61.32,0.171069797782127,FALSE
"chr8",66512789,66513152,224.35,51.79,0.230844662357923,FALSE
"chr8",66522481,66522815,139.86,155.37,0.900173778721761,TRUE
"chr8",66713021,66713300,60.6,604.17,0.10030289488058,FALSE
"chr8",66713937,66714875,178.89,253.58,0.705457843678523,TRUE
"chr8",67377918,67378181,0,41.67,0,FALSE
"chr8",67381016,67381390,12.24,36.91,0.331617447846112,TRUE
"chr8",67736882,67737119,4.08,36.31,0.112365739465712,FALSE
"chr8",67748364,67748565,2.91,32.14,0.0905413814561294,FALSE
"chr8",68853291,68853712,5.24,0,0,FALSE
"chr8",68854366,68854860,20.39,30.35,0.671828665568369,TRUE
"chr8",68877072,68877412,0.58,1.19,0.487394957983193,TRUE
"chr8",69111613,69111947,0,8.33,0,FALSE
"chr8",70492008,70492213,5.25,20.83,0.252040326452232,FALSE
"chr8",70494890,70495237,64.69,36.91,0.570567321069717,TRUE
"chr8",70831903,70832333,4.66,5.36,0.869402985074627,TRUE
"chr8",73631545,73631838,0.58,1.2,0.483333333333333,TRUE
"chr8",74635480,74635888,4.66,10.12,0.460474308300395,TRUE
"chr8",78644397,78644660,23.9,2.38,0.099581589958159,FALSE
"chr8",80366214,80366473,0,3.58,0,FALSE
"chr8",86199949,86200278,32.05,223.21,0.143586756865732,FALSE
"chr8",86342109,86342382,36.13,482.74,0.0748436011103285,FALSE
"chr8",86343385,86343626,537.3,167.26,0.311297226875116,TRUE
"chr8",87662090,87663104,55.36,68.48,0.808411214953271,TRUE
"chr8",87663983,87664225,25.05,31.55,0.793977812995246,TRUE
"chr8",87915139,87915533,27.4,26.2,0.956204379562044,TRUE
"chr8",89983545,89984003,192.89,199.98,0.964546454645465,TRUE
"chr8",90000754,90001006,823.45,127.38,0.154690630882264,FALSE
"chr8",90001424,90002082,477.28,85.13,0.178364901106269,FALSE
"chr8",90691818,90692351,4.67,3.58,0.766595289079229,TRUE
"chr8",90754349,90754611,0.58,2.39,0.242677824267782,FALSE
"chr8",90887624,90888002,0,0.6,0,FALSE
"chr8",90912877,90913162,0,4.77,0,FALSE
"chr8",93221286,93221658,0.58,0,0,FALSE
"chr8",93404980,93405269,15.15,3.57,0.235643564356436,FALSE
"chr8",94092565,94092953,0.58,9.53,0.0608604407135362,FALSE
"chr8",94156084,94156577,4.66,36.92,0.126218851570964,FALSE
"chr8",94164661,94165041,15.15,1.19,0.0785478547854785,FALSE
"chr8",95070303,95070604,80.41,24.42,0.303693570451436,TRUE
"chr8",95074966,95075227,48.37,23.82,0.492454000413479,TRUE
"chr8",95112638,95112925,11.65,64.3,0.181181959564541,FALSE
"chr8",95207899,95208248,1.75,10.12,0.172924901185771,FALSE
"chr8",95210008,95210588,12.83,46.43,0.276329959078182,FALSE
"chr8",95211115,95211422,8.16,16.68,0.489208633093525,TRUE
"chr8",95223940,95224308,16.31,47.02,0.346873670778392,TRUE
"chr8",95225438,95225766,50.1,38.7,0.772455089820359,TRUE
"chr8",96359758,96360070,15.15,38.1,0.397637795275591,TRUE
"chr8",96416617,96417083,12.24,29.18,0.419465387251542,TRUE
"chr8",96419523,96419824,245.34,40.48,0.164995516426184,FALSE
"chr8",96581810,96582156,39.04,23.22,0.594774590163934,TRUE
"chr8",96582745,96582984,11.65,29.77,0.391333557272422,TRUE
"chr8",96945828,96946169,8.75,49.41,0.177089657963975,FALSE
"chr8",96959942,96960143,0,0,0,FALSE
"chr8",96960388,96960742,0,0,0,FALSE
"chr8",97008739,97009231,21.56,8.35,0.387291280148423,TRUE
"chr8",97025323,97025511,4.67,4.17,0.892933618843683,TRUE
"chr8",97266256,97266823,148.02,69.65,0.470544521010674,TRUE
"chr8",97311850,97312090,0,2.39,0,FALSE
"chr8",97314311,97314635,6.99,3.57,0.510729613733906,TRUE
"chr8",97347970,97348364,1.17,5.36,0.218283582089552,FALSE
"chr8",97348919,97349268,2.92,1.19,0.407534246575342,TRUE
"chr8",97568111,97568485,15.15,41.67,0.363570914326854,TRUE
"chr8",97762655,97762920,0,11.92,0,FALSE
"chr8",97763574,97764822,109.57,142.27,0.770155338440992,TRUE
"chr8",98164975,98165347,27.4,5.38,0.196350364963504,FALSE
"chr8",98167012,98167207,8.75,9.52,0.919117647058824,TRUE
"chr8",98945042,98945228,64.68,22.61,0.3495670995671,TRUE
"chr8",99804290,99804638,1.16,12.51,0.0927258193445244,FALSE
"chr8",99818442,99818819,5.25,43.45,0.120828538550058,FALSE
"chr8",99819012,99819575,8.73,0,0,FALSE
"chr8",99862331,99862802,19.24,1.2,0.0623700623700624,FALSE
"chr8",99905056,99905901,12.83,5.96,0.464536243180047,TRUE
"chr8",100472198,100472420,4.08,8.34,0.489208633093525,TRUE
"chr8",100487869,100488098,0,21.43,0,FALSE
"chr8",100719702,100720018,64.68,377.39,0.171387689127958,FALSE
"chr8",101077551,101078193,107.82,269.64,0.399866488651535,TRUE
"chr8",101120619,101121074,16.9,55.37,0.305219432905906,TRUE
"chr8",101437092,101437339,22.73,88.08,0.258060853769301,FALSE
"chr8",101462783,101463086,114.81,27.39,0.238568068983538,FALSE
"chr8",101466640,101467135,198.15,2300.59,0.0861300796752137,FALSE
"chr8",101474053,101474398,23.89,96.43,0.247744477859587,FALSE
"chr8",101477364,101477605,1.75,76.19,0.0229688935555847,FALSE
"chr8",101504023,101504478,241.85,2378.57,0.101678739746991,FALSE
"chr8",101512224,101512691,108.97,102.39,0.939616408185739,TRUE
"chr8",101514395,101514716,368.31,120.25,0.326491270940241,TRUE
"chr8",101515489,101515879,483.69,200.6,0.414728441770556,TRUE
"chr8",101606522,101606739,10.49,15.48,0.67764857881137,TRUE
"chr8",101607818,101608089,27.98,11.91,0.42566118656183,TRUE
"chr8",101610931,101611248,25.64,16.07,0.626755070202808,TRUE
"chr8",101633789,101633996,8.74,3.58,0.409610983981693,TRUE
"chr8",101636032,101636501,93.25,1.2,0.0128686327077748,FALSE
"chr8",101760745,101761017,0,0,0,FALSE
"chr8",102600846,102601310,768.09,404.17,0.526201356611855,TRUE
"chr8",102602398,102602674,48.95,14.29,0.291930541368744,TRUE
"chr8",102652933,102653116,0,261.31,0,FALSE
"chr8",102653851,102654062,22.14,461.9,0.0479324529118857,FALSE
"chr8",102808207,102808547,324.02,173.24,0.534658354422567,TRUE
"chr8",102811317,102811599,70.52,2.38,0.0337492909812819,FALSE
"chr8",106623944,106624400,5.24,33.95,0.154344624447717,FALSE
"chr8",108667002,108667276,1.17,1.79,0.653631284916201,TRUE
"chr8",109539980,109540297,242.43,313.71,0.772783781199197,TRUE
"chr8",109575379,109576040,103.15,294.63,0.350100125581237,TRUE
"chr8",109577120,109577398,20.98,136.32,0.153902582159624,FALSE
"chr8",109589303,109589584,69.94,39.89,0.570346010866457,TRUE
"chr8",109593751,109594031,104.9,94.65,0.902287893231649,TRUE
"chr8",109606592,109606975,1.75,79.77,0.021938071956876,FALSE
"chr8",109638143,109638434,4.08,46.43,0.0878742192547922,FALSE
"chr8",109638555,109638874,2.92,67.86,0.0430297671676982,FALSE
"chr8",110302504,110302966,1.17,1.19,0.983193277310924,TRUE
"chr8",111114167,111114519,22.15,48.81,0.45380045072731,TRUE
"chr8",115867057,115867840,40.79,133.34,0.305909704514774,TRUE
"chr8",115987856,115988303,79.85,27.99,0.350532247964934,TRUE
"chr8",115998200,115998737,1.16,7.15,0.162237762237762,FALSE
"chr8",116426195,116426540,3.5,0,0,FALSE
"chr8",118620173,118620457,0,63.69,0,FALSE
"chr8",118620799,118620985,2.92,77.38,0.0377358490566038,FALSE
"chr8",119614524,119615034,0,2.39,0,FALSE
"chr8",119655065,119655425,2.91,27.39,0.106243154435926,FALSE
"chr8",120073228,120073485,5.24,1.19,0.227099236641221,FALSE
"chr8",121097058,121097283,0,0,0,FALSE
"chr8",121145625,121145813,13.99,1.79,0.12794853466762,FALSE
"chr8",121150907,121151316,30.89,125.61,0.245919910835125,FALSE
"chr8",121406484,121406802,4.08,2.39,0.58578431372549,TRUE
"chr8",121432324,121432974,1.16,1.19,0.974789915966387,TRUE
"chr8",121967160,121967379,0,1.19,0,FALSE
"chr8",122846124,122846401,27.96,36.91,0.757518287726903,TRUE
"chr8",123241428,123241655,1.75,48.82,0.0358459647685375,FALSE
"chr8",123563541,123564397,79.83,44.07,0.552048102217212,TRUE
"chr8",123579986,123580585,0,1.79,0,FALSE
"chr8",124464482,124464774,35.55,66.07,0.538065687906766,TRUE
"chr8",124491328,124491567,334.51,39.89,0.119249050850498,FALSE
"chr8",125069718,125070153,60.61,77.99,0.777150916784203,TRUE
"chr8",125659294,125659477,0,0.6,0,FALSE
"chr8",127201170,127201460,18.65,0,0,FALSE
"chr8",127342285,127342469,0,0,0,FALSE
"chr8",127726617,127726878,6.41,17.86,0.358902575587906,TRUE
"chr8",127799833,127800190,389.28,1278.57,0.304465144653793,TRUE
"chr8",127800668,127801119,1296.08,505.95,0.390369421640639,TRUE
"chr8",127801425,127801782,974.97,322.62,0.330902489307363,TRUE
"chr8",127802197,127802413,669.6,86.31,0.128897849462366,FALSE
"chr8",127819834,127820116,339.18,98.22,0.289580753582169,FALSE
"chr8",127859528,127860146,530.9,1289.9,0.411582293201023,TRUE
"chr8",127866162,127866518,611.91,97.04,0.158585412887516,FALSE
"chr8",127867635,127868201,333.92,69.65,0.208582894106373,FALSE
"chr8",127870022,127871015,1423.11,2788.1,0.510422868620207,TRUE
"chr8",127876798,127877096,354.89,368.45,0.963197177364636,TRUE
"chr8",127911091,127911542,135.78,252.37,0.538019574434362,TRUE
"chr8",127952086,127952419,110.14,77.98,0.708007989831124,TRUE
"chr8",127953063,127953465,53.62,116.08,0.461922811853894,TRUE
"chr8",128108153,128108394,26.22,1.19,0.0453852021357742,FALSE
"chr8",128134056,128134276,6.41,0,0,FALSE
"chr8",128141893,128142302,375.3,281.54,0.750173194777511,TRUE
"chr8",128143273,128143578,48.36,3.58,0.0740281224152192,FALSE
"chr8",128153035,128153353,53.61,4.77,0.0889759373251259,FALSE
"chr8",128168255,128168494,11.07,27.98,0.395639742673338,TRUE
"chr8",128224673,128224995,2.33,11.91,0.195633921074727,FALSE
"chr8",128317129,128317386,6.99,8.34,0.838129496402878,TRUE
"chr8",133243014,133243247,14.56,7.75,0.53228021978022,TRUE
"chr8",133292829,133293149,0,40.49,0,FALSE
"chr8",134711484,134711685,21.56,42.85,0.503150525087515,TRUE
"chr8",134733628,134733933,1.75,67.26,0.0260184359203092,FALSE
"chr8",134734725,134735243,92.07,83.35,0.90528945367655,TRUE
"chr8",138944983,138945387,42.54,13.1,0.307945463093559,TRUE
"chr8",139758512,139758826,2.91,0.6,0.206185567010309,FALSE
"chr8",140257916,140258440,4.67,35.12,0.132972665148064,FALSE
"chr8",140295932,140296241,2.92,20.25,0.144197530864198,FALSE
"chr8",140337365,140337689,8.17,58.93,0.138639063295435,FALSE
"chr8",141058121,141058468,87.99,48.22,0.548016820093192,TRUE
"chr8",142588012,142588399,54.19,96.43,0.561962045006741,TRUE
"chr8",142609300,142609516,6.99,3.58,0.512160228898426,TRUE
"chr8",143015896,143016155,33.8,211.31,0.159954569116464,FALSE
"chr8",143017885,143018362,78.09,169.05,0.461934338952972,TRUE
"chr8",145021897,145022222,5.83,90.48,0.0644341290893015,FALSE
"chr9",1050319,1050678,50.71,2.98,0.0587655294813646,FALSE
"chr9",2469944,2470302,4.08,5.37,0.759776536312849,TRUE
"chr9",4866270,4866695,82.75,4.18,0.0505135951661631,FALSE
"chr9",5269058,5269242,0,1.19,0,FALSE
"chr9",7147090,7147400,36.71,1.79,0.0487605557068919,FALSE
"chr9",13094348,13094647,0.58,10.13,0.0572556762092794,FALSE
"chr9",14406654,14406987,0,0,0,FALSE
"chr9",14425077,14425451,21.56,1.79,0.0830241187384045,FALSE
"chr9",16040408,16040644,0.58,1.2,0.483333333333333,TRUE
"chr9",16870866,16871091,8.75,25,0.35,TRUE
"chr9",16871779,16872009,37.88,41.66,0.909265482477197,TRUE
"chr9",22342877,22343140,0.58,0,0,FALSE
"chr9",25518804,25519089,1.75,3.58,0.488826815642458,TRUE
"chr9",33106870,33107197,5.25,76.18,0.0689157259123129,FALSE
"chr9",33163811,33164139,23.88,148.22,0.161111860747537,FALSE
"chr9",33221254,33221629,16.9,5.36,0.31715976331361,TRUE
"chr9",33229368,33229610,47.2,38.1,0.807203389830508,TRUE
"chr9",33234079,33234528,78.1,22.62,0.289628681177977,FALSE
"chr9",33329198,33329492,67.6,7.74,0.114497041420118,FALSE
"chr9",33445308,33445588,2.33,2.98,0.781879194630873,TRUE
"chr9",33814838,33815227,2.33,35.14,0.066306203756403,FALSE
"chr9",34634060,34634299,15.15,0,0,FALSE
"chr9",35517597,35518437,44.28,198.2,0.223410696266398,FALSE
"chr9",35657403,35657611,6.41,3.58,0.558502340093604,TRUE
"chr9",35665067,35665256,7.58,84.52,0.0896829152863228,FALSE
"chr9",37465217,37465416,2.91,339.89,0.00856159345670658,FALSE
"chr9",37619937,37620163,7.58,0.6,0.079155672823219,FALSE
"chr9",37799803,37800211,14,46.44,0.301464254952627,TRUE
"chr9",38023141,38023464,141.02,111.9,0.793504467451425,TRUE
"chr9",38024198,38024507,139.87,76.18,0.54464860227354,TRUE
"chr9",42268811,42269070,16.9,12.51,0.740236686390533,TRUE
"chr9",70413035,70413451,185.33,230.94,0.802502814583875,TRUE
"chr9",71779641,71780099,0,1.79,0,FALSE
"chr9",71783280,71783613,29.72,8.34,0.280619111709287,FALSE
"chr9",72009778,72010184,3.49,2.39,0.684813753581662,TRUE
"chr9",72026142,72026455,0.58,19.05,0.0304461942257218,FALSE
"chr9",73445432,73445630,0,0,0,FALSE
"chr9",73841097,73841375,1.16,0,0,FALSE
"chr9",75100983,75101542,90.34,22.03,0.243856541952623,FALSE
"chr9",77588576,77588922,29.14,92.86,0.313805729054491,TRUE
"chr9",77596851,77597377,43.71,37.51,0.858156028368794,TRUE
"chr9",77663825,77664100,65.27,35.71,0.547111996322966,TRUE
"chr9",78030663,78030899,27.96,45.83,0.610080733144229,TRUE
"chr9",80061957,80062385,26.22,5.95,0.226926010678871,FALSE
"chr9",80482307,80482622,0,22.03,0,FALSE
"chr9",80938368,80938598,0,0,0,FALSE
"chr9",81396517,81396784,7.58,8.34,0.908872901678657,TRUE
"chr9",81663406,81663731,18.65,11.31,0.606434316353887,TRUE
"chr9",81688509,81688707,18.06,95.25,0.189606299212598,FALSE
"chr9",83041787,83042056,27.39,29.77,0.920053745381256,TRUE
"chr9",83047549,83047911,2.33,38.1,0.0611548556430446,FALSE
"chr9",83432179,83432747,29.72,25.61,0.861709286675639,TRUE
"chr9",83434117,83434304,0.58,1.19,0.487394957983193,TRUE
"chr9",84056232,84056527,0,0,0,FALSE
"chr9",84788346,84788581,10.49,14.3,0.733566433566434,TRUE
"chr9",84789456,84789683,3.5,17.26,0.202780996523754,FALSE
"chr9",86094300,86094483,0.58,7.74,0.0749354005167959,FALSE
"chr9",87119527,87119735,2.33,0,0,FALSE
"chr9",87465815,87466286,0.58,4.17,0.139088729016787,FALSE
"chr9",87640526,87640716,2.33,5.37,0.43389199255121,TRUE
"chr9",87640953,87641470,5.83,5.96,0.978187919463087,TRUE
"chr9",88198128,88198391,15.15,0.6,0.0396039603960396,FALSE
"chr9",88344504,88344978,5.25,24.41,0.215075788611225,FALSE
"chr9",88529954,88530365,8.73,121.43,0.0718932718438607,FALSE
"chr9",88535372,88535565,160.85,30.96,0.192477463475288,FALSE
"chr9",89021336,89021559,29.14,17.27,0.592656142759094,TRUE
"chr9",89435457,89435743,3.5,96.43,0.0362957585813544,FALSE
"chr9",89440719,89441152,13.99,30.96,0.45187338501292,TRUE
"chr9",89648354,89648558,43.13,50.01,0.862427514497101,TRUE
"chr9",89648665,89649083,72.27,55.37,0.766154697661547,TRUE
"chr9",89664775,89665167,64.68,261.91,0.246955060898782,FALSE
"chr9",89667728,89668087,22.14,198.81,0.111362607514713,FALSE
"chr9",89669365,89669760,16.32,15.48,0.948529411764706,TRUE
"chr9",89676472,89676791,5.24,2.39,0.456106870229008,TRUE
"chr9",89765201,89765650,0,1.79,0,FALSE
"chr9",89790573,89790783,1.16,0,0,FALSE
"chr9",89790990,89791338,6.99,4.17,0.59656652360515,TRUE
"chr9",89844665,89844944,30.89,11.32,0.366461638070573,TRUE
"chr9",89850842,89851291,18.65,9.53,0.510991957104558,TRUE
"chr9",89872959,89873284,6.99,4.77,0.682403433476395,TRUE
"chr9",90032369,90032683,15.74,4.17,0.264930114358323,FALSE
"chr9",90479744,90480086,7,6.55,0.935714285714286,TRUE
"chr9",90946979,90947162,11.07,8.33,0.752484191508582,TRUE
"chr9",90958269,90958452,9.33,11.32,0.824204946996466,TRUE
"chr9",90961355,90961643,23.89,26.78,0.892083644510829,TRUE
"chr9",92151922,92152396,72.27,30.96,0.428393524283935,TRUE
"chr9",92618682,92619016,26.82,11.32,0.422073079791201,TRUE
"chr9",92665818,92666385,4.66,191.08,0.0243876910194683,FALSE
"chr9",92988417,92988836,25.06,8.35,0.333200319233839,TRUE
"chr9",93072156,93072682,0,0.6,0,FALSE
"chr9",93134612,93134813,6.41,8.34,0.768585131894484,TRUE
"chr9",94630874,94631163,67.03,78.58,0.853016034614406,TRUE
"chr9",94638991,94639413,134.62,159.51,0.843959626355714,TRUE
"chr9",94782904,94783565,131.71,42.87,0.325487814137119,TRUE
"chr9",94950966,94951266,70.51,14.29,0.202666288469721,FALSE
"chr9",94991943,94992393,72.26,1.79,0.0247716579020205,FALSE
"chr9",94993030,94993397,23.89,3.58,0.14985349518627,FALSE
"chr9",94994794,94995023,4.08,15.49,0.263395739186572,FALSE
"chr9",95003975,95004274,65.26,101.79,0.641123882503193,TRUE
"chr9",95129168,95129623,51.28,32.76,0.638845553822153,TRUE
"chr9",98072575,98072843,60.02,34.53,0.575308230589803,TRUE
"chr9",98219059,98219421,322.26,9.54,0.0296034258052504,FALSE
"chr9",98848471,98848730,3.5,15.48,0.22609819121447,FALSE
"chr9",98961974,98962283,0,1.19,0,FALSE
"chr9",99411119,99411458,8.16,1.79,0.219362745098039,FALSE
"chr9",105901612,105901968,13.41,14.29,0.938418474457663,TRUE
"chr9",105912693,105913436,272.74,380.35,0.717076377021165,TRUE
"chr9",105954103,105954446,7.58,4.77,0.629287598944591,TRUE
"chr9",105978005,105978339,7,14.29,0.489853044086774,TRUE
"chr9",106340729,106341034,10.49,9.53,0.908484270734032,TRUE
"chr9",107131600,107132111,2.33,4.17,0.558752997601919,TRUE
"chr9",107243751,107244236,13.98,105.96,0.13193657984145,FALSE
"chr9",107245567,107245837,15.74,8.94,0.567979669631512,TRUE
"chr9",107504601,107504820,0,15.48,0,FALSE
"chr9",107541532,107541983,44.28,11.31,0.255420054200542,FALSE
"chr9",107547793,107548070,9.32,17.26,0.539976825028969,TRUE
"chr9",107628676,107628916,0.58,0,0,FALSE
"chr9",107755304,107755626,25.06,9.52,0.379888268156425,TRUE
"chr9",108093969,108094308,0.58,3.57,0.162464985994398,FALSE
"chr9",108478764,108479383,0,1.79,0,FALSE
"chr9",109335966,109336241,2.91,0,0,FALSE
"chr9",110151542,110152092,4.66,13.69,0.340394448502557,TRUE
"chr9",110207459,110207663,23.9,70.84,0.337380011293055,TRUE
"chr9",110575929,110576287,4.08,1.79,0.438725490196078,TRUE
"chr9",111839452,111839781,2.92,8.93,0.326987681970885,TRUE
"chr9",111917271,111917543,12.81,0,0,FALSE
"chr9",112012095,112012476,13.4,36.92,0.362946912242687,TRUE
"chr9",113465556,113465836,44.29,6.55,0.147888913976067,FALSE
"chr9",114083511,114083777,6.41,39.3,0.163104325699746,FALSE
"chr9",114084209,114084660,24.47,45.84,0.533813263525305,TRUE
"chr9",114219782,114220016,1.17,22.02,0.053133514986376,FALSE
"chr9",114220158,114220544,37.9,4.77,0.125857519788918,FALSE
"chr9",114391868,114392168,2.33,7.15,0.325874125874126,TRUE
"chr9",114392695,114393018,7.57,29.77,0.254282835068861,FALSE
"chr9",114544533,114544721,1.17,13.1,0.0893129770992366,FALSE
"chr9",114545158,114545553,5.83,1.79,0.307032590051458,TRUE
"chr9",114557631,114557892,2.33,50,0.0466,FALSE
"chr9",114558154,114558761,29.72,53,0.560754716981132,TRUE
"chr9",114908104,114908549,8.74,2.39,0.273455377574371,FALSE
"chr9",114986011,114986588,1.75,5.37,0.325884543761639,TRUE
"chr9",115326430,115326796,5.82,0,0,FALSE
"chr9",117400125,117400420,29.72,66.07,0.449825942182534,TRUE
"chr9",117406422,117406697,0,44.66,0,FALSE
"chr9",120646254,120646661,0,17.87,0,FALSE
"chr9",120646931,120647318,2.92,3.58,0.815642458100559,TRUE
"chr9",120707220,120707476,0,26.19,0,FALSE
"chr9",123327752,123328189,172.5,219.05,0.787491440310431,TRUE
"chr9",124749919,124750189,8.16,4.76,0.583333333333333,TRUE
"chr9",124777810,124778014,75.76,235.72,0.32139826913287,TRUE
"chr9",125450973,125451426,24.47,11.31,0.462198610543523,TRUE
"chr9",125500945,125501263,0.58,10.73,0.0540540540540541,FALSE
"chr9",125512383,125512591,7.58,57.15,0.132633420822397,FALSE
"chr9",125538183,125538433,23.31,14.29,0.613041613041613,TRUE
"chr9",125594230,125594541,11.66,8.94,0.76672384219554,TRUE
"chr9",126327316,126327628,31.47,95.23,0.330463089362596,TRUE
"chr9",126642935,126643456,116.55,400,0.291375,FALSE
"chr9",126644022,126644224,35.56,62.49,0.569051048167707,TRUE
"chr9",126661108,126661383,4.08,25,0.1632,FALSE
"chr9",126722306,126722520,10.49,95.83,0.109464677032245,FALSE
"chr9",127237907,127238216,19.81,32.15,0.616174183514774,TRUE
"chr9",127407574,127407920,40.79,2.39,0.0585927923510664,FALSE
"chr9",127417198,127417510,68.77,196.43,0.350099272005294,TRUE
"chr9",127545315,127545696,10.49,104.17,0.100700777575118,FALSE
"chr9",127546791,127547041,8.74,5.96,0.681922196796339,TRUE
"chr9",127955675,127956094,198.72,151.19,0.7608192431562,TRUE
"chr9",127969651,127969900,90.32,148.81,0.606948457764935,TRUE
"chr9",127978644,127978875,10.49,112.5,0.0932444444444444,FALSE
"chr9",128022207,128022632,213.29,29.77,0.139575226217826,FALSE
"chr9",128026809,128027301,115.4,11.32,0.0980935875216638,FALSE
"chr9",128047272,128047615,9.32,30.96,0.301033591731266,TRUE
"chr9",128055719,128056067,124.13,117.26,0.944654797389833,TRUE
"chr9",128057726,128058407,392.2,55.95,0.142656807751147,FALSE
"chr9",128071065,128071342,245.34,30.37,0.123787397081601,FALSE
"chr9",128298823,128299235,34.39,15.48,0.450130851991858,TRUE
"chr9",128635546,128635751,31.47,3.58,0.113759135684779,FALSE
"chr9",129107314,129107696,31.48,66.07,0.476464355986075,TRUE
"chr9",129176370,129176575,229.03,341.67,0.670325167559341,TRUE
"chr9",129193700,129194044,165.5,31.55,0.190634441087613,FALSE
"chr9",129324921,129325235,48.94,41.07,0.839190845933797,TRUE
"chr9",129349369,129349757,12.82,7.74,0.603744149765991,TRUE
"chr9",129406490,129406727,75.75,51.2,0.675907590759076,TRUE
"chr9",129458500,129458709,11.08,8.34,0.752707581227437,TRUE
"chr9",129488639,129489236,201.04,277.39,0.724755759039619,TRUE
"chr9",129737962,129738186,21.56,52.38,0.411607483772432,TRUE
"chr9",129755254,129755468,0.58,41.06,0.014125669751583,FALSE
"chr9",129755657,129756026,4.67,5.36,0.871268656716418,TRUE
"chr9",130045832,130046123,1.17,67.25,0.0173977695167286,FALSE
"chr9",130187122,130187474,13.98,48.22,0.289921194525093,FALSE
"chr9",133387412,133387725,10.5,49.42,0.212464589235127,FALSE
"chr9",133863267,133863674,120.62,160.12,0.753310017486885,TRUE
"chr9",133873246,133873611,110.73,202.39,0.547112011463017,TRUE
"chr9",133892480,133892778,16.91,1.2,0.0709639266706091,FALSE
"chr9",133960061,133960436,25.65,30.36,0.844861660079051,TRUE
"chr9",134359342,134359700,14.57,20.24,0.719861660079052,TRUE
"chr9",134370174,134370483,22.72,3.58,0.157570422535211,FALSE
"chr9",134412335,134412614,22.14,33.34,0.664067186562687,TRUE
"chr9",134693082,134693412,12.24,2.39,0.195261437908497,FALSE
"chr9",134702504,134702849,1.75,11.91,0.146935348446683,FALSE
"chr9",134895698,134896060,0,14.89,0,FALSE
"chr9",134896485,134896701,12.82,19.65,0.652417302798982,TRUE
"chr9",134960582,134960900,12.23,10.13,0.828291087489779,TRUE
"chr9",134961329,134961652,8.74,2.98,0.340961098398169,TRUE
"chr9",135392397,135392948,137.53,125,0.908892605249764,TRUE
"chr9",135394024,135394292,104.31,97.03,0.930208033745566,TRUE
"chr9",135395438,135395776,31.46,7.16,0.227590591226955,FALSE
"chr9",136130939,136131185,34.96,1.19,0.0340389016018307,FALSE
"chr9",136171313,136171545,7,14.29,0.489853044086774,TRUE
"chr9",136177348,136177547,2.92,12.5,0.2336,FALSE
"chr9",136282471,136282751,11.65,16.08,0.724502487562189,TRUE
"chr9",136328071,136328431,13.98,27.38,0.510591672753835,TRUE
"chr9",137173109,137173544,37.88,55.37,0.684124977424598,TRUE
"chr9",137227170,137227377,16.32,9.53,0.583946078431372,TRUE
"chrX",2894371,2894648,2.91,31.54,0.0922637920101459,FALSE
"chrX",2894945,2895281,74,40.48,0.547027027027027,TRUE
"chrX",2929414,2929599,176.58,2.98,0.0168762034205459,FALSE
"chrX",3470162,3470570,19.23,108.94,0.176519184872407,FALSE
"chrX",5402526,5402857,11.65,73.22,0.159109532914504,FALSE
"chrX",6461348,6461650,8.16,83.93,0.0972238770403908,FALSE
"chrX",6462638,6462999,2.92,4.77,0.612159329140461,TRUE
"chrX",6729293,6729553,0.58,19.64,0.0295315682281059,FALSE
"chrX",6730054,6730237,21.56,0,0,FALSE
"chrX",7132364,7132746,6.41,123.82,0.051768696494912,FALSE
"chrX",7218439,7218816,4.08,22.63,0.180291648254529,FALSE
"chrX",7219045,7219467,25.64,10.12,0.394695787831513,TRUE
"chrX",7347434,7348204,37.3,20.85,0.558981233243968,TRUE
"chrX",9206791,9207014,4.67,19.05,0.245144356955381,FALSE
"chrX",9207153,9207507,1.17,26.79,0.0436730123180291,FALSE
"chrX",9267480,9267815,8.16,27.97,0.291741151233464,TRUE
"chrX",9268979,9269605,15.74,11.91,0.756670902160102,TRUE
"chrX",9421393,9421716,6.99,2.98,0.426323319027182,TRUE
"chrX",9810144,9810572,18.07,12.5,0.691754288876591,TRUE
"chrX",10003933,10004325,60.61,47.04,0.776109552879063,TRUE
"chrX",10005119,10005367,13.4,14.29,0.937718684394682,TRUE
"chrX",10007162,10007437,11.07,7.14,0.644986449864499,TRUE
"chrX",10032316,10032499,11.07,5.96,0.538392050587173,TRUE
"chrX",10033198,10033658,77.5,16.68,0.215225806451613,FALSE
"chrX",10090418,10090673,135.21,1.79,0.0132386657791583,FALSE
"chrX",10101097,10101675,50.11,187.5,0.267253333333333,FALSE
"chrX",10156648,10156899,2.33,73.82,0.031563261988621,FALSE
"chrX",10590015,10590255,12.82,7.74,0.603744149765991,TRUE
"chrX",10939472,10939813,1.17,5.36,0.218283582089552,FALSE
"chrX",12947866,12948330,25.63,0.6,0.0234100663285213,FALSE
"chrX",12988888,12989313,69.93,15.49,0.221507221507221,FALSE
"chrX",12994367,12994695,34.37,5.37,0.156240907768403,FALSE
"chrX",13029057,13029745,251.76,161.9,0.643072767715284,TRUE
"chrX",13029941,13030310,382.87,180.35,0.471047614072662,TRUE
"chrX",16468073,16468392,20.39,33.34,0.611577684463107,TRUE
"chrX",16469015,16469320,15.15,9.53,0.629042904290429,TRUE
"chrX",16470037,16470689,57.69,109.52,0.526753104455807,TRUE
"chrX",16471517,16471931,13.4,21.43,0.625291647223518,TRUE
"chrX",16605335,16605566,14.57,16.67,0.874025194961008,TRUE
"chrX",16617227,16617818,19.81,42.88,0.461986940298507,TRUE
"chrX",16633653,16634161,26.22,11.91,0.454233409610984,TRUE
"chrX",16662273,16662901,92.09,236.32,0.389683480027082,TRUE
"chrX",16871472,16871691,55.95,133.93,0.417755543940865,TRUE
"chrX",16881955,16882249,14.56,25.59,0.568972254787026,TRUE
"chrX",17007265,17007700,22.72,2.39,0.105193661971831,FALSE
"chrX",17291642,17291838,2.91,29.76,0.0977822580645161,FALSE
"chrX",18031606,18031877,4.66,40.47,0.115147022485792,FALSE
"chrX",18099808,18100195,116.57,67.86,0.582139487003517,TRUE
"chrX",18401722,18402148,1.17,0,0,FALSE
"chrX",18831746,18832078,8.16,48.8,0.167213114754098,FALSE
"chrX",18833344,18833582,80.42,79.16,0.984332255657796,TRUE
"chrX",18836655,18837052,9.91,5.96,0.601412714429869,TRUE
"chrX",19463607,19464019,1.16,0,0,FALSE
"chrX",19856402,19856714,1.17,7.15,0.163636363636364,FALSE
"chrX",20471404,20471820,0,0.6,0,FALSE
"chrX",21914526,21914894,1.75,8.94,0.195749440715884,FALSE
"chrX",21937306,21937709,4.08,43.46,0.0938794293603313,FALSE
"chrX",22117184,22117930,24.46,133.93,0.182632718584335,FALSE
"chrX",22164751,22165386,11.65,16.09,0.724052206339341,TRUE
"chrX",23234203,23234538,0,0,0,FALSE
"chrX",23501988,23502386,15.16,11.31,0.746042216358839,TRUE
"chrX",23797487,23797677,2.33,8.93,0.260918253079507,FALSE
"chrX",24056204,24056575,122.98,4.18,0.0339892665474061,FALSE
"chrX",24189369,24189696,4.66,0.6,0.128755364806867,FALSE
"chrX",24190503,24190753,26.8,6.55,0.244402985074627,FALSE
"chrX",24491791,24492089,1.75,20.25,0.0864197530864197,FALSE
"chrX",37904895,37905234,4.66,73.22,0.0636438131658017,FALSE
"chrX",39577265,39577676,8.75,7.14,0.816,TRUE
"chrX",39619547,39619937,0,4.17,0,FALSE
"chrX",39895147,39895465,5.84,48.81,0.119647613194018,FALSE
"chrX",39970318,39970515,0,7.75,0,FALSE
"chrX",39983870,39984137,4.67,14.29,0.326801959412176,TRUE
"chrX",40518122,40518443,31.47,2.39,0.0759453447727995,FALSE
"chrX",40577429,40577807,0.58,8.34,0.0695443645083933,FALSE
"chrX",43693994,43694307,0,1.19,0,FALSE
"chrX",54640739,54641105,400.36,214.29,0.535243281047058,TRUE
"chrX",54696182,54696651,30.3,14.29,0.471617161716172,TRUE
"chrX",54747669,54748077,132.88,49.43,0.371989765201686,TRUE
"chrX",54748632,54748881,142.77,47.62,0.333543461511522,TRUE
"chrX",67525080,67525372,4.66,10.12,0.460474308300395,TRUE
"chrX",67696034,67696333,11.06,0.6,0.054249547920434,FALSE
"chrX",67696803,67696995,5.25,0,0,FALSE
"chrX",67700134,67700388,10.5,7.15,0.680952380952381,TRUE
"chrX",68355321,68355983,17.48,16.69,0.954805491990847,TRUE
"chrX",68363994,68364315,8.75,29.18,0.299862919808088,TRUE
"chrX",68372558,68372935,0,6.56,0,FALSE
"chrX",68402477,68402906,35.55,32.75,0.921237693389592,TRUE
"chrX",68462281,68462666,12.23,2.39,0.195421095666394,FALSE
"chrX",74063522,74063706,0,5.96,0,FALSE
"chrX",85357881,85358221,0,6.56,0,FALSE
"chrX",100745868,100746281,4.08,22.02,0.185286103542234,FALSE
"chrX",101451750,101452305,7.56,0.6,0.0793650793650794,FALSE
"chrX",103698747,103698969,4.07,2.99,0.734643734643735,TRUE
"chrX",104972809,104973067,9.32,0,0,FALSE
"chrX",105636839,105637100,0,0,0,FALSE
"chrX",106302314,106302652,0.58,0.6,0.966666666666667,TRUE
"chrX",107719487,107719714,16.32,27.39,0.595837897042716,TRUE
"chrX",107726808,107727206,101.41,33.35,0.328863031259245,TRUE
"chrX",109951961,109952316,19.81,51.2,0.3869140625,TRUE
"chrX",110004430,110004647,96.74,3.58,0.0370064089311557,FALSE
"chrX",110162802,110163201,36.71,57.74,0.635781087634222,TRUE
"chrX",110168213,110168508,60.6,1.79,0.0295379537953795,FALSE
"chrX",110172093,110172315,2.33,14.89,0.15648085963734,FALSE
"chrX",110173159,110173581,51.87,361.31,0.143560931056434,FALSE
"chrX",110401970,110402347,26.81,27.99,0.95784208645945,TRUE
"chrX",115958594,115958837,1.75,8.94,0.195749440715884,FALSE
"chrX",116285620,116285887,2.91,0,0,FALSE
"chrX",119309884,119310255,5.83,15.49,0.376371852808263,TRUE
"chrX",120486000,120486266,16.31,24.41,0.668168783285539,TRUE
"chrX",122272126,122272419,3.5,0,0,FALSE
"chrX",122273515,122273749,0,0,0,FALSE
"chrX",122363599,122363959,4.67,0,0,FALSE
"chrX",131493098,131493545,1.75,43.46,0.0402669121030833,FALSE
"chrX",131565907,131566310,5.25,28.57,0.183759187959398,FALSE
"chrX",132169704,132169978,25.05,19.05,0.760479041916168,TRUE
"chrX",132181310,132181639,52.45,28.58,0.544899904671115,TRUE
"chrX",133987998,133988437,0,1.79,0,FALSE
"chrX",134557571,134557870,6.41,1.79,0.279251170046802,FALSE
"chrX",134569467,134569650,12.24,1.79,0.146241830065359,FALSE
"chrX",134570525,134570856,19.24,98.81,0.194717133893331,FALSE
"chrX",134570970,134571372,41.37,20.84,0.503746676335509,TRUE
"chrX",134651977,134652259,9.91,32.16,0.308146766169154,TRUE
"chrX",134652425,134652613,105.48,2.38,0.0225635191505499,FALSE
"chrX",134658509,134658824,9.32,6.55,0.702789699570815,TRUE
"chrX",134718333,134718623,5.25,30.36,0.172924901185771,FALSE
"chrX",134746194,134746581,0,2.98,0,FALSE
"chrX",134747834,134748054,5.25,1.79,0.340952380952381,TRUE
"chrX",134753152,134753576,5.24,25.6,0.2046875,FALSE
"chrX",137426078,137426287,0,0,0,FALSE
"chrX",137988471,137988857,0.58,0,0,FALSE
"chrX",138018163,138018414,0,0,0,FALSE
"chrX",138037493,138037823,6.41,14.89,0.430490261920752,TRUE
"chrX",140040457,140040844,51.87,42.26,0.814729130518604,TRUE
"chrX",140490893,140491326,38.46,56.56,0.67998585572843,TRUE
"chrX",140492195,140492635,53.62,77.39,0.692854373950123,TRUE
"chrX",140508164,140508425,66.44,19.05,0.286724864539434,FALSE
"chrX",141133359,141133554,14.57,7.14,0.490048043925875,TRUE
"chrX",142487365,142487632,0.58,0,0,FALSE
"chrX",142933092,142933402,7,1.19,0.17,FALSE
"chrX",143633960,143634268,29.14,23.22,0.796842827728209,TRUE
"chrX",150041139,150041621,38.46,12.51,0.325273010920437,TRUE
"chrX",150293412,150293937,2.91,13.1,0.222137404580153,FALSE
"chrX",152895751,152896056,44.87,31.56,0.703365277468242,TRUE
"chrX",152915440,152915826,6.99,33.94,0.205951679434296,FALSE
"chrX",154121193,154121469,11.66,25.61,0.45529090199141,TRUE
"chrX",154374430,154374618,68.18,88.1,0.773893303064699,TRUE
"chrX",154419917,154420267,30.89,36.32,0.850495594713656,TRUE
"chrX",154490806,154491167,401.53,67.25,0.167484372276044,FALSE
"chrX",154539078,154539451,4.08,77.38,0.052726802791419,FALSE
"chrX",154540842,154541949,320.53,825.59,0.388243559151637,TRUE
"chrX",154542597,154542786,38.48,43.45,0.885615650172612,TRUE
"chrX",154649635,154650363,18.07,11.91,0.659103486441616,TRUE
"chrX",154987997,154988493,9.91,64.9,0.152696456086287,FALSE
"chrX",154988855,154989059,16.89,0,0,FALSE
